"startTime";"endTime";"Hydro power production - real-time data"
"2026-03-31T21:00:00.000Z";"2026-03-31T21:03:00.000Z";1416.75
"2026-03-31T21:03:00.000Z";"2026-03-31T21:06:00.000Z";1366.4
"2026-03-31T21:06:00.000Z";"2026-03-31T21:09:00.000Z";1342.9
"2026-03-31T21:09:00.000Z";"2026-03-31T21:12:00.000Z";1335.73
"2026-03-31T21:12:00.000Z";"2026-03-31T21:15:00.000Z";1329.72
"2026-03-31T21:15:00.000Z";"2026-03-31T21:18:00.000Z";1334.5
"2026-03-31T21:18:00.000Z";"2026-03-31T21:21:00.000Z";1345.77
"2026-03-31T21:21:00.000Z";"2026-03-31T21:24:00.000Z";1345.22
"2026-03-31T21:24:00.000Z";"2026-03-31T21:27:00.000Z";1338.61
"2026-03-31T21:27:00.000Z";"2026-03-31T21:30:00.000Z";1339.66
"2026-03-31T21:30:00.000Z";"2026-03-31T21:33:00.000Z";1347.72
"2026-03-31T21:33:00.000Z";"2026-03-31T21:36:00.000Z";1325.01
"2026-03-31T21:36:00.000Z";"2026-03-31T21:39:00.000Z";1299.94
"2026-03-31T21:39:00.000Z";"2026-03-31T21:42:00.000Z";1300.45
"2026-03-31T21:42:00.000Z";"2026-03-31T21:45:00.000Z";1298.72
"2026-03-31T21:45:00.000Z";"2026-03-31T21:48:00.000Z";1306.55
"2026-03-31T21:48:00.000Z";"2026-03-31T21:51:00.000Z";1308.89
"2026-03-31T21:51:00.000Z";"2026-03-31T21:54:00.000Z";1300.94
"2026-03-31T21:54:00.000Z";"2026-03-31T21:57:00.000Z";1299.17
"2026-03-31T21:57:00.000Z";"2026-03-31T22:00:00.000Z";1294.17
"2026-03-31T22:00:00.000Z";"2026-03-31T22:03:00.000Z";1273.79
"2026-03-31T22:03:00.000Z";"2026-03-31T22:06:00.000Z";1273.61
"2026-03-31T22:06:00.000Z";"2026-03-31T22:09:00.000Z";1259.78
"2026-03-31T22:09:00.000Z";"2026-03-31T22:12:00.000Z";1229.07
"2026-03-31T22:12:00.000Z";"2026-03-31T22:15:00.000Z";1211.11
"2026-03-31T22:15:00.000Z";"2026-03-31T22:18:00.000Z";1194.28
"2026-03-31T22:18:00.000Z";"2026-03-31T22:21:00.000Z";1190.39
"2026-03-31T22:21:00.000Z";"2026-03-31T22:24:00.000Z";1193.39
"2026-03-31T22:24:00.000Z";"2026-03-31T22:27:00.000Z";1201.11
"2026-03-31T22:27:00.000Z";"2026-03-31T22:30:00.000Z";1248.44
"2026-03-31T22:30:00.000Z";"2026-03-31T22:33:00.000Z";1271.22
"2026-03-31T22:33:00.000Z";"2026-03-31T22:36:00.000Z";1308.88
"2026-03-31T22:36:00.000Z";"2026-03-31T22:39:00.000Z";1311.28
"2026-03-31T22:39:00.000Z";"2026-03-31T22:42:00.000Z";1303
"2026-03-31T22:42:00.000Z";"2026-03-31T22:45:00.000Z";1288.79
"2026-03-31T22:45:00.000Z";"2026-03-31T22:48:00.000Z";1288.17
"2026-03-31T22:48:00.000Z";"2026-03-31T22:51:00.000Z";1259.91
"2026-03-31T22:51:00.000Z";"2026-03-31T22:54:00.000Z";1256.89
"2026-03-31T22:54:00.000Z";"2026-03-31T22:57:00.000Z";1229.95
"2026-03-31T22:57:00.000Z";"2026-03-31T23:00:00.000Z";1132.81
"2026-03-31T23:00:00.000Z";"2026-03-31T23:03:00.000Z";1091.29
"2026-03-31T23:03:00.000Z";"2026-03-31T23:06:00.000Z";1079.16
"2026-03-31T23:06:00.000Z";"2026-03-31T23:09:00.000Z";1080
"2026-03-31T23:09:00.000Z";"2026-03-31T23:12:00.000Z";1073.89
"2026-03-31T23:12:00.000Z";"2026-03-31T23:15:00.000Z";1072.11
"2026-03-31T23:15:00.000Z";"2026-03-31T23:18:00.000Z";1073.22
"2026-03-31T23:18:00.000Z";"2026-03-31T23:21:00.000Z";1078.27
"2026-03-31T23:21:00.000Z";"2026-03-31T23:24:00.000Z";1071.9
"2026-03-31T23:24:00.000Z";"2026-03-31T23:27:00.000Z";1069.17
"2026-03-31T23:27:00.000Z";"2026-03-31T23:30:00.000Z";1059.28
"2026-03-31T23:30:00.000Z";"2026-03-31T23:33:00.000Z";1062.83
"2026-03-31T23:33:00.000Z";"2026-03-31T23:36:00.000Z";1072.39
"2026-03-31T23:36:00.000Z";"2026-03-31T23:39:00.000Z";1083.33
"2026-03-31T23:39:00.000Z";"2026-03-31T23:42:00.000Z";1077.22
"2026-03-31T23:42:00.000Z";"2026-03-31T23:45:00.000Z";1072.72
"2026-03-31T23:45:00.000Z";"2026-03-31T23:48:00.000Z";1068.89
"2026-03-31T23:48:00.000Z";"2026-03-31T23:51:00.000Z";1075.11
"2026-03-31T23:51:00.000Z";"2026-03-31T23:54:00.000Z";1077.83
"2026-03-31T23:54:00.000Z";"2026-03-31T23:57:00.000Z";1081.44
"2026-03-31T23:57:00.000Z";"2026-04-01T00:00:00.000Z";1092.25
"2026-04-01T00:00:00.000Z";"2026-04-01T00:03:00.000Z";1116.43
"2026-04-01T00:03:00.000Z";"2026-04-01T00:06:00.000Z";1114.9
"2026-04-01T00:06:00.000Z";"2026-04-01T00:09:00.000Z";1138.94
"2026-04-01T00:09:00.000Z";"2026-04-01T00:12:00.000Z";1152.82
"2026-04-01T00:12:00.000Z";"2026-04-01T00:15:00.000Z";1209.54
"2026-04-01T00:15:00.000Z";"2026-04-01T00:18:00.000Z";1254.58
"2026-04-01T00:18:00.000Z";"2026-04-01T00:21:00.000Z";1339.3
"2026-04-01T00:21:00.000Z";"2026-04-01T00:24:00.000Z";1352.23
"2026-04-01T00:24:00.000Z";"2026-04-01T00:27:00.000Z";1345.05
"2026-04-01T00:27:00.000Z";"2026-04-01T00:30:00.000Z";1344.72
"2026-04-01T00:30:00.000Z";"2026-04-01T00:33:00.000Z";1352.2
"2026-04-01T00:33:00.000Z";"2026-04-01T00:36:00.000Z";1369.72
"2026-04-01T00:36:00.000Z";"2026-04-01T00:39:00.000Z";1378.11
"2026-04-01T00:39:00.000Z";"2026-04-01T00:42:00.000Z";1379.06
"2026-04-01T00:42:00.000Z";"2026-04-01T00:45:00.000Z";1375.56
"2026-04-01T00:45:00.000Z";"2026-04-01T00:48:00.000Z";1374.89
"2026-04-01T00:48:00.000Z";"2026-04-01T00:51:00.000Z";1392.94
"2026-04-01T00:51:00.000Z";"2026-04-01T00:54:00.000Z";1395.94
"2026-04-01T00:54:00.000Z";"2026-04-01T00:57:00.000Z";1396
"2026-04-01T00:57:00.000Z";"2026-04-01T01:00:00.000Z";1405.11
"2026-04-01T01:00:00.000Z";"2026-04-01T01:03:00.000Z";1417.44
"2026-04-01T01:03:00.000Z";"2026-04-01T01:06:00.000Z";1387.19
"2026-04-01T01:06:00.000Z";"2026-04-01T01:09:00.000Z";1366.61
"2026-04-01T01:09:00.000Z";"2026-04-01T01:12:00.000Z";1364.61
"2026-04-01T01:12:00.000Z";"2026-04-01T01:15:00.000Z";1355.61
"2026-04-01T01:15:00.000Z";"2026-04-01T01:18:00.000Z";1354.11
"2026-04-01T01:18:00.000Z";"2026-04-01T01:21:00.000Z";1353.72
"2026-04-01T01:21:00.000Z";"2026-04-01T01:24:00.000Z";1346.94
"2026-04-01T01:24:00.000Z";"2026-04-01T01:27:00.000Z";1352.39
"2026-04-01T01:27:00.000Z";"2026-04-01T01:30:00.000Z";1353.22
"2026-04-01T01:30:00.000Z";"2026-04-01T01:33:00.000Z";1350.66
"2026-04-01T01:33:00.000Z";"2026-04-01T01:36:00.000Z";1357.44
"2026-04-01T01:36:00.000Z";"2026-04-01T01:39:00.000Z";1353.62
"2026-04-01T01:39:00.000Z";"2026-04-01T01:42:00.000Z";1357.67
"2026-04-01T01:42:00.000Z";"2026-04-01T01:45:00.000Z";1357.95
"2026-04-01T01:45:00.000Z";"2026-04-01T01:48:00.000Z";1355.55
"2026-04-01T01:48:00.000Z";"2026-04-01T01:51:00.000Z";1355
"2026-04-01T01:51:00.000Z";"2026-04-01T01:54:00.000Z";1349.84
"2026-04-01T01:54:00.000Z";"2026-04-01T01:57:00.000Z";1344.06
"2026-04-01T01:57:00.000Z";"2026-04-01T02:00:00.000Z";1347.27
"2026-04-01T02:00:00.000Z";"2026-04-01T02:03:00.000Z";1363.77
"2026-04-01T02:03:00.000Z";"2026-04-01T02:06:00.000Z";1397.88
"2026-04-01T02:06:00.000Z";"2026-04-01T02:09:00.000Z";1401.11
"2026-04-01T02:09:00.000Z";"2026-04-01T02:12:00.000Z";1399.5
"2026-04-01T02:12:00.000Z";"2026-04-01T02:15:00.000Z";1398.17
"2026-04-01T02:15:00.000Z";"2026-04-01T02:18:00.000Z";1397.88
"2026-04-01T02:18:00.000Z";"2026-04-01T02:21:00.000Z";1406.27
"2026-04-01T02:21:00.000Z";"2026-04-01T02:24:00.000Z";1401.56
"2026-04-01T02:24:00.000Z";"2026-04-01T02:27:00.000Z";1403.66
"2026-04-01T02:27:00.000Z";"2026-04-01T02:30:00.000Z";1407.67
"2026-04-01T02:30:00.000Z";"2026-04-01T02:33:00.000Z";1449.25
"2026-04-01T02:33:00.000Z";"2026-04-01T02:36:00.000Z";1452.39
"2026-04-01T02:36:00.000Z";"2026-04-01T02:39:00.000Z";1453
"2026-04-01T02:39:00.000Z";"2026-04-01T02:42:00.000Z";1454
"2026-04-01T02:42:00.000Z";"2026-04-01T02:45:00.000Z";1456.33
"2026-04-01T02:45:00.000Z";"2026-04-01T02:48:00.000Z";1472.6
"2026-04-01T02:48:00.000Z";"2026-04-01T02:51:00.000Z";1491.44
"2026-04-01T02:51:00.000Z";"2026-04-01T02:54:00.000Z";1492
"2026-04-01T02:54:00.000Z";"2026-04-01T02:57:00.000Z";1492.56
"2026-04-01T02:57:00.000Z";"2026-04-01T03:00:00.000Z";1492
"2026-04-01T03:00:00.000Z";"2026-04-01T03:03:00.000Z";1486.95
"2026-04-01T03:03:00.000Z";"2026-04-01T03:06:00.000Z";1505.98
"2026-04-01T03:06:00.000Z";"2026-04-01T03:09:00.000Z";1519.28
"2026-04-01T03:09:00.000Z";"2026-04-01T03:12:00.000Z";1522.67
"2026-04-01T03:12:00.000Z";"2026-04-01T03:15:00.000Z";1520.44
"2026-04-01T03:15:00.000Z";"2026-04-01T03:18:00.000Z";1520.45
"2026-04-01T03:18:00.000Z";"2026-04-01T03:21:00.000Z";1527.61
"2026-04-01T03:21:00.000Z";"2026-04-01T03:24:00.000Z";1533.83
"2026-04-01T03:24:00.000Z";"2026-04-01T03:27:00.000Z";1529.89
"2026-04-01T03:27:00.000Z";"2026-04-01T03:30:00.000Z";1531.06
"2026-04-01T03:30:00.000Z";"2026-04-01T03:33:00.000Z";1517.78
"2026-04-01T03:33:00.000Z";"2026-04-01T03:36:00.000Z";1515.22
"2026-04-01T03:36:00.000Z";"2026-04-01T03:39:00.000Z";1519.56
"2026-04-01T03:39:00.000Z";"2026-04-01T03:42:00.000Z";1518.72
"2026-04-01T03:42:00.000Z";"2026-04-01T03:45:00.000Z";1518.56
"2026-04-01T03:45:00.000Z";"2026-04-01T03:48:00.000Z";1519.06
"2026-04-01T03:48:00.000Z";"2026-04-01T03:51:00.000Z";1520.67
"2026-04-01T03:51:00.000Z";"2026-04-01T03:54:00.000Z";1523.16
"2026-04-01T03:54:00.000Z";"2026-04-01T03:57:00.000Z";1533
"2026-04-01T03:57:00.000Z";"2026-04-01T04:00:00.000Z";1536.39
"2026-04-01T04:00:00.000Z";"2026-04-01T04:03:00.000Z";1522.91
"2026-04-01T04:03:00.000Z";"2026-04-01T04:06:00.000Z";1508.28
"2026-04-01T04:06:00.000Z";"2026-04-01T04:09:00.000Z";1517.11
"2026-04-01T04:09:00.000Z";"2026-04-01T04:12:00.000Z";1530.05
"2026-04-01T04:12:00.000Z";"2026-04-01T04:15:00.000Z";1544.66
"2026-04-01T04:15:00.000Z";"2026-04-01T04:18:00.000Z";1541.61
"2026-04-01T04:18:00.000Z";"2026-04-01T04:21:00.000Z";1519.3
"2026-04-01T04:21:00.000Z";"2026-04-01T04:24:00.000Z";1508.06
"2026-04-01T04:24:00.000Z";"2026-04-01T04:27:00.000Z";1516.44
"2026-04-01T04:27:00.000Z";"2026-04-01T04:30:00.000Z";1500.95
"2026-04-01T04:30:00.000Z";"2026-04-01T04:33:00.000Z";1480.56
"2026-04-01T04:33:00.000Z";"2026-04-01T04:36:00.000Z";1465.67
"2026-04-01T04:36:00.000Z";"2026-04-01T04:39:00.000Z";1473
"2026-04-01T04:39:00.000Z";"2026-04-01T04:42:00.000Z";1473.33
"2026-04-01T04:42:00.000Z";"2026-04-01T04:45:00.000Z";1482.17
"2026-04-01T04:45:00.000Z";"2026-04-01T04:48:00.000Z";1474.12
"2026-04-01T04:48:00.000Z";"2026-04-01T04:51:00.000Z";1472.16
"2026-04-01T04:51:00.000Z";"2026-04-01T04:54:00.000Z";1470.06
"2026-04-01T04:54:00.000Z";"2026-04-01T04:57:00.000Z";1471.61
"2026-04-01T04:57:00.000Z";"2026-04-01T05:00:00.000Z";1474.22
"2026-04-01T05:00:00.000Z";"2026-04-01T05:03:00.000Z";1458.57
"2026-04-01T05:03:00.000Z";"2026-04-01T05:06:00.000Z";1432.13
"2026-04-01T05:06:00.000Z";"2026-04-01T05:09:00.000Z";1414.67
"2026-04-01T05:09:00.000Z";"2026-04-01T05:12:00.000Z";1418.33
"2026-04-01T05:12:00.000Z";"2026-04-01T05:15:00.000Z";1401.85
"2026-04-01T05:15:00.000Z";"2026-04-01T05:18:00.000Z";1351.84
"2026-04-01T05:18:00.000Z";"2026-04-01T05:21:00.000Z";1286.85
"2026-04-01T05:21:00.000Z";"2026-04-01T05:24:00.000Z";1282.12
"2026-04-01T05:24:00.000Z";"2026-04-01T05:27:00.000Z";1279.39
"2026-04-01T05:27:00.000Z";"2026-04-01T05:30:00.000Z";1275.07
"2026-04-01T05:30:00.000Z";"2026-04-01T05:33:00.000Z";1242.23
"2026-04-01T05:33:00.000Z";"2026-04-01T05:36:00.000Z";1242.89
"2026-04-01T05:36:00.000Z";"2026-04-01T05:39:00.000Z";1245.17
"2026-04-01T05:39:00.000Z";"2026-04-01T05:42:00.000Z";1247.17
"2026-04-01T05:42:00.000Z";"2026-04-01T05:45:00.000Z";1231.01
"2026-04-01T05:45:00.000Z";"2026-04-01T05:48:00.000Z";1224.06
"2026-04-01T05:48:00.000Z";"2026-04-01T05:51:00.000Z";1214.95
"2026-04-01T05:51:00.000Z";"2026-04-01T05:54:00.000Z";1185.91
"2026-04-01T05:54:00.000Z";"2026-04-01T05:57:00.000Z";1163.46
"2026-04-01T05:57:00.000Z";"2026-04-01T06:00:00.000Z";1156
"2026-04-01T06:00:00.000Z";"2026-04-01T06:03:00.000Z";1146.01
"2026-04-01T06:03:00.000Z";"2026-04-01T06:06:00.000Z";1077.7
"2026-04-01T06:06:00.000Z";"2026-04-01T06:09:00.000Z";1051.4
"2026-04-01T06:12:00.000Z";"2026-04-01T06:15:00.000Z";1024.29
"2026-04-01T06:15:00.000Z";"2026-04-01T06:18:00.000Z";1028.49
"2026-04-01T06:18:00.000Z";"2026-04-01T06:21:00.000Z";1029.4
"2026-04-01T06:21:00.000Z";"2026-04-01T06:24:00.000Z";1026.22
"2026-04-01T06:24:00.000Z";"2026-04-01T06:27:00.000Z";1026.89
"2026-04-01T06:27:00.000Z";"2026-04-01T06:30:00.000Z";1029.67
"2026-04-01T06:30:00.000Z";"2026-04-01T06:33:00.000Z";1022.57
"2026-04-01T06:33:00.000Z";"2026-04-01T06:36:00.000Z";1022.33
"2026-04-01T06:36:00.000Z";"2026-04-01T06:39:00.000Z";1025.67
"2026-04-01T06:42:00.000Z";"2026-04-01T06:45:00.000Z";1023.89
"2026-04-01T06:45:00.000Z";"2026-04-01T06:48:00.000Z";1025.66
"2026-04-01T06:48:00.000Z";"2026-04-01T06:51:00.000Z";1030.33
"2026-04-01T06:51:00.000Z";"2026-04-01T06:54:00.000Z";1025.84
"2026-04-01T06:54:00.000Z";"2026-04-01T06:57:00.000Z";1024.61
"2026-04-01T06:57:00.000Z";"2026-04-01T07:00:00.000Z";1020.17
"2026-04-01T07:00:00.000Z";"2026-04-01T07:03:00.000Z";1003.46
"2026-04-01T07:06:00.000Z";"2026-04-01T07:09:00.000Z";973.794
"2026-04-01T07:09:00.000Z";"2026-04-01T07:12:00.000Z";949.894
"2026-04-01T07:12:00.000Z";"2026-04-01T07:15:00.000Z";945.554
"2026-04-01T07:15:00.000Z";"2026-04-01T07:18:00.000Z";950.166
"2026-04-01T07:18:00.000Z";"2026-04-01T07:21:00.000Z";953.274
"2026-04-01T07:21:00.000Z";"2026-04-01T07:24:00.000Z";958.445
"2026-04-01T07:24:00.000Z";"2026-04-01T07:27:00.000Z";947.894
"2026-04-01T07:27:00.000Z";"2026-04-01T07:30:00.000Z";948.386
"2026-04-01T07:30:00.000Z";"2026-04-01T07:33:00.000Z";959.33
"2026-04-01T07:33:00.000Z";"2026-04-01T07:36:00.000Z";958.392
"2026-04-01T07:36:00.000Z";"2026-04-01T07:39:00.000Z";956.277
"2026-04-01T07:39:00.000Z";"2026-04-01T07:42:00.000Z";955.003
"2026-04-01T07:42:00.000Z";"2026-04-01T07:45:00.000Z";957.277
"2026-04-01T07:45:00.000Z";"2026-04-01T07:48:00.000Z";954.833
"2026-04-01T07:48:00.000Z";"2026-04-01T07:51:00.000Z";958.444
"2026-04-01T07:51:00.000Z";"2026-04-01T07:54:00.000Z";955.834
"2026-04-01T07:54:00.000Z";"2026-04-01T07:57:00.000Z";957.219
"2026-04-01T07:57:00.000Z";"2026-04-01T08:00:00.000Z";960.109
"2026-04-01T08:00:00.000Z";"2026-04-01T08:03:00.000Z";952.507
"2026-04-01T08:03:00.000Z";"2026-04-01T08:06:00.000Z";955.72
"2026-04-01T08:06:00.000Z";"2026-04-01T08:09:00.000Z";971.211
"2026-04-01T08:12:00.000Z";"2026-04-01T08:15:00.000Z";977.781
"2026-04-01T08:15:00.000Z";"2026-04-01T08:18:00.000Z";975.83
"2026-04-01T08:18:00.000Z";"2026-04-01T08:21:00.000Z";956.571
"2026-04-01T08:21:00.000Z";"2026-04-01T08:24:00.000Z";947.944
"2026-04-01T08:24:00.000Z";"2026-04-01T08:27:00.000Z";946.999
"2026-04-01T08:27:00.000Z";"2026-04-01T08:30:00.000Z";943.279
"2026-04-01T08:30:00.000Z";"2026-04-01T08:33:00.000Z";941.165
"2026-04-01T08:33:00.000Z";"2026-04-01T08:36:00.000Z";954.278
"2026-04-01T08:36:00.000Z";"2026-04-01T08:39:00.000Z";943.958
"2026-04-01T08:39:00.000Z";"2026-04-01T08:42:00.000Z";935.611
"2026-04-01T08:42:00.000Z";"2026-04-01T08:45:00.000Z";933.5
"2026-04-01T08:45:00.000Z";"2026-04-01T08:48:00.000Z";935.831
"2026-04-01T08:48:00.000Z";"2026-04-01T08:51:00.000Z";940.06
"2026-04-01T08:51:00.000Z";"2026-04-01T08:54:00.000Z";935.276
"2026-04-01T08:57:00.000Z";"2026-04-01T09:00:00.000Z";949.889
"2026-04-01T09:00:00.000Z";"2026-04-01T09:03:00.000Z";949.171
"2026-04-01T09:03:00.000Z";"2026-04-01T09:06:00.000Z";942.944
"2026-04-01T09:06:00.000Z";"2026-04-01T09:09:00.000Z";937.016
"2026-04-01T09:09:00.000Z";"2026-04-01T09:12:00.000Z";904.622
"2026-04-01T09:12:00.000Z";"2026-04-01T09:15:00.000Z";888.394
"2026-04-01T09:15:00.000Z";"2026-04-01T09:18:00.000Z";884.723
"2026-04-01T09:18:00.000Z";"2026-04-01T09:21:00.000Z";894.939
"2026-04-01T09:21:00.000Z";"2026-04-01T09:24:00.000Z";897.334
"2026-04-01T09:24:00.000Z";"2026-04-01T09:27:00.000Z";895.279
"2026-04-01T09:27:00.000Z";"2026-04-01T09:30:00.000Z";887.556
"2026-04-01T09:30:00.000Z";"2026-04-01T09:33:00.000Z";887.499
"2026-04-01T09:33:00.000Z";"2026-04-01T09:36:00.000Z";910.654
"2026-04-01T09:36:00.000Z";"2026-04-01T09:39:00.000Z";923.497
"2026-04-01T09:39:00.000Z";"2026-04-01T09:42:00.000Z";921.111
"2026-04-01T09:42:00.000Z";"2026-04-01T09:45:00.000Z";926.056
"2026-04-01T09:45:00.000Z";"2026-04-01T09:48:00.000Z";926.611
"2026-04-01T09:48:00.000Z";"2026-04-01T09:51:00.000Z";931.554
"2026-04-01T09:51:00.000Z";"2026-04-01T09:54:00.000Z";933.39
"2026-04-01T09:57:00.000Z";"2026-04-01T10:00:00.000Z";927.778
"2026-04-01T10:00:00.000Z";"2026-04-01T10:03:00.000Z";941.494
"2026-04-01T10:03:00.000Z";"2026-04-01T10:06:00.000Z";940.336
"2026-04-01T10:06:00.000Z";"2026-04-01T10:09:00.000Z";942.165
"2026-04-01T10:09:00.000Z";"2026-04-01T10:12:00.000Z";939.67
"2026-04-01T10:12:00.000Z";"2026-04-01T10:15:00.000Z";928.392
"2026-04-01T10:15:00.000Z";"2026-04-01T10:18:00.000Z";928.105
"2026-04-01T10:18:00.000Z";"2026-04-01T10:21:00.000Z";949.77
"2026-04-01T10:21:00.000Z";"2026-04-01T10:24:00.000Z";941.224
"2026-04-01T10:24:00.000Z";"2026-04-01T10:27:00.000Z";937.89
"2026-04-01T10:27:00.000Z";"2026-04-01T10:30:00.000Z";937.387
"2026-04-01T10:30:00.000Z";"2026-04-01T10:33:00.000Z";944.72
"2026-04-01T10:33:00.000Z";"2026-04-01T10:36:00.000Z";959.44
"2026-04-01T10:39:00.000Z";"2026-04-01T10:42:00.000Z";954.611
"2026-04-01T10:42:00.000Z";"2026-04-01T10:45:00.000Z";965.326
"2026-04-01T10:45:00.000Z";"2026-04-01T10:48:00.000Z";976.659
"2026-04-01T10:48:00.000Z";"2026-04-01T10:51:00.000Z";1001.49
"2026-04-01T10:51:00.000Z";"2026-04-01T10:54:00.000Z";1007.22
"2026-04-01T10:57:00.000Z";"2026-04-01T11:00:00.000Z";977.391
"2026-04-01T11:00:00.000Z";"2026-04-01T11:03:00.000Z";968.167
"2026-04-01T11:03:00.000Z";"2026-04-01T11:06:00.000Z";966.615
"2026-04-01T11:06:00.000Z";"2026-04-01T11:09:00.000Z";951.448
"2026-04-01T11:09:00.000Z";"2026-04-01T11:12:00.000Z";951.894
"2026-04-01T11:12:00.000Z";"2026-04-01T11:15:00.000Z";952.331
"2026-04-01T11:15:00.000Z";"2026-04-01T11:18:00.000Z";942.998
"2026-04-01T11:18:00.000Z";"2026-04-01T11:21:00.000Z";949.332
"2026-04-01T11:21:00.000Z";"2026-04-01T11:24:00.000Z";940.782
"2026-04-01T11:24:00.000Z";"2026-04-01T11:27:00.000Z";937.669
"2026-04-01T11:27:00.000Z";"2026-04-01T11:30:00.000Z";941.762
"2026-04-01T11:30:00.000Z";"2026-04-01T11:33:00.000Z";961.33
"2026-04-01T11:33:00.000Z";"2026-04-01T11:36:00.000Z";970.665
"2026-04-01T11:36:00.000Z";"2026-04-01T11:39:00.000Z";969.724
"2026-04-01T11:42:00.000Z";"2026-04-01T11:45:00.000Z";955.065
"2026-04-01T11:45:00.000Z";"2026-04-01T11:48:00.000Z";938.503
"2026-04-01T11:48:00.000Z";"2026-04-01T11:51:00.000Z";932.554
"2026-04-01T11:51:00.000Z";"2026-04-01T11:54:00.000Z";927.723
"2026-04-01T11:54:00.000Z";"2026-04-01T11:57:00.000Z";928.167
"2026-04-01T11:57:00.000Z";"2026-04-01T12:00:00.000Z";927.272
"2026-04-01T12:00:00.000Z";"2026-04-01T12:03:00.000Z";940.878
"2026-04-01T12:03:00.000Z";"2026-04-01T12:06:00.000Z";994.528
"2026-04-01T12:06:00.000Z";"2026-04-01T12:09:00.000Z";1006.5
"2026-04-01T12:09:00.000Z";"2026-04-01T12:12:00.000Z";1006
"2026-04-01T12:12:00.000Z";"2026-04-01T12:15:00.000Z";1001.84
"2026-04-01T12:15:00.000Z";"2026-04-01T12:18:00.000Z";998.892
"2026-04-01T12:18:00.000Z";"2026-04-01T12:21:00.000Z";997.722
"2026-04-01T12:21:00.000Z";"2026-04-01T12:24:00.000Z";994.667
"2026-04-01T12:27:00.000Z";"2026-04-01T12:30:00.000Z";994.334
"2026-04-01T12:30:00.000Z";"2026-04-01T12:33:00.000Z";989.777
"2026-04-01T12:36:00.000Z";"2026-04-01T12:39:00.000Z";987.611
"2026-04-01T12:42:00.000Z";"2026-04-01T12:45:00.000Z";959.337
"2026-04-01T12:45:00.000Z";"2026-04-01T12:48:00.000Z";942.065
"2026-04-01T12:48:00.000Z";"2026-04-01T12:51:00.000Z";925.45
"2026-04-01T12:51:00.000Z";"2026-04-01T12:54:00.000Z";919.055
"2026-04-01T12:54:00.000Z";"2026-04-01T12:57:00.000Z";915.949
"2026-04-01T12:57:00.000Z";"2026-04-01T13:00:00.000Z";902.445
"2026-04-01T13:00:00.000Z";"2026-04-01T13:03:00.000Z";913.061
"2026-04-01T13:03:00.000Z";"2026-04-01T13:06:00.000Z";912.114
"2026-04-01T13:06:00.000Z";"2026-04-01T13:09:00.000Z";896.786
"2026-04-01T13:09:00.000Z";"2026-04-01T13:12:00.000Z";888.557
"2026-04-01T13:12:00.000Z";"2026-04-01T13:15:00.000Z";900.051
"2026-04-01T13:15:00.000Z";"2026-04-01T13:18:00.000Z";906.443
"2026-04-01T13:18:00.000Z";"2026-04-01T13:21:00.000Z";906.554
"2026-04-01T13:21:00.000Z";"2026-04-01T13:24:00.000Z";901.725
"2026-04-01T13:27:00.000Z";"2026-04-01T13:30:00.000Z";929.554
"2026-04-01T13:30:00.000Z";"2026-04-01T13:33:00.000Z";927.053
"2026-04-01T13:33:00.000Z";"2026-04-01T13:36:00.000Z";923.835
"2026-04-01T13:39:00.000Z";"2026-04-01T13:42:00.000Z";923.772
"2026-04-01T13:42:00.000Z";"2026-04-01T13:45:00.000Z";936.33
"2026-04-01T13:45:00.000Z";"2026-04-01T13:48:00.000Z";953.885
"2026-04-01T13:48:00.000Z";"2026-04-01T13:51:00.000Z";969.872
"2026-04-01T13:51:00.000Z";"2026-04-01T13:54:00.000Z";988.502
"2026-04-01T13:57:00.000Z";"2026-04-01T14:00:00.000Z";1000.22
"2026-04-01T14:00:00.000Z";"2026-04-01T14:03:00.000Z";1007.16
"2026-04-01T14:03:00.000Z";"2026-04-01T14:06:00.000Z";1005.56
"2026-04-01T14:06:00.000Z";"2026-04-01T14:09:00.000Z";1020.04
"2026-04-01T14:09:00.000Z";"2026-04-01T14:12:00.000Z";1039.6
"2026-04-01T14:12:00.000Z";"2026-04-01T14:15:00.000Z";1026.39
"2026-04-01T14:15:00.000Z";"2026-04-01T14:18:00.000Z";1012.62
"2026-04-01T14:18:00.000Z";"2026-04-01T14:21:00.000Z";998.723
"2026-04-01T14:21:00.000Z";"2026-04-01T14:24:00.000Z";997.726
"2026-04-01T14:27:00.000Z";"2026-04-01T14:30:00.000Z";1026.21
"2026-04-01T14:30:00.000Z";"2026-04-01T14:33:00.000Z";1038.22
"2026-04-01T14:33:00.000Z";"2026-04-01T14:36:00.000Z";1026.28
"2026-04-01T14:36:00.000Z";"2026-04-01T14:39:00.000Z";1028.72
"2026-04-01T14:39:00.000Z";"2026-04-01T14:42:00.000Z";1035.66
"2026-04-01T14:42:00.000Z";"2026-04-01T14:45:00.000Z";1041.94
"2026-04-01T14:45:00.000Z";"2026-04-01T14:48:00.000Z";1050.22
"2026-04-01T14:48:00.000Z";"2026-04-01T14:51:00.000Z";1050.94
"2026-04-01T14:51:00.000Z";"2026-04-01T14:54:00.000Z";1050
"2026-04-01T14:54:00.000Z";"2026-04-01T14:57:00.000Z";1048.45
"2026-04-01T14:57:00.000Z";"2026-04-01T15:00:00.000Z";1048.94
"2026-04-01T15:00:00.000Z";"2026-04-01T15:03:00.000Z";1051.88
"2026-04-01T15:03:00.000Z";"2026-04-01T15:06:00.000Z";1024.35
"2026-04-01T15:06:00.000Z";"2026-04-01T15:09:00.000Z";1013.05
"2026-04-01T15:09:00.000Z";"2026-04-01T15:12:00.000Z";1029.72
"2026-04-01T15:12:00.000Z";"2026-04-01T15:15:00.000Z";1041.11
"2026-04-01T15:15:00.000Z";"2026-04-01T15:18:00.000Z";1050.78
"2026-04-01T15:18:00.000Z";"2026-04-01T15:21:00.000Z";1049.44
"2026-04-01T15:21:00.000Z";"2026-04-01T15:24:00.000Z";1050.11
"2026-04-01T15:24:00.000Z";"2026-04-01T15:27:00.000Z";1054.6
"2026-04-01T15:27:00.000Z";"2026-04-01T15:30:00.000Z";1064
"2026-04-01T15:30:00.000Z";"2026-04-01T15:33:00.000Z";1052.64
"2026-04-01T15:33:00.000Z";"2026-04-01T15:36:00.000Z";1039.11
"2026-04-01T15:36:00.000Z";"2026-04-01T15:39:00.000Z";1039.77
"2026-04-01T15:39:00.000Z";"2026-04-01T15:42:00.000Z";1057.15
"2026-04-01T15:42:00.000Z";"2026-04-01T15:45:00.000Z";1064.5
"2026-04-01T15:45:00.000Z";"2026-04-01T15:48:00.000Z";1060.5
"2026-04-01T15:48:00.000Z";"2026-04-01T15:51:00.000Z";1057.83
"2026-04-01T15:51:00.000Z";"2026-04-01T15:54:00.000Z";1062.34
"2026-04-01T15:54:00.000Z";"2026-04-01T15:57:00.000Z";1065.17
"2026-04-01T15:57:00.000Z";"2026-04-01T16:00:00.000Z";1065.06
"2026-04-01T16:00:00.000Z";"2026-04-01T16:03:00.000Z";1068.05
"2026-04-01T16:03:00.000Z";"2026-04-01T16:06:00.000Z";1077.06
"2026-04-01T16:06:00.000Z";"2026-04-01T16:09:00.000Z";1075.11
"2026-04-01T16:09:00.000Z";"2026-04-01T16:12:00.000Z";1084.39
"2026-04-01T16:12:00.000Z";"2026-04-01T16:15:00.000Z";1086.22
"2026-04-01T16:15:00.000Z";"2026-04-01T16:18:00.000Z";1082.39
"2026-04-01T16:18:00.000Z";"2026-04-01T16:21:00.000Z";1081.94
"2026-04-01T16:21:00.000Z";"2026-04-01T16:24:00.000Z";1084.78
"2026-04-01T16:24:00.000Z";"2026-04-01T16:27:00.000Z";1088.05
"2026-04-01T16:27:00.000Z";"2026-04-01T16:30:00.000Z";1091.55
"2026-04-01T16:30:00.000Z";"2026-04-01T16:33:00.000Z";1099.17
"2026-04-01T16:33:00.000Z";"2026-04-01T16:36:00.000Z";1114.98
"2026-04-01T16:36:00.000Z";"2026-04-01T16:39:00.000Z";1140.55
"2026-04-01T16:39:00.000Z";"2026-04-01T16:42:00.000Z";1145.72
"2026-04-01T16:42:00.000Z";"2026-04-01T16:45:00.000Z";1158.67
"2026-04-01T16:45:00.000Z";"2026-04-01T16:48:00.000Z";1167.38
"2026-04-01T16:48:00.000Z";"2026-04-01T16:51:00.000Z";1182.83
"2026-04-01T16:51:00.000Z";"2026-04-01T16:54:00.000Z";1174.06
"2026-04-01T16:54:00.000Z";"2026-04-01T16:57:00.000Z";1175.06
"2026-04-01T16:57:00.000Z";"2026-04-01T17:00:00.000Z";1168.33
"2026-04-01T17:00:00.000Z";"2026-04-01T17:03:00.000Z";1166.78
"2026-04-01T17:03:00.000Z";"2026-04-01T17:06:00.000Z";1169.27
"2026-04-01T17:06:00.000Z";"2026-04-01T17:09:00.000Z";1241.59
"2026-04-01T17:09:00.000Z";"2026-04-01T17:12:00.000Z";1256.61
"2026-04-01T17:12:00.000Z";"2026-04-01T17:15:00.000Z";1258.61
"2026-04-01T17:15:00.000Z";"2026-04-01T17:18:00.000Z";1251.5
"2026-04-01T17:18:00.000Z";"2026-04-01T17:21:00.000Z";1247.56
"2026-04-01T17:21:00.000Z";"2026-04-01T17:24:00.000Z";1240.22
"2026-04-01T17:24:00.000Z";"2026-04-01T17:27:00.000Z";1236.78
"2026-04-01T17:27:00.000Z";"2026-04-01T17:30:00.000Z";1238.78
"2026-04-01T17:30:00.000Z";"2026-04-01T17:33:00.000Z";1242.16
"2026-04-01T17:33:00.000Z";"2026-04-01T17:36:00.000Z";1247.89
"2026-04-01T17:36:00.000Z";"2026-04-01T17:39:00.000Z";1245.45
"2026-04-01T17:39:00.000Z";"2026-04-01T17:42:00.000Z";1245.67
"2026-04-01T17:42:00.000Z";"2026-04-01T17:45:00.000Z";1247.89
"2026-04-01T17:45:00.000Z";"2026-04-01T17:48:00.000Z";1252.44
"2026-04-01T17:48:00.000Z";"2026-04-01T17:51:00.000Z";1244.17
"2026-04-01T17:51:00.000Z";"2026-04-01T17:54:00.000Z";1246.94
"2026-04-01T17:54:00.000Z";"2026-04-01T17:57:00.000Z";1241.73
"2026-04-01T17:57:00.000Z";"2026-04-01T18:00:00.000Z";1252.05
"2026-04-01T18:00:00.000Z";"2026-04-01T18:03:00.000Z";1253.94
"2026-04-01T18:03:00.000Z";"2026-04-01T18:06:00.000Z";1254.33
"2026-04-01T18:06:00.000Z";"2026-04-01T18:09:00.000Z";1265.22
"2026-04-01T18:09:00.000Z";"2026-04-01T18:12:00.000Z";1268.5
"2026-04-01T18:12:00.000Z";"2026-04-01T18:15:00.000Z";1262.06
"2026-04-01T18:15:00.000Z";"2026-04-01T18:18:00.000Z";1255.39
"2026-04-01T18:18:00.000Z";"2026-04-01T18:21:00.000Z";1255.17
"2026-04-01T18:21:00.000Z";"2026-04-01T18:24:00.000Z";1260.55
"2026-04-01T18:24:00.000Z";"2026-04-01T18:27:00.000Z";1262.11
"2026-04-01T18:27:00.000Z";"2026-04-01T18:30:00.000Z";1263.44
"2026-04-01T18:30:00.000Z";"2026-04-01T18:33:00.000Z";1262.34
"2026-04-01T18:33:00.000Z";"2026-04-01T18:36:00.000Z";1260.16
"2026-04-01T18:36:00.000Z";"2026-04-01T18:39:00.000Z";1259.17
"2026-04-01T18:39:00.000Z";"2026-04-01T18:42:00.000Z";1262.78
"2026-04-01T18:42:00.000Z";"2026-04-01T18:45:00.000Z";1259.45
"2026-04-01T18:45:00.000Z";"2026-04-01T18:48:00.000Z";1256.44
"2026-04-01T18:48:00.000Z";"2026-04-01T18:51:00.000Z";1257.06
"2026-04-01T18:51:00.000Z";"2026-04-01T18:54:00.000Z";1261.33
"2026-04-01T18:54:00.000Z";"2026-04-01T18:57:00.000Z";1266.28
"2026-04-01T18:57:00.000Z";"2026-04-01T19:00:00.000Z";1261.9
"2026-04-01T19:00:00.000Z";"2026-04-01T19:03:00.000Z";1249
"2026-04-01T19:03:00.000Z";"2026-04-01T19:06:00.000Z";1254.83
"2026-04-01T19:06:00.000Z";"2026-04-01T19:09:00.000Z";1262.78
"2026-04-01T19:09:00.000Z";"2026-04-01T19:12:00.000Z";1259.01
"2026-04-01T19:12:00.000Z";"2026-04-01T19:15:00.000Z";1249.4
"2026-04-01T19:15:00.000Z";"2026-04-01T19:18:00.000Z";1248.28
"2026-04-01T19:18:00.000Z";"2026-04-01T19:21:00.000Z";1253.99
"2026-04-01T19:21:00.000Z";"2026-04-01T19:24:00.000Z";1255.72
"2026-04-01T19:24:00.000Z";"2026-04-01T19:27:00.000Z";1252.83
"2026-04-01T19:27:00.000Z";"2026-04-01T19:30:00.000Z";1255.56
"2026-04-01T19:30:00.000Z";"2026-04-01T19:33:00.000Z";1258.04
"2026-04-01T19:33:00.000Z";"2026-04-01T19:36:00.000Z";1270.61
"2026-04-01T19:36:00.000Z";"2026-04-01T19:39:00.000Z";1268.67
"2026-04-01T19:39:00.000Z";"2026-04-01T19:42:00.000Z";1263.66
"2026-04-01T19:42:00.000Z";"2026-04-01T19:45:00.000Z";1269.44
"2026-04-01T19:45:00.000Z";"2026-04-01T19:48:00.000Z";1261.9
"2026-04-01T19:48:00.000Z";"2026-04-01T19:51:00.000Z";1257.32
"2026-04-01T19:51:00.000Z";"2026-04-01T19:54:00.000Z";1256.34
"2026-04-01T19:54:00.000Z";"2026-04-01T19:57:00.000Z";1235.39
"2026-04-01T19:57:00.000Z";"2026-04-01T20:00:00.000Z";1223
"2026-04-01T20:00:00.000Z";"2026-04-01T20:03:00.000Z";1208.5
"2026-04-01T20:03:00.000Z";"2026-04-01T20:06:00.000Z";1222.38
"2026-04-01T20:06:00.000Z";"2026-04-01T20:09:00.000Z";1216.34
"2026-04-01T20:09:00.000Z";"2026-04-01T20:12:00.000Z";1209.67
"2026-04-01T20:12:00.000Z";"2026-04-01T20:15:00.000Z";1204.11
"2026-04-01T20:15:00.000Z";"2026-04-01T20:18:00.000Z";1208.44
"2026-04-01T20:18:00.000Z";"2026-04-01T20:21:00.000Z";1207.39
"2026-04-01T20:21:00.000Z";"2026-04-01T20:24:00.000Z";1207.67
"2026-04-01T20:24:00.000Z";"2026-04-01T20:27:00.000Z";1206.72
"2026-04-01T20:27:00.000Z";"2026-04-01T20:30:00.000Z";1207.78
"2026-04-01T20:30:00.000Z";"2026-04-01T20:33:00.000Z";1215.55
"2026-04-01T20:33:00.000Z";"2026-04-01T20:36:00.000Z";1218.28
"2026-04-01T20:36:00.000Z";"2026-04-01T20:39:00.000Z";1220.06
"2026-04-01T20:39:00.000Z";"2026-04-01T20:42:00.000Z";1212.89
"2026-04-01T20:42:00.000Z";"2026-04-01T20:45:00.000Z";1207.95
"2026-04-01T20:45:00.000Z";"2026-04-01T20:48:00.000Z";1195.56
"2026-04-01T20:48:00.000Z";"2026-04-01T20:51:00.000Z";1193.89
"2026-04-01T20:51:00.000Z";"2026-04-01T20:54:00.000Z";1201.22
"2026-04-01T20:54:00.000Z";"2026-04-01T20:57:00.000Z";1199.39
"2026-04-01T20:57:00.000Z";"2026-04-01T21:00:00.000Z";1192.11
"2026-04-01T21:00:00.000Z";"2026-04-01T21:03:00.000Z";1191.83
"2026-04-01T21:03:00.000Z";"2026-04-01T21:06:00.000Z";1204.11
"2026-04-01T21:06:00.000Z";"2026-04-01T21:09:00.000Z";1210.78
"2026-04-01T21:09:00.000Z";"2026-04-01T21:12:00.000Z";1218.61
"2026-04-01T21:12:00.000Z";"2026-04-01T21:15:00.000Z";1213.89
"2026-04-01T21:15:00.000Z";"2026-04-01T21:18:00.000Z";1196.29
"2026-04-01T21:18:00.000Z";"2026-04-01T21:21:00.000Z";1187.72
"2026-04-01T21:21:00.000Z";"2026-04-01T21:24:00.000Z";1186.33
"2026-04-01T21:24:00.000Z";"2026-04-01T21:27:00.000Z";1181.56
"2026-04-01T21:27:00.000Z";"2026-04-01T21:30:00.000Z";1174.67
"2026-04-01T21:30:00.000Z";"2026-04-01T21:33:00.000Z";1172.33
"2026-04-01T21:33:00.000Z";"2026-04-01T21:36:00.000Z";1180.28
"2026-04-01T21:36:00.000Z";"2026-04-01T21:39:00.000Z";1182.61
"2026-04-01T21:39:00.000Z";"2026-04-01T21:42:00.000Z";1184.22
"2026-04-01T21:42:00.000Z";"2026-04-01T21:45:00.000Z";1183.84
"2026-04-01T21:45:00.000Z";"2026-04-01T21:48:00.000Z";1182.78
"2026-04-01T21:48:00.000Z";"2026-04-01T21:51:00.000Z";1199.61
"2026-04-01T21:51:00.000Z";"2026-04-01T21:54:00.000Z";1205.06
"2026-04-01T21:54:00.000Z";"2026-04-01T21:57:00.000Z";1202.06
"2026-04-01T21:57:00.000Z";"2026-04-01T22:00:00.000Z";1196.67
"2026-04-01T22:00:00.000Z";"2026-04-01T22:03:00.000Z";1174.18
"2026-04-01T22:03:00.000Z";"2026-04-01T22:06:00.000Z";1120.03
"2026-04-01T22:06:00.000Z";"2026-04-01T22:09:00.000Z";1091.89
"2026-04-01T22:09:00.000Z";"2026-04-01T22:12:00.000Z";1099.83
"2026-04-01T22:12:00.000Z";"2026-04-01T22:15:00.000Z";1109.49
"2026-04-01T22:15:00.000Z";"2026-04-01T22:18:00.000Z";1110.39
"2026-04-01T22:18:00.000Z";"2026-04-01T22:21:00.000Z";1114.78
"2026-04-01T22:21:00.000Z";"2026-04-01T22:24:00.000Z";1111.22
"2026-04-01T22:24:00.000Z";"2026-04-01T22:27:00.000Z";1108.78
"2026-04-01T22:27:00.000Z";"2026-04-01T22:30:00.000Z";1106.17
"2026-04-01T22:30:00.000Z";"2026-04-01T22:33:00.000Z";1101.67
"2026-04-01T22:33:00.000Z";"2026-04-01T22:36:00.000Z";1090.34
"2026-04-01T22:36:00.000Z";"2026-04-01T22:39:00.000Z";1082
"2026-04-01T22:39:00.000Z";"2026-04-01T22:42:00.000Z";1084.05
"2026-04-01T22:42:00.000Z";"2026-04-01T22:45:00.000Z";1084.89
"2026-04-01T22:45:00.000Z";"2026-04-01T22:48:00.000Z";1083.44
"2026-04-01T22:48:00.000Z";"2026-04-01T22:51:00.000Z";1093.77
"2026-04-01T22:51:00.000Z";"2026-04-01T22:54:00.000Z";1098.44
"2026-04-01T22:54:00.000Z";"2026-04-01T22:57:00.000Z";1093.28
"2026-04-01T22:57:00.000Z";"2026-04-01T23:00:00.000Z";1087
"2026-04-01T23:00:00.000Z";"2026-04-01T23:03:00.000Z";1083.11
"2026-04-01T23:03:00.000Z";"2026-04-01T23:06:00.000Z";1072.29
"2026-04-01T23:06:00.000Z";"2026-04-01T23:09:00.000Z";1071.61
"2026-04-01T23:09:00.000Z";"2026-04-01T23:12:00.000Z";1066.33
"2026-04-01T23:12:00.000Z";"2026-04-01T23:15:00.000Z";1071.77
"2026-04-01T23:15:00.000Z";"2026-04-01T23:18:00.000Z";1079.16
"2026-04-01T23:18:00.000Z";"2026-04-01T23:21:00.000Z";1091.33
"2026-04-01T23:21:00.000Z";"2026-04-01T23:24:00.000Z";1103.49
"2026-04-01T23:24:00.000Z";"2026-04-01T23:27:00.000Z";1107.22
"2026-04-01T23:27:00.000Z";"2026-04-01T23:30:00.000Z";1108.22
"2026-04-01T23:30:00.000Z";"2026-04-01T23:33:00.000Z";1111.73
"2026-04-01T23:33:00.000Z";"2026-04-01T23:36:00.000Z";1102.23
"2026-04-01T23:36:00.000Z";"2026-04-01T23:39:00.000Z";1091.06
"2026-04-01T23:39:00.000Z";"2026-04-01T23:42:00.000Z";1082.34
"2026-04-01T23:42:00.000Z";"2026-04-01T23:45:00.000Z";1077.17
"2026-04-01T23:45:00.000Z";"2026-04-01T23:48:00.000Z";1073.17
"2026-04-01T23:48:00.000Z";"2026-04-01T23:51:00.000Z";1072.11
"2026-04-01T23:51:00.000Z";"2026-04-01T23:54:00.000Z";1074.5
"2026-04-01T23:54:00.000Z";"2026-04-01T23:57:00.000Z";1058.29
"2026-04-01T23:57:00.000Z";"2026-04-02T00:00:00.000Z";1036.63
"2026-04-02T00:00:00.000Z";"2026-04-02T00:03:00.000Z";1033.61
"2026-04-02T00:03:00.000Z";"2026-04-02T00:06:00.000Z";1021.84
"2026-04-02T00:06:00.000Z";"2026-04-02T00:09:00.000Z";1018.39
"2026-04-02T00:12:00.000Z";"2026-04-02T00:15:00.000Z";1023.88
"2026-04-02T00:15:00.000Z";"2026-04-02T00:18:00.000Z";1024.73
"2026-04-02T00:18:00.000Z";"2026-04-02T00:21:00.000Z";1023.6
"2026-04-02T00:21:00.000Z";"2026-04-02T00:24:00.000Z";1037
"2026-04-02T00:24:00.000Z";"2026-04-02T00:27:00.000Z";1038
"2026-04-02T00:27:00.000Z";"2026-04-02T00:30:00.000Z";1039
"2026-04-02T00:30:00.000Z";"2026-04-02T00:33:00.000Z";1045.27
"2026-04-02T00:33:00.000Z";"2026-04-02T00:36:00.000Z";1051.61
"2026-04-02T00:36:00.000Z";"2026-04-02T00:39:00.000Z";1051.11
"2026-04-02T00:39:00.000Z";"2026-04-02T00:42:00.000Z";1040.23
"2026-04-02T00:42:00.000Z";"2026-04-02T00:45:00.000Z";1009.01
"2026-04-02T00:45:00.000Z";"2026-04-02T00:48:00.000Z";1004.05
"2026-04-02T00:48:00.000Z";"2026-04-02T00:51:00.000Z";1002.39
"2026-04-02T00:51:00.000Z";"2026-04-02T00:54:00.000Z";1007.28
"2026-04-02T00:54:00.000Z";"2026-04-02T00:57:00.000Z";1021.99
"2026-04-02T00:57:00.000Z";"2026-04-02T01:00:00.000Z";995.005
"2026-04-02T01:00:00.000Z";"2026-04-02T01:03:00.000Z";996.144
"2026-04-02T01:03:00.000Z";"2026-04-02T01:06:00.000Z";1015.17
"2026-04-02T01:06:00.000Z";"2026-04-02T01:09:00.000Z";1019
"2026-04-02T01:09:00.000Z";"2026-04-02T01:12:00.000Z";1018.78
"2026-04-02T01:12:00.000Z";"2026-04-02T01:15:00.000Z";1017.89
"2026-04-02T01:15:00.000Z";"2026-04-02T01:18:00.000Z";1021.78
"2026-04-02T01:18:00.000Z";"2026-04-02T01:21:00.000Z";1022
"2026-04-02T01:21:00.000Z";"2026-04-02T01:24:00.000Z";1027.56
"2026-04-02T01:24:00.000Z";"2026-04-02T01:27:00.000Z";1031.28
"2026-04-02T01:27:00.000Z";"2026-04-02T01:30:00.000Z";1035.5
"2026-04-02T01:30:00.000Z";"2026-04-02T01:33:00.000Z";1039.38
"2026-04-02T01:33:00.000Z";"2026-04-02T01:36:00.000Z";1044.28
"2026-04-02T01:36:00.000Z";"2026-04-02T01:39:00.000Z";1047.94
"2026-04-02T01:39:00.000Z";"2026-04-02T01:42:00.000Z";1048.45
"2026-04-02T01:42:00.000Z";"2026-04-02T01:45:00.000Z";1042.5
"2026-04-02T01:45:00.000Z";"2026-04-02T01:48:00.000Z";1036.67
"2026-04-02T01:48:00.000Z";"2026-04-02T01:51:00.000Z";1070.15
"2026-04-02T01:51:00.000Z";"2026-04-02T01:54:00.000Z";1096.89
"2026-04-02T01:54:00.000Z";"2026-04-02T01:57:00.000Z";1109.83
"2026-04-02T01:57:00.000Z";"2026-04-02T02:00:00.000Z";1125.44
"2026-04-02T02:00:00.000Z";"2026-04-02T02:03:00.000Z";1141.1
"2026-04-02T02:03:00.000Z";"2026-04-02T02:06:00.000Z";1155.99
"2026-04-02T02:06:00.000Z";"2026-04-02T02:09:00.000Z";1157.55
"2026-04-02T02:09:00.000Z";"2026-04-02T02:12:00.000Z";1165
"2026-04-02T02:12:00.000Z";"2026-04-02T02:15:00.000Z";1166.11
"2026-04-02T02:15:00.000Z";"2026-04-02T02:18:00.000Z";1166.22
"2026-04-02T02:18:00.000Z";"2026-04-02T02:21:00.000Z";1171.94
"2026-04-02T02:21:00.000Z";"2026-04-02T02:24:00.000Z";1190.22
"2026-04-02T02:24:00.000Z";"2026-04-02T02:27:00.000Z";1189.95
"2026-04-02T02:27:00.000Z";"2026-04-02T02:30:00.000Z";1189.39
"2026-04-02T02:30:00.000Z";"2026-04-02T02:33:00.000Z";1190.95
"2026-04-02T02:33:00.000Z";"2026-04-02T02:36:00.000Z";1209.04
"2026-04-02T02:36:00.000Z";"2026-04-02T02:39:00.000Z";1235.33
"2026-04-02T02:39:00.000Z";"2026-04-02T02:42:00.000Z";1240.11
"2026-04-02T02:42:00.000Z";"2026-04-02T02:45:00.000Z";1242.84
"2026-04-02T02:45:00.000Z";"2026-04-02T02:48:00.000Z";1243.22
"2026-04-02T02:48:00.000Z";"2026-04-02T02:51:00.000Z";1245.72
"2026-04-02T02:51:00.000Z";"2026-04-02T02:54:00.000Z";1244.5
"2026-04-02T02:54:00.000Z";"2026-04-02T02:57:00.000Z";1247.89
"2026-04-02T02:57:00.000Z";"2026-04-02T03:00:00.000Z";1261.71
"2026-04-02T03:00:00.000Z";"2026-04-02T03:03:00.000Z";1294.6
"2026-04-02T03:03:00.000Z";"2026-04-02T03:06:00.000Z";1319.82
"2026-04-02T03:06:00.000Z";"2026-04-02T03:09:00.000Z";1344.89
"2026-04-02T03:09:00.000Z";"2026-04-02T03:12:00.000Z";1348.83
"2026-04-02T03:12:00.000Z";"2026-04-02T03:15:00.000Z";1352.39
"2026-04-02T03:15:00.000Z";"2026-04-02T03:18:00.000Z";1410.04
"2026-04-02T03:18:00.000Z";"2026-04-02T03:21:00.000Z";1493.09
"2026-04-02T03:21:00.000Z";"2026-04-02T03:24:00.000Z";1522.77
"2026-04-02T03:24:00.000Z";"2026-04-02T03:27:00.000Z";1537.21
"2026-04-02T03:27:00.000Z";"2026-04-02T03:30:00.000Z";1550.16
"2026-04-02T03:30:00.000Z";"2026-04-02T03:33:00.000Z";1555.5
"2026-04-02T03:33:00.000Z";"2026-04-02T03:36:00.000Z";1552.78
"2026-04-02T03:36:00.000Z";"2026-04-02T03:39:00.000Z";1555.33
"2026-04-02T03:39:00.000Z";"2026-04-02T03:42:00.000Z";1556.89
"2026-04-02T03:42:00.000Z";"2026-04-02T03:45:00.000Z";1538.1
"2026-04-02T03:45:00.000Z";"2026-04-02T03:48:00.000Z";1490.31
"2026-04-02T03:48:00.000Z";"2026-04-02T03:51:00.000Z";1438.01
"2026-04-02T03:51:00.000Z";"2026-04-02T03:54:00.000Z";1440.5
"2026-04-02T03:54:00.000Z";"2026-04-02T03:57:00.000Z";1447.11
"2026-04-02T03:57:00.000Z";"2026-04-02T04:00:00.000Z";1463.16
"2026-04-02T04:00:00.000Z";"2026-04-02T04:03:00.000Z";1467.61
"2026-04-02T04:03:00.000Z";"2026-04-02T04:06:00.000Z";1475
"2026-04-02T04:06:00.000Z";"2026-04-02T04:09:00.000Z";1483.99
"2026-04-02T04:09:00.000Z";"2026-04-02T04:12:00.000Z";1509.66
"2026-04-02T04:12:00.000Z";"2026-04-02T04:15:00.000Z";1520.22
"2026-04-02T04:15:00.000Z";"2026-04-02T04:18:00.000Z";1530.49
"2026-04-02T04:18:00.000Z";"2026-04-02T04:21:00.000Z";1542.66
"2026-04-02T04:21:00.000Z";"2026-04-02T04:24:00.000Z";1550.77
"2026-04-02T04:24:00.000Z";"2026-04-02T04:27:00.000Z";1588.71
"2026-04-02T04:27:00.000Z";"2026-04-02T04:30:00.000Z";1595.94
"2026-04-02T04:30:00.000Z";"2026-04-02T04:33:00.000Z";1588.83
"2026-04-02T04:33:00.000Z";"2026-04-02T04:36:00.000Z";1578.11
"2026-04-02T04:36:00.000Z";"2026-04-02T04:39:00.000Z";1577.67
"2026-04-02T04:39:00.000Z";"2026-04-02T04:42:00.000Z";1582.89
"2026-04-02T04:42:00.000Z";"2026-04-02T04:45:00.000Z";1586.33
"2026-04-02T04:45:00.000Z";"2026-04-02T04:48:00.000Z";1585.5
"2026-04-02T04:48:00.000Z";"2026-04-02T04:51:00.000Z";1592.61
"2026-04-02T04:51:00.000Z";"2026-04-02T04:54:00.000Z";1607.55
"2026-04-02T04:54:00.000Z";"2026-04-02T04:57:00.000Z";1664.69
"2026-04-02T04:57:00.000Z";"2026-04-02T05:00:00.000Z";1711.77
"2026-04-02T05:00:00.000Z";"2026-04-02T05:03:00.000Z";1713.45
"2026-04-02T05:03:00.000Z";"2026-04-02T05:06:00.000Z";1719.22
"2026-04-02T05:06:00.000Z";"2026-04-02T05:09:00.000Z";1725.11
"2026-04-02T05:09:00.000Z";"2026-04-02T05:12:00.000Z";1770.42
"2026-04-02T05:12:00.000Z";"2026-04-02T05:15:00.000Z";1818.38
"2026-04-02T05:15:00.000Z";"2026-04-02T05:18:00.000Z";1827.99
"2026-04-02T05:18:00.000Z";"2026-04-02T05:21:00.000Z";1846.43
"2026-04-02T05:21:00.000Z";"2026-04-02T05:24:00.000Z";1854.94
"2026-04-02T05:24:00.000Z";"2026-04-02T05:27:00.000Z";1861.05
"2026-04-02T05:27:00.000Z";"2026-04-02T05:30:00.000Z";1858.34
"2026-04-02T05:30:00.000Z";"2026-04-02T05:33:00.000Z";1861.16
"2026-04-02T05:33:00.000Z";"2026-04-02T05:36:00.000Z";1866
"2026-04-02T05:36:00.000Z";"2026-04-02T05:39:00.000Z";1866.83
"2026-04-02T05:39:00.000Z";"2026-04-02T05:42:00.000Z";1872.56
"2026-04-02T05:42:00.000Z";"2026-04-02T05:45:00.000Z";1877.05
"2026-04-02T05:45:00.000Z";"2026-04-02T05:48:00.000Z";1879
"2026-04-02T05:48:00.000Z";"2026-04-02T05:51:00.000Z";1877.67
"2026-04-02T05:51:00.000Z";"2026-04-02T05:54:00.000Z";1872.17
"2026-04-02T05:54:00.000Z";"2026-04-02T05:57:00.000Z";1878.44
"2026-04-02T05:57:00.000Z";"2026-04-02T06:00:00.000Z";1871.84
"2026-04-02T06:00:00.000Z";"2026-04-02T06:03:00.000Z";1863.5
"2026-04-02T06:03:00.000Z";"2026-04-02T06:06:00.000Z";1866.28
"2026-04-02T06:06:00.000Z";"2026-04-02T06:09:00.000Z";1861.61
"2026-04-02T06:09:00.000Z";"2026-04-02T06:12:00.000Z";1851.73
"2026-04-02T06:12:00.000Z";"2026-04-02T06:15:00.000Z";1847.28
"2026-04-02T06:15:00.000Z";"2026-04-02T06:18:00.000Z";1848.66
"2026-04-02T06:18:00.000Z";"2026-04-02T06:21:00.000Z";1857.99
"2026-04-02T06:21:00.000Z";"2026-04-02T06:24:00.000Z";1862.39
"2026-04-02T06:24:00.000Z";"2026-04-02T06:27:00.000Z";1861.39
"2026-04-02T06:27:00.000Z";"2026-04-02T06:30:00.000Z";1857.83
"2026-04-02T06:30:00.000Z";"2026-04-02T06:33:00.000Z";1856.67
"2026-04-02T06:33:00.000Z";"2026-04-02T06:36:00.000Z";1855.22
"2026-04-02T06:36:00.000Z";"2026-04-02T06:39:00.000Z";1853.5
"2026-04-02T06:39:00.000Z";"2026-04-02T06:42:00.000Z";1857.33
"2026-04-02T06:42:00.000Z";"2026-04-02T06:45:00.000Z";1850.01
"2026-04-02T06:45:00.000Z";"2026-04-02T06:48:00.000Z";1833.56
"2026-04-02T06:48:00.000Z";"2026-04-02T06:51:00.000Z";1823.28
"2026-04-02T06:51:00.000Z";"2026-04-02T06:54:00.000Z";1818.44
"2026-04-02T06:54:00.000Z";"2026-04-02T06:57:00.000Z";1818.28
"2026-04-02T06:57:00.000Z";"2026-04-02T07:00:00.000Z";1819.88
"2026-04-02T07:00:00.000Z";"2026-04-02T07:03:00.000Z";1820.45
"2026-04-02T07:03:00.000Z";"2026-04-02T07:06:00.000Z";1770.52
"2026-04-02T07:06:00.000Z";"2026-04-02T07:09:00.000Z";1746.39
"2026-04-02T07:09:00.000Z";"2026-04-02T07:12:00.000Z";1724.01
"2026-04-02T07:12:00.000Z";"2026-04-02T07:15:00.000Z";1704.28
"2026-04-02T07:15:00.000Z";"2026-04-02T07:18:00.000Z";1680.96
"2026-04-02T07:18:00.000Z";"2026-04-02T07:21:00.000Z";1674.83
"2026-04-02T07:21:00.000Z";"2026-04-02T07:24:00.000Z";1671
"2026-04-02T07:24:00.000Z";"2026-04-02T07:27:00.000Z";1674.45
"2026-04-02T07:27:00.000Z";"2026-04-02T07:30:00.000Z";1652.62
"2026-04-02T07:30:00.000Z";"2026-04-02T07:33:00.000Z";1615.07
"2026-04-02T07:33:00.000Z";"2026-04-02T07:36:00.000Z";1588.69
"2026-04-02T07:36:00.000Z";"2026-04-02T07:39:00.000Z";1528.68
"2026-04-02T07:39:00.000Z";"2026-04-02T07:42:00.000Z";1519.06
"2026-04-02T07:42:00.000Z";"2026-04-02T07:45:00.000Z";1516.56
"2026-04-02T07:45:00.000Z";"2026-04-02T07:48:00.000Z";1520.83
"2026-04-02T07:48:00.000Z";"2026-04-02T07:51:00.000Z";1515.07
"2026-04-02T07:51:00.000Z";"2026-04-02T07:54:00.000Z";1493.33
"2026-04-02T07:54:00.000Z";"2026-04-02T07:57:00.000Z";1496
"2026-04-02T07:57:00.000Z";"2026-04-02T08:00:00.000Z";1486.11
"2026-04-02T08:00:00.000Z";"2026-04-02T08:03:00.000Z";1472.44
"2026-04-02T08:03:00.000Z";"2026-04-02T08:06:00.000Z";1483.05
"2026-04-02T08:06:00.000Z";"2026-04-02T08:09:00.000Z";1485.67
"2026-04-02T08:09:00.000Z";"2026-04-02T08:12:00.000Z";1480.84
"2026-04-02T08:12:00.000Z";"2026-04-02T08:15:00.000Z";1485.72
"2026-04-02T08:15:00.000Z";"2026-04-02T08:18:00.000Z";1497.6
"2026-04-02T08:18:00.000Z";"2026-04-02T08:21:00.000Z";1508.22
"2026-04-02T08:21:00.000Z";"2026-04-02T08:24:00.000Z";1503.83
"2026-04-02T08:24:00.000Z";"2026-04-02T08:27:00.000Z";1498.89
"2026-04-02T08:27:00.000Z";"2026-04-02T08:30:00.000Z";1496.44
"2026-04-02T08:30:00.000Z";"2026-04-02T08:33:00.000Z";1475.57
"2026-04-02T08:33:00.000Z";"2026-04-02T08:36:00.000Z";1461.78
"2026-04-02T08:36:00.000Z";"2026-04-02T08:39:00.000Z";1449.84
"2026-04-02T08:39:00.000Z";"2026-04-02T08:42:00.000Z";1452.83
"2026-04-02T08:42:00.000Z";"2026-04-02T08:45:00.000Z";1454.67
"2026-04-02T08:45:00.000Z";"2026-04-02T08:48:00.000Z";1455.89
"2026-04-02T08:48:00.000Z";"2026-04-02T08:51:00.000Z";1460.33
"2026-04-02T08:51:00.000Z";"2026-04-02T08:54:00.000Z";1455.8
"2026-04-02T08:54:00.000Z";"2026-04-02T08:57:00.000Z";1442.16
"2026-04-02T08:57:00.000Z";"2026-04-02T09:00:00.000Z";1463.33
"2026-04-02T09:00:00.000Z";"2026-04-02T09:03:00.000Z";1453.51
"2026-04-02T09:03:00.000Z";"2026-04-02T09:06:00.000Z";1389.1
"2026-04-02T09:06:00.000Z";"2026-04-02T09:09:00.000Z";1352.05
"2026-04-02T09:12:00.000Z";"2026-04-02T09:15:00.000Z";1298.96
"2026-04-02T09:15:00.000Z";"2026-04-02T09:18:00.000Z";1286.39
"2026-04-02T09:18:00.000Z";"2026-04-02T09:21:00.000Z";1285.45
"2026-04-02T09:21:00.000Z";"2026-04-02T09:24:00.000Z";1260.23
"2026-04-02T09:24:00.000Z";"2026-04-02T09:27:00.000Z";1258.61
"2026-04-02T09:27:00.000Z";"2026-04-02T09:30:00.000Z";1245.45
"2026-04-02T09:30:00.000Z";"2026-04-02T09:33:00.000Z";1248.39
"2026-04-02T09:33:00.000Z";"2026-04-02T09:36:00.000Z";1278.57
"2026-04-02T09:36:00.000Z";"2026-04-02T09:39:00.000Z";1365.42
"2026-04-02T09:39:00.000Z";"2026-04-02T09:42:00.000Z";1377
"2026-04-02T09:42:00.000Z";"2026-04-02T09:45:00.000Z";1382.61
"2026-04-02T09:45:00.000Z";"2026-04-02T09:48:00.000Z";1395.55
"2026-04-02T09:48:00.000Z";"2026-04-02T09:51:00.000Z";1409.72
"2026-04-02T09:51:00.000Z";"2026-04-02T09:54:00.000Z";1409.17
"2026-04-02T09:54:00.000Z";"2026-04-02T09:57:00.000Z";1409.61
"2026-04-02T09:57:00.000Z";"2026-04-02T10:00:00.000Z";1404.11
"2026-04-02T10:00:00.000Z";"2026-04-02T10:03:00.000Z";1397.33
"2026-04-02T10:03:00.000Z";"2026-04-02T10:06:00.000Z";1415.44
"2026-04-02T10:06:00.000Z";"2026-04-02T10:09:00.000Z";1417.11
"2026-04-02T10:09:00.000Z";"2026-04-02T10:12:00.000Z";1412.67
"2026-04-02T10:12:00.000Z";"2026-04-02T10:15:00.000Z";1396.56
"2026-04-02T10:15:00.000Z";"2026-04-02T10:18:00.000Z";1394.61
"2026-04-02T10:18:00.000Z";"2026-04-02T10:21:00.000Z";1400.11
"2026-04-02T10:21:00.000Z";"2026-04-02T10:24:00.000Z";1392.12
"2026-04-02T10:24:00.000Z";"2026-04-02T10:27:00.000Z";1391.28
"2026-04-02T10:27:00.000Z";"2026-04-02T10:30:00.000Z";1390.45
"2026-04-02T10:30:00.000Z";"2026-04-02T10:33:00.000Z";1390.56
"2026-04-02T10:33:00.000Z";"2026-04-02T10:36:00.000Z";1391.11
"2026-04-02T10:36:00.000Z";"2026-04-02T10:39:00.000Z";1388.17
"2026-04-02T10:39:00.000Z";"2026-04-02T10:42:00.000Z";1385.61
"2026-04-02T10:42:00.000Z";"2026-04-02T10:45:00.000Z";1374.17
"2026-04-02T10:45:00.000Z";"2026-04-02T10:48:00.000Z";1366.33
"2026-04-02T10:48:00.000Z";"2026-04-02T10:51:00.000Z";1368.94
"2026-04-02T10:51:00.000Z";"2026-04-02T10:54:00.000Z";1362.72
"2026-04-02T10:54:00.000Z";"2026-04-02T10:57:00.000Z";1369.33
"2026-04-02T10:57:00.000Z";"2026-04-02T11:00:00.000Z";1373
"2026-04-02T11:00:00.000Z";"2026-04-02T11:03:00.000Z";1365.61
"2026-04-02T11:03:00.000Z";"2026-04-02T11:06:00.000Z";1303.24
"2026-04-02T11:06:00.000Z";"2026-04-02T11:09:00.000Z";1282.84
"2026-04-02T11:09:00.000Z";"2026-04-02T11:12:00.000Z";1274
"2026-04-02T11:12:00.000Z";"2026-04-02T11:15:00.000Z";1276.27
"2026-04-02T11:15:00.000Z";"2026-04-02T11:18:00.000Z";1252.31
"2026-04-02T11:18:00.000Z";"2026-04-02T11:21:00.000Z";1234.33
"2026-04-02T11:21:00.000Z";"2026-04-02T11:24:00.000Z";1231.72
"2026-04-02T11:24:00.000Z";"2026-04-02T11:27:00.000Z";1227.78
"2026-04-02T11:27:00.000Z";"2026-04-02T11:30:00.000Z";1231.56
"2026-04-02T11:30:00.000Z";"2026-04-02T11:33:00.000Z";1235.39
"2026-04-02T11:33:00.000Z";"2026-04-02T11:36:00.000Z";1244.89
"2026-04-02T11:36:00.000Z";"2026-04-02T11:39:00.000Z";1244.94
"2026-04-02T11:39:00.000Z";"2026-04-02T11:42:00.000Z";1243.33
"2026-04-02T11:42:00.000Z";"2026-04-02T11:45:00.000Z";1237.56
"2026-04-02T11:45:00.000Z";"2026-04-02T11:48:00.000Z";1225.78
"2026-04-02T11:48:00.000Z";"2026-04-02T11:51:00.000Z";1229.83
"2026-04-02T11:51:00.000Z";"2026-04-02T11:54:00.000Z";1229.28
"2026-04-02T11:54:00.000Z";"2026-04-02T11:57:00.000Z";1228.5
"2026-04-02T11:57:00.000Z";"2026-04-02T12:00:00.000Z";1215.78
"2026-04-02T12:00:00.000Z";"2026-04-02T12:03:00.000Z";1214.11
"2026-04-02T12:03:00.000Z";"2026-04-02T12:06:00.000Z";1207.06
"2026-04-02T12:06:00.000Z";"2026-04-02T12:09:00.000Z";1207.05
"2026-04-02T12:09:00.000Z";"2026-04-02T12:12:00.000Z";1209.5
"2026-04-02T12:12:00.000Z";"2026-04-02T12:15:00.000Z";1214.99
"2026-04-02T12:15:00.000Z";"2026-04-02T12:18:00.000Z";1229
"2026-04-02T12:18:00.000Z";"2026-04-02T12:21:00.000Z";1263.72
"2026-04-02T12:21:00.000Z";"2026-04-02T12:24:00.000Z";1275.67
"2026-04-02T12:24:00.000Z";"2026-04-02T12:27:00.000Z";1283.05
"2026-04-02T12:27:00.000Z";"2026-04-02T12:30:00.000Z";1283.68
"2026-04-02T12:30:00.000Z";"2026-04-02T12:33:00.000Z";1283.5
"2026-04-02T12:33:00.000Z";"2026-04-02T12:36:00.000Z";1281.33
"2026-04-02T12:36:00.000Z";"2026-04-02T12:39:00.000Z";1251.69
"2026-04-02T12:39:00.000Z";"2026-04-02T12:42:00.000Z";1201.23
"2026-04-02T12:42:00.000Z";"2026-04-02T12:45:00.000Z";1171.68
"2026-04-02T12:45:00.000Z";"2026-04-02T12:48:00.000Z";1152.67
"2026-04-02T12:48:00.000Z";"2026-04-02T12:51:00.000Z";1150.33
"2026-04-02T12:51:00.000Z";"2026-04-02T12:54:00.000Z";1141.23
"2026-04-02T12:54:00.000Z";"2026-04-02T12:57:00.000Z";1138.22
"2026-04-02T12:57:00.000Z";"2026-04-02T13:00:00.000Z";1141.78
"2026-04-02T13:00:00.000Z";"2026-04-02T13:03:00.000Z";1153.38
"2026-04-02T13:03:00.000Z";"2026-04-02T13:06:00.000Z";1158.23
"2026-04-02T13:06:00.000Z";"2026-04-02T13:09:00.000Z";1152.61
"2026-04-02T13:09:00.000Z";"2026-04-02T13:12:00.000Z";1156.61
"2026-04-02T13:12:00.000Z";"2026-04-02T13:15:00.000Z";1163.28
"2026-04-02T13:15:00.000Z";"2026-04-02T13:18:00.000Z";1167.83
"2026-04-02T13:18:00.000Z";"2026-04-02T13:21:00.000Z";1205.37
"2026-04-02T13:21:00.000Z";"2026-04-02T13:24:00.000Z";1233.65
"2026-04-02T13:24:00.000Z";"2026-04-02T13:27:00.000Z";1255.6
"2026-04-02T13:27:00.000Z";"2026-04-02T13:30:00.000Z";1266.05
"2026-04-02T13:30:00.000Z";"2026-04-02T13:33:00.000Z";1269.11
"2026-04-02T13:33:00.000Z";"2026-04-02T13:36:00.000Z";1273.94
"2026-04-02T13:36:00.000Z";"2026-04-02T13:39:00.000Z";1275.28
"2026-04-02T13:39:00.000Z";"2026-04-02T13:42:00.000Z";1305.2
"2026-04-02T13:42:00.000Z";"2026-04-02T13:45:00.000Z";1334.59
"2026-04-02T13:45:00.000Z";"2026-04-02T13:48:00.000Z";1347.66
"2026-04-02T13:48:00.000Z";"2026-04-02T13:51:00.000Z";1369.43
"2026-04-02T13:51:00.000Z";"2026-04-02T13:54:00.000Z";1369.66
"2026-04-02T13:54:00.000Z";"2026-04-02T13:57:00.000Z";1386.22
"2026-04-02T13:57:00.000Z";"2026-04-02T14:00:00.000Z";1426.04
"2026-04-02T14:00:00.000Z";"2026-04-02T14:03:00.000Z";1476.53
"2026-04-02T14:03:00.000Z";"2026-04-02T14:06:00.000Z";1491.61
"2026-04-02T14:06:00.000Z";"2026-04-02T14:09:00.000Z";1499.16
"2026-04-02T14:09:00.000Z";"2026-04-02T14:12:00.000Z";1531.55
"2026-04-02T14:12:00.000Z";"2026-04-02T14:15:00.000Z";1542
"2026-04-02T14:15:00.000Z";"2026-04-02T14:18:00.000Z";1527.73
"2026-04-02T14:18:00.000Z";"2026-04-02T14:21:00.000Z";1496.96
"2026-04-02T14:21:00.000Z";"2026-04-02T14:24:00.000Z";1493.17
"2026-04-02T14:24:00.000Z";"2026-04-02T14:27:00.000Z";1494.39
"2026-04-02T14:27:00.000Z";"2026-04-02T14:30:00.000Z";1495.27
"2026-04-02T14:30:00.000Z";"2026-04-02T14:33:00.000Z";1509.83
"2026-04-02T14:33:00.000Z";"2026-04-02T14:36:00.000Z";1517.28
"2026-04-02T14:36:00.000Z";"2026-04-02T14:39:00.000Z";1517.83
"2026-04-02T14:39:00.000Z";"2026-04-02T14:42:00.000Z";1509.12
"2026-04-02T14:42:00.000Z";"2026-04-02T14:45:00.000Z";1480.73
"2026-04-02T14:45:00.000Z";"2026-04-02T14:48:00.000Z";1487.37
"2026-04-02T14:48:00.000Z";"2026-04-02T14:51:00.000Z";1478.4
"2026-04-02T14:51:00.000Z";"2026-04-02T14:54:00.000Z";1482.56
"2026-04-02T14:54:00.000Z";"2026-04-02T14:57:00.000Z";1481.16
"2026-04-02T14:57:00.000Z";"2026-04-02T15:00:00.000Z";1485.21
"2026-04-02T15:00:00.000Z";"2026-04-02T15:03:00.000Z";1502.88
"2026-04-02T15:03:00.000Z";"2026-04-02T15:06:00.000Z";1502.11
"2026-04-02T15:06:00.000Z";"2026-04-02T15:09:00.000Z";1494.95
"2026-04-02T15:09:00.000Z";"2026-04-02T15:12:00.000Z";1494.82
"2026-04-02T15:12:00.000Z";"2026-04-02T15:15:00.000Z";1504.89
"2026-04-02T15:15:00.000Z";"2026-04-02T15:18:00.000Z";1506.5
"2026-04-02T15:18:00.000Z";"2026-04-02T15:21:00.000Z";1505.66
"2026-04-02T15:21:00.000Z";"2026-04-02T15:24:00.000Z";1515.17
"2026-04-02T15:24:00.000Z";"2026-04-02T15:27:00.000Z";1514.83
"2026-04-02T15:27:00.000Z";"2026-04-02T15:30:00.000Z";1513.17
"2026-04-02T15:30:00.000Z";"2026-04-02T15:33:00.000Z";1516.06
"2026-04-02T15:33:00.000Z";"2026-04-02T15:36:00.000Z";1515.44
"2026-04-02T15:36:00.000Z";"2026-04-02T15:39:00.000Z";1521.9
"2026-04-02T15:39:00.000Z";"2026-04-02T15:42:00.000Z";1534.29
"2026-04-02T15:42:00.000Z";"2026-04-02T15:45:00.000Z";1578.32
"2026-04-02T15:45:00.000Z";"2026-04-02T15:48:00.000Z";1583
"2026-04-02T15:48:00.000Z";"2026-04-02T15:51:00.000Z";1620.76
"2026-04-02T15:51:00.000Z";"2026-04-02T15:54:00.000Z";1662.76
"2026-04-02T15:54:00.000Z";"2026-04-02T15:57:00.000Z";1699.1
"2026-04-02T15:57:00.000Z";"2026-04-02T16:00:00.000Z";1724.04
"2026-04-02T16:00:00.000Z";"2026-04-02T16:03:00.000Z";1739.27
"2026-04-02T16:03:00.000Z";"2026-04-02T16:06:00.000Z";1722.62
"2026-04-02T16:06:00.000Z";"2026-04-02T16:09:00.000Z";1703.45
"2026-04-02T16:09:00.000Z";"2026-04-02T16:12:00.000Z";1699.33
"2026-04-02T16:12:00.000Z";"2026-04-02T16:15:00.000Z";1698.84
"2026-04-02T16:15:00.000Z";"2026-04-02T16:18:00.000Z";1688.34
"2026-04-02T16:18:00.000Z";"2026-04-02T16:21:00.000Z";1685.55
"2026-04-02T16:21:00.000Z";"2026-04-02T16:24:00.000Z";1687.16
"2026-04-02T16:24:00.000Z";"2026-04-02T16:27:00.000Z";1689.56
"2026-04-02T16:27:00.000Z";"2026-04-02T16:30:00.000Z";1659.74
"2026-04-02T16:30:00.000Z";"2026-04-02T16:33:00.000Z";1627.22
"2026-04-02T16:33:00.000Z";"2026-04-02T16:36:00.000Z";1631.21
"2026-04-02T16:36:00.000Z";"2026-04-02T16:39:00.000Z";1654.98
"2026-04-02T16:39:00.000Z";"2026-04-02T16:42:00.000Z";1682.8
"2026-04-02T16:42:00.000Z";"2026-04-02T16:45:00.000Z";1722.58
"2026-04-02T16:45:00.000Z";"2026-04-02T16:48:00.000Z";1750.21
"2026-04-02T16:48:00.000Z";"2026-04-02T16:51:00.000Z";1759.65
"2026-04-02T16:51:00.000Z";"2026-04-02T16:54:00.000Z";1775.17
"2026-04-02T16:54:00.000Z";"2026-04-02T16:57:00.000Z";1777.22
"2026-04-02T16:57:00.000Z";"2026-04-02T17:00:00.000Z";1777.67
"2026-04-02T17:00:00.000Z";"2026-04-02T17:03:00.000Z";1777.17
"2026-04-02T17:03:00.000Z";"2026-04-02T17:06:00.000Z";1770.89
"2026-04-02T17:06:00.000Z";"2026-04-02T17:09:00.000Z";1767.95
"2026-04-02T17:09:00.000Z";"2026-04-02T17:12:00.000Z";1761.83
"2026-04-02T17:12:00.000Z";"2026-04-02T17:15:00.000Z";1757
"2026-04-02T17:15:00.000Z";"2026-04-02T17:18:00.000Z";1759.67
"2026-04-02T17:18:00.000Z";"2026-04-02T17:21:00.000Z";1763.67
"2026-04-02T17:21:00.000Z";"2026-04-02T17:24:00.000Z";1757.67
"2026-04-02T17:24:00.000Z";"2026-04-02T17:27:00.000Z";1757.89
"2026-04-02T17:27:00.000Z";"2026-04-02T17:30:00.000Z";1758.72
"2026-04-02T17:30:00.000Z";"2026-04-02T17:33:00.000Z";1752.95
"2026-04-02T17:33:00.000Z";"2026-04-02T17:36:00.000Z";1752.55
"2026-04-02T17:36:00.000Z";"2026-04-02T17:39:00.000Z";1751.12
"2026-04-02T17:39:00.000Z";"2026-04-02T17:42:00.000Z";1746.83
"2026-04-02T17:42:00.000Z";"2026-04-02T17:45:00.000Z";1748.39
"2026-04-02T17:45:00.000Z";"2026-04-02T17:48:00.000Z";1750.05
"2026-04-02T17:48:00.000Z";"2026-04-02T17:51:00.000Z";1749.23
"2026-04-02T17:51:00.000Z";"2026-04-02T17:54:00.000Z";1746.72
"2026-04-02T17:54:00.000Z";"2026-04-02T17:57:00.000Z";1746.17
"2026-04-02T17:57:00.000Z";"2026-04-02T18:00:00.000Z";1744.39
"2026-04-02T18:00:00.000Z";"2026-04-02T18:03:00.000Z";1753.93
"2026-04-02T18:03:00.000Z";"2026-04-02T18:06:00.000Z";1771.71
"2026-04-02T18:06:00.000Z";"2026-04-02T18:09:00.000Z";1774.34
"2026-04-02T18:09:00.000Z";"2026-04-02T18:12:00.000Z";1770.06
"2026-04-02T18:12:00.000Z";"2026-04-02T18:15:00.000Z";1761.72
"2026-04-02T18:15:00.000Z";"2026-04-02T18:18:00.000Z";1760.33
"2026-04-02T18:18:00.000Z";"2026-04-02T18:21:00.000Z";1753.89
"2026-04-02T18:21:00.000Z";"2026-04-02T18:24:00.000Z";1749.56
"2026-04-02T18:24:00.000Z";"2026-04-02T18:27:00.000Z";1740.39
"2026-04-02T18:27:00.000Z";"2026-04-02T18:30:00.000Z";1740.39
"2026-04-02T18:30:00.000Z";"2026-04-02T18:33:00.000Z";1736.67
"2026-04-02T18:33:00.000Z";"2026-04-02T18:36:00.000Z";1737.17
"2026-04-02T18:36:00.000Z";"2026-04-02T18:39:00.000Z";1733.67
"2026-04-02T18:39:00.000Z";"2026-04-02T18:42:00.000Z";1721.68
"2026-04-02T18:42:00.000Z";"2026-04-02T18:45:00.000Z";1669.55
"2026-04-02T18:45:00.000Z";"2026-04-02T18:48:00.000Z";1606.75
"2026-04-02T18:48:00.000Z";"2026-04-02T18:51:00.000Z";1571.02
"2026-04-02T18:51:00.000Z";"2026-04-02T18:54:00.000Z";1540.56
"2026-04-02T18:54:00.000Z";"2026-04-02T18:57:00.000Z";1533.11
"2026-04-02T18:57:00.000Z";"2026-04-02T19:00:00.000Z";1532.17
"2026-04-02T19:00:00.000Z";"2026-04-02T19:03:00.000Z";1512.12
"2026-04-02T19:03:00.000Z";"2026-04-02T19:06:00.000Z";1502.83
"2026-04-02T19:06:00.000Z";"2026-04-02T19:09:00.000Z";1495.39
"2026-04-02T19:09:00.000Z";"2026-04-02T19:12:00.000Z";1495.56
"2026-04-02T19:12:00.000Z";"2026-04-02T19:15:00.000Z";1493.61
"2026-04-02T19:15:00.000Z";"2026-04-02T19:18:00.000Z";1497.21
"2026-04-02T19:18:00.000Z";"2026-04-02T19:21:00.000Z";1521.27
"2026-04-02T19:21:00.000Z";"2026-04-02T19:24:00.000Z";1545.43
"2026-04-02T19:24:00.000Z";"2026-04-02T19:27:00.000Z";1555.28
"2026-04-02T19:27:00.000Z";"2026-04-02T19:30:00.000Z";1550.67
"2026-04-02T19:30:00.000Z";"2026-04-02T19:33:00.000Z";1545.44
"2026-04-02T19:33:00.000Z";"2026-04-02T19:36:00.000Z";1517.9
"2026-04-02T19:36:00.000Z";"2026-04-02T19:39:00.000Z";1508.83
"2026-04-02T19:39:00.000Z";"2026-04-02T19:42:00.000Z";1507.67
"2026-04-02T19:42:00.000Z";"2026-04-02T19:45:00.000Z";1510.61
"2026-04-02T19:45:00.000Z";"2026-04-02T19:48:00.000Z";1509.28
"2026-04-02T19:48:00.000Z";"2026-04-02T19:51:00.000Z";1503.34
"2026-04-02T19:51:00.000Z";"2026-04-02T19:54:00.000Z";1483
"2026-04-02T19:54:00.000Z";"2026-04-02T19:57:00.000Z";1482
"2026-04-02T19:57:00.000Z";"2026-04-02T20:00:00.000Z";1474.79
"2026-04-02T20:00:00.000Z";"2026-04-02T20:03:00.000Z";1450.18
"2026-04-02T20:03:00.000Z";"2026-04-02T20:06:00.000Z";1453.32
"2026-04-02T20:06:00.000Z";"2026-04-02T20:09:00.000Z";1455
"2026-04-02T20:09:00.000Z";"2026-04-02T20:12:00.000Z";1453.44
"2026-04-02T20:12:00.000Z";"2026-04-02T20:15:00.000Z";1443.07
"2026-04-02T20:15:00.000Z";"2026-04-02T20:18:00.000Z";1434.67
"2026-04-02T20:18:00.000Z";"2026-04-02T20:21:00.000Z";1442.67
"2026-04-02T20:21:00.000Z";"2026-04-02T20:24:00.000Z";1438.95
"2026-04-02T20:24:00.000Z";"2026-04-02T20:27:00.000Z";1438.28
"2026-04-02T20:27:00.000Z";"2026-04-02T20:30:00.000Z";1431.28
"2026-04-02T20:30:00.000Z";"2026-04-02T20:33:00.000Z";1415.83
"2026-04-02T20:33:00.000Z";"2026-04-02T20:36:00.000Z";1423.6
"2026-04-02T20:36:00.000Z";"2026-04-02T20:39:00.000Z";1423.83
"2026-04-02T20:39:00.000Z";"2026-04-02T20:42:00.000Z";1425.5
"2026-04-02T20:42:00.000Z";"2026-04-02T20:45:00.000Z";1425.11
"2026-04-02T20:45:00.000Z";"2026-04-02T20:48:00.000Z";1406.12
"2026-04-02T20:48:00.000Z";"2026-04-02T20:51:00.000Z";1411.33
"2026-04-02T20:51:00.000Z";"2026-04-02T20:54:00.000Z";1412.17
"2026-04-02T20:54:00.000Z";"2026-04-02T20:57:00.000Z";1413.56
"2026-04-02T20:57:00.000Z";"2026-04-02T21:00:00.000Z";1408.89
"2026-04-02T21:00:00.000Z";"2026-04-02T21:03:00.000Z";1377.68
"2026-04-02T21:03:00.000Z";"2026-04-02T21:06:00.000Z";1317.26
"2026-04-02T21:06:00.000Z";"2026-04-02T21:09:00.000Z";1291.45
"2026-04-02T21:09:00.000Z";"2026-04-02T21:12:00.000Z";1272.41
"2026-04-02T21:12:00.000Z";"2026-04-02T21:15:00.000Z";1252.78
"2026-04-02T21:15:00.000Z";"2026-04-02T21:18:00.000Z";1249.56
"2026-04-02T21:18:00.000Z";"2026-04-02T21:21:00.000Z";1234.45
"2026-04-02T21:21:00.000Z";"2026-04-02T21:24:00.000Z";1214.73
"2026-04-02T21:24:00.000Z";"2026-04-02T21:27:00.000Z";1191.56
"2026-04-02T21:27:00.000Z";"2026-04-02T21:30:00.000Z";1183
"2026-04-02T21:30:00.000Z";"2026-04-02T21:33:00.000Z";1180.28
"2026-04-02T21:33:00.000Z";"2026-04-02T21:36:00.000Z";1171.68
"2026-04-02T21:36:00.000Z";"2026-04-02T21:39:00.000Z";1152.9
"2026-04-02T21:39:00.000Z";"2026-04-02T21:42:00.000Z";1141.34
"2026-04-02T21:42:00.000Z";"2026-04-02T21:45:00.000Z";1131.39
"2026-04-02T21:45:00.000Z";"2026-04-02T21:48:00.000Z";1133.77
"2026-04-02T21:48:00.000Z";"2026-04-02T21:51:00.000Z";1147.44
"2026-04-02T21:51:00.000Z";"2026-04-02T21:54:00.000Z";1144.34
"2026-04-02T21:54:00.000Z";"2026-04-02T21:57:00.000Z";1149.83
"2026-04-02T21:57:00.000Z";"2026-04-02T22:00:00.000Z";1141.18
"2026-04-02T22:00:00.000Z";"2026-04-02T22:03:00.000Z";1104.35
"2026-04-02T22:03:00.000Z";"2026-04-02T22:06:00.000Z";1080.4
"2026-04-02T22:06:00.000Z";"2026-04-02T22:09:00.000Z";1085
"2026-04-02T22:09:00.000Z";"2026-04-02T22:12:00.000Z";1076.11
"2026-04-02T22:12:00.000Z";"2026-04-02T22:15:00.000Z";1074.89
"2026-04-02T22:15:00.000Z";"2026-04-02T22:18:00.000Z";1075.55
"2026-04-02T22:18:00.000Z";"2026-04-02T22:21:00.000Z";1075.11
"2026-04-02T22:21:00.000Z";"2026-04-02T22:24:00.000Z";1075.11
"2026-04-02T22:24:00.000Z";"2026-04-02T22:27:00.000Z";1074.72
"2026-04-02T22:27:00.000Z";"2026-04-02T22:30:00.000Z";1078.94
"2026-04-02T22:30:00.000Z";"2026-04-02T22:33:00.000Z";1076.22
"2026-04-02T22:33:00.000Z";"2026-04-02T22:36:00.000Z";1077
"2026-04-02T22:36:00.000Z";"2026-04-02T22:39:00.000Z";1077.89
"2026-04-02T22:39:00.000Z";"2026-04-02T22:42:00.000Z";1079.66
"2026-04-02T22:42:00.000Z";"2026-04-02T22:45:00.000Z";1078.45
"2026-04-02T22:45:00.000Z";"2026-04-02T22:48:00.000Z";1074
"2026-04-02T22:48:00.000Z";"2026-04-02T22:51:00.000Z";1076.28
"2026-04-02T22:51:00.000Z";"2026-04-02T22:54:00.000Z";1073.83
"2026-04-02T22:54:00.000Z";"2026-04-02T22:57:00.000Z";1065.68
"2026-04-02T22:57:00.000Z";"2026-04-02T23:00:00.000Z";1019.23
"2026-04-02T23:00:00.000Z";"2026-04-02T23:03:00.000Z";1006.17
"2026-04-02T23:03:00.000Z";"2026-04-02T23:06:00.000Z";1012.71
"2026-04-02T23:06:00.000Z";"2026-04-02T23:09:00.000Z";1014.73
"2026-04-02T23:09:00.000Z";"2026-04-02T23:12:00.000Z";1010.45
"2026-04-02T23:12:00.000Z";"2026-04-02T23:15:00.000Z";1016.27
"2026-04-02T23:15:00.000Z";"2026-04-02T23:18:00.000Z";1021.33
"2026-04-02T23:18:00.000Z";"2026-04-02T23:21:00.000Z";1003.84
"2026-04-02T23:21:00.000Z";"2026-04-02T23:24:00.000Z";961.861
"2026-04-02T23:24:00.000Z";"2026-04-02T23:27:00.000Z";950.06
"2026-04-02T23:27:00.000Z";"2026-04-02T23:30:00.000Z";948.832
"2026-04-02T23:30:00.000Z";"2026-04-02T23:33:00.000Z";950.723
"2026-04-02T23:36:00.000Z";"2026-04-02T23:39:00.000Z";965.389
"2026-04-02T23:39:00.000Z";"2026-04-02T23:42:00.000Z";966.441
"2026-04-02T23:42:00.000Z";"2026-04-02T23:45:00.000Z";969.558
"2026-04-02T23:45:00.000Z";"2026-04-02T23:48:00.000Z";963.722
"2026-04-02T23:48:00.000Z";"2026-04-02T23:54:00.000Z";966.72
"2026-04-02T23:51:00.000Z";"2026-04-02T23:54:00.000Z";964.728
"2026-04-02T23:57:00.000Z";"2026-04-03T00:00:00.000Z";957.401
"2026-04-03T00:00:00.000Z";"2026-04-03T00:03:00.000Z";943.936
"2026-04-03T00:06:00.000Z";"2026-04-03T00:09:00.000Z";982.334
"2026-04-03T00:09:00.000Z";"2026-04-03T00:12:00.000Z";979.279
"2026-04-03T00:12:00.000Z";"2026-04-03T00:15:00.000Z";980.666
"2026-04-03T00:15:00.000Z";"2026-04-03T00:18:00.000Z";978.888
"2026-04-03T00:18:00.000Z";"2026-04-03T00:21:00.000Z";980.112
"2026-04-03T00:21:00.000Z";"2026-04-03T00:24:00.000Z";982.166
"2026-04-03T00:24:00.000Z";"2026-04-03T00:27:00.000Z";984.33
"2026-04-03T00:27:00.000Z";"2026-04-03T00:30:00.000Z";986.723
"2026-04-03T00:30:00.000Z";"2026-04-03T00:33:00.000Z";990.776
"2026-04-03T00:33:00.000Z";"2026-04-03T00:36:00.000Z";994.66
"2026-04-03T00:36:00.000Z";"2026-04-03T00:39:00.000Z";1000.56
"2026-04-03T00:39:00.000Z";"2026-04-03T00:42:00.000Z";1001.72
"2026-04-03T00:42:00.000Z";"2026-04-03T00:45:00.000Z";1009.22
"2026-04-03T00:45:00.000Z";"2026-04-03T00:48:00.000Z";1013.72
"2026-04-03T00:51:00.000Z";"2026-04-03T00:54:00.000Z";1008.73
"2026-04-03T00:54:00.000Z";"2026-04-03T00:57:00.000Z";1006.11
"2026-04-03T00:57:00.000Z";"2026-04-03T01:00:00.000Z";987.23
"2026-04-03T01:03:00.000Z";"2026-04-03T01:06:00.000Z";985.334
"2026-04-03T01:06:00.000Z";"2026-04-03T01:09:00.000Z";985.444
"2026-04-03T01:09:00.000Z";"2026-04-03T01:12:00.000Z";979.89
"2026-04-03T01:12:00.000Z";"2026-04-03T01:15:00.000Z";980.83
"2026-04-03T01:15:00.000Z";"2026-04-03T01:18:00.000Z";979.835
"2026-04-03T01:18:00.000Z";"2026-04-03T01:21:00.000Z";983.053
"2026-04-03T01:21:00.000Z";"2026-04-03T01:24:00.000Z";986.719
"2026-04-03T01:24:00.000Z";"2026-04-03T01:27:00.000Z";986.111
"2026-04-03T01:27:00.000Z";"2026-04-03T01:30:00.000Z";985.002
"2026-04-03T01:30:00.000Z";"2026-04-03T01:33:00.000Z";990.658
"2026-04-03T01:33:00.000Z";"2026-04-03T01:36:00.000Z";999.944
"2026-04-03T01:36:00.000Z";"2026-04-03T01:39:00.000Z";1000.61
"2026-04-03T01:39:00.000Z";"2026-04-03T01:42:00.000Z";1000.61
"2026-04-03T01:42:00.000Z";"2026-04-03T01:45:00.000Z";1001.72
"2026-04-03T01:45:00.000Z";"2026-04-03T01:48:00.000Z";1001.28
"2026-04-03T01:48:00.000Z";"2026-04-03T01:51:00.000Z";1001.33
"2026-04-03T01:51:00.000Z";"2026-04-03T01:54:00.000Z";998.335
"2026-04-03T01:54:00.000Z";"2026-04-03T01:57:00.000Z";996.664
"2026-04-03T01:57:00.000Z";"2026-04-03T02:00:00.000Z";1005.72
"2026-04-03T02:00:00.000Z";"2026-04-03T02:03:00.000Z";1017.83
"2026-04-03T02:03:00.000Z";"2026-04-03T02:06:00.000Z";1020.89
"2026-04-03T02:06:00.000Z";"2026-04-03T02:09:00.000Z";1020.95
"2026-04-03T02:09:00.000Z";"2026-04-03T02:12:00.000Z";1018.39
"2026-04-03T02:12:00.000Z";"2026-04-03T02:15:00.000Z";1023.77
"2026-04-03T02:15:00.000Z";"2026-04-03T02:18:00.000Z";1033
"2026-04-03T02:18:00.000Z";"2026-04-03T02:21:00.000Z";1034.33
"2026-04-03T02:21:00.000Z";"2026-04-03T02:24:00.000Z";1033
"2026-04-03T02:24:00.000Z";"2026-04-03T02:27:00.000Z";1034
"2026-04-03T02:27:00.000Z";"2026-04-03T02:30:00.000Z";1034
"2026-04-03T02:30:00.000Z";"2026-04-03T02:33:00.000Z";1034.67
"2026-04-03T02:33:00.000Z";"2026-04-03T02:36:00.000Z";1032.44
"2026-04-03T02:36:00.000Z";"2026-04-03T02:39:00.000Z";1031.44
"2026-04-03T02:39:00.000Z";"2026-04-03T02:42:00.000Z";1028.33
"2026-04-03T02:42:00.000Z";"2026-04-03T02:45:00.000Z";1033.39
"2026-04-03T02:45:00.000Z";"2026-04-03T02:48:00.000Z";1038.11
"2026-04-03T02:48:00.000Z";"2026-04-03T02:51:00.000Z";1039.89
"2026-04-03T02:51:00.000Z";"2026-04-03T02:54:00.000Z";1037.89
"2026-04-03T02:54:00.000Z";"2026-04-03T02:57:00.000Z";1042.77
"2026-04-03T02:57:00.000Z";"2026-04-03T03:00:00.000Z";1039.39
"2026-04-03T03:00:00.000Z";"2026-04-03T03:03:00.000Z";1046.1
"2026-04-03T03:03:00.000Z";"2026-04-03T03:06:00.000Z";1035.73
"2026-04-03T03:06:00.000Z";"2026-04-03T03:09:00.000Z";1031.78
"2026-04-03T03:09:00.000Z";"2026-04-03T03:12:00.000Z";1037.5
"2026-04-03T03:12:00.000Z";"2026-04-03T03:15:00.000Z";1039.17
"2026-04-03T03:15:00.000Z";"2026-04-03T03:18:00.000Z";1044.05
"2026-04-03T03:18:00.000Z";"2026-04-03T03:21:00.000Z";1045.03
"2026-04-03T03:21:00.000Z";"2026-04-03T03:24:00.000Z";1086.6
"2026-04-03T03:24:00.000Z";"2026-04-03T03:27:00.000Z";1124.68
"2026-04-03T03:27:00.000Z";"2026-04-03T03:30:00.000Z";1140.78
"2026-04-03T03:30:00.000Z";"2026-04-03T03:33:00.000Z";1140.21
"2026-04-03T03:33:00.000Z";"2026-04-03T03:36:00.000Z";1184.31
"2026-04-03T03:36:00.000Z";"2026-04-03T03:39:00.000Z";1199.5
"2026-04-03T03:39:00.000Z";"2026-04-03T03:42:00.000Z";1208.27
"2026-04-03T03:42:00.000Z";"2026-04-03T03:45:00.000Z";1206.95
"2026-04-03T03:45:00.000Z";"2026-04-03T03:48:00.000Z";1197.72
"2026-04-03T03:51:00.000Z";"2026-04-03T03:54:00.000Z";1200.33
"2026-04-03T03:54:00.000Z";"2026-04-03T03:57:00.000Z";1202.5
"2026-04-03T03:57:00.000Z";"2026-04-03T04:00:00.000Z";1211.27
"2026-04-03T04:00:00.000Z";"2026-04-03T04:03:00.000Z";1238.44
"2026-04-03T04:03:00.000Z";"2026-04-03T04:06:00.000Z";1253.05
"2026-04-03T04:06:00.000Z";"2026-04-03T04:09:00.000Z";1260.16
"2026-04-03T04:09:00.000Z";"2026-04-03T04:12:00.000Z";1267.22
"2026-04-03T04:12:00.000Z";"2026-04-03T04:15:00.000Z";1271.33
"2026-04-03T04:15:00.000Z";"2026-04-03T04:18:00.000Z";1266.39
"2026-04-03T04:21:00.000Z";"2026-04-03T04:24:00.000Z";1279.83
"2026-04-03T04:24:00.000Z";"2026-04-03T04:27:00.000Z";1285.78
"2026-04-03T04:27:00.000Z";"2026-04-03T04:30:00.000Z";1285.61
"2026-04-03T04:30:00.000Z";"2026-04-03T04:33:00.000Z";1284.5
"2026-04-03T04:33:00.000Z";"2026-04-03T04:36:00.000Z";1284.78
"2026-04-03T04:36:00.000Z";"2026-04-03T04:39:00.000Z";1283.17
"2026-04-03T04:39:00.000Z";"2026-04-03T04:42:00.000Z";1289.17
"2026-04-03T04:42:00.000Z";"2026-04-03T04:45:00.000Z";1286.83
"2026-04-03T04:45:00.000Z";"2026-04-03T04:48:00.000Z";1286
"2026-04-03T04:48:00.000Z";"2026-04-03T04:51:00.000Z";1332.3
"2026-04-03T04:51:00.000Z";"2026-04-03T04:54:00.000Z";1357.83
"2026-04-03T04:57:00.000Z";"2026-04-03T05:00:00.000Z";1369.61
"2026-04-03T05:00:00.000Z";"2026-04-03T05:03:00.000Z";1411.04
"2026-04-03T05:03:00.000Z";"2026-04-03T05:06:00.000Z";1459.66
"2026-04-03T05:06:00.000Z";"2026-04-03T05:09:00.000Z";1467.5
"2026-04-03T05:09:00.000Z";"2026-04-03T05:12:00.000Z";1475.72
"2026-04-03T05:12:00.000Z";"2026-04-03T05:15:00.000Z";1477.44
"2026-04-03T05:15:00.000Z";"2026-04-03T05:18:00.000Z";1472.61
"2026-04-03T05:18:00.000Z";"2026-04-03T05:21:00.000Z";1462.56
"2026-04-03T05:21:00.000Z";"2026-04-03T05:24:00.000Z";1466.78
"2026-04-03T05:24:00.000Z";"2026-04-03T05:27:00.000Z";1468.06
"2026-04-03T05:27:00.000Z";"2026-04-03T05:30:00.000Z";1444.35
"2026-04-03T05:30:00.000Z";"2026-04-03T05:33:00.000Z";1408.48
"2026-04-03T05:33:00.000Z";"2026-04-03T05:36:00.000Z";1375.13
"2026-04-03T05:36:00.000Z";"2026-04-03T05:39:00.000Z";1350.89
"2026-04-03T05:39:00.000Z";"2026-04-03T05:42:00.000Z";1348.5
"2026-04-03T05:42:00.000Z";"2026-04-03T05:45:00.000Z";1345.44
"2026-04-03T05:45:00.000Z";"2026-04-03T05:48:00.000Z";1342.89
"2026-04-03T05:48:00.000Z";"2026-04-03T05:51:00.000Z";1343.56
"2026-04-03T05:51:00.000Z";"2026-04-03T05:54:00.000Z";1345.39
"2026-04-03T05:54:00.000Z";"2026-04-03T05:57:00.000Z";1357.88
"2026-04-03T05:57:00.000Z";"2026-04-03T06:00:00.000Z";1380.55
"2026-04-03T06:00:00.000Z";"2026-04-03T06:03:00.000Z";1386.39
"2026-04-03T06:03:00.000Z";"2026-04-03T06:06:00.000Z";1431.08
"2026-04-03T06:06:00.000Z";"2026-04-03T06:09:00.000Z";1489.92
"2026-04-03T06:09:00.000Z";"2026-04-03T06:12:00.000Z";1488.89
"2026-04-03T06:12:00.000Z";"2026-04-03T06:15:00.000Z";1492.89
"2026-04-03T06:15:00.000Z";"2026-04-03T06:18:00.000Z";1491.94
"2026-04-03T06:18:00.000Z";"2026-04-03T06:21:00.000Z";1490.89
"2026-04-03T06:21:00.000Z";"2026-04-03T06:24:00.000Z";1492.39
"2026-04-03T06:24:00.000Z";"2026-04-03T06:27:00.000Z";1497.94
"2026-04-03T06:27:00.000Z";"2026-04-03T06:30:00.000Z";1498.78
"2026-04-03T06:30:00.000Z";"2026-04-03T06:33:00.000Z";1497.22
"2026-04-03T06:33:00.000Z";"2026-04-03T06:36:00.000Z";1507.38
"2026-04-03T06:36:00.000Z";"2026-04-03T06:39:00.000Z";1513.56
"2026-04-03T06:39:00.000Z";"2026-04-03T06:42:00.000Z";1521.77
"2026-04-03T06:42:00.000Z";"2026-04-03T06:45:00.000Z";1553.7
"2026-04-03T06:45:00.000Z";"2026-04-03T06:48:00.000Z";1586.44
"2026-04-03T06:48:00.000Z";"2026-04-03T06:51:00.000Z";1620.21
"2026-04-03T06:51:00.000Z";"2026-04-03T06:54:00.000Z";1644.66
"2026-04-03T06:54:00.000Z";"2026-04-03T06:57:00.000Z";1646
"2026-04-03T06:57:00.000Z";"2026-04-03T07:00:00.000Z";1638.01
"2026-04-03T07:00:00.000Z";"2026-04-03T07:03:00.000Z";1627.17
"2026-04-03T07:03:00.000Z";"2026-04-03T07:06:00.000Z";1630.78
"2026-04-03T07:06:00.000Z";"2026-04-03T07:09:00.000Z";1631.5
"2026-04-03T07:09:00.000Z";"2026-04-03T07:12:00.000Z";1624.33
"2026-04-03T07:12:00.000Z";"2026-04-03T07:15:00.000Z";1634.16
"2026-04-03T07:15:00.000Z";"2026-04-03T07:18:00.000Z";1639.66
"2026-04-03T07:18:00.000Z";"2026-04-03T07:21:00.000Z";1649.78
"2026-04-03T07:21:00.000Z";"2026-04-03T07:24:00.000Z";1653.39
"2026-04-03T07:24:00.000Z";"2026-04-03T07:27:00.000Z";1655.05
"2026-04-03T07:27:00.000Z";"2026-04-03T07:30:00.000Z";1653.39
"2026-04-03T07:30:00.000Z";"2026-04-03T07:33:00.000Z";1651.28
"2026-04-03T07:33:00.000Z";"2026-04-03T07:36:00.000Z";1654.33
"2026-04-03T07:36:00.000Z";"2026-04-03T07:39:00.000Z";1647.67
"2026-04-03T07:39:00.000Z";"2026-04-03T07:42:00.000Z";1642.89
"2026-04-03T07:42:00.000Z";"2026-04-03T07:45:00.000Z";1637.67
"2026-04-03T07:45:00.000Z";"2026-04-03T07:48:00.000Z";1642.44
"2026-04-03T07:48:00.000Z";"2026-04-03T07:51:00.000Z";1653.55
"2026-04-03T07:51:00.000Z";"2026-04-03T07:54:00.000Z";1649.78
"2026-04-03T07:54:00.000Z";"2026-04-03T07:57:00.000Z";1646.33
"2026-04-03T07:57:00.000Z";"2026-04-03T08:00:00.000Z";1637.46
"2026-04-03T08:00:00.000Z";"2026-04-03T08:03:00.000Z";1629.16
"2026-04-03T08:03:00.000Z";"2026-04-03T08:06:00.000Z";1613.23
"2026-04-03T08:06:00.000Z";"2026-04-03T08:09:00.000Z";1555.69
"2026-04-03T08:09:00.000Z";"2026-04-03T08:12:00.000Z";1542.28
"2026-04-03T08:12:00.000Z";"2026-04-03T08:15:00.000Z";1540.22
"2026-04-03T08:15:00.000Z";"2026-04-03T08:18:00.000Z";1542.66
"2026-04-03T08:21:00.000Z";"2026-04-03T08:24:00.000Z";1540.33
"2026-04-03T08:24:00.000Z";"2026-04-03T08:27:00.000Z";1540.17
"2026-04-03T08:27:00.000Z";"2026-04-03T08:30:00.000Z";1535.83
"2026-04-03T08:30:00.000Z";"2026-04-03T08:33:00.000Z";1523.9
"2026-04-03T08:33:00.000Z";"2026-04-03T08:36:00.000Z";1507.01
"2026-04-03T08:36:00.000Z";"2026-04-03T08:39:00.000Z";1505.5
"2026-04-03T08:42:00.000Z";"2026-04-03T08:45:00.000Z";1502.78
"2026-04-03T08:45:00.000Z";"2026-04-03T08:48:00.000Z";1499.44
"2026-04-03T08:48:00.000Z";"2026-04-03T08:51:00.000Z";1509.28
"2026-04-03T08:51:00.000Z";"2026-04-03T08:54:00.000Z";1501.34
"2026-04-03T08:54:00.000Z";"2026-04-03T08:57:00.000Z";1503.28
"2026-04-03T08:57:00.000Z";"2026-04-03T09:00:00.000Z";1504.44
"2026-04-03T09:00:00.000Z";"2026-04-03T09:03:00.000Z";1461.44
"2026-04-03T09:03:00.000Z";"2026-04-03T09:06:00.000Z";1377.42
"2026-04-03T09:06:00.000Z";"2026-04-03T09:09:00.000Z";1335.62
"2026-04-03T09:09:00.000Z";"2026-04-03T09:12:00.000Z";1328.11
"2026-04-03T09:12:00.000Z";"2026-04-03T09:15:00.000Z";1325.28
"2026-04-03T09:15:00.000Z";"2026-04-03T09:18:00.000Z";1325.88
"2026-04-03T09:18:00.000Z";"2026-04-03T09:21:00.000Z";1328.06
"2026-04-03T09:21:00.000Z";"2026-04-03T09:24:00.000Z";1320.28
"2026-04-03T09:24:00.000Z";"2026-04-03T09:27:00.000Z";1323.17
"2026-04-03T09:27:00.000Z";"2026-04-03T09:30:00.000Z";1323.06
"2026-04-03T09:30:00.000Z";"2026-04-03T09:33:00.000Z";1320.72
"2026-04-03T09:33:00.000Z";"2026-04-03T09:36:00.000Z";1321.06
"2026-04-03T09:36:00.000Z";"2026-04-03T09:39:00.000Z";1313.23
"2026-04-03T09:39:00.000Z";"2026-04-03T09:42:00.000Z";1309.33
"2026-04-03T09:42:00.000Z";"2026-04-03T09:45:00.000Z";1288.01
"2026-04-03T09:45:00.000Z";"2026-04-03T09:48:00.000Z";1258.12
"2026-04-03T09:48:00.000Z";"2026-04-03T09:51:00.000Z";1234.06
"2026-04-03T09:51:00.000Z";"2026-04-03T09:54:00.000Z";1225.28
"2026-04-03T09:54:00.000Z";"2026-04-03T09:57:00.000Z";1224.56
"2026-04-03T10:00:00.000Z";"2026-04-03T10:03:00.000Z";1210.67
"2026-04-03T10:03:00.000Z";"2026-04-03T10:06:00.000Z";1206.17
"2026-04-03T10:06:00.000Z";"2026-04-03T10:09:00.000Z";1193.78
"2026-04-03T10:09:00.000Z";"2026-04-03T10:12:00.000Z";1187.67
"2026-04-03T10:12:00.000Z";"2026-04-03T10:15:00.000Z";1188.45
"2026-04-03T10:15:00.000Z";"2026-04-03T10:18:00.000Z";1191.83
"2026-04-03T10:18:00.000Z";"2026-04-03T10:21:00.000Z";1194.06
"2026-04-03T10:21:00.000Z";"2026-04-03T10:24:00.000Z";1195.28
"2026-04-03T10:24:00.000Z";"2026-04-03T10:27:00.000Z";1192.72
"2026-04-03T10:27:00.000Z";"2026-04-03T10:30:00.000Z";1190.56
"2026-04-03T10:30:00.000Z";"2026-04-03T10:33:00.000Z";1190.94
"2026-04-03T10:33:00.000Z";"2026-04-03T10:36:00.000Z";1158.63
"2026-04-03T10:36:00.000Z";"2026-04-03T10:39:00.000Z";1138.06
"2026-04-03T10:39:00.000Z";"2026-04-03T10:42:00.000Z";1134
"2026-04-03T10:45:00.000Z";"2026-04-03T10:48:00.000Z";1133.39
"2026-04-03T10:48:00.000Z";"2026-04-03T10:51:00.000Z";1105.14
"2026-04-03T10:51:00.000Z";"2026-04-03T10:54:00.000Z";1059.63
"2026-04-03T10:54:00.000Z";"2026-04-03T10:57:00.000Z";1044.45
"2026-04-03T10:57:00.000Z";"2026-04-03T11:00:00.000Z";1040.44
"2026-04-03T11:00:00.000Z";"2026-04-03T11:03:00.000Z";1031.45
"2026-04-03T11:03:00.000Z";"2026-04-03T11:06:00.000Z";1019.56
"2026-04-03T11:06:00.000Z";"2026-04-03T11:09:00.000Z";1020.38
"2026-04-03T11:09:00.000Z";"2026-04-03T11:12:00.000Z";1025.05
"2026-04-03T11:12:00.000Z";"2026-04-03T11:15:00.000Z";1021.95
"2026-04-03T11:15:00.000Z";"2026-04-03T11:18:00.000Z";1021.39
"2026-04-03T11:18:00.000Z";"2026-04-03T11:21:00.000Z";1023.89
"2026-04-03T11:21:00.000Z";"2026-04-03T11:24:00.000Z";1021.33
"2026-04-03T11:24:00.000Z";"2026-04-03T11:27:00.000Z";1020.72
"2026-04-03T11:27:00.000Z";"2026-04-03T11:30:00.000Z";1019.89
"2026-04-03T11:30:00.000Z";"2026-04-03T11:33:00.000Z";1019.61
"2026-04-03T11:33:00.000Z";"2026-04-03T11:36:00.000Z";1024.33
"2026-04-03T11:36:00.000Z";"2026-04-03T11:39:00.000Z";1026.61
"2026-04-03T11:39:00.000Z";"2026-04-03T11:42:00.000Z";1006.85
"2026-04-03T11:42:00.000Z";"2026-04-03T11:45:00.000Z";988.89
"2026-04-03T11:45:00.000Z";"2026-04-03T11:48:00.000Z";990.053
"2026-04-03T11:48:00.000Z";"2026-04-03T11:51:00.000Z";988.89
"2026-04-03T11:51:00.000Z";"2026-04-03T11:54:00.000Z";990.833
"2026-04-03T11:57:00.000Z";"2026-04-03T12:00:00.000Z";991.889
"2026-04-03T12:00:00.000Z";"2026-04-03T12:03:00.000Z";993.888
"2026-04-03T12:06:00.000Z";"2026-04-03T12:09:00.000Z";987.721
"2026-04-03T12:09:00.000Z";"2026-04-03T12:12:00.000Z";987.665
"2026-04-03T12:12:00.000Z";"2026-04-03T12:15:00.000Z";982.337
"2026-04-03T12:15:00.000Z";"2026-04-03T12:18:00.000Z";986.325
"2026-04-03T12:18:00.000Z";"2026-04-03T12:21:00.000Z";990.667
"2026-04-03T12:21:00.000Z";"2026-04-03T12:24:00.000Z";984.28
"2026-04-03T12:27:00.000Z";"2026-04-03T12:30:00.000Z";990.831
"2026-04-03T12:30:00.000Z";"2026-04-03T12:33:00.000Z";1004.28
"2026-04-03T12:33:00.000Z";"2026-04-03T12:36:00.000Z";1005.83
"2026-04-03T12:36:00.000Z";"2026-04-03T12:39:00.000Z";1008.17
"2026-04-03T12:39:00.000Z";"2026-04-03T12:42:00.000Z";1005.89
"2026-04-03T12:42:00.000Z";"2026-04-03T12:45:00.000Z";1007.89
"2026-04-03T12:45:00.000Z";"2026-04-03T12:48:00.000Z";1006
"2026-04-03T12:48:00.000Z";"2026-04-03T12:51:00.000Z";1008.89
"2026-04-03T12:51:00.000Z";"2026-04-03T12:54:00.000Z";1003.89
"2026-04-03T12:54:00.000Z";"2026-04-03T12:57:00.000Z";999.389
"2026-04-03T12:57:00.000Z";"2026-04-03T13:00:00.000Z";995.669
"2026-04-03T13:00:00.000Z";"2026-04-03T13:03:00.000Z";995.943
"2026-04-03T13:03:00.000Z";"2026-04-03T13:06:00.000Z";999.051
"2026-04-03T13:06:00.000Z";"2026-04-03T13:09:00.000Z";1017.05
"2026-04-03T13:09:00.000Z";"2026-04-03T13:12:00.000Z";1024.05
"2026-04-03T13:12:00.000Z";"2026-04-03T13:15:00.000Z";1024.89
"2026-04-03T13:15:00.000Z";"2026-04-03T13:18:00.000Z";1023.39
"2026-04-03T13:18:00.000Z";"2026-04-03T13:21:00.000Z";1022.61
"2026-04-03T13:21:00.000Z";"2026-04-03T13:24:00.000Z";1024
"2026-04-03T13:24:00.000Z";"2026-04-03T13:27:00.000Z";1024.17
"2026-04-03T13:27:00.000Z";"2026-04-03T13:30:00.000Z";1027.17
"2026-04-03T13:30:00.000Z";"2026-04-03T13:33:00.000Z";1026
"2026-04-03T13:33:00.000Z";"2026-04-03T13:36:00.000Z";1034.04
"2026-04-03T13:36:00.000Z";"2026-04-03T13:39:00.000Z";1065.05
"2026-04-03T13:39:00.000Z";"2026-04-03T13:42:00.000Z";1090.15
"2026-04-03T13:42:00.000Z";"2026-04-03T13:45:00.000Z";1122.21
"2026-04-03T13:45:00.000Z";"2026-04-03T13:48:00.000Z";1127.23
"2026-04-03T13:48:00.000Z";"2026-04-03T13:51:00.000Z";1119.66
"2026-04-03T13:51:00.000Z";"2026-04-03T13:54:00.000Z";1127.11
"2026-04-03T13:54:00.000Z";"2026-04-03T13:57:00.000Z";1157.52
"2026-04-03T13:57:00.000Z";"2026-04-03T14:00:00.000Z";1181.39
"2026-04-03T14:00:00.000Z";"2026-04-03T14:03:00.000Z";1193.39
"2026-04-03T14:03:00.000Z";"2026-04-03T14:06:00.000Z";1206.44
"2026-04-03T14:06:00.000Z";"2026-04-03T14:09:00.000Z";1222.44
"2026-04-03T14:09:00.000Z";"2026-04-03T14:12:00.000Z";1220.22
"2026-04-03T14:12:00.000Z";"2026-04-03T14:15:00.000Z";1221.39
"2026-04-03T14:15:00.000Z";"2026-04-03T14:18:00.000Z";1218.78
"2026-04-03T14:18:00.000Z";"2026-04-03T14:21:00.000Z";1221.55
"2026-04-03T14:21:00.000Z";"2026-04-03T14:24:00.000Z";1220
"2026-04-03T14:24:00.000Z";"2026-04-03T14:27:00.000Z";1222.67
"2026-04-03T14:27:00.000Z";"2026-04-03T14:30:00.000Z";1219.67
"2026-04-03T14:30:00.000Z";"2026-04-03T14:33:00.000Z";1222.04
"2026-04-03T14:33:00.000Z";"2026-04-03T14:36:00.000Z";1306.94
"2026-04-03T14:36:00.000Z";"2026-04-03T14:39:00.000Z";1328.94
"2026-04-03T14:42:00.000Z";"2026-04-03T14:45:00.000Z";1343.1
"2026-04-03T14:45:00.000Z";"2026-04-03T14:48:00.000Z";1344.5
"2026-04-03T14:48:00.000Z";"2026-04-03T14:51:00.000Z";1341.77
"2026-04-03T14:51:00.000Z";"2026-04-03T14:54:00.000Z";1353.66
"2026-04-03T14:54:00.000Z";"2026-04-03T14:57:00.000Z";1353.78
"2026-04-03T14:57:00.000Z";"2026-04-03T15:00:00.000Z";1375.92
"2026-04-03T15:03:00.000Z";"2026-04-03T15:06:00.000Z";1448.5
"2026-04-03T15:06:00.000Z";"2026-04-03T15:09:00.000Z";1455
"2026-04-03T15:09:00.000Z";"2026-04-03T15:12:00.000Z";1455.78
"2026-04-03T15:15:00.000Z";"2026-04-03T15:18:00.000Z";1509.05
"2026-04-03T15:18:00.000Z";"2026-04-03T15:21:00.000Z";1508.45
"2026-04-03T15:21:00.000Z";"2026-04-03T15:24:00.000Z";1507.17
"2026-04-03T15:24:00.000Z";"2026-04-03T15:27:00.000Z";1511.33
"2026-04-03T15:27:00.000Z";"2026-04-03T15:30:00.000Z";1499.62
"2026-04-03T15:30:00.000Z";"2026-04-03T15:33:00.000Z";1483.83
"2026-04-03T15:33:00.000Z";"2026-04-03T15:36:00.000Z";1483.67
"2026-04-03T15:36:00.000Z";"2026-04-03T15:39:00.000Z";1455.89
"2026-04-03T15:39:00.000Z";"2026-04-03T15:42:00.000Z";1450.5
"2026-04-03T15:42:00.000Z";"2026-04-03T15:45:00.000Z";1429.84
"2026-04-03T15:45:00.000Z";"2026-04-03T15:48:00.000Z";1429.44
"2026-04-03T15:48:00.000Z";"2026-04-03T15:51:00.000Z";1418.28
"2026-04-03T15:51:00.000Z";"2026-04-03T15:54:00.000Z";1421.5
"2026-04-03T15:54:00.000Z";"2026-04-03T15:57:00.000Z";1429.99
"2026-04-03T15:57:00.000Z";"2026-04-03T16:00:00.000Z";1448.99
"2026-04-03T16:00:00.000Z";"2026-04-03T16:03:00.000Z";1466.78
"2026-04-03T16:03:00.000Z";"2026-04-03T16:06:00.000Z";1471.71
"2026-04-03T16:06:00.000Z";"2026-04-03T16:09:00.000Z";1491.11
"2026-04-03T16:09:00.000Z";"2026-04-03T16:12:00.000Z";1499.44
"2026-04-03T16:12:00.000Z";"2026-04-03T16:15:00.000Z";1523.32
"2026-04-03T16:15:00.000Z";"2026-04-03T16:18:00.000Z";1530.67
"2026-04-03T16:18:00.000Z";"2026-04-03T16:21:00.000Z";1516.45
"2026-04-03T16:21:00.000Z";"2026-04-03T16:24:00.000Z";1514.67
"2026-04-03T16:24:00.000Z";"2026-04-03T16:27:00.000Z";1518.33
"2026-04-03T16:27:00.000Z";"2026-04-03T16:30:00.000Z";1522.78
"2026-04-03T16:30:00.000Z";"2026-04-03T16:33:00.000Z";1522.28
"2026-04-03T16:33:00.000Z";"2026-04-03T16:36:00.000Z";1521.44
"2026-04-03T16:36:00.000Z";"2026-04-03T16:39:00.000Z";1523.39
"2026-04-03T16:39:00.000Z";"2026-04-03T16:42:00.000Z";1525.22
"2026-04-03T16:42:00.000Z";"2026-04-03T16:45:00.000Z";1541.38
"2026-04-03T16:45:00.000Z";"2026-04-03T16:48:00.000Z";1593.32
"2026-04-03T16:48:00.000Z";"2026-04-03T16:51:00.000Z";1620.88
"2026-04-03T16:51:00.000Z";"2026-04-03T16:54:00.000Z";1667.09
"2026-04-03T16:54:00.000Z";"2026-04-03T16:57:00.000Z";1678.11
"2026-04-03T16:57:00.000Z";"2026-04-03T17:00:00.000Z";1677.11
"2026-04-03T17:00:00.000Z";"2026-04-03T17:03:00.000Z";1677
"2026-04-03T17:03:00.000Z";"2026-04-03T17:06:00.000Z";1676
"2026-04-03T17:06:00.000Z";"2026-04-03T17:09:00.000Z";1673.22
"2026-04-03T17:09:00.000Z";"2026-04-03T17:12:00.000Z";1674.17
"2026-04-03T17:12:00.000Z";"2026-04-03T17:15:00.000Z";1674.39
"2026-04-03T17:15:00.000Z";"2026-04-03T17:18:00.000Z";1673.94
"2026-04-03T17:18:00.000Z";"2026-04-03T17:21:00.000Z";1673.78
"2026-04-03T17:21:00.000Z";"2026-04-03T17:24:00.000Z";1673.33
"2026-04-03T17:24:00.000Z";"2026-04-03T17:27:00.000Z";1670.83
"2026-04-03T17:27:00.000Z";"2026-04-03T17:30:00.000Z";1667.67
"2026-04-03T17:30:00.000Z";"2026-04-03T17:33:00.000Z";1664.89
"2026-04-03T17:33:00.000Z";"2026-04-03T17:36:00.000Z";1665.33
"2026-04-03T17:36:00.000Z";"2026-04-03T17:39:00.000Z";1662.84
"2026-04-03T17:39:00.000Z";"2026-04-03T17:42:00.000Z";1655.67
"2026-04-03T17:42:00.000Z";"2026-04-03T17:45:00.000Z";1666.49
"2026-04-03T17:45:00.000Z";"2026-04-03T17:48:00.000Z";1678.88
"2026-04-03T17:48:00.000Z";"2026-04-03T17:51:00.000Z";1687.22
"2026-04-03T17:51:00.000Z";"2026-04-03T17:54:00.000Z";1689.5
"2026-04-03T17:54:00.000Z";"2026-04-03T17:57:00.000Z";1689.28
"2026-04-03T17:57:00.000Z";"2026-04-03T18:00:00.000Z";1667.73
"2026-04-03T18:00:00.000Z";"2026-04-03T18:03:00.000Z";1624.6
"2026-04-03T18:03:00.000Z";"2026-04-03T18:06:00.000Z";1553.09
"2026-04-03T18:06:00.000Z";"2026-04-03T18:09:00.000Z";1507.39
"2026-04-03T18:12:00.000Z";"2026-04-03T18:15:00.000Z";1511.83
"2026-04-03T18:15:00.000Z";"2026-04-03T18:18:00.000Z";1516.88
"2026-04-03T18:18:00.000Z";"2026-04-03T18:21:00.000Z";1519.78
"2026-04-03T18:21:00.000Z";"2026-04-03T18:24:00.000Z";1517.17
"2026-04-03T18:24:00.000Z";"2026-04-03T18:27:00.000Z";1517.44
"2026-04-03T18:27:00.000Z";"2026-04-03T18:30:00.000Z";1516.11
"2026-04-03T18:30:00.000Z";"2026-04-03T18:33:00.000Z";1509.17
"2026-04-03T18:33:00.000Z";"2026-04-03T18:36:00.000Z";1503.06
"2026-04-03T18:36:00.000Z";"2026-04-03T18:39:00.000Z";1488.17
"2026-04-03T18:39:00.000Z";"2026-04-03T18:42:00.000Z";1486.44
"2026-04-03T18:42:00.000Z";"2026-04-03T18:45:00.000Z";1482.45
"2026-04-03T18:45:00.000Z";"2026-04-03T18:48:00.000Z";1477.61
"2026-04-03T18:48:00.000Z";"2026-04-03T18:51:00.000Z";1465.84
"2026-04-03T18:51:00.000Z";"2026-04-03T18:54:00.000Z";1453.56
"2026-04-03T18:57:00.000Z";"2026-04-03T19:00:00.000Z";1453.11
"2026-04-03T19:00:00.000Z";"2026-04-03T19:03:00.000Z";1438.73
"2026-04-03T19:03:00.000Z";"2026-04-03T19:06:00.000Z";1422.45
"2026-04-03T19:06:00.000Z";"2026-04-03T19:09:00.000Z";1429
"2026-04-03T19:12:00.000Z";"2026-04-03T19:15:00.000Z";1427.61
"2026-04-03T19:15:00.000Z";"2026-04-03T19:18:00.000Z";1418.56
"2026-04-03T19:18:00.000Z";"2026-04-03T19:21:00.000Z";1370.6
"2026-04-03T19:21:00.000Z";"2026-04-03T19:24:00.000Z";1352.39
"2026-04-03T19:24:00.000Z";"2026-04-03T19:27:00.000Z";1337.84
"2026-04-03T19:27:00.000Z";"2026-04-03T19:30:00.000Z";1342.11
"2026-04-03T19:30:00.000Z";"2026-04-03T19:33:00.000Z";1345.89
"2026-04-03T19:33:00.000Z";"2026-04-03T19:36:00.000Z";1356.66
"2026-04-03T19:36:00.000Z";"2026-04-03T19:39:00.000Z";1350.11
"2026-04-03T19:39:00.000Z";"2026-04-03T19:42:00.000Z";1324.79
"2026-04-03T19:42:00.000Z";"2026-04-03T19:45:00.000Z";1304.72
"2026-04-03T19:45:00.000Z";"2026-04-03T19:48:00.000Z";1304.17
"2026-04-03T19:48:00.000Z";"2026-04-03T19:51:00.000Z";1303.56
"2026-04-03T19:51:00.000Z";"2026-04-03T19:54:00.000Z";1297.33
"2026-04-03T19:57:00.000Z";"2026-04-03T20:00:00.000Z";1292.45
"2026-04-03T20:00:00.000Z";"2026-04-03T20:03:00.000Z";1267.68
"2026-04-03T20:03:00.000Z";"2026-04-03T20:06:00.000Z";1266.61
"2026-04-03T20:06:00.000Z";"2026-04-03T20:09:00.000Z";1270.39
"2026-04-03T20:09:00.000Z";"2026-04-03T20:12:00.000Z";1259.67
"2026-04-03T20:12:00.000Z";"2026-04-03T20:15:00.000Z";1259.84
"2026-04-03T20:15:00.000Z";"2026-04-03T20:18:00.000Z";1259.28
"2026-04-03T20:21:00.000Z";"2026-04-03T20:24:00.000Z";1262.39
"2026-04-03T20:24:00.000Z";"2026-04-03T20:27:00.000Z";1261.01
"2026-04-03T20:27:00.000Z";"2026-04-03T20:30:00.000Z";1246.51
"2026-04-03T20:30:00.000Z";"2026-04-03T20:33:00.000Z";1193.57
"2026-04-03T20:33:00.000Z";"2026-04-03T20:36:00.000Z";1163.9
"2026-04-03T20:36:00.000Z";"2026-04-03T20:39:00.000Z";1154.73
"2026-04-03T20:39:00.000Z";"2026-04-03T20:42:00.000Z";1148.39
"2026-04-03T20:42:00.000Z";"2026-04-03T20:45:00.000Z";1145.89
"2026-04-03T20:45:00.000Z";"2026-04-03T20:48:00.000Z";1153.83
"2026-04-03T20:48:00.000Z";"2026-04-03T20:51:00.000Z";1138.25
"2026-04-03T20:54:00.000Z";"2026-04-03T20:57:00.000Z";1112.5
"2026-04-03T20:57:00.000Z";"2026-04-03T21:00:00.000Z";1109.95
"2026-04-03T21:00:00.000Z";"2026-04-03T21:03:00.000Z";1089.7
"2026-04-03T21:03:00.000Z";"2026-04-03T21:06:00.000Z";1067.17
"2026-04-03T21:06:00.000Z";"2026-04-03T21:09:00.000Z";1062.17
"2026-04-03T21:12:00.000Z";"2026-04-03T21:15:00.000Z";1050.28
"2026-04-03T21:15:00.000Z";"2026-04-03T21:18:00.000Z";1053.28
"2026-04-03T21:21:00.000Z";"2026-04-03T21:24:00.000Z";1062.05
"2026-04-03T21:24:00.000Z";"2026-04-03T21:27:00.000Z";1056.95
"2026-04-03T21:27:00.000Z";"2026-04-03T21:30:00.000Z";1057.27
"2026-04-03T21:30:00.000Z";"2026-04-03T21:33:00.000Z";1060.28
"2026-04-03T21:33:00.000Z";"2026-04-03T21:36:00.000Z";1064.11
"2026-04-03T21:36:00.000Z";"2026-04-03T21:39:00.000Z";1063.83
"2026-04-03T21:39:00.000Z";"2026-04-03T21:42:00.000Z";1059.78
"2026-04-03T21:45:00.000Z";"2026-04-03T21:48:00.000Z";1056.28
"2026-04-03T21:48:00.000Z";"2026-04-03T21:51:00.000Z";1059.11
"2026-04-03T21:51:00.000Z";"2026-04-03T21:54:00.000Z";1065.39
"2026-04-03T21:57:00.000Z";"2026-04-03T22:00:00.000Z";1055.67
"2026-04-03T22:00:00.000Z";"2026-04-03T22:03:00.000Z";1046.67
"2026-04-03T22:03:00.000Z";"2026-04-03T22:06:00.000Z";1035.9
"2026-04-03T22:06:00.000Z";"2026-04-03T22:09:00.000Z";1030.99
"2026-04-03T22:12:00.000Z";"2026-04-03T22:15:00.000Z";1076.16
"2026-04-03T22:15:00.000Z";"2026-04-03T22:18:00.000Z";1092.43
"2026-04-03T22:18:00.000Z";"2026-04-03T22:21:00.000Z";1106.33
"2026-04-03T22:21:00.000Z";"2026-04-03T22:24:00.000Z";1109.45
"2026-04-03T22:24:00.000Z";"2026-04-03T22:27:00.000Z";1106.72
"2026-04-03T22:27:00.000Z";"2026-04-03T22:33:00.000Z";1110.83
"2026-04-03T22:30:00.000Z";"2026-04-03T22:33:00.000Z";1117.1
"2026-04-03T22:36:00.000Z";"2026-04-03T22:39:00.000Z";1132.56
"2026-04-03T22:39:00.000Z";"2026-04-03T22:42:00.000Z";1132.89
"2026-04-03T22:42:00.000Z";"2026-04-03T22:45:00.000Z";1130
"2026-04-03T22:45:00.000Z";"2026-04-03T22:48:00.000Z";1126.39
"2026-04-03T22:48:00.000Z";"2026-04-03T22:51:00.000Z";1123.61
"2026-04-03T22:51:00.000Z";"2026-04-03T22:54:00.000Z";1106.73
"2026-04-03T22:57:00.000Z";"2026-04-03T23:00:00.000Z";1106.5
"2026-04-03T23:00:00.000Z";"2026-04-03T23:03:00.000Z";1091.9
"2026-04-03T23:03:00.000Z";"2026-04-03T23:06:00.000Z";1083.4
"2026-04-03T23:06:00.000Z";"2026-04-03T23:09:00.000Z";1104.76
"2026-04-03T23:09:00.000Z";"2026-04-03T23:12:00.000Z";1118.33
"2026-04-03T23:12:00.000Z";"2026-04-03T23:15:00.000Z";1121.11
"2026-04-03T23:15:00.000Z";"2026-04-03T23:18:00.000Z";1112.01
"2026-04-03T23:18:00.000Z";"2026-04-03T23:21:00.000Z";1118.11
"2026-04-03T23:21:00.000Z";"2026-04-03T23:24:00.000Z";1119.56
"2026-04-03T23:24:00.000Z";"2026-04-03T23:27:00.000Z";1117.44
"2026-04-03T23:27:00.000Z";"2026-04-03T23:30:00.000Z";1119.17
"2026-04-03T23:30:00.000Z";"2026-04-03T23:33:00.000Z";1128.77
"2026-04-03T23:33:00.000Z";"2026-04-03T23:36:00.000Z";1139.05
"2026-04-03T23:36:00.000Z";"2026-04-03T23:39:00.000Z";1139.22
"2026-04-03T23:39:00.000Z";"2026-04-03T23:42:00.000Z";1137.11
"2026-04-03T23:42:00.000Z";"2026-04-03T23:45:00.000Z";1132.33
"2026-04-03T23:45:00.000Z";"2026-04-03T23:48:00.000Z";1136.78
"2026-04-03T23:51:00.000Z";"2026-04-03T23:54:00.000Z";1137.94
"2026-04-03T23:54:00.000Z";"2026-04-03T23:57:00.000Z";1134.89
"2026-04-03T23:57:00.000Z";"2026-04-04T00:00:00.000Z";1134.39
"2026-04-04T00:00:00.000Z";"2026-04-04T00:03:00.000Z";1131.55
"2026-04-04T00:03:00.000Z";"2026-04-04T00:06:00.000Z";1131.61
"2026-04-04T00:06:00.000Z";"2026-04-04T00:09:00.000Z";1132.39
"2026-04-04T00:09:00.000Z";"2026-04-04T00:12:00.000Z";1126.72
"2026-04-04T00:12:00.000Z";"2026-04-04T00:15:00.000Z";1125.78
"2026-04-04T00:15:00.000Z";"2026-04-04T00:18:00.000Z";1123.17
"2026-04-04T00:18:00.000Z";"2026-04-04T00:21:00.000Z";1121.17
"2026-04-04T00:21:00.000Z";"2026-04-04T00:24:00.000Z";1133.66
"2026-04-04T00:24:00.000Z";"2026-04-04T00:27:00.000Z";1141.72
"2026-04-04T00:27:00.000Z";"2026-04-04T00:30:00.000Z";1148.67
"2026-04-04T00:30:00.000Z";"2026-04-04T00:33:00.000Z";1150.28
"2026-04-04T00:33:00.000Z";"2026-04-04T00:36:00.000Z";1153.55
"2026-04-04T00:36:00.000Z";"2026-04-04T00:39:00.000Z";1153.94
"2026-04-04T00:39:00.000Z";"2026-04-04T00:42:00.000Z";1154
"2026-04-04T00:42:00.000Z";"2026-04-04T00:45:00.000Z";1156.44
"2026-04-04T00:45:00.000Z";"2026-04-04T00:48:00.000Z";1163.66
"2026-04-04T00:48:00.000Z";"2026-04-04T00:51:00.000Z";1170.95
"2026-04-04T00:51:00.000Z";"2026-04-04T00:54:00.000Z";1173.5
"2026-04-04T00:54:00.000Z";"2026-04-04T00:57:00.000Z";1170.83
"2026-04-04T00:57:00.000Z";"2026-04-04T01:00:00.000Z";1176.94
"2026-04-04T01:00:00.000Z";"2026-04-04T01:03:00.000Z";1171.62
"2026-04-04T01:03:00.000Z";"2026-04-04T01:06:00.000Z";1171.16
"2026-04-04T01:09:00.000Z";"2026-04-04T01:12:00.000Z";1174.78
"2026-04-04T01:12:00.000Z";"2026-04-04T01:15:00.000Z";1177.06
"2026-04-04T01:15:00.000Z";"2026-04-04T01:18:00.000Z";1173.06
"2026-04-04T01:18:00.000Z";"2026-04-04T01:21:00.000Z";1174.5
"2026-04-04T01:21:00.000Z";"2026-04-04T01:24:00.000Z";1157.17
"2026-04-04T01:24:00.000Z";"2026-04-04T01:27:00.000Z";1135.67
"2026-04-04T01:27:00.000Z";"2026-04-04T01:30:00.000Z";1126.17
"2026-04-04T01:30:00.000Z";"2026-04-04T01:33:00.000Z";1123.33
"2026-04-04T01:33:00.000Z";"2026-04-04T01:36:00.000Z";1120.44
"2026-04-04T01:36:00.000Z";"2026-04-04T01:39:00.000Z";1121.72
"2026-04-04T01:39:00.000Z";"2026-04-04T01:42:00.000Z";1116.95
"2026-04-04T01:42:00.000Z";"2026-04-04T01:45:00.000Z";1113.78
"2026-04-04T01:45:00.000Z";"2026-04-04T01:48:00.000Z";1114.55
"2026-04-04T01:48:00.000Z";"2026-04-04T01:51:00.000Z";1115.67
"2026-04-04T01:51:00.000Z";"2026-04-04T01:54:00.000Z";1114
"2026-04-04T01:54:00.000Z";"2026-04-04T01:57:00.000Z";1117.5
"2026-04-04T01:57:00.000Z";"2026-04-04T02:00:00.000Z";1118.67
"2026-04-04T02:00:00.000Z";"2026-04-04T02:03:00.000Z";1115.78
"2026-04-04T02:03:00.000Z";"2026-04-04T02:06:00.000Z";1115.78
"2026-04-04T02:06:00.000Z";"2026-04-04T02:09:00.000Z";1114.44
"2026-04-04T02:09:00.000Z";"2026-04-04T02:12:00.000Z";1128.33
"2026-04-04T02:12:00.000Z";"2026-04-04T02:15:00.000Z";1132.44
"2026-04-04T02:15:00.000Z";"2026-04-04T02:18:00.000Z";1130.67
"2026-04-04T02:18:00.000Z";"2026-04-04T02:21:00.000Z";1127.89
"2026-04-04T02:21:00.000Z";"2026-04-04T02:24:00.000Z";1132.28
"2026-04-04T02:24:00.000Z";"2026-04-04T02:27:00.000Z";1131.11
"2026-04-04T02:27:00.000Z";"2026-04-04T02:30:00.000Z";1131.28
"2026-04-04T02:30:00.000Z";"2026-04-04T02:33:00.000Z";1127.78
"2026-04-04T02:33:00.000Z";"2026-04-04T02:36:00.000Z";1132.39
"2026-04-04T02:36:00.000Z";"2026-04-04T02:39:00.000Z";1129.11
"2026-04-04T02:39:00.000Z";"2026-04-04T02:42:00.000Z";1124.33
"2026-04-04T02:42:00.000Z";"2026-04-04T02:45:00.000Z";1125
"2026-04-04T02:45:00.000Z";"2026-04-04T02:48:00.000Z";1126.61
"2026-04-04T02:48:00.000Z";"2026-04-04T02:51:00.000Z";1124.72
"2026-04-04T02:51:00.000Z";"2026-04-04T02:54:00.000Z";1124.11
"2026-04-04T02:54:00.000Z";"2026-04-04T02:57:00.000Z";1126.44
"2026-04-04T02:57:00.000Z";"2026-04-04T03:00:00.000Z";1129.22
"2026-04-04T03:00:00.000Z";"2026-04-04T03:03:00.000Z";1125.95
"2026-04-04T03:03:00.000Z";"2026-04-04T03:06:00.000Z";1119.28
"2026-04-04T03:06:00.000Z";"2026-04-04T03:09:00.000Z";1118.83
"2026-04-04T03:09:00.000Z";"2026-04-04T03:12:00.000Z";1125.11
"2026-04-04T03:12:00.000Z";"2026-04-04T03:15:00.000Z";1126.39
"2026-04-04T03:15:00.000Z";"2026-04-04T03:18:00.000Z";1124.67
"2026-04-04T03:18:00.000Z";"2026-04-04T03:21:00.000Z";1122.89
"2026-04-04T03:21:00.000Z";"2026-04-04T03:24:00.000Z";1122.22
"2026-04-04T03:24:00.000Z";"2026-04-04T03:27:00.000Z";1121.83
"2026-04-04T03:27:00.000Z";"2026-04-04T03:30:00.000Z";1115.45
"2026-04-04T03:30:00.000Z";"2026-04-04T03:33:00.000Z";1114.83
"2026-04-04T03:33:00.000Z";"2026-04-04T03:36:00.000Z";1138.1
"2026-04-04T03:36:00.000Z";"2026-04-04T03:39:00.000Z";1144.89
"2026-04-04T03:39:00.000Z";"2026-04-04T03:42:00.000Z";1150.55
"2026-04-04T03:42:00.000Z";"2026-04-04T03:45:00.000Z";1156.28
"2026-04-04T03:45:00.000Z";"2026-04-04T03:48:00.000Z";1153.61
"2026-04-04T03:48:00.000Z";"2026-04-04T03:51:00.000Z";1157.61
"2026-04-04T03:51:00.000Z";"2026-04-04T03:54:00.000Z";1157.5
"2026-04-04T03:54:00.000Z";"2026-04-04T03:57:00.000Z";1162.61
"2026-04-04T03:57:00.000Z";"2026-04-04T04:00:00.000Z";1167.5
"2026-04-04T04:00:00.000Z";"2026-04-04T04:03:00.000Z";1172.16
"2026-04-04T04:03:00.000Z";"2026-04-04T04:06:00.000Z";1176.44
"2026-04-04T04:06:00.000Z";"2026-04-04T04:09:00.000Z";1188.49
"2026-04-04T04:09:00.000Z";"2026-04-04T04:12:00.000Z";1199.5
"2026-04-04T04:12:00.000Z";"2026-04-04T04:15:00.000Z";1202.22
"2026-04-04T04:15:00.000Z";"2026-04-04T04:18:00.000Z";1197.94
"2026-04-04T04:18:00.000Z";"2026-04-04T04:21:00.000Z";1199.56
"2026-04-04T04:21:00.000Z";"2026-04-04T04:24:00.000Z";1200.67
"2026-04-04T04:24:00.000Z";"2026-04-04T04:27:00.000Z";1197.78
"2026-04-04T04:27:00.000Z";"2026-04-04T04:30:00.000Z";1191.5
"2026-04-04T04:30:00.000Z";"2026-04-04T04:33:00.000Z";1183.45
"2026-04-04T04:33:00.000Z";"2026-04-04T04:36:00.000Z";1165.95
"2026-04-04T04:36:00.000Z";"2026-04-04T04:39:00.000Z";1164.28
"2026-04-04T04:39:00.000Z";"2026-04-04T04:42:00.000Z";1166.44
"2026-04-04T04:42:00.000Z";"2026-04-04T04:45:00.000Z";1170.94
"2026-04-04T04:45:00.000Z";"2026-04-04T04:48:00.000Z";1243.29
"2026-04-04T04:48:00.000Z";"2026-04-04T04:51:00.000Z";1277
"2026-04-04T04:51:00.000Z";"2026-04-04T04:54:00.000Z";1278.5
"2026-04-04T04:54:00.000Z";"2026-04-04T04:57:00.000Z";1277.83
"2026-04-04T04:57:00.000Z";"2026-04-04T05:00:00.000Z";1292.05
"2026-04-04T05:00:00.000Z";"2026-04-04T05:03:00.000Z";1302.16
"2026-04-04T05:03:00.000Z";"2026-04-04T05:06:00.000Z";1305.83
"2026-04-04T05:06:00.000Z";"2026-04-04T05:09:00.000Z";1306.94
"2026-04-04T05:09:00.000Z";"2026-04-04T05:12:00.000Z";1304.11
"2026-04-04T05:12:00.000Z";"2026-04-04T05:15:00.000Z";1303.17
"2026-04-04T05:15:00.000Z";"2026-04-04T05:18:00.000Z";1295.73
"2026-04-04T05:18:00.000Z";"2026-04-04T05:21:00.000Z";1265.59
"2026-04-04T05:21:00.000Z";"2026-04-04T05:24:00.000Z";1242.89
"2026-04-04T05:24:00.000Z";"2026-04-04T05:27:00.000Z";1244.72
"2026-04-04T05:27:00.000Z";"2026-04-04T05:30:00.000Z";1244.06
"2026-04-04T05:30:00.000Z";"2026-04-04T05:33:00.000Z";1240.56
"2026-04-04T05:33:00.000Z";"2026-04-04T05:36:00.000Z";1235.4
"2026-04-04T05:36:00.000Z";"2026-04-04T05:39:00.000Z";1226
"2026-04-04T05:39:00.000Z";"2026-04-04T05:42:00.000Z";1230.28
"2026-04-04T05:42:00.000Z";"2026-04-04T05:45:00.000Z";1235
"2026-04-04T05:45:00.000Z";"2026-04-04T05:48:00.000Z";1235
"2026-04-04T05:48:00.000Z";"2026-04-04T05:51:00.000Z";1240.06
"2026-04-04T05:51:00.000Z";"2026-04-04T05:54:00.000Z";1229.84
"2026-04-04T05:54:00.000Z";"2026-04-04T05:57:00.000Z";1229.61
"2026-04-04T05:57:00.000Z";"2026-04-04T06:00:00.000Z";1231.66
"2026-04-04T06:00:00.000Z";"2026-04-04T06:03:00.000Z";1239.67
"2026-04-04T06:03:00.000Z";"2026-04-04T06:06:00.000Z";1227.9
"2026-04-04T06:06:00.000Z";"2026-04-04T06:09:00.000Z";1228.28
"2026-04-04T06:09:00.000Z";"2026-04-04T06:12:00.000Z";1240.83
"2026-04-04T06:12:00.000Z";"2026-04-04T06:15:00.000Z";1247.72
"2026-04-04T06:15:00.000Z";"2026-04-04T06:18:00.000Z";1244.72
"2026-04-04T06:18:00.000Z";"2026-04-04T06:21:00.000Z";1244
"2026-04-04T06:21:00.000Z";"2026-04-04T06:24:00.000Z";1236
"2026-04-04T06:24:00.000Z";"2026-04-04T06:27:00.000Z";1242.83
"2026-04-04T06:27:00.000Z";"2026-04-04T06:30:00.000Z";1239.95
"2026-04-04T06:30:00.000Z";"2026-04-04T06:33:00.000Z";1220.94
"2026-04-04T06:33:00.000Z";"2026-04-04T06:36:00.000Z";1170.96
"2026-04-04T06:36:00.000Z";"2026-04-04T06:39:00.000Z";1169.22
"2026-04-04T06:39:00.000Z";"2026-04-04T06:42:00.000Z";1174.34
"2026-04-04T06:42:00.000Z";"2026-04-04T06:45:00.000Z";1169.89
"2026-04-04T06:45:00.000Z";"2026-04-04T06:48:00.000Z";1177.87
"2026-04-04T06:48:00.000Z";"2026-04-04T06:51:00.000Z";1206.6
"2026-04-04T06:51:00.000Z";"2026-04-04T06:54:00.000Z";1194.07
"2026-04-04T06:54:00.000Z";"2026-04-04T06:57:00.000Z";1193.94
"2026-04-04T06:57:00.000Z";"2026-04-04T07:00:00.000Z";1191.33
"2026-04-04T07:00:00.000Z";"2026-04-04T07:03:00.000Z";1198.22
"2026-04-04T07:03:00.000Z";"2026-04-04T07:06:00.000Z";1196.78
"2026-04-04T07:06:00.000Z";"2026-04-04T07:09:00.000Z";1190.28
"2026-04-04T07:09:00.000Z";"2026-04-04T07:12:00.000Z";1188.78
"2026-04-04T07:12:00.000Z";"2026-04-04T07:15:00.000Z";1178.73
"2026-04-04T07:15:00.000Z";"2026-04-04T07:18:00.000Z";1163.51
"2026-04-04T07:18:00.000Z";"2026-04-04T07:21:00.000Z";1151.34
"2026-04-04T07:21:00.000Z";"2026-04-04T07:24:00.000Z";1150.16
"2026-04-04T07:24:00.000Z";"2026-04-04T07:27:00.000Z";1172.54
"2026-04-04T07:27:00.000Z";"2026-04-04T07:30:00.000Z";1185.67
"2026-04-04T07:30:00.000Z";"2026-04-04T07:33:00.000Z";1187.94
"2026-04-04T07:33:00.000Z";"2026-04-04T07:36:00.000Z";1187.06
"2026-04-04T07:36:00.000Z";"2026-04-04T07:39:00.000Z";1180.67
"2026-04-04T07:39:00.000Z";"2026-04-04T07:42:00.000Z";1185.16
"2026-04-04T07:42:00.000Z";"2026-04-04T07:45:00.000Z";1178.89
"2026-04-04T07:45:00.000Z";"2026-04-04T07:48:00.000Z";1175.89
"2026-04-04T07:48:00.000Z";"2026-04-04T07:51:00.000Z";1170.72
"2026-04-04T07:51:00.000Z";"2026-04-04T07:54:00.000Z";1122.75
"2026-04-04T07:54:00.000Z";"2026-04-04T07:57:00.000Z";1080.06
"2026-04-04T07:57:00.000Z";"2026-04-04T08:00:00.000Z";1074
"2026-04-04T08:00:00.000Z";"2026-04-04T08:03:00.000Z";1071
"2026-04-04T08:03:00.000Z";"2026-04-04T08:06:00.000Z";1046.2
"2026-04-04T08:06:00.000Z";"2026-04-04T08:09:00.000Z";1030.67
"2026-04-04T08:09:00.000Z";"2026-04-04T08:12:00.000Z";1035.72
"2026-04-04T08:12:00.000Z";"2026-04-04T08:15:00.000Z";1036.5
"2026-04-04T08:15:00.000Z";"2026-04-04T08:18:00.000Z";1038.22
"2026-04-04T08:18:00.000Z";"2026-04-04T08:21:00.000Z";1049.55
"2026-04-04T08:21:00.000Z";"2026-04-04T08:24:00.000Z";1053.94
"2026-04-04T08:24:00.000Z";"2026-04-04T08:27:00.000Z";1045.06
"2026-04-04T08:27:00.000Z";"2026-04-04T08:30:00.000Z";1041.34
"2026-04-04T08:30:00.000Z";"2026-04-04T08:33:00.000Z";1036.78
"2026-04-04T08:33:00.000Z";"2026-04-04T08:36:00.000Z";1042.89
"2026-04-04T08:36:00.000Z";"2026-04-04T08:39:00.000Z";1039.95
"2026-04-04T08:39:00.000Z";"2026-04-04T08:42:00.000Z";1034.89
"2026-04-04T08:42:00.000Z";"2026-04-04T08:45:00.000Z";1005.28
"2026-04-04T08:45:00.000Z";"2026-04-04T08:48:00.000Z";993.729
"2026-04-04T08:48:00.000Z";"2026-04-04T08:51:00.000Z";992.386
"2026-04-04T08:51:00.000Z";"2026-04-04T08:54:00.000Z";993.112
"2026-04-04T08:54:00.000Z";"2026-04-04T08:57:00.000Z";988.335
"2026-04-04T08:57:00.000Z";"2026-04-04T09:00:00.000Z";985.609
"2026-04-04T09:00:00.000Z";"2026-04-04T09:03:00.000Z";999.661
"2026-04-04T09:03:00.000Z";"2026-04-04T09:06:00.000Z";977.959
"2026-04-04T09:06:00.000Z";"2026-04-04T09:09:00.000Z";973.898
"2026-04-04T09:09:00.000Z";"2026-04-04T09:12:00.000Z";941.002
"2026-04-04T09:12:00.000Z";"2026-04-04T09:15:00.000Z";931.843
"2026-04-04T09:15:00.000Z";"2026-04-04T09:18:00.000Z";910.67
"2026-04-04T09:18:00.000Z";"2026-04-04T09:21:00.000Z";922.831
"2026-04-04T09:21:00.000Z";"2026-04-04T09:24:00.000Z";922.445
"2026-04-04T09:24:00.000Z";"2026-04-04T09:27:00.000Z";932.495
"2026-04-04T09:27:00.000Z";"2026-04-04T09:30:00.000Z";933.889
"2026-04-04T09:30:00.000Z";"2026-04-04T09:33:00.000Z";932.888
"2026-04-04T09:33:00.000Z";"2026-04-04T09:36:00.000Z";933.833
"2026-04-04T09:36:00.000Z";"2026-04-04T09:39:00.000Z";932.555
"2026-04-04T09:39:00.000Z";"2026-04-04T09:42:00.000Z";932.504
"2026-04-04T09:42:00.000Z";"2026-04-04T09:45:00.000Z";930.554
"2026-04-04T09:45:00.000Z";"2026-04-04T09:48:00.000Z";933.442
"2026-04-04T09:48:00.000Z";"2026-04-04T09:51:00.000Z";935.389
"2026-04-04T09:51:00.000Z";"2026-04-04T09:54:00.000Z";929.784
"2026-04-04T09:54:00.000Z";"2026-04-04T09:57:00.000Z";930.328
"2026-04-04T09:57:00.000Z";"2026-04-04T10:00:00.000Z";930.669
"2026-04-04T10:00:00.000Z";"2026-04-04T10:03:00.000Z";929.11
"2026-04-04T10:03:00.000Z";"2026-04-04T10:06:00.000Z";929.223
"2026-04-04T10:06:00.000Z";"2026-04-04T10:09:00.000Z";929.444
"2026-04-04T10:09:00.000Z";"2026-04-04T10:12:00.000Z";928.111
"2026-04-04T10:12:00.000Z";"2026-04-04T10:15:00.000Z";935.491
"2026-04-04T10:15:00.000Z";"2026-04-04T10:18:00.000Z";935.446
"2026-04-04T10:18:00.000Z";"2026-04-04T10:21:00.000Z";938.777
"2026-04-04T10:21:00.000Z";"2026-04-04T10:24:00.000Z";941.555
"2026-04-04T10:24:00.000Z";"2026-04-04T10:27:00.000Z";929.396
"2026-04-04T10:27:00.000Z";"2026-04-04T10:30:00.000Z";924.441
"2026-04-04T10:30:00.000Z";"2026-04-04T10:33:00.000Z";929.721
"2026-04-04T10:33:00.000Z";"2026-04-04T10:36:00.000Z";941.606
"2026-04-04T10:36:00.000Z";"2026-04-04T10:39:00.000Z";942.279
"2026-04-04T10:39:00.000Z";"2026-04-04T10:42:00.000Z";943.833
"2026-04-04T10:42:00.000Z";"2026-04-04T10:45:00.000Z";944.277
"2026-04-04T10:45:00.000Z";"2026-04-04T10:48:00.000Z";944.832
"2026-04-04T10:48:00.000Z";"2026-04-04T10:51:00.000Z";946.501
"2026-04-04T10:51:00.000Z";"2026-04-04T10:54:00.000Z";939.499
"2026-04-04T10:54:00.000Z";"2026-04-04T10:57:00.000Z";940.555
"2026-04-04T10:57:00.000Z";"2026-04-04T11:00:00.000Z";939.004
"2026-04-04T11:00:00.000Z";"2026-04-04T11:03:00.000Z";960.487
"2026-04-04T11:03:00.000Z";"2026-04-04T11:06:00.000Z";986.212
"2026-04-04T11:06:00.000Z";"2026-04-04T11:09:00.000Z";992.72
"2026-04-04T11:09:00.000Z";"2026-04-04T11:12:00.000Z";993
"2026-04-04T11:12:00.000Z";"2026-04-04T11:15:00.000Z";994.888
"2026-04-04T11:15:00.000Z";"2026-04-04T11:18:00.000Z";998.888
"2026-04-04T11:18:00.000Z";"2026-04-04T11:21:00.000Z";998.389
"2026-04-04T11:21:00.000Z";"2026-04-04T11:24:00.000Z";999.11
"2026-04-04T11:24:00.000Z";"2026-04-04T11:27:00.000Z";1002.67
"2026-04-04T11:27:00.000Z";"2026-04-04T11:30:00.000Z";997.336
"2026-04-04T11:30:00.000Z";"2026-04-04T11:33:00.000Z";995.445
"2026-04-04T11:33:00.000Z";"2026-04-04T11:36:00.000Z";994.769
"2026-04-04T11:36:00.000Z";"2026-04-04T11:39:00.000Z";997
"2026-04-04T11:39:00.000Z";"2026-04-04T11:42:00.000Z";995.168
"2026-04-04T11:42:00.000Z";"2026-04-04T11:45:00.000Z";995.389
"2026-04-04T11:45:00.000Z";"2026-04-04T11:48:00.000Z";992.501
"2026-04-04T11:48:00.000Z";"2026-04-04T11:51:00.000Z";992.832
"2026-04-04T11:51:00.000Z";"2026-04-04T11:54:00.000Z";991.891
"2026-04-04T11:54:00.000Z";"2026-04-04T11:57:00.000Z";989.168
"2026-04-04T11:57:00.000Z";"2026-04-04T12:00:00.000Z";976.576
"2026-04-04T12:00:00.000Z";"2026-04-04T12:03:00.000Z";966.887
"2026-04-04T12:03:00.000Z";"2026-04-04T12:06:00.000Z";1056.77
"2026-04-04T12:06:00.000Z";"2026-04-04T12:09:00.000Z";1065.78
"2026-04-04T12:09:00.000Z";"2026-04-04T12:12:00.000Z";1066.21
"2026-04-04T12:12:00.000Z";"2026-04-04T12:15:00.000Z";1077.83
"2026-04-04T12:15:00.000Z";"2026-04-04T12:18:00.000Z";1080.33
"2026-04-04T12:18:00.000Z";"2026-04-04T12:21:00.000Z";1077.67
"2026-04-04T12:21:00.000Z";"2026-04-04T12:24:00.000Z";1074.17
"2026-04-04T12:24:00.000Z";"2026-04-04T12:27:00.000Z";1073.5
"2026-04-04T12:27:00.000Z";"2026-04-04T12:30:00.000Z";1076.61
"2026-04-04T12:30:00.000Z";"2026-04-04T12:33:00.000Z";1073.95
"2026-04-04T12:33:00.000Z";"2026-04-04T12:36:00.000Z";1068.73
"2026-04-04T12:36:00.000Z";"2026-04-04T12:39:00.000Z";1046.18
"2026-04-04T12:39:00.000Z";"2026-04-04T12:42:00.000Z";1044.66
"2026-04-04T12:42:00.000Z";"2026-04-04T12:45:00.000Z";1030.39
"2026-04-04T12:45:00.000Z";"2026-04-04T12:48:00.000Z";1028.22
"2026-04-04T12:48:00.000Z";"2026-04-04T12:51:00.000Z";1038.78
"2026-04-04T12:51:00.000Z";"2026-04-04T12:54:00.000Z";1043.33
"2026-04-04T12:54:00.000Z";"2026-04-04T12:57:00.000Z";1041.72
"2026-04-04T12:57:00.000Z";"2026-04-04T13:00:00.000Z";1049.6
"2026-04-04T13:00:00.000Z";"2026-04-04T13:03:00.000Z";1087.76
"2026-04-04T13:03:00.000Z";"2026-04-04T13:06:00.000Z";1102.44
"2026-04-04T13:06:00.000Z";"2026-04-04T13:09:00.000Z";1109.39
"2026-04-04T13:09:00.000Z";"2026-04-04T13:12:00.000Z";1107.78
"2026-04-04T13:12:00.000Z";"2026-04-04T13:15:00.000Z";1106.89
"2026-04-04T13:15:00.000Z";"2026-04-04T13:18:00.000Z";1109.44
"2026-04-04T13:18:00.000Z";"2026-04-04T13:21:00.000Z";1105.28
"2026-04-04T13:21:00.000Z";"2026-04-04T13:24:00.000Z";1103.78
"2026-04-04T13:24:00.000Z";"2026-04-04T13:27:00.000Z";1108.5
"2026-04-04T13:27:00.000Z";"2026-04-04T13:30:00.000Z";1109.44
"2026-04-04T13:30:00.000Z";"2026-04-04T13:33:00.000Z";1104.17
"2026-04-04T13:33:00.000Z";"2026-04-04T13:36:00.000Z";1107.17
"2026-04-04T13:36:00.000Z";"2026-04-04T13:39:00.000Z";1113.78
"2026-04-04T13:39:00.000Z";"2026-04-04T13:42:00.000Z";1112.61
"2026-04-04T13:42:00.000Z";"2026-04-04T13:45:00.000Z";1109
"2026-04-04T13:45:00.000Z";"2026-04-04T13:48:00.000Z";1110.11
"2026-04-04T13:48:00.000Z";"2026-04-04T13:51:00.000Z";1106.34
"2026-04-04T13:51:00.000Z";"2026-04-04T13:54:00.000Z";1106.22
"2026-04-04T13:54:00.000Z";"2026-04-04T13:57:00.000Z";1108.44
"2026-04-04T13:57:00.000Z";"2026-04-04T14:00:00.000Z";1114.11
"2026-04-04T14:00:00.000Z";"2026-04-04T14:03:00.000Z";1106.39
"2026-04-04T14:03:00.000Z";"2026-04-04T14:06:00.000Z";1091.67
"2026-04-04T14:06:00.000Z";"2026-04-04T14:09:00.000Z";1097.6
"2026-04-04T14:09:00.000Z";"2026-04-04T14:12:00.000Z";1127.38
"2026-04-04T14:12:00.000Z";"2026-04-04T14:15:00.000Z";1132.11
"2026-04-04T14:15:00.000Z";"2026-04-04T14:18:00.000Z";1130.45
"2026-04-04T14:18:00.000Z";"2026-04-04T14:21:00.000Z";1128.56
"2026-04-04T14:21:00.000Z";"2026-04-04T14:24:00.000Z";1130.44
"2026-04-04T14:24:00.000Z";"2026-04-04T14:27:00.000Z";1136.78
"2026-04-04T14:27:00.000Z";"2026-04-04T14:30:00.000Z";1138.72
"2026-04-04T14:30:00.000Z";"2026-04-04T14:33:00.000Z";1130.29
"2026-04-04T14:33:00.000Z";"2026-04-04T14:36:00.000Z";1107.84
"2026-04-04T14:36:00.000Z";"2026-04-04T14:39:00.000Z";1076.24
"2026-04-04T14:39:00.000Z";"2026-04-04T14:42:00.000Z";1076.77
"2026-04-04T14:42:00.000Z";"2026-04-04T14:45:00.000Z";1080.33
"2026-04-04T14:45:00.000Z";"2026-04-04T14:48:00.000Z";1071.06
"2026-04-04T14:48:00.000Z";"2026-04-04T14:51:00.000Z";1075.33
"2026-04-04T14:51:00.000Z";"2026-04-04T14:54:00.000Z";1084.05
"2026-04-04T14:54:00.000Z";"2026-04-04T14:57:00.000Z";1099.66
"2026-04-04T14:57:00.000Z";"2026-04-04T15:00:00.000Z";1113.65
"2026-04-04T15:00:00.000Z";"2026-04-04T15:03:00.000Z";1142.12
"2026-04-04T15:03:00.000Z";"2026-04-04T15:06:00.000Z";1150.17
"2026-04-04T15:06:00.000Z";"2026-04-04T15:09:00.000Z";1140.5
"2026-04-04T15:09:00.000Z";"2026-04-04T15:12:00.000Z";1134.22
"2026-04-04T15:12:00.000Z";"2026-04-04T15:15:00.000Z";1136.94
"2026-04-04T15:15:00.000Z";"2026-04-04T15:18:00.000Z";1157.66
"2026-04-04T15:18:00.000Z";"2026-04-04T15:21:00.000Z";1170.28
"2026-04-04T15:21:00.000Z";"2026-04-04T15:24:00.000Z";1175.48
"2026-04-04T15:24:00.000Z";"2026-04-04T15:27:00.000Z";1190.33
"2026-04-04T15:27:00.000Z";"2026-04-04T15:30:00.000Z";1194.05
"2026-04-04T15:30:00.000Z";"2026-04-04T15:33:00.000Z";1189.28
"2026-04-04T15:33:00.000Z";"2026-04-04T15:36:00.000Z";1188.55
"2026-04-04T15:36:00.000Z";"2026-04-04T15:39:00.000Z";1196.78
"2026-04-04T15:39:00.000Z";"2026-04-04T15:42:00.000Z";1194.18
"2026-04-04T15:42:00.000Z";"2026-04-04T15:45:00.000Z";1201.88
"2026-04-04T15:45:00.000Z";"2026-04-04T15:48:00.000Z";1228.78
"2026-04-04T15:48:00.000Z";"2026-04-04T15:51:00.000Z";1227.78
"2026-04-04T15:51:00.000Z";"2026-04-04T15:54:00.000Z";1229.44
"2026-04-04T15:54:00.000Z";"2026-04-04T15:57:00.000Z";1233.89
"2026-04-04T15:57:00.000Z";"2026-04-04T16:00:00.000Z";1240.33
"2026-04-04T16:00:00.000Z";"2026-04-04T16:03:00.000Z";1259.65
"2026-04-04T16:03:00.000Z";"2026-04-04T16:06:00.000Z";1252.23
"2026-04-04T16:06:00.000Z";"2026-04-04T16:09:00.000Z";1252.61
"2026-04-04T16:09:00.000Z";"2026-04-04T16:12:00.000Z";1259.89
"2026-04-04T16:12:00.000Z";"2026-04-04T16:15:00.000Z";1268.94
"2026-04-04T16:15:00.000Z";"2026-04-04T16:18:00.000Z";1267.67
"2026-04-04T16:18:00.000Z";"2026-04-04T16:21:00.000Z";1266.33
"2026-04-04T16:21:00.000Z";"2026-04-04T16:24:00.000Z";1269.61
"2026-04-04T16:24:00.000Z";"2026-04-04T16:27:00.000Z";1271
"2026-04-04T16:27:00.000Z";"2026-04-04T16:30:00.000Z";1299.98
"2026-04-04T16:30:00.000Z";"2026-04-04T16:33:00.000Z";1336.51
"2026-04-04T16:33:00.000Z";"2026-04-04T16:36:00.000Z";1325
"2026-04-04T16:36:00.000Z";"2026-04-04T16:39:00.000Z";1355.65
"2026-04-04T16:39:00.000Z";"2026-04-04T16:42:00.000Z";1380.38
"2026-04-04T16:42:00.000Z";"2026-04-04T16:45:00.000Z";1374.34
"2026-04-04T16:45:00.000Z";"2026-04-04T16:48:00.000Z";1376.44
"2026-04-04T16:48:00.000Z";"2026-04-04T16:51:00.000Z";1370.39
"2026-04-04T16:51:00.000Z";"2026-04-04T16:54:00.000Z";1368.17
"2026-04-04T16:54:00.000Z";"2026-04-04T16:57:00.000Z";1365.06
"2026-04-04T16:57:00.000Z";"2026-04-04T17:00:00.000Z";1365.22
"2026-04-04T17:00:00.000Z";"2026-04-04T17:03:00.000Z";1385.44
"2026-04-04T17:03:00.000Z";"2026-04-04T17:06:00.000Z";1385.29
"2026-04-04T17:06:00.000Z";"2026-04-04T17:09:00.000Z";1374.18
"2026-04-04T17:09:00.000Z";"2026-04-04T17:12:00.000Z";1342.56
"2026-04-04T17:12:00.000Z";"2026-04-04T17:15:00.000Z";1340.83
"2026-04-04T17:15:00.000Z";"2026-04-04T17:18:00.000Z";1337.83
"2026-04-04T17:18:00.000Z";"2026-04-04T17:21:00.000Z";1339.17
"2026-04-04T17:21:00.000Z";"2026-04-04T17:24:00.000Z";1345.39
"2026-04-04T17:24:00.000Z";"2026-04-04T17:27:00.000Z";1347.94
"2026-04-04T17:27:00.000Z";"2026-04-04T17:30:00.000Z";1380.08
"2026-04-04T17:30:00.000Z";"2026-04-04T17:33:00.000Z";1381.67
"2026-04-04T17:33:00.000Z";"2026-04-04T17:36:00.000Z";1378.17
"2026-04-04T17:36:00.000Z";"2026-04-04T17:39:00.000Z";1390.78
"2026-04-04T17:39:00.000Z";"2026-04-04T17:42:00.000Z";1394.39
"2026-04-04T17:42:00.000Z";"2026-04-04T17:45:00.000Z";1393.55
"2026-04-04T17:45:00.000Z";"2026-04-04T17:48:00.000Z";1401.11
"2026-04-04T17:48:00.000Z";"2026-04-04T17:51:00.000Z";1410.21
"2026-04-04T17:51:00.000Z";"2026-04-04T17:54:00.000Z";1410.45
"2026-04-04T17:54:00.000Z";"2026-04-04T17:57:00.000Z";1400.95
"2026-04-04T17:57:00.000Z";"2026-04-04T18:00:00.000Z";1401.72
"2026-04-04T18:00:00.000Z";"2026-04-04T18:03:00.000Z";1401.67
"2026-04-04T18:03:00.000Z";"2026-04-04T18:06:00.000Z";1399
"2026-04-04T18:06:00.000Z";"2026-04-04T18:09:00.000Z";1402.33
"2026-04-04T18:09:00.000Z";"2026-04-04T18:12:00.000Z";1402.11
"2026-04-04T18:12:00.000Z";"2026-04-04T18:15:00.000Z";1398.28
"2026-04-04T18:15:00.000Z";"2026-04-04T18:18:00.000Z";1397.83
"2026-04-04T18:18:00.000Z";"2026-04-04T18:21:00.000Z";1398.44
"2026-04-04T18:21:00.000Z";"2026-04-04T18:24:00.000Z";1398.83
"2026-04-04T18:24:00.000Z";"2026-04-04T18:27:00.000Z";1402.83
"2026-04-04T18:27:00.000Z";"2026-04-04T18:30:00.000Z";1403.94
"2026-04-04T18:30:00.000Z";"2026-04-04T18:33:00.000Z";1408.28
"2026-04-04T18:33:00.000Z";"2026-04-04T18:36:00.000Z";1411
"2026-04-04T18:36:00.000Z";"2026-04-04T18:39:00.000Z";1412.67
"2026-04-04T18:39:00.000Z";"2026-04-04T18:42:00.000Z";1410.44
"2026-04-04T18:42:00.000Z";"2026-04-04T18:45:00.000Z";1411.61
"2026-04-04T18:45:00.000Z";"2026-04-04T18:48:00.000Z";1411.22
"2026-04-04T18:48:00.000Z";"2026-04-04T18:51:00.000Z";1413
"2026-04-04T18:51:00.000Z";"2026-04-04T18:54:00.000Z";1411.45
"2026-04-04T18:54:00.000Z";"2026-04-04T18:57:00.000Z";1418.72
"2026-04-04T18:57:00.000Z";"2026-04-04T19:00:00.000Z";1416.06
"2026-04-04T19:00:00.000Z";"2026-04-04T19:03:00.000Z";1410.89
"2026-04-04T19:03:00.000Z";"2026-04-04T19:06:00.000Z";1421.88
"2026-04-04T19:06:00.000Z";"2026-04-04T19:09:00.000Z";1429.94
"2026-04-04T19:09:00.000Z";"2026-04-04T19:12:00.000Z";1438.78
"2026-04-04T19:12:00.000Z";"2026-04-04T19:15:00.000Z";1433.84
"2026-04-04T19:15:00.000Z";"2026-04-04T19:18:00.000Z";1434.67
"2026-04-04T19:18:00.000Z";"2026-04-04T19:21:00.000Z";1439.78
"2026-04-04T19:21:00.000Z";"2026-04-04T19:24:00.000Z";1443
"2026-04-04T19:24:00.000Z";"2026-04-04T19:27:00.000Z";1438.06
"2026-04-04T19:27:00.000Z";"2026-04-04T19:30:00.000Z";1425.12
"2026-04-04T19:30:00.000Z";"2026-04-04T19:33:00.000Z";1411.56
"2026-04-04T19:33:00.000Z";"2026-04-04T19:36:00.000Z";1409.56
"2026-04-04T19:36:00.000Z";"2026-04-04T19:39:00.000Z";1408.44
"2026-04-04T19:39:00.000Z";"2026-04-04T19:42:00.000Z";1416.05
"2026-04-04T19:42:00.000Z";"2026-04-04T19:45:00.000Z";1414.95
"2026-04-04T19:45:00.000Z";"2026-04-04T19:48:00.000Z";1412.17
"2026-04-04T19:48:00.000Z";"2026-04-04T19:51:00.000Z";1419.44
"2026-04-04T19:51:00.000Z";"2026-04-04T19:54:00.000Z";1419.83
"2026-04-04T19:54:00.000Z";"2026-04-04T19:57:00.000Z";1421.39
"2026-04-04T19:57:00.000Z";"2026-04-04T20:00:00.000Z";1413.95
"2026-04-04T20:00:00.000Z";"2026-04-04T20:03:00.000Z";1393.84
"2026-04-04T20:03:00.000Z";"2026-04-04T20:06:00.000Z";1382.06
"2026-04-04T20:06:00.000Z";"2026-04-04T20:09:00.000Z";1385.44
"2026-04-04T20:09:00.000Z";"2026-04-04T20:12:00.000Z";1383.89
"2026-04-04T20:12:00.000Z";"2026-04-04T20:15:00.000Z";1376.06
"2026-04-04T20:15:00.000Z";"2026-04-04T20:18:00.000Z";1376.5
"2026-04-04T20:18:00.000Z";"2026-04-04T20:21:00.000Z";1375.56
"2026-04-04T20:21:00.000Z";"2026-04-04T20:24:00.000Z";1371.06
"2026-04-04T20:24:00.000Z";"2026-04-04T20:27:00.000Z";1375.39
"2026-04-04T20:27:00.000Z";"2026-04-04T20:30:00.000Z";1376.78
"2026-04-04T20:30:00.000Z";"2026-04-04T20:33:00.000Z";1373.61
"2026-04-04T20:33:00.000Z";"2026-04-04T20:36:00.000Z";1380.77
"2026-04-04T20:36:00.000Z";"2026-04-04T20:39:00.000Z";1378.83
"2026-04-04T20:39:00.000Z";"2026-04-04T20:42:00.000Z";1375.28
"2026-04-04T20:42:00.000Z";"2026-04-04T20:45:00.000Z";1379.16
"2026-04-04T20:45:00.000Z";"2026-04-04T20:48:00.000Z";1416.38
"2026-04-04T20:48:00.000Z";"2026-04-04T20:51:00.000Z";1423.39
"2026-04-04T20:51:00.000Z";"2026-04-04T20:54:00.000Z";1421.11
"2026-04-04T20:54:00.000Z";"2026-04-04T20:57:00.000Z";1421.83
"2026-04-04T20:57:00.000Z";"2026-04-04T21:00:00.000Z";1420.61
"2026-04-04T21:00:00.000Z";"2026-04-04T21:03:00.000Z";1411.5
"2026-04-04T21:03:00.000Z";"2026-04-04T21:06:00.000Z";1424.83
"2026-04-04T21:06:00.000Z";"2026-04-04T21:09:00.000Z";1421.56
"2026-04-04T21:09:00.000Z";"2026-04-04T21:12:00.000Z";1391.01
"2026-04-04T21:12:00.000Z";"2026-04-04T21:15:00.000Z";1380.9
"2026-04-04T21:15:00.000Z";"2026-04-04T21:18:00.000Z";1373.06
"2026-04-04T21:18:00.000Z";"2026-04-04T21:21:00.000Z";1371.39
"2026-04-04T21:21:00.000Z";"2026-04-04T21:24:00.000Z";1369.56
"2026-04-04T21:24:00.000Z";"2026-04-04T21:27:00.000Z";1366.83
"2026-04-04T21:27:00.000Z";"2026-04-04T21:30:00.000Z";1359.23
"2026-04-04T21:30:00.000Z";"2026-04-04T21:33:00.000Z";1360.5
"2026-04-04T21:33:00.000Z";"2026-04-04T21:36:00.000Z";1366.17
"2026-04-04T21:36:00.000Z";"2026-04-04T21:39:00.000Z";1364.56
"2026-04-04T21:39:00.000Z";"2026-04-04T21:42:00.000Z";1363.39
"2026-04-04T21:42:00.000Z";"2026-04-04T21:45:00.000Z";1364.5
"2026-04-04T21:45:00.000Z";"2026-04-04T21:48:00.000Z";1368.17
"2026-04-04T21:48:00.000Z";"2026-04-04T21:51:00.000Z";1373.6
"2026-04-04T21:51:00.000Z";"2026-04-04T21:54:00.000Z";1373.84
"2026-04-04T21:54:00.000Z";"2026-04-04T21:57:00.000Z";1380.37
"2026-04-04T21:57:00.000Z";"2026-04-04T22:00:00.000Z";1403.83
"2026-04-04T22:00:00.000Z";"2026-04-04T22:03:00.000Z";1388.23
"2026-04-04T22:03:00.000Z";"2026-04-04T22:06:00.000Z";1373.12
"2026-04-04T22:06:00.000Z";"2026-04-04T22:09:00.000Z";1383.42
"2026-04-04T22:09:00.000Z";"2026-04-04T22:12:00.000Z";1397.5
"2026-04-04T22:12:00.000Z";"2026-04-04T22:15:00.000Z";1388.83
"2026-04-04T22:15:00.000Z";"2026-04-04T22:18:00.000Z";1383.95
"2026-04-04T22:18:00.000Z";"2026-04-04T22:21:00.000Z";1378.44
"2026-04-04T22:21:00.000Z";"2026-04-04T22:24:00.000Z";1373.51
"2026-04-04T22:24:00.000Z";"2026-04-04T22:27:00.000Z";1342.67
"2026-04-04T22:27:00.000Z";"2026-04-04T22:30:00.000Z";1349.89
"2026-04-04T22:30:00.000Z";"2026-04-04T22:33:00.000Z";1349.83
"2026-04-04T22:33:00.000Z";"2026-04-04T22:36:00.000Z";1345.34
"2026-04-04T22:36:00.000Z";"2026-04-04T22:39:00.000Z";1339.89
"2026-04-04T22:39:00.000Z";"2026-04-04T22:42:00.000Z";1338.67
"2026-04-04T22:42:00.000Z";"2026-04-04T22:45:00.000Z";1338.28
"2026-04-04T22:45:00.000Z";"2026-04-04T22:48:00.000Z";1358.43
"2026-04-04T22:48:00.000Z";"2026-04-04T22:51:00.000Z";1379
"2026-04-04T22:51:00.000Z";"2026-04-04T22:54:00.000Z";1384.33
"2026-04-04T22:54:00.000Z";"2026-04-04T22:57:00.000Z";1386.33
"2026-04-04T22:57:00.000Z";"2026-04-04T23:00:00.000Z";1385.94
"2026-04-04T23:00:00.000Z";"2026-04-04T23:03:00.000Z";1392.16
"2026-04-04T23:03:00.000Z";"2026-04-04T23:06:00.000Z";1394.22
"2026-04-04T23:06:00.000Z";"2026-04-04T23:09:00.000Z";1393.55
"2026-04-04T23:09:00.000Z";"2026-04-04T23:12:00.000Z";1391
"2026-04-04T23:12:00.000Z";"2026-04-04T23:15:00.000Z";1385.89
"2026-04-04T23:15:00.000Z";"2026-04-04T23:18:00.000Z";1391.16
"2026-04-04T23:18:00.000Z";"2026-04-04T23:21:00.000Z";1395.61
"2026-04-04T23:21:00.000Z";"2026-04-04T23:24:00.000Z";1391.44
"2026-04-04T23:24:00.000Z";"2026-04-04T23:27:00.000Z";1394.39
"2026-04-04T23:27:00.000Z";"2026-04-04T23:30:00.000Z";1396.67
"2026-04-04T23:30:00.000Z";"2026-04-04T23:33:00.000Z";1390.28
"2026-04-04T23:33:00.000Z";"2026-04-04T23:36:00.000Z";1384.33
"2026-04-04T23:36:00.000Z";"2026-04-04T23:39:00.000Z";1384.78
"2026-04-04T23:39:00.000Z";"2026-04-04T23:42:00.000Z";1380.95
"2026-04-04T23:42:00.000Z";"2026-04-04T23:45:00.000Z";1379.61
"2026-04-04T23:45:00.000Z";"2026-04-04T23:48:00.000Z";1375.51
"2026-04-04T23:48:00.000Z";"2026-04-04T23:51:00.000Z";1367.61
"2026-04-04T23:51:00.000Z";"2026-04-04T23:54:00.000Z";1364.39
"2026-04-04T23:54:00.000Z";"2026-04-04T23:57:00.000Z";1359.11
"2026-04-04T23:57:00.000Z";"2026-04-05T00:00:00.000Z";1355.22
"2026-04-05T00:00:00.000Z";"2026-04-05T00:03:00.000Z";1357.22
"2026-04-05T00:03:00.000Z";"2026-04-05T00:06:00.000Z";1370.66
"2026-04-05T00:06:00.000Z";"2026-04-05T00:09:00.000Z";1381.88
"2026-04-05T00:09:00.000Z";"2026-04-05T00:12:00.000Z";1416.32
"2026-04-05T00:12:00.000Z";"2026-04-05T00:15:00.000Z";1414.95
"2026-04-05T00:15:00.000Z";"2026-04-05T00:18:00.000Z";1409.78
"2026-04-05T00:18:00.000Z";"2026-04-05T00:21:00.000Z";1415.72
"2026-04-05T00:21:00.000Z";"2026-04-05T00:24:00.000Z";1420.61
"2026-04-05T00:24:00.000Z";"2026-04-05T00:27:00.000Z";1420.28
"2026-04-05T00:27:00.000Z";"2026-04-05T00:30:00.000Z";1417.56
"2026-04-05T00:30:00.000Z";"2026-04-05T00:33:00.000Z";1421.44
"2026-04-05T00:33:00.000Z";"2026-04-05T00:36:00.000Z";1423.28
"2026-04-05T00:36:00.000Z";"2026-04-05T00:39:00.000Z";1421
"2026-04-05T00:39:00.000Z";"2026-04-05T00:42:00.000Z";1421.72
"2026-04-05T00:42:00.000Z";"2026-04-05T00:45:00.000Z";1422.67
"2026-04-05T00:45:00.000Z";"2026-04-05T00:48:00.000Z";1423.39
"2026-04-05T00:48:00.000Z";"2026-04-05T00:51:00.000Z";1426.11
"2026-04-05T00:51:00.000Z";"2026-04-05T00:54:00.000Z";1407.07
"2026-04-05T00:54:00.000Z";"2026-04-05T00:57:00.000Z";1386.45
"2026-04-05T00:57:00.000Z";"2026-04-05T01:00:00.000Z";1379.41
"2026-04-05T01:00:00.000Z";"2026-04-05T01:03:00.000Z";1359.34
"2026-04-05T01:03:00.000Z";"2026-04-05T01:06:00.000Z";1334.97
"2026-04-05T01:06:00.000Z";"2026-04-05T01:09:00.000Z";1292.36
"2026-04-05T01:09:00.000Z";"2026-04-05T01:12:00.000Z";1284.94
"2026-04-05T01:12:00.000Z";"2026-04-05T01:15:00.000Z";1285.89
"2026-04-05T01:15:00.000Z";"2026-04-05T01:18:00.000Z";1286.17
"2026-04-05T01:18:00.000Z";"2026-04-05T01:21:00.000Z";1285.33
"2026-04-05T01:21:00.000Z";"2026-04-05T01:24:00.000Z";1285.61
"2026-04-05T01:24:00.000Z";"2026-04-05T01:27:00.000Z";1287.28
"2026-04-05T01:27:00.000Z";"2026-04-05T01:30:00.000Z";1286.39
"2026-04-05T01:30:00.000Z";"2026-04-05T01:33:00.000Z";1284.78
"2026-04-05T01:33:00.000Z";"2026-04-05T01:36:00.000Z";1285.89
"2026-04-05T01:36:00.000Z";"2026-04-05T01:39:00.000Z";1289
"2026-04-05T01:39:00.000Z";"2026-04-05T01:42:00.000Z";1298.11
"2026-04-05T01:42:00.000Z";"2026-04-05T01:45:00.000Z";1298.56
"2026-04-05T01:45:00.000Z";"2026-04-05T01:48:00.000Z";1296.72
"2026-04-05T01:48:00.000Z";"2026-04-05T01:51:00.000Z";1292.45
"2026-04-05T01:51:00.000Z";"2026-04-05T01:54:00.000Z";1290.17
"2026-04-05T01:54:00.000Z";"2026-04-05T01:57:00.000Z";1291
"2026-04-05T01:57:00.000Z";"2026-04-05T02:00:00.000Z";1279.06
"2026-04-05T02:00:00.000Z";"2026-04-05T02:03:00.000Z";1279.44
"2026-04-05T02:03:00.000Z";"2026-04-05T02:06:00.000Z";1280.28
"2026-04-05T02:06:00.000Z";"2026-04-05T02:09:00.000Z";1273.05
"2026-04-05T02:09:00.000Z";"2026-04-05T02:12:00.000Z";1278.28
"2026-04-05T02:12:00.000Z";"2026-04-05T02:15:00.000Z";1274.89
"2026-04-05T02:15:00.000Z";"2026-04-05T02:18:00.000Z";1275.89
"2026-04-05T02:18:00.000Z";"2026-04-05T02:21:00.000Z";1280.39
"2026-04-05T02:21:00.000Z";"2026-04-05T02:24:00.000Z";1279.17
"2026-04-05T02:24:00.000Z";"2026-04-05T02:27:00.000Z";1280.5
"2026-04-05T02:27:00.000Z";"2026-04-05T02:30:00.000Z";1281
"2026-04-05T02:30:00.000Z";"2026-04-05T02:33:00.000Z";1282.61
"2026-04-05T02:33:00.000Z";"2026-04-05T02:36:00.000Z";1283.17
"2026-04-05T02:36:00.000Z";"2026-04-05T02:39:00.000Z";1281.56
"2026-04-05T02:39:00.000Z";"2026-04-05T02:42:00.000Z";1281.06
"2026-04-05T02:42:00.000Z";"2026-04-05T02:45:00.000Z";1280.94
"2026-04-05T02:45:00.000Z";"2026-04-05T02:48:00.000Z";1283.17
"2026-04-05T02:48:00.000Z";"2026-04-05T02:51:00.000Z";1293.05
"2026-04-05T02:51:00.000Z";"2026-04-05T02:54:00.000Z";1296.56
"2026-04-05T02:54:00.000Z";"2026-04-05T02:57:00.000Z";1298.78
"2026-04-05T03:00:00.000Z";"2026-04-05T03:03:00.000Z";1295.78
"2026-04-05T03:03:00.000Z";"2026-04-05T03:06:00.000Z";1299.66
"2026-04-05T03:06:00.000Z";"2026-04-05T03:09:00.000Z";1300.57
"2026-04-05T03:09:00.000Z";"2026-04-05T03:12:00.000Z";1297.83
"2026-04-05T03:12:00.000Z";"2026-04-05T03:15:00.000Z";1300.11
"2026-04-05T03:15:00.000Z";"2026-04-05T03:18:00.000Z";1309.77
"2026-04-05T03:18:00.000Z";"2026-04-05T03:21:00.000Z";1322.67
"2026-04-05T03:21:00.000Z";"2026-04-05T03:24:00.000Z";1315.78
"2026-04-05T03:24:00.000Z";"2026-04-05T03:27:00.000Z";1308
"2026-04-05T03:27:00.000Z";"2026-04-05T03:30:00.000Z";1301.56
"2026-04-05T03:30:00.000Z";"2026-04-05T03:33:00.000Z";1305
"2026-04-05T03:33:00.000Z";"2026-04-05T03:36:00.000Z";1309.77
"2026-04-05T03:36:00.000Z";"2026-04-05T03:39:00.000Z";1304.23
"2026-04-05T03:39:00.000Z";"2026-04-05T03:42:00.000Z";1299.11
"2026-04-05T03:42:00.000Z";"2026-04-05T03:45:00.000Z";1296.94
"2026-04-05T03:45:00.000Z";"2026-04-05T03:48:00.000Z";1299.89
"2026-04-05T03:48:00.000Z";"2026-04-05T03:51:00.000Z";1302.39
"2026-04-05T03:51:00.000Z";"2026-04-05T03:54:00.000Z";1301.28
"2026-04-05T03:54:00.000Z";"2026-04-05T03:57:00.000Z";1302.78
"2026-04-05T03:57:00.000Z";"2026-04-05T04:00:00.000Z";1314.33
"2026-04-05T04:00:00.000Z";"2026-04-05T04:03:00.000Z";1320.27
"2026-04-05T04:03:00.000Z";"2026-04-05T04:06:00.000Z";1337.93
"2026-04-05T04:06:00.000Z";"2026-04-05T04:09:00.000Z";1351.26
"2026-04-05T04:09:00.000Z";"2026-04-05T04:12:00.000Z";1368.49
"2026-04-05T04:12:00.000Z";"2026-04-05T04:15:00.000Z";1372
"2026-04-05T04:15:00.000Z";"2026-04-05T04:18:00.000Z";1375.44
"2026-04-05T04:18:00.000Z";"2026-04-05T04:21:00.000Z";1371.06
"2026-04-05T04:21:00.000Z";"2026-04-05T04:24:00.000Z";1366.11
"2026-04-05T04:24:00.000Z";"2026-04-05T04:27:00.000Z";1363.95
"2026-04-05T04:27:00.000Z";"2026-04-05T04:30:00.000Z";1360.44
"2026-04-05T04:30:00.000Z";"2026-04-05T04:33:00.000Z";1355.78
"2026-04-05T04:33:00.000Z";"2026-04-05T04:36:00.000Z";1361.11
"2026-04-05T04:36:00.000Z";"2026-04-05T04:39:00.000Z";1358.67
"2026-04-05T04:39:00.000Z";"2026-04-05T04:42:00.000Z";1346.34
"2026-04-05T04:42:00.000Z";"2026-04-05T04:45:00.000Z";1340.67
"2026-04-05T04:45:00.000Z";"2026-04-05T04:48:00.000Z";1338.82
"2026-04-05T04:48:00.000Z";"2026-04-05T04:51:00.000Z";1348.89
"2026-04-05T04:51:00.000Z";"2026-04-05T04:54:00.000Z";1346.95
"2026-04-05T04:54:00.000Z";"2026-04-05T04:57:00.000Z";1340.67
"2026-04-05T04:57:00.000Z";"2026-04-05T05:00:00.000Z";1315.25
"2026-04-05T05:00:00.000Z";"2026-04-05T05:03:00.000Z";1290.61
"2026-04-05T05:03:00.000Z";"2026-04-05T05:06:00.000Z";1277.79
"2026-04-05T05:06:00.000Z";"2026-04-05T05:09:00.000Z";1267.67
"2026-04-05T05:09:00.000Z";"2026-04-05T05:12:00.000Z";1255.34
"2026-04-05T05:12:00.000Z";"2026-04-05T05:15:00.000Z";1240.34
"2026-04-05T05:15:00.000Z";"2026-04-05T05:18:00.000Z";1226.83
"2026-04-05T05:18:00.000Z";"2026-04-05T05:21:00.000Z";1229.06
"2026-04-05T05:21:00.000Z";"2026-04-05T05:24:00.000Z";1231.67
"2026-04-05T05:24:00.000Z";"2026-04-05T05:27:00.000Z";1232.39
"2026-04-05T05:27:00.000Z";"2026-04-05T05:30:00.000Z";1232.06
"2026-04-05T05:30:00.000Z";"2026-04-05T05:33:00.000Z";1231.61
"2026-04-05T05:33:00.000Z";"2026-04-05T05:36:00.000Z";1229.28
"2026-04-05T05:36:00.000Z";"2026-04-05T05:39:00.000Z";1226.33
"2026-04-05T05:39:00.000Z";"2026-04-05T05:42:00.000Z";1227.06
"2026-04-05T05:42:00.000Z";"2026-04-05T05:45:00.000Z";1226.39
"2026-04-05T05:45:00.000Z";"2026-04-05T05:48:00.000Z";1225.83
"2026-04-05T05:48:00.000Z";"2026-04-05T05:51:00.000Z";1235.83
"2026-04-05T05:51:00.000Z";"2026-04-05T05:54:00.000Z";1236.11
"2026-04-05T05:54:00.000Z";"2026-04-05T05:57:00.000Z";1234.61
"2026-04-05T05:57:00.000Z";"2026-04-05T06:00:00.000Z";1235.33
"2026-04-05T06:00:00.000Z";"2026-04-05T06:03:00.000Z";1234.11
"2026-04-05T06:03:00.000Z";"2026-04-05T06:06:00.000Z";1212.46
"2026-04-05T06:06:00.000Z";"2026-04-05T06:09:00.000Z";1175.06
"2026-04-05T06:09:00.000Z";"2026-04-05T06:12:00.000Z";1163.84
"2026-04-05T06:12:00.000Z";"2026-04-05T06:15:00.000Z";1170.05
"2026-04-05T06:15:00.000Z";"2026-04-05T06:18:00.000Z";1169
"2026-04-05T06:18:00.000Z";"2026-04-05T06:21:00.000Z";1166.22
"2026-04-05T06:21:00.000Z";"2026-04-05T06:24:00.000Z";1164.22
"2026-04-05T06:24:00.000Z";"2026-04-05T06:27:00.000Z";1165.33
"2026-04-05T06:27:00.000Z";"2026-04-05T06:30:00.000Z";1161.61
"2026-04-05T06:30:00.000Z";"2026-04-05T06:33:00.000Z";1161.39
"2026-04-05T06:33:00.000Z";"2026-04-05T06:36:00.000Z";1165.11
"2026-04-05T06:36:00.000Z";"2026-04-05T06:39:00.000Z";1160.11
"2026-04-05T06:39:00.000Z";"2026-04-05T06:42:00.000Z";1163.44
"2026-04-05T06:42:00.000Z";"2026-04-05T06:45:00.000Z";1162.89
"2026-04-05T06:45:00.000Z";"2026-04-05T06:48:00.000Z";1164.54
"2026-04-05T06:48:00.000Z";"2026-04-05T06:51:00.000Z";1169.17
"2026-04-05T06:51:00.000Z";"2026-04-05T06:54:00.000Z";1167.56
"2026-04-05T06:54:00.000Z";"2026-04-05T06:57:00.000Z";1166.84
"2026-04-05T06:57:00.000Z";"2026-04-05T07:00:00.000Z";1157.89
"2026-04-05T07:00:00.000Z";"2026-04-05T07:03:00.000Z";1074.49
"2026-04-05T07:03:00.000Z";"2026-04-05T07:06:00.000Z";1034.84
"2026-04-05T07:06:00.000Z";"2026-04-05T07:09:00.000Z";1039.16
"2026-04-05T07:09:00.000Z";"2026-04-05T07:12:00.000Z";1033.89
"2026-04-05T07:12:00.000Z";"2026-04-05T07:15:00.000Z";1035.72
"2026-04-05T07:15:00.000Z";"2026-04-05T07:18:00.000Z";1036.72
"2026-04-05T07:18:00.000Z";"2026-04-05T07:21:00.000Z";1038.06
"2026-04-05T07:21:00.000Z";"2026-04-05T07:24:00.000Z";1034.83
"2026-04-05T07:24:00.000Z";"2026-04-05T07:27:00.000Z";1039.94
"2026-04-05T07:27:00.000Z";"2026-04-05T07:30:00.000Z";1037.33
"2026-04-05T07:30:00.000Z";"2026-04-05T07:33:00.000Z";1041.16
"2026-04-05T07:33:00.000Z";"2026-04-05T07:36:00.000Z";1042.94
"2026-04-05T07:36:00.000Z";"2026-04-05T07:39:00.000Z";1037.72
"2026-04-05T07:39:00.000Z";"2026-04-05T07:42:00.000Z";1037.33
"2026-04-05T07:42:00.000Z";"2026-04-05T07:45:00.000Z";1020.85
"2026-04-05T07:45:00.000Z";"2026-04-05T07:48:00.000Z";1007.72
"2026-04-05T07:48:00.000Z";"2026-04-05T07:51:00.000Z";1005.11
"2026-04-05T07:51:00.000Z";"2026-04-05T07:54:00.000Z";995.95
"2026-04-05T07:54:00.000Z";"2026-04-05T07:57:00.000Z";996.332
"2026-04-05T07:57:00.000Z";"2026-04-05T08:00:00.000Z";992.896
"2026-04-05T08:00:00.000Z";"2026-04-05T08:03:00.000Z";964.029
"2026-04-05T08:03:00.000Z";"2026-04-05T08:06:00.000Z";925.566
"2026-04-05T08:06:00.000Z";"2026-04-05T08:09:00.000Z";909.065
"2026-04-05T08:09:00.000Z";"2026-04-05T08:12:00.000Z";888.857
"2026-04-05T08:12:00.000Z";"2026-04-05T08:15:00.000Z";885.833
"2026-04-05T08:15:00.000Z";"2026-04-05T08:18:00.000Z";878.399
"2026-04-05T08:18:00.000Z";"2026-04-05T08:21:00.000Z";874.502
"2026-04-05T08:21:00.000Z";"2026-04-05T08:24:00.000Z";868.5
"2026-04-05T08:24:00.000Z";"2026-04-05T08:27:00.000Z";874.559
"2026-04-05T08:27:00.000Z";"2026-04-05T08:30:00.000Z";866.329
"2026-04-05T08:30:00.000Z";"2026-04-05T08:33:00.000Z";873.053
"2026-04-05T08:33:00.000Z";"2026-04-05T08:36:00.000Z";874.611
"2026-04-05T08:36:00.000Z";"2026-04-05T08:39:00.000Z";871.611
"2026-04-05T08:39:00.000Z";"2026-04-05T08:42:00.000Z";871.278
"2026-04-05T08:42:00.000Z";"2026-04-05T08:45:00.000Z";873.499
"2026-04-05T08:45:00.000Z";"2026-04-05T08:48:00.000Z";883.1
"2026-04-05T08:48:00.000Z";"2026-04-05T08:51:00.000Z";894.384
"2026-04-05T08:51:00.000Z";"2026-04-05T08:54:00.000Z";898.11
"2026-04-05T08:54:00.000Z";"2026-04-05T08:57:00.000Z";901.5
"2026-04-05T08:57:00.000Z";"2026-04-05T09:00:00.000Z";901.225
"2026-04-05T09:00:00.000Z";"2026-04-05T09:03:00.000Z";898.167
"2026-04-05T09:03:00.000Z";"2026-04-05T09:06:00.000Z";898.387
"2026-04-05T09:06:00.000Z";"2026-04-05T09:09:00.000Z";900.666
"2026-04-05T09:09:00.000Z";"2026-04-05T09:12:00.000Z";903.721
"2026-04-05T09:12:00.000Z";"2026-04-05T09:15:00.000Z";904.609
"2026-04-05T09:15:00.000Z";"2026-04-05T09:18:00.000Z";906.111
"2026-04-05T09:18:00.000Z";"2026-04-05T09:21:00.000Z";905.832
"2026-04-05T09:21:00.000Z";"2026-04-05T09:24:00.000Z";917.6
"2026-04-05T09:24:00.000Z";"2026-04-05T09:27:00.000Z";937.489
"2026-04-05T09:27:00.000Z";"2026-04-05T09:30:00.000Z";946.593
"2026-04-05T09:30:00.000Z";"2026-04-05T09:33:00.000Z";959.107
"2026-04-05T09:33:00.000Z";"2026-04-05T09:36:00.000Z";965.056
"2026-04-05T09:36:00.000Z";"2026-04-05T09:39:00.000Z";956.834
"2026-04-05T09:39:00.000Z";"2026-04-05T09:42:00.000Z";953.946
"2026-04-05T09:42:00.000Z";"2026-04-05T09:45:00.000Z";954.446
"2026-04-05T09:45:00.000Z";"2026-04-05T09:48:00.000Z";956.667
"2026-04-05T09:48:00.000Z";"2026-04-05T09:51:00.000Z";966.778
"2026-04-05T09:51:00.000Z";"2026-04-05T09:54:00.000Z";964.001
"2026-04-05T09:54:00.000Z";"2026-04-05T09:57:00.000Z";974.048
"2026-04-05T09:57:00.000Z";"2026-04-05T10:00:00.000Z";982.889
"2026-04-05T10:00:00.000Z";"2026-04-05T10:03:00.000Z";989.053
"2026-04-05T10:03:00.000Z";"2026-04-05T10:06:00.000Z";999.109
"2026-04-05T10:06:00.000Z";"2026-04-05T10:09:00.000Z";1006.66
"2026-04-05T10:09:00.000Z";"2026-04-05T10:12:00.000Z";1010.61
"2026-04-05T10:12:00.000Z";"2026-04-05T10:15:00.000Z";1011.89
"2026-04-05T10:15:00.000Z";"2026-04-05T10:18:00.000Z";1027.16
"2026-04-05T10:18:00.000Z";"2026-04-05T10:21:00.000Z";1050.11
"2026-04-05T10:21:00.000Z";"2026-04-05T10:24:00.000Z";1044.51
"2026-04-05T10:24:00.000Z";"2026-04-05T10:27:00.000Z";1005.8
"2026-04-05T10:27:00.000Z";"2026-04-05T10:30:00.000Z";975.279
"2026-04-05T10:30:00.000Z";"2026-04-05T10:33:00.000Z";965.617
"2026-04-05T10:33:00.000Z";"2026-04-05T10:36:00.000Z";957.837
"2026-04-05T10:36:00.000Z";"2026-04-05T10:39:00.000Z";950.054
"2026-04-05T10:39:00.000Z";"2026-04-05T10:42:00.000Z";952.111
"2026-04-05T10:42:00.000Z";"2026-04-05T10:45:00.000Z";954.328
"2026-04-05T10:45:00.000Z";"2026-04-05T10:48:00.000Z";966.598
"2026-04-05T10:48:00.000Z";"2026-04-05T10:51:00.000Z";975.162
"2026-04-05T10:51:00.000Z";"2026-04-05T10:54:00.000Z";990.886
"2026-04-05T10:54:00.000Z";"2026-04-05T10:57:00.000Z";992.667
"2026-04-05T10:57:00.000Z";"2026-04-05T11:00:00.000Z";978.677
"2026-04-05T11:00:00.000Z";"2026-04-05T11:03:00.000Z";964.661
"2026-04-05T11:03:00.000Z";"2026-04-05T11:06:00.000Z";963.724
"2026-04-05T11:06:00.000Z";"2026-04-05T11:09:00.000Z";977.612
"2026-04-05T11:09:00.000Z";"2026-04-05T11:12:00.000Z";987.099
"2026-04-05T11:12:00.000Z";"2026-04-05T11:15:00.000Z";982.226
"2026-04-05T11:15:00.000Z";"2026-04-05T11:18:00.000Z";982.557
"2026-04-05T11:18:00.000Z";"2026-04-05T11:21:00.000Z";968.454
"2026-04-05T11:21:00.000Z";"2026-04-05T11:24:00.000Z";952.01
"2026-04-05T11:24:00.000Z";"2026-04-05T11:27:00.000Z";941.662
"2026-04-05T11:27:00.000Z";"2026-04-05T11:30:00.000Z";948.719
"2026-04-05T11:30:00.000Z";"2026-04-05T11:33:00.000Z";968.088
"2026-04-05T11:33:00.000Z";"2026-04-05T11:36:00.000Z";980.613
"2026-04-05T11:36:00.000Z";"2026-04-05T11:39:00.000Z";962.897
"2026-04-05T11:39:00.000Z";"2026-04-05T11:42:00.000Z";956.107
"2026-04-05T11:42:00.000Z";"2026-04-05T11:45:00.000Z";960.445
"2026-04-05T11:45:00.000Z";"2026-04-05T11:48:00.000Z";977.764
"2026-04-05T11:48:00.000Z";"2026-04-05T11:51:00.000Z";995.874
"2026-04-05T11:51:00.000Z";"2026-04-05T11:54:00.000Z";996.725
"2026-04-05T11:54:00.000Z";"2026-04-05T11:57:00.000Z";976.293
"2026-04-05T11:57:00.000Z";"2026-04-05T12:00:00.000Z";974.66
"2026-04-05T12:00:00.000Z";"2026-04-05T12:03:00.000Z";983.555
"2026-04-05T12:03:00.000Z";"2026-04-05T12:06:00.000Z";977.445
"2026-04-05T12:06:00.000Z";"2026-04-05T12:09:00.000Z";973.954
"2026-04-05T12:09:00.000Z";"2026-04-05T12:12:00.000Z";947.573
"2026-04-05T12:12:00.000Z";"2026-04-05T12:15:00.000Z";926.341
"2026-04-05T12:15:00.000Z";"2026-04-05T12:18:00.000Z";923.002
"2026-04-05T12:18:00.000Z";"2026-04-05T12:21:00.000Z";918.669
"2026-04-05T12:21:00.000Z";"2026-04-05T12:24:00.000Z";915.997
"2026-04-05T12:24:00.000Z";"2026-04-05T12:27:00.000Z";915.556
"2026-04-05T12:27:00.000Z";"2026-04-05T12:30:00.000Z";913.223
"2026-04-05T12:30:00.000Z";"2026-04-05T12:33:00.000Z";909.723
"2026-04-05T12:33:00.000Z";"2026-04-05T12:36:00.000Z";905.668
"2026-04-05T12:36:00.000Z";"2026-04-05T12:39:00.000Z";904.723
"2026-04-05T12:39:00.000Z";"2026-04-05T12:42:00.000Z";905.222
"2026-04-05T12:42:00.000Z";"2026-04-05T12:45:00.000Z";900.624
"2026-04-05T12:45:00.000Z";"2026-04-05T12:48:00.000Z";908.822
"2026-04-05T12:48:00.000Z";"2026-04-05T12:51:00.000Z";919.446
"2026-04-05T12:51:00.000Z";"2026-04-05T12:54:00.000Z";890.4
"2026-04-05T12:54:00.000Z";"2026-04-05T12:57:00.000Z";890.555
"2026-04-05T12:57:00.000Z";"2026-04-05T13:00:00.000Z";899.979
"2026-04-05T13:00:00.000Z";"2026-04-05T13:03:00.000Z";925.492
"2026-04-05T13:03:00.000Z";"2026-04-05T13:06:00.000Z";928.666
"2026-04-05T13:06:00.000Z";"2026-04-05T13:09:00.000Z";934.054
"2026-04-05T13:09:00.000Z";"2026-04-05T13:12:00.000Z";937.72
"2026-04-05T13:12:00.000Z";"2026-04-05T13:15:00.000Z";936.835
"2026-04-05T13:15:00.000Z";"2026-04-05T13:18:00.000Z";936.168
"2026-04-05T13:18:00.000Z";"2026-04-05T13:21:00.000Z";937.939
"2026-04-05T13:21:00.000Z";"2026-04-05T13:24:00.000Z";940.667
"2026-04-05T13:24:00.000Z";"2026-04-05T13:27:00.000Z";944.664
"2026-04-05T13:27:00.000Z";"2026-04-05T13:30:00.000Z";947.389
"2026-04-05T13:30:00.000Z";"2026-04-05T13:33:00.000Z";942.118
"2026-04-05T13:33:00.000Z";"2026-04-05T13:36:00.000Z";934.947
"2026-04-05T13:36:00.000Z";"2026-04-05T13:39:00.000Z";940.109
"2026-04-05T13:39:00.000Z";"2026-04-05T13:42:00.000Z";950.269
"2026-04-05T13:42:00.000Z";"2026-04-05T13:45:00.000Z";967.775
"2026-04-05T13:45:00.000Z";"2026-04-05T13:48:00.000Z";974.943
"2026-04-05T13:48:00.000Z";"2026-04-05T13:51:00.000Z";960.404
"2026-04-05T13:51:00.000Z";"2026-04-05T13:54:00.000Z";956.554
"2026-04-05T13:54:00.000Z";"2026-04-05T13:57:00.000Z";980.654
"2026-04-05T13:57:00.000Z";"2026-04-05T14:00:00.000Z";1003.27
"2026-04-05T14:00:00.000Z";"2026-04-05T14:03:00.000Z";993.629
"2026-04-05T14:03:00.000Z";"2026-04-05T14:06:00.000Z";943.671
"2026-04-05T14:06:00.000Z";"2026-04-05T14:09:00.000Z";953.988
"2026-04-05T14:09:00.000Z";"2026-04-05T14:12:00.000Z";944.779
"2026-04-05T14:12:00.000Z";"2026-04-05T14:15:00.000Z";933.615
"2026-04-05T14:15:00.000Z";"2026-04-05T14:18:00.000Z";931.22
"2026-04-05T14:18:00.000Z";"2026-04-05T14:21:00.000Z";922.673
"2026-04-05T14:21:00.000Z";"2026-04-05T14:24:00.000Z";924.605
"2026-04-05T14:24:00.000Z";"2026-04-05T14:27:00.000Z";933.109
"2026-04-05T14:27:00.000Z";"2026-04-05T14:30:00.000Z";953.328
"2026-04-05T14:30:00.000Z";"2026-04-05T14:33:00.000Z";978.719
"2026-04-05T14:33:00.000Z";"2026-04-05T14:36:00.000Z";957.901
"2026-04-05T14:36:00.000Z";"2026-04-05T14:39:00.000Z";948.389
"2026-04-05T14:39:00.000Z";"2026-04-05T14:42:00.000Z";946.173
"2026-04-05T14:42:00.000Z";"2026-04-05T14:45:00.000Z";934.892
"2026-04-05T14:45:00.000Z";"2026-04-05T14:48:00.000Z";921.446
"2026-04-05T14:48:00.000Z";"2026-04-05T14:51:00.000Z";922.28
"2026-04-05T14:51:00.000Z";"2026-04-05T14:54:00.000Z";924.716
"2026-04-05T14:54:00.000Z";"2026-04-05T14:57:00.000Z";925.337
"2026-04-05T14:57:00.000Z";"2026-04-05T15:00:00.000Z";925.333
"2026-04-05T15:00:00.000Z";"2026-04-05T15:03:00.000Z";928.887
"2026-04-05T15:03:00.000Z";"2026-04-05T15:06:00.000Z";923.946
"2026-04-05T15:06:00.000Z";"2026-04-05T15:09:00.000Z";917.23
"2026-04-05T15:09:00.000Z";"2026-04-05T15:12:00.000Z";912.781
"2026-04-05T15:12:00.000Z";"2026-04-05T15:15:00.000Z";915.389
"2026-04-05T15:15:00.000Z";"2026-04-05T15:18:00.000Z";910.945
"2026-04-05T15:18:00.000Z";"2026-04-05T15:21:00.000Z";910.28
"2026-04-05T15:21:00.000Z";"2026-04-05T15:24:00.000Z";887.787
"2026-04-05T15:24:00.000Z";"2026-04-05T15:27:00.000Z";887.221
"2026-04-05T15:27:00.000Z";"2026-04-05T15:30:00.000Z";885.778
"2026-04-05T15:30:00.000Z";"2026-04-05T15:33:00.000Z";888.434
"2026-04-05T15:33:00.000Z";"2026-04-05T15:36:00.000Z";897.778
"2026-04-05T15:36:00.000Z";"2026-04-05T15:39:00.000Z";891.673
"2026-04-05T15:39:00.000Z";"2026-04-05T15:42:00.000Z";877.559
"2026-04-05T15:42:00.000Z";"2026-04-05T15:45:00.000Z";881.105
"2026-04-05T15:45:00.000Z";"2026-04-05T15:48:00.000Z";880.228
"2026-04-05T15:48:00.000Z";"2026-04-05T15:51:00.000Z";880.441
"2026-04-05T15:51:00.000Z";"2026-04-05T15:54:00.000Z";883.609
"2026-04-05T15:54:00.000Z";"2026-04-05T15:57:00.000Z";890.278
"2026-04-05T15:57:00.000Z";"2026-04-05T16:00:00.000Z";914.324
"2026-04-05T16:00:00.000Z";"2026-04-05T16:03:00.000Z";936.934
"2026-04-05T16:03:00.000Z";"2026-04-05T16:06:00.000Z";975.974
"2026-04-05T16:06:00.000Z";"2026-04-05T16:09:00.000Z";991.828
"2026-04-05T16:09:00.000Z";"2026-04-05T16:12:00.000Z";998.386
"2026-04-05T16:12:00.000Z";"2026-04-05T16:15:00.000Z";997.78
"2026-04-05T16:15:00.000Z";"2026-04-05T16:18:00.000Z";1002.05
"2026-04-05T16:18:00.000Z";"2026-04-05T16:21:00.000Z";1006
"2026-04-05T16:21:00.000Z";"2026-04-05T16:24:00.000Z";1004.22
"2026-04-05T16:24:00.000Z";"2026-04-05T16:27:00.000Z";1010.11
"2026-04-05T16:27:00.000Z";"2026-04-05T16:30:00.000Z";1018.05
"2026-04-05T16:30:00.000Z";"2026-04-05T16:33:00.000Z";1024.22
"2026-04-05T16:33:00.000Z";"2026-04-05T16:36:00.000Z";1025
"2026-04-05T16:36:00.000Z";"2026-04-05T16:39:00.000Z";1031.66
"2026-04-05T16:39:00.000Z";"2026-04-05T16:42:00.000Z";1037.44
"2026-04-05T16:42:00.000Z";"2026-04-05T16:45:00.000Z";1062.1
"2026-04-05T16:45:00.000Z";"2026-04-05T16:48:00.000Z";1093.22
"2026-04-05T16:48:00.000Z";"2026-04-05T16:51:00.000Z";1091.67
"2026-04-05T16:51:00.000Z";"2026-04-05T16:54:00.000Z";1083.33
"2026-04-05T16:54:00.000Z";"2026-04-05T16:57:00.000Z";1109.53
"2026-04-05T16:57:00.000Z";"2026-04-05T17:00:00.000Z";1122.39
"2026-04-05T17:00:00.000Z";"2026-04-05T17:03:00.000Z";1122.83
"2026-04-05T17:03:00.000Z";"2026-04-05T17:06:00.000Z";1130.37
"2026-04-05T17:06:00.000Z";"2026-04-05T17:09:00.000Z";1203.87
"2026-04-05T17:09:00.000Z";"2026-04-05T17:12:00.000Z";1229.27
"2026-04-05T17:12:00.000Z";"2026-04-05T17:15:00.000Z";1249.49
"2026-04-05T17:15:00.000Z";"2026-04-05T17:18:00.000Z";1253.56
"2026-04-05T17:18:00.000Z";"2026-04-05T17:21:00.000Z";1258.27
"2026-04-05T17:21:00.000Z";"2026-04-05T17:24:00.000Z";1276.22
"2026-04-05T17:24:00.000Z";"2026-04-05T17:27:00.000Z";1282.44
"2026-04-05T17:27:00.000Z";"2026-04-05T17:30:00.000Z";1291.44
"2026-04-05T17:30:00.000Z";"2026-04-05T17:33:00.000Z";1304.27
"2026-04-05T17:33:00.000Z";"2026-04-05T17:36:00.000Z";1319.1
"2026-04-05T17:36:00.000Z";"2026-04-05T17:39:00.000Z";1342.27
"2026-04-05T17:39:00.000Z";"2026-04-05T17:42:00.000Z";1351.39
"2026-04-05T17:42:00.000Z";"2026-04-05T17:45:00.000Z";1368.27
"2026-04-05T17:45:00.000Z";"2026-04-05T17:48:00.000Z";1368.33
"2026-04-05T17:48:00.000Z";"2026-04-05T17:51:00.000Z";1362.34
"2026-04-05T17:51:00.000Z";"2026-04-05T17:54:00.000Z";1352.67
"2026-04-05T17:54:00.000Z";"2026-04-05T17:57:00.000Z";1355.78
"2026-04-05T17:57:00.000Z";"2026-04-05T18:00:00.000Z";1351.17
"2026-04-05T18:00:00.000Z";"2026-04-05T18:03:00.000Z";1391.68
"2026-04-05T18:03:00.000Z";"2026-04-05T18:06:00.000Z";1418.83
"2026-04-05T18:06:00.000Z";"2026-04-05T18:09:00.000Z";1419.78
"2026-04-05T18:09:00.000Z";"2026-04-05T18:12:00.000Z";1427.93
"2026-04-05T18:12:00.000Z";"2026-04-05T18:15:00.000Z";1440.83
"2026-04-05T18:15:00.000Z";"2026-04-05T18:18:00.000Z";1445.5
"2026-04-05T18:18:00.000Z";"2026-04-05T18:21:00.000Z";1435.9
"2026-04-05T18:21:00.000Z";"2026-04-05T18:24:00.000Z";1428.73
"2026-04-05T18:24:00.000Z";"2026-04-05T18:27:00.000Z";1433.89
"2026-04-05T18:27:00.000Z";"2026-04-05T18:30:00.000Z";1438.11
"2026-04-05T18:30:00.000Z";"2026-04-05T18:33:00.000Z";1439.72
"2026-04-05T18:33:00.000Z";"2026-04-05T18:36:00.000Z";1436.11
"2026-04-05T18:36:00.000Z";"2026-04-05T18:39:00.000Z";1438.83
"2026-04-05T18:39:00.000Z";"2026-04-05T18:42:00.000Z";1443.56
"2026-04-05T18:42:00.000Z";"2026-04-05T18:45:00.000Z";1441
"2026-04-05T18:45:00.000Z";"2026-04-05T18:48:00.000Z";1436.22
"2026-04-05T18:48:00.000Z";"2026-04-05T18:51:00.000Z";1440.33
"2026-04-05T18:51:00.000Z";"2026-04-05T18:54:00.000Z";1428.23
"2026-04-05T18:54:00.000Z";"2026-04-05T18:57:00.000Z";1414.34
"2026-04-05T18:57:00.000Z";"2026-04-05T19:00:00.000Z";1403.39
"2026-04-05T19:00:00.000Z";"2026-04-05T19:03:00.000Z";1379.84
"2026-04-05T19:03:00.000Z";"2026-04-05T19:06:00.000Z";1324.01
"2026-04-05T19:06:00.000Z";"2026-04-05T19:09:00.000Z";1270.84
"2026-04-05T19:09:00.000Z";"2026-04-05T19:12:00.000Z";1264.56
"2026-04-05T19:12:00.000Z";"2026-04-05T19:15:00.000Z";1264.94
"2026-04-05T19:15:00.000Z";"2026-04-05T19:18:00.000Z";1262.56
"2026-04-05T19:18:00.000Z";"2026-04-05T19:21:00.000Z";1260.22
"2026-04-05T19:21:00.000Z";"2026-04-05T19:24:00.000Z";1263.55
"2026-04-05T19:24:00.000Z";"2026-04-05T19:27:00.000Z";1262.39
"2026-04-05T19:27:00.000Z";"2026-04-05T19:30:00.000Z";1256.56
"2026-04-05T19:30:00.000Z";"2026-04-05T19:33:00.000Z";1248.17
"2026-04-05T19:33:00.000Z";"2026-04-05T19:36:00.000Z";1267.88
"2026-04-05T19:36:00.000Z";"2026-04-05T19:39:00.000Z";1232.57
"2026-04-05T19:39:00.000Z";"2026-04-05T19:42:00.000Z";1213.5
"2026-04-05T19:42:00.000Z";"2026-04-05T19:45:00.000Z";1216.5
"2026-04-05T19:45:00.000Z";"2026-04-05T19:48:00.000Z";1223.72
"2026-04-05T19:48:00.000Z";"2026-04-05T19:51:00.000Z";1219.78
"2026-04-05T19:51:00.000Z";"2026-04-05T19:54:00.000Z";1213.39
"2026-04-05T19:54:00.000Z";"2026-04-05T19:57:00.000Z";1221.21
"2026-04-05T19:57:00.000Z";"2026-04-05T20:00:00.000Z";1218.78
"2026-04-05T20:00:00.000Z";"2026-04-05T20:03:00.000Z";1203.17
"2026-04-05T20:03:00.000Z";"2026-04-05T20:06:00.000Z";1183.63
"2026-04-05T20:06:00.000Z";"2026-04-05T20:09:00.000Z";1179.61
"2026-04-05T20:09:00.000Z";"2026-04-05T20:12:00.000Z";1181.56
"2026-04-05T20:12:00.000Z";"2026-04-05T20:15:00.000Z";1183.32
"2026-04-05T20:15:00.000Z";"2026-04-05T20:18:00.000Z";1188.5
"2026-04-05T20:18:00.000Z";"2026-04-05T20:21:00.000Z";1190.61
"2026-04-05T20:21:00.000Z";"2026-04-05T20:24:00.000Z";1198.05
"2026-04-05T20:24:00.000Z";"2026-04-05T20:27:00.000Z";1203.11
"2026-04-05T20:27:00.000Z";"2026-04-05T20:30:00.000Z";1206.44
"2026-04-05T20:30:00.000Z";"2026-04-05T20:33:00.000Z";1214
"2026-04-05T20:33:00.000Z";"2026-04-05T20:36:00.000Z";1226.77
"2026-04-05T20:36:00.000Z";"2026-04-05T20:39:00.000Z";1228.67
"2026-04-05T20:39:00.000Z";"2026-04-05T20:42:00.000Z";1222.51
"2026-04-05T20:42:00.000Z";"2026-04-05T20:45:00.000Z";1178.91
"2026-04-05T20:45:00.000Z";"2026-04-05T20:48:00.000Z";1161.29
"2026-04-05T20:48:00.000Z";"2026-04-05T20:51:00.000Z";1153.34
"2026-04-05T20:51:00.000Z";"2026-04-05T20:54:00.000Z";1153.28
"2026-04-05T20:54:00.000Z";"2026-04-05T20:57:00.000Z";1153.33
"2026-04-05T20:57:00.000Z";"2026-04-05T21:00:00.000Z";1158.99
"2026-04-05T21:00:00.000Z";"2026-04-05T21:03:00.000Z";1163.83
"2026-04-05T21:03:00.000Z";"2026-04-05T21:06:00.000Z";1157.45
"2026-04-05T21:06:00.000Z";"2026-04-05T21:09:00.000Z";1144.23
"2026-04-05T21:09:00.000Z";"2026-04-05T21:12:00.000Z";1139.5
"2026-04-05T21:12:00.000Z";"2026-04-05T21:15:00.000Z";1115.46
"2026-04-05T21:15:00.000Z";"2026-04-05T21:18:00.000Z";1076.17
"2026-04-05T21:18:00.000Z";"2026-04-05T21:21:00.000Z";1065.95
"2026-04-05T21:21:00.000Z";"2026-04-05T21:24:00.000Z";1064.39
"2026-04-05T21:24:00.000Z";"2026-04-05T21:27:00.000Z";1062.78
"2026-04-05T21:27:00.000Z";"2026-04-05T21:30:00.000Z";1058.94
"2026-04-05T21:30:00.000Z";"2026-04-05T21:33:00.000Z";1061.6
"2026-04-05T21:33:00.000Z";"2026-04-05T21:36:00.000Z";1063.39
"2026-04-05T21:36:00.000Z";"2026-04-05T21:39:00.000Z";1062.83
"2026-04-05T21:39:00.000Z";"2026-04-05T21:42:00.000Z";1047.9
"2026-04-05T21:42:00.000Z";"2026-04-05T21:45:00.000Z";1041.28
"2026-04-05T21:45:00.000Z";"2026-04-05T21:48:00.000Z";1039.17
"2026-04-05T21:48:00.000Z";"2026-04-05T21:51:00.000Z";1048.28
"2026-04-05T21:51:00.000Z";"2026-04-05T21:54:00.000Z";1036.39
"2026-04-05T21:54:00.000Z";"2026-04-05T21:57:00.000Z";1032.89
"2026-04-05T21:57:00.000Z";"2026-04-05T22:00:00.000Z";1013.28
"2026-04-05T22:00:00.000Z";"2026-04-05T22:03:00.000Z";1031.65
"2026-04-05T22:03:00.000Z";"2026-04-05T22:06:00.000Z";1062.05
"2026-04-05T22:06:00.000Z";"2026-04-05T22:09:00.000Z";1082.44
"2026-04-05T22:09:00.000Z";"2026-04-05T22:12:00.000Z";1077.95
"2026-04-05T22:12:00.000Z";"2026-04-05T22:15:00.000Z";1070.78
"2026-04-05T22:15:00.000Z";"2026-04-05T22:18:00.000Z";1063.83
"2026-04-05T22:18:00.000Z";"2026-04-05T22:21:00.000Z";1067.6
"2026-04-05T22:21:00.000Z";"2026-04-05T22:24:00.000Z";1073.05
"2026-04-05T22:24:00.000Z";"2026-04-05T22:27:00.000Z";1073.78
"2026-04-05T22:27:00.000Z";"2026-04-05T22:30:00.000Z";1067.72
"2026-04-05T22:30:00.000Z";"2026-04-05T22:33:00.000Z";1064
"2026-04-05T22:33:00.000Z";"2026-04-05T22:36:00.000Z";1065.11
"2026-04-05T22:36:00.000Z";"2026-04-05T22:39:00.000Z";1060
"2026-04-05T22:39:00.000Z";"2026-04-05T22:42:00.000Z";1055.39
"2026-04-05T22:42:00.000Z";"2026-04-05T22:45:00.000Z";1045.29
"2026-04-05T22:45:00.000Z";"2026-04-05T22:48:00.000Z";1044.31
"2026-04-05T22:48:00.000Z";"2026-04-05T22:51:00.000Z";1081.38
"2026-04-05T22:51:00.000Z";"2026-04-05T22:54:00.000Z";1080.67
"2026-04-05T22:54:00.000Z";"2026-04-05T22:57:00.000Z";1081.11
"2026-04-05T22:57:00.000Z";"2026-04-05T23:00:00.000Z";1087.33
"2026-04-05T23:00:00.000Z";"2026-04-05T23:03:00.000Z";1084.4
"2026-04-05T23:03:00.000Z";"2026-04-05T23:06:00.000Z";1090.56
"2026-04-05T23:06:00.000Z";"2026-04-05T23:09:00.000Z";1089.11
"2026-04-05T23:09:00.000Z";"2026-04-05T23:12:00.000Z";1088.22
"2026-04-05T23:12:00.000Z";"2026-04-05T23:15:00.000Z";1077.39
"2026-04-05T23:15:00.000Z";"2026-04-05T23:18:00.000Z";1065.73
"2026-04-05T23:18:00.000Z";"2026-04-05T23:21:00.000Z";1066.83
"2026-04-05T23:21:00.000Z";"2026-04-05T23:24:00.000Z";1069.61
"2026-04-05T23:24:00.000Z";"2026-04-05T23:27:00.000Z";1064.89
"2026-04-05T23:27:00.000Z";"2026-04-05T23:30:00.000Z";1060.84
"2026-04-05T23:30:00.000Z";"2026-04-05T23:33:00.000Z";1054
"2026-04-05T23:33:00.000Z";"2026-04-05T23:36:00.000Z";1054.5
"2026-04-05T23:36:00.000Z";"2026-04-05T23:39:00.000Z";1049.95
"2026-04-05T23:39:00.000Z";"2026-04-05T23:42:00.000Z";1047.61
"2026-04-05T23:42:00.000Z";"2026-04-05T23:45:00.000Z";1046.5
"2026-04-05T23:45:00.000Z";"2026-04-05T23:48:00.000Z";1049.66
"2026-04-05T23:48:00.000Z";"2026-04-05T23:51:00.000Z";1052.67
"2026-04-05T23:51:00.000Z";"2026-04-05T23:54:00.000Z";1048.67
"2026-04-05T23:54:00.000Z";"2026-04-05T23:57:00.000Z";1048.44
"2026-04-05T23:57:00.000Z";"2026-04-06T00:00:00.000Z";1048.5
"2026-04-06T00:00:00.000Z";"2026-04-06T00:03:00.000Z";1052.44
"2026-04-06T00:03:00.000Z";"2026-04-06T00:06:00.000Z";1063.17
"2026-04-06T00:06:00.000Z";"2026-04-06T00:09:00.000Z";1060.22
"2026-04-06T00:09:00.000Z";"2026-04-06T00:12:00.000Z";1064.94
"2026-04-06T00:12:00.000Z";"2026-04-06T00:15:00.000Z";1065.39
"2026-04-06T00:15:00.000Z";"2026-04-06T00:18:00.000Z";1070.11
"2026-04-06T00:18:00.000Z";"2026-04-06T00:21:00.000Z";1068.89
"2026-04-06T00:21:00.000Z";"2026-04-06T00:24:00.000Z";1066.28
"2026-04-06T00:24:00.000Z";"2026-04-06T00:27:00.000Z";1063.89
"2026-04-06T00:27:00.000Z";"2026-04-06T00:30:00.000Z";1063.78
"2026-04-06T00:30:00.000Z";"2026-04-06T00:33:00.000Z";1062.22
"2026-04-06T00:33:00.000Z";"2026-04-06T00:36:00.000Z";1036.07
"2026-04-06T00:36:00.000Z";"2026-04-06T00:39:00.000Z";1012.01
"2026-04-06T00:39:00.000Z";"2026-04-06T00:42:00.000Z";1005.95
"2026-04-06T00:42:00.000Z";"2026-04-06T00:45:00.000Z";1005.72
"2026-04-06T00:45:00.000Z";"2026-04-06T00:48:00.000Z";1005
"2026-04-06T00:48:00.000Z";"2026-04-06T00:51:00.000Z";1002.17
"2026-04-06T00:51:00.000Z";"2026-04-06T00:54:00.000Z";998.446
"2026-04-06T00:54:00.000Z";"2026-04-06T00:57:00.000Z";997.111
"2026-04-06T00:57:00.000Z";"2026-04-06T01:00:00.000Z";993.836
"2026-04-06T01:00:00.000Z";"2026-04-06T01:03:00.000Z";993.112
"2026-04-06T01:03:00.000Z";"2026-04-06T01:06:00.000Z";993.001
"2026-04-06T01:06:00.000Z";"2026-04-06T01:09:00.000Z";989.115
"2026-04-06T01:09:00.000Z";"2026-04-06T01:12:00.000Z";986.22
"2026-04-06T01:12:00.000Z";"2026-04-06T01:15:00.000Z";985.887
"2026-04-06T01:15:00.000Z";"2026-04-06T01:18:00.000Z";990.886
"2026-04-06T01:18:00.000Z";"2026-04-06T01:21:00.000Z";995.333
"2026-04-06T01:21:00.000Z";"2026-04-06T01:24:00.000Z";994.112
"2026-04-06T01:24:00.000Z";"2026-04-06T01:27:00.000Z";991.337
"2026-04-06T01:27:00.000Z";"2026-04-06T01:30:00.000Z";987.502
"2026-04-06T01:30:00.000Z";"2026-04-06T01:33:00.000Z";994.161
"2026-04-06T01:33:00.000Z";"2026-04-06T01:36:00.000Z";992.286
"2026-04-06T01:36:00.000Z";"2026-04-06T01:39:00.000Z";990.001
"2026-04-06T01:39:00.000Z";"2026-04-06T01:42:00.000Z";989.057
"2026-04-06T01:42:00.000Z";"2026-04-06T01:45:00.000Z";988.611
"2026-04-06T01:45:00.000Z";"2026-04-06T01:48:00.000Z";987.834
"2026-04-06T01:48:00.000Z";"2026-04-06T01:51:00.000Z";983.613
"2026-04-06T01:51:00.000Z";"2026-04-06T01:54:00.000Z";978.331
"2026-04-06T01:54:00.000Z";"2026-04-06T01:57:00.000Z";982.942
"2026-04-06T01:57:00.000Z";"2026-04-06T02:00:00.000Z";991.946
"2026-04-06T02:00:00.000Z";"2026-04-06T02:03:00.000Z";990.5
"2026-04-06T02:03:00.000Z";"2026-04-06T02:06:00.000Z";990.221
"2026-04-06T02:06:00.000Z";"2026-04-06T02:09:00.000Z";994.389
"2026-04-06T02:09:00.000Z";"2026-04-06T02:12:00.000Z";994.165
"2026-04-06T02:12:00.000Z";"2026-04-06T02:15:00.000Z";996.944
"2026-04-06T02:15:00.000Z";"2026-04-06T02:18:00.000Z";997.888
"2026-04-06T02:18:00.000Z";"2026-04-06T02:21:00.000Z";1000.55
"2026-04-06T02:21:00.000Z";"2026-04-06T02:24:00.000Z";999.445
"2026-04-06T02:24:00.000Z";"2026-04-06T02:27:00.000Z";1000.55
"2026-04-06T02:27:00.000Z";"2026-04-06T02:30:00.000Z";1000.39
"2026-04-06T02:30:00.000Z";"2026-04-06T02:33:00.000Z";998.723
"2026-04-06T02:33:00.000Z";"2026-04-06T02:36:00.000Z";1018.38
"2026-04-06T02:36:00.000Z";"2026-04-06T02:39:00.000Z";1022
"2026-04-06T02:39:00.000Z";"2026-04-06T02:42:00.000Z";1020.22
"2026-04-06T02:42:00.000Z";"2026-04-06T02:45:00.000Z";1015.95
"2026-04-06T02:45:00.000Z";"2026-04-06T02:48:00.000Z";1007.06
"2026-04-06T02:48:00.000Z";"2026-04-06T02:51:00.000Z";1005
"2026-04-06T02:51:00.000Z";"2026-04-06T02:54:00.000Z";1000.23
"2026-04-06T02:54:00.000Z";"2026-04-06T02:57:00.000Z";1020.33
"2026-04-06T02:57:00.000Z";"2026-04-06T03:00:00.000Z";1024.11
"2026-04-06T03:00:00.000Z";"2026-04-06T03:03:00.000Z";1025.78
"2026-04-06T03:03:00.000Z";"2026-04-06T03:06:00.000Z";1027.67
"2026-04-06T03:06:00.000Z";"2026-04-06T03:09:00.000Z";1032.61
"2026-04-06T03:09:00.000Z";"2026-04-06T03:12:00.000Z";1037.33
"2026-04-06T03:12:00.000Z";"2026-04-06T03:15:00.000Z";1040.33
"2026-04-06T03:15:00.000Z";"2026-04-06T03:18:00.000Z";1040.39
"2026-04-06T03:18:00.000Z";"2026-04-06T03:21:00.000Z";1039
"2026-04-06T03:21:00.000Z";"2026-04-06T03:24:00.000Z";1039.72
"2026-04-06T03:24:00.000Z";"2026-04-06T03:27:00.000Z";1038
"2026-04-06T03:27:00.000Z";"2026-04-06T03:30:00.000Z";1035.61
"2026-04-06T03:30:00.000Z";"2026-04-06T03:33:00.000Z";1035.49
"2026-04-06T03:33:00.000Z";"2026-04-06T03:36:00.000Z";1032.67
"2026-04-06T03:36:00.000Z";"2026-04-06T03:39:00.000Z";1029.11
"2026-04-06T03:39:00.000Z";"2026-04-06T03:42:00.000Z";1029.56
"2026-04-06T03:42:00.000Z";"2026-04-06T03:45:00.000Z";1028.72
"2026-04-06T03:45:00.000Z";"2026-04-06T03:48:00.000Z";1032.11
"2026-04-06T03:48:00.000Z";"2026-04-06T03:51:00.000Z";1030.56
"2026-04-06T03:51:00.000Z";"2026-04-06T03:54:00.000Z";1031.5
"2026-04-06T03:54:00.000Z";"2026-04-06T03:57:00.000Z";1031.06
"2026-04-06T03:57:00.000Z";"2026-04-06T04:00:00.000Z";1031.94
"2026-04-06T04:00:00.000Z";"2026-04-06T04:03:00.000Z";1039.33
"2026-04-06T04:03:00.000Z";"2026-04-06T04:06:00.000Z";1053.44
"2026-04-06T04:06:00.000Z";"2026-04-06T04:09:00.000Z";1055.61
"2026-04-06T04:09:00.000Z";"2026-04-06T04:12:00.000Z";1056.11
"2026-04-06T04:12:00.000Z";"2026-04-06T04:15:00.000Z";1053.33
"2026-04-06T04:15:00.000Z";"2026-04-06T04:18:00.000Z";1052.84
"2026-04-06T04:18:00.000Z";"2026-04-06T04:21:00.000Z";1052.22
"2026-04-06T04:21:00.000Z";"2026-04-06T04:24:00.000Z";1054.33
"2026-04-06T04:24:00.000Z";"2026-04-06T04:27:00.000Z";1052.39
"2026-04-06T04:27:00.000Z";"2026-04-06T04:30:00.000Z";1037.29
"2026-04-06T04:30:00.000Z";"2026-04-06T04:33:00.000Z";1023.56
"2026-04-06T04:33:00.000Z";"2026-04-06T04:36:00.000Z";1004.73
"2026-04-06T04:36:00.000Z";"2026-04-06T04:39:00.000Z";966.233
"2026-04-06T04:39:00.000Z";"2026-04-06T04:42:00.000Z";958.223
"2026-04-06T04:42:00.000Z";"2026-04-06T04:45:00.000Z";957.499
"2026-04-06T04:45:00.000Z";"2026-04-06T04:48:00.000Z";955.891
"2026-04-06T04:48:00.000Z";"2026-04-06T04:51:00.000Z";945.621
"2026-04-06T04:51:00.000Z";"2026-04-06T04:54:00.000Z";926.947
"2026-04-06T04:54:00.000Z";"2026-04-06T04:57:00.000Z";923.889
"2026-04-06T04:57:00.000Z";"2026-04-06T05:00:00.000Z";917.442
"2026-04-06T05:00:00.000Z";"2026-04-06T05:03:00.000Z";914.738
"2026-04-06T05:03:00.000Z";"2026-04-06T05:06:00.000Z";906.056
"2026-04-06T05:06:00.000Z";"2026-04-06T05:09:00.000Z";918.942
"2026-04-06T05:09:00.000Z";"2026-04-06T05:12:00.000Z";916.115
"2026-04-06T05:12:00.000Z";"2026-04-06T05:15:00.000Z";918
"2026-04-06T05:15:00.000Z";"2026-04-06T05:18:00.000Z";916.61
"2026-04-06T05:18:00.000Z";"2026-04-06T05:21:00.000Z";918.723
"2026-04-06T05:21:00.000Z";"2026-04-06T05:24:00.000Z";926.052
"2026-04-06T05:24:00.000Z";"2026-04-06T05:27:00.000Z";929.892
"2026-04-06T05:27:00.000Z";"2026-04-06T05:30:00.000Z";923.557
"2026-04-06T05:30:00.000Z";"2026-04-06T05:33:00.000Z";916.56
"2026-04-06T05:33:00.000Z";"2026-04-06T05:36:00.000Z";917.384
"2026-04-06T05:36:00.000Z";"2026-04-06T05:39:00.000Z";921.056
"2026-04-06T05:39:00.000Z";"2026-04-06T05:42:00.000Z";918.005
"2026-04-06T05:42:00.000Z";"2026-04-06T05:45:00.000Z";913.558
"2026-04-06T05:45:00.000Z";"2026-04-06T05:48:00.000Z";912.388
"2026-04-06T05:48:00.000Z";"2026-04-06T05:51:00.000Z";911.95
"2026-04-06T05:51:00.000Z";"2026-04-06T05:54:00.000Z";898.837
"2026-04-06T05:54:00.000Z";"2026-04-06T05:57:00.000Z";883.506
"2026-04-06T05:57:00.000Z";"2026-04-06T06:00:00.000Z";871.061
"2026-04-06T06:00:00.000Z";"2026-04-06T06:03:00.000Z";852.892
"2026-04-06T06:03:00.000Z";"2026-04-06T06:06:00.000Z";850.945
"2026-04-06T06:06:00.000Z";"2026-04-06T06:09:00.000Z";854.554
"2026-04-06T06:09:00.000Z";"2026-04-06T06:12:00.000Z";854.89
"2026-04-06T06:12:00.000Z";"2026-04-06T06:15:00.000Z";862.937
"2026-04-06T06:15:00.000Z";"2026-04-06T06:18:00.000Z";870.884
"2026-04-06T06:18:00.000Z";"2026-04-06T06:21:00.000Z";878.832
"2026-04-06T06:21:00.000Z";"2026-04-06T06:24:00.000Z";877.614
"2026-04-06T06:24:00.000Z";"2026-04-06T06:27:00.000Z";865.895
"2026-04-06T06:27:00.000Z";"2026-04-06T06:30:00.000Z";861.056
"2026-04-06T06:30:00.000Z";"2026-04-06T06:33:00.000Z";860.221
"2026-04-06T06:33:00.000Z";"2026-04-06T06:36:00.000Z";859.779
"2026-04-06T06:36:00.000Z";"2026-04-06T06:39:00.000Z";869.101
"2026-04-06T06:39:00.000Z";"2026-04-06T06:42:00.000Z";885.331
"2026-04-06T06:42:00.000Z";"2026-04-06T06:45:00.000Z";884.28
"2026-04-06T06:45:00.000Z";"2026-04-06T06:48:00.000Z";880.278
"2026-04-06T06:48:00.000Z";"2026-04-06T06:51:00.000Z";884.827
"2026-04-06T06:51:00.000Z";"2026-04-06T06:54:00.000Z";901.44
"2026-04-06T06:54:00.000Z";"2026-04-06T06:57:00.000Z";916.887
"2026-04-06T06:57:00.000Z";"2026-04-06T07:00:00.000Z";915.056
"2026-04-06T07:00:00.000Z";"2026-04-06T07:03:00.000Z";909.115
"2026-04-06T07:03:00.000Z";"2026-04-06T07:06:00.000Z";890.288
"2026-04-06T07:06:00.000Z";"2026-04-06T07:09:00.000Z";883.835
"2026-04-06T07:09:00.000Z";"2026-04-06T07:12:00.000Z";874.782
"2026-04-06T07:12:00.000Z";"2026-04-06T07:15:00.000Z";876.998
"2026-04-06T07:15:00.000Z";"2026-04-06T07:18:00.000Z";879.001
"2026-04-06T07:18:00.000Z";"2026-04-06T07:21:00.000Z";878.391
"2026-04-06T07:21:00.000Z";"2026-04-06T07:24:00.000Z";881.052
"2026-04-06T07:24:00.000Z";"2026-04-06T07:27:00.000Z";882.945
"2026-04-06T07:27:00.000Z";"2026-04-06T07:30:00.000Z";884.218
"2026-04-06T07:30:00.000Z";"2026-04-06T07:33:00.000Z";977.063
"2026-04-06T07:33:00.000Z";"2026-04-06T07:36:00.000Z";1021
"2026-04-06T07:36:00.000Z";"2026-04-06T07:39:00.000Z";1018.84
"2026-04-06T07:39:00.000Z";"2026-04-06T07:42:00.000Z";1017.78
"2026-04-06T07:42:00.000Z";"2026-04-06T07:45:00.000Z";1015.94
"2026-04-06T07:45:00.000Z";"2026-04-06T07:48:00.000Z";1020.83
"2026-04-06T07:48:00.000Z";"2026-04-06T07:51:00.000Z";1017.78
"2026-04-06T07:51:00.000Z";"2026-04-06T07:54:00.000Z";1019
"2026-04-06T07:54:00.000Z";"2026-04-06T07:57:00.000Z";1020.78
"2026-04-06T07:57:00.000Z";"2026-04-06T08:00:00.000Z";1032.21
"2026-04-06T08:00:00.000Z";"2026-04-06T08:03:00.000Z";1056.59
"2026-04-06T08:03:00.000Z";"2026-04-06T08:06:00.000Z";1077.94
"2026-04-06T08:06:00.000Z";"2026-04-06T08:09:00.000Z";1084.73
"2026-04-06T08:09:00.000Z";"2026-04-06T08:12:00.000Z";1074.73
"2026-04-06T08:12:00.000Z";"2026-04-06T08:15:00.000Z";1071.78
"2026-04-06T08:15:00.000Z";"2026-04-06T08:18:00.000Z";1104.09
"2026-04-06T08:18:00.000Z";"2026-04-06T08:21:00.000Z";1112.17
"2026-04-06T08:21:00.000Z";"2026-04-06T08:24:00.000Z";1092.5
"2026-04-06T08:24:00.000Z";"2026-04-06T08:27:00.000Z";1097.89
"2026-04-06T08:27:00.000Z";"2026-04-06T08:30:00.000Z";1097.62
"2026-04-06T08:30:00.000Z";"2026-04-06T08:33:00.000Z";1094.11
"2026-04-06T08:33:00.000Z";"2026-04-06T08:36:00.000Z";1096.27
"2026-04-06T08:36:00.000Z";"2026-04-06T08:39:00.000Z";1098.78
"2026-04-06T08:39:00.000Z";"2026-04-06T08:42:00.000Z";1099.17
"2026-04-06T08:42:00.000Z";"2026-04-06T08:45:00.000Z";1091.73
"2026-04-06T08:45:00.000Z";"2026-04-06T08:48:00.000Z";1087.33
"2026-04-06T08:48:00.000Z";"2026-04-06T08:51:00.000Z";1083.22
"2026-04-06T08:51:00.000Z";"2026-04-06T08:54:00.000Z";1076.72
"2026-04-06T08:54:00.000Z";"2026-04-06T08:57:00.000Z";1066.51
"2026-04-06T08:57:00.000Z";"2026-04-06T09:00:00.000Z";1057.72
"2026-04-06T09:00:00.000Z";"2026-04-06T09:03:00.000Z";1053.23
"2026-04-06T09:03:00.000Z";"2026-04-06T09:06:00.000Z";1049.17
"2026-04-06T09:06:00.000Z";"2026-04-06T09:09:00.000Z";1034.79
"2026-04-06T09:09:00.000Z";"2026-04-06T09:12:00.000Z";1034.94
"2026-04-06T09:12:00.000Z";"2026-04-06T09:15:00.000Z";1036.89
"2026-04-06T09:15:00.000Z";"2026-04-06T09:18:00.000Z";1023.72
"2026-04-06T09:18:00.000Z";"2026-04-06T09:21:00.000Z";1024.28
"2026-04-06T09:21:00.000Z";"2026-04-06T09:24:00.000Z";1024.83
"2026-04-06T09:24:00.000Z";"2026-04-06T09:27:00.000Z";1026.61
"2026-04-06T09:27:00.000Z";"2026-04-06T09:30:00.000Z";1042.88
"2026-04-06T09:30:00.000Z";"2026-04-06T09:33:00.000Z";1063.83
"2026-04-06T09:33:00.000Z";"2026-04-06T09:36:00.000Z";1063.61
"2026-04-06T09:36:00.000Z";"2026-04-06T09:39:00.000Z";1062.33
"2026-04-06T09:39:00.000Z";"2026-04-06T09:42:00.000Z";1076.16
"2026-04-06T09:42:00.000Z";"2026-04-06T09:45:00.000Z";1084.66
"2026-04-06T09:45:00.000Z";"2026-04-06T09:48:00.000Z";1088.45
"2026-04-06T09:48:00.000Z";"2026-04-06T09:51:00.000Z";1083.11
"2026-04-06T09:51:00.000Z";"2026-04-06T09:54:00.000Z";1079.61
"2026-04-06T09:54:00.000Z";"2026-04-06T09:57:00.000Z";1071.23
"2026-04-06T09:57:00.000Z";"2026-04-06T10:00:00.000Z";1064.11
"2026-04-06T10:00:00.000Z";"2026-04-06T10:03:00.000Z";1077.6
"2026-04-06T10:03:00.000Z";"2026-04-06T10:06:00.000Z";1087.77
"2026-04-06T10:06:00.000Z";"2026-04-06T10:09:00.000Z";1115.36
"2026-04-06T10:09:00.000Z";"2026-04-06T10:12:00.000Z";1168.1
"2026-04-06T10:12:00.000Z";"2026-04-06T10:15:00.000Z";1181
"2026-04-06T10:15:00.000Z";"2026-04-06T10:18:00.000Z";1182.39
"2026-04-06T10:18:00.000Z";"2026-04-06T10:21:00.000Z";1162.73
"2026-04-06T10:21:00.000Z";"2026-04-06T10:24:00.000Z";1165.67
"2026-04-06T10:24:00.000Z";"2026-04-06T10:27:00.000Z";1167.61
"2026-04-06T10:27:00.000Z";"2026-04-06T10:30:00.000Z";1164.45
"2026-04-06T10:30:00.000Z";"2026-04-06T10:33:00.000Z";1162.05
"2026-04-06T10:33:00.000Z";"2026-04-06T10:36:00.000Z";1168.22
"2026-04-06T10:36:00.000Z";"2026-04-06T10:39:00.000Z";1170.5
"2026-04-06T10:39:00.000Z";"2026-04-06T10:42:00.000Z";1170.78
"2026-04-06T10:42:00.000Z";"2026-04-06T10:45:00.000Z";1165
"2026-04-06T10:45:00.000Z";"2026-04-06T10:48:00.000Z";1160.28
"2026-04-06T10:48:00.000Z";"2026-04-06T10:51:00.000Z";1154.67
"2026-04-06T10:51:00.000Z";"2026-04-06T10:54:00.000Z";1150.94
"2026-04-06T10:54:00.000Z";"2026-04-06T10:57:00.000Z";1150.84
"2026-04-06T10:57:00.000Z";"2026-04-06T11:00:00.000Z";1157.44
"2026-04-06T11:00:00.000Z";"2026-04-06T11:03:00.000Z";1172.43
"2026-04-06T11:03:00.000Z";"2026-04-06T11:06:00.000Z";1160.12
"2026-04-06T11:06:00.000Z";"2026-04-06T11:09:00.000Z";1150.67
"2026-04-06T11:09:00.000Z";"2026-04-06T11:12:00.000Z";1151.5
"2026-04-06T11:12:00.000Z";"2026-04-06T11:15:00.000Z";1154
"2026-04-06T11:15:00.000Z";"2026-04-06T11:18:00.000Z";1160.78
"2026-04-06T11:18:00.000Z";"2026-04-06T11:21:00.000Z";1148.57
"2026-04-06T11:21:00.000Z";"2026-04-06T11:24:00.000Z";1143.11
"2026-04-06T11:24:00.000Z";"2026-04-06T11:27:00.000Z";1144.39
"2026-04-06T11:27:00.000Z";"2026-04-06T11:30:00.000Z";1130.8
"2026-04-06T11:30:00.000Z";"2026-04-06T11:33:00.000Z";1080.29
"2026-04-06T11:33:00.000Z";"2026-04-06T11:36:00.000Z";1080.33
"2026-04-06T11:36:00.000Z";"2026-04-06T11:39:00.000Z";1094.55
"2026-04-06T11:39:00.000Z";"2026-04-06T11:42:00.000Z";1086.23
"2026-04-06T11:42:00.000Z";"2026-04-06T11:45:00.000Z";1086.39
"2026-04-06T11:45:00.000Z";"2026-04-06T11:48:00.000Z";1086.72
"2026-04-06T11:48:00.000Z";"2026-04-06T11:51:00.000Z";1090.61
"2026-04-06T11:51:00.000Z";"2026-04-06T11:54:00.000Z";1087.44
"2026-04-06T11:54:00.000Z";"2026-04-06T11:57:00.000Z";1088.83
"2026-04-06T11:57:00.000Z";"2026-04-06T12:00:00.000Z";1072.62
"2026-04-06T12:00:00.000Z";"2026-04-06T12:03:00.000Z";1055.17
"2026-04-06T12:03:00.000Z";"2026-04-06T12:06:00.000Z";1055.67
"2026-04-06T12:06:00.000Z";"2026-04-06T12:09:00.000Z";1053.28
"2026-04-06T12:09:00.000Z";"2026-04-06T12:12:00.000Z";1054.5
"2026-04-06T12:12:00.000Z";"2026-04-06T12:15:00.000Z";1052.94
"2026-04-06T12:15:00.000Z";"2026-04-06T12:18:00.000Z";1049.61
"2026-04-06T12:18:00.000Z";"2026-04-06T12:21:00.000Z";1053.44
"2026-04-06T12:21:00.000Z";"2026-04-06T12:24:00.000Z";1059.5
"2026-04-06T12:24:00.000Z";"2026-04-06T12:27:00.000Z";1058.89
"2026-04-06T12:27:00.000Z";"2026-04-06T12:30:00.000Z";1051.73
"2026-04-06T12:30:00.000Z";"2026-04-06T12:33:00.000Z";1045.72
"2026-04-06T12:33:00.000Z";"2026-04-06T12:36:00.000Z";1059.27
"2026-04-06T12:36:00.000Z";"2026-04-06T12:39:00.000Z";1067.61
"2026-04-06T12:39:00.000Z";"2026-04-06T12:42:00.000Z";1075.33
"2026-04-06T12:42:00.000Z";"2026-04-06T12:45:00.000Z";1070.89
"2026-04-06T12:45:00.000Z";"2026-04-06T12:48:00.000Z";1069.89
"2026-04-06T12:48:00.000Z";"2026-04-06T12:51:00.000Z";1068.79
"2026-04-06T12:51:00.000Z";"2026-04-06T12:54:00.000Z";1069.11
"2026-04-06T12:54:00.000Z";"2026-04-06T12:57:00.000Z";1064.4
"2026-04-06T12:57:00.000Z";"2026-04-06T13:00:00.000Z";1060.28
"2026-04-06T13:00:00.000Z";"2026-04-06T13:03:00.000Z";1058.78
"2026-04-06T13:03:00.000Z";"2026-04-06T13:06:00.000Z";1057.73
"2026-04-06T13:06:00.000Z";"2026-04-06T13:09:00.000Z";1057.05
"2026-04-06T13:09:00.000Z";"2026-04-06T13:12:00.000Z";1062.22
"2026-04-06T13:12:00.000Z";"2026-04-06T13:15:00.000Z";1060.5
"2026-04-06T13:15:00.000Z";"2026-04-06T13:18:00.000Z";1056.61
"2026-04-06T13:18:00.000Z";"2026-04-06T13:21:00.000Z";1049.67
"2026-04-06T13:21:00.000Z";"2026-04-06T13:24:00.000Z";1047.83
"2026-04-06T13:24:00.000Z";"2026-04-06T13:27:00.000Z";1036.95
"2026-04-06T13:27:00.000Z";"2026-04-06T13:30:00.000Z";1032.89
"2026-04-06T13:30:00.000Z";"2026-04-06T13:33:00.000Z";1027.45
"2026-04-06T13:33:00.000Z";"2026-04-06T13:36:00.000Z";1030.83
"2026-04-06T13:36:00.000Z";"2026-04-06T13:39:00.000Z";1026.56
"2026-04-06T13:39:00.000Z";"2026-04-06T13:42:00.000Z";1028.5
"2026-04-06T13:42:00.000Z";"2026-04-06T13:45:00.000Z";1031.5
"2026-04-06T13:45:00.000Z";"2026-04-06T13:48:00.000Z";1030
"2026-04-06T13:48:00.000Z";"2026-04-06T13:51:00.000Z";1029.89
"2026-04-06T13:51:00.000Z";"2026-04-06T13:54:00.000Z";1028.28
"2026-04-06T13:54:00.000Z";"2026-04-06T13:57:00.000Z";1032.44
"2026-04-06T13:57:00.000Z";"2026-04-06T14:00:00.000Z";1039.33
"2026-04-06T14:00:00.000Z";"2026-04-06T14:03:00.000Z";1052.72
"2026-04-06T14:03:00.000Z";"2026-04-06T14:06:00.000Z";1066.66
"2026-04-06T14:06:00.000Z";"2026-04-06T14:09:00.000Z";1076.99
"2026-04-06T14:09:00.000Z";"2026-04-06T14:12:00.000Z";1091.27
"2026-04-06T14:12:00.000Z";"2026-04-06T14:15:00.000Z";1102.11
"2026-04-06T14:15:00.000Z";"2026-04-06T14:18:00.000Z";1101.72
"2026-04-06T14:18:00.000Z";"2026-04-06T14:21:00.000Z";1107.55
"2026-04-06T14:21:00.000Z";"2026-04-06T14:24:00.000Z";1114.83
"2026-04-06T14:24:00.000Z";"2026-04-06T14:27:00.000Z";1110.89
"2026-04-06T14:27:00.000Z";"2026-04-06T14:30:00.000Z";1114.55
"2026-04-06T14:30:00.000Z";"2026-04-06T14:33:00.000Z";1114.33
"2026-04-06T14:33:00.000Z";"2026-04-06T14:36:00.000Z";1107.34
"2026-04-06T14:36:00.000Z";"2026-04-06T14:39:00.000Z";1107.11
"2026-04-06T14:39:00.000Z";"2026-04-06T14:42:00.000Z";1105.22
"2026-04-06T14:42:00.000Z";"2026-04-06T14:45:00.000Z";1103.22
"2026-04-06T14:45:00.000Z";"2026-04-06T14:48:00.000Z";1100.72
"2026-04-06T14:48:00.000Z";"2026-04-06T14:51:00.000Z";1104.49
"2026-04-06T14:51:00.000Z";"2026-04-06T14:54:00.000Z";1114.83
"2026-04-06T14:54:00.000Z";"2026-04-06T14:57:00.000Z";1130.38
"2026-04-06T14:57:00.000Z";"2026-04-06T15:00:00.000Z";1136.17
"2026-04-06T15:00:00.000Z";"2026-04-06T15:03:00.000Z";1138.11
"2026-04-06T15:03:00.000Z";"2026-04-06T15:06:00.000Z";1141.5
"2026-04-06T15:06:00.000Z";"2026-04-06T15:09:00.000Z";1146.94
"2026-04-06T15:09:00.000Z";"2026-04-06T15:12:00.000Z";1153.89
"2026-04-06T15:12:00.000Z";"2026-04-06T15:15:00.000Z";1149.61
"2026-04-06T15:15:00.000Z";"2026-04-06T15:18:00.000Z";1148.83
"2026-04-06T15:18:00.000Z";"2026-04-06T15:21:00.000Z";1147.89
"2026-04-06T15:21:00.000Z";"2026-04-06T15:24:00.000Z";1152.44
"2026-04-06T15:24:00.000Z";"2026-04-06T15:27:00.000Z";1151.78
"2026-04-06T15:27:00.000Z";"2026-04-06T15:30:00.000Z";1150.5
"2026-04-06T15:30:00.000Z";"2026-04-06T15:33:00.000Z";1157.06
"2026-04-06T15:33:00.000Z";"2026-04-06T15:36:00.000Z";1150.22
"2026-04-06T15:36:00.000Z";"2026-04-06T15:39:00.000Z";1150.05
"2026-04-06T15:39:00.000Z";"2026-04-06T15:42:00.000Z";1149.61
"2026-04-06T15:42:00.000Z";"2026-04-06T15:45:00.000Z";1150.61
"2026-04-06T15:45:00.000Z";"2026-04-06T15:48:00.000Z";1149.45
"2026-04-06T15:48:00.000Z";"2026-04-06T15:51:00.000Z";1144.28
"2026-04-06T15:51:00.000Z";"2026-04-06T15:54:00.000Z";1145.22
"2026-04-06T15:54:00.000Z";"2026-04-06T15:57:00.000Z";1141.17
"2026-04-06T15:57:00.000Z";"2026-04-06T16:00:00.000Z";1143.22
"2026-04-06T16:00:00.000Z";"2026-04-06T16:03:00.000Z";1158.6
"2026-04-06T16:03:00.000Z";"2026-04-06T16:06:00.000Z";1194.65
"2026-04-06T16:06:00.000Z";"2026-04-06T16:09:00.000Z";1226.38
"2026-04-06T16:09:00.000Z";"2026-04-06T16:12:00.000Z";1237.55
"2026-04-06T16:12:00.000Z";"2026-04-06T16:15:00.000Z";1246.1
"2026-04-06T16:15:00.000Z";"2026-04-06T16:18:00.000Z";1243.17
"2026-04-06T16:18:00.000Z";"2026-04-06T16:21:00.000Z";1233.94
"2026-04-06T16:21:00.000Z";"2026-04-06T16:24:00.000Z";1228.83
"2026-04-06T16:24:00.000Z";"2026-04-06T16:27:00.000Z";1242.1
"2026-04-06T16:27:00.000Z";"2026-04-06T16:30:00.000Z";1257.99
"2026-04-06T16:30:00.000Z";"2026-04-06T16:33:00.000Z";1261.84
"2026-04-06T16:33:00.000Z";"2026-04-06T16:36:00.000Z";1262.38
"2026-04-06T16:36:00.000Z";"2026-04-06T16:39:00.000Z";1298.59
"2026-04-06T16:39:00.000Z";"2026-04-06T16:42:00.000Z";1299
"2026-04-06T16:42:00.000Z";"2026-04-06T16:45:00.000Z";1302.77
"2026-04-06T16:45:00.000Z";"2026-04-06T16:48:00.000Z";1301.17
"2026-04-06T16:48:00.000Z";"2026-04-06T16:51:00.000Z";1314.61
"2026-04-06T16:51:00.000Z";"2026-04-06T16:54:00.000Z";1315
"2026-04-06T16:54:00.000Z";"2026-04-06T16:57:00.000Z";1324.78
"2026-04-06T16:57:00.000Z";"2026-04-06T17:00:00.000Z";1337.27
"2026-04-06T17:00:00.000Z";"2026-04-06T17:03:00.000Z";1340.95
"2026-04-06T17:03:00.000Z";"2026-04-06T17:06:00.000Z";1331.62
"2026-04-06T17:06:00.000Z";"2026-04-06T17:09:00.000Z";1329.83
"2026-04-06T17:09:00.000Z";"2026-04-06T17:12:00.000Z";1328.72
"2026-04-06T17:12:00.000Z";"2026-04-06T17:15:00.000Z";1337.39
"2026-04-06T17:15:00.000Z";"2026-04-06T17:18:00.000Z";1344.72
"2026-04-06T17:18:00.000Z";"2026-04-06T17:21:00.000Z";1346.5
"2026-04-06T17:21:00.000Z";"2026-04-06T17:24:00.000Z";1339.73
"2026-04-06T17:24:00.000Z";"2026-04-06T17:27:00.000Z";1336.06
"2026-04-06T17:27:00.000Z";"2026-04-06T17:30:00.000Z";1336.83
"2026-04-06T17:30:00.000Z";"2026-04-06T17:33:00.000Z";1343.44
"2026-04-06T17:33:00.000Z";"2026-04-06T17:36:00.000Z";1340.44
"2026-04-06T17:36:00.000Z";"2026-04-06T17:39:00.000Z";1336.78
"2026-04-06T17:39:00.000Z";"2026-04-06T17:42:00.000Z";1335.61
"2026-04-06T17:42:00.000Z";"2026-04-06T17:45:00.000Z";1341.78
"2026-04-06T17:45:00.000Z";"2026-04-06T17:48:00.000Z";1346.44
"2026-04-06T17:48:00.000Z";"2026-04-06T17:51:00.000Z";1347.44
"2026-04-06T17:51:00.000Z";"2026-04-06T17:54:00.000Z";1348.17
"2026-04-06T17:54:00.000Z";"2026-04-06T17:57:00.000Z";1349.72
"2026-04-06T17:57:00.000Z";"2026-04-06T18:00:00.000Z";1348.28
"2026-04-06T18:00:00.000Z";"2026-04-06T18:03:00.000Z";1346
"2026-04-06T18:03:00.000Z";"2026-04-06T18:06:00.000Z";1344.44
"2026-04-06T18:06:00.000Z";"2026-04-06T18:09:00.000Z";1348.28
"2026-04-06T18:09:00.000Z";"2026-04-06T18:12:00.000Z";1340.17
"2026-04-06T18:12:00.000Z";"2026-04-06T18:15:00.000Z";1341.78
"2026-04-06T18:15:00.000Z";"2026-04-06T18:18:00.000Z";1337.83
"2026-04-06T18:18:00.000Z";"2026-04-06T18:21:00.000Z";1338.5
"2026-04-06T18:21:00.000Z";"2026-04-06T18:24:00.000Z";1331.9
"2026-04-06T18:24:00.000Z";"2026-04-06T18:27:00.000Z";1334
"2026-04-06T18:27:00.000Z";"2026-04-06T18:30:00.000Z";1330.89
"2026-04-06T18:30:00.000Z";"2026-04-06T18:33:00.000Z";1326.89
"2026-04-06T18:33:00.000Z";"2026-04-06T18:36:00.000Z";1326.22
"2026-04-06T18:36:00.000Z";"2026-04-06T18:39:00.000Z";1320.72
"2026-04-06T18:39:00.000Z";"2026-04-06T18:42:00.000Z";1316.95
"2026-04-06T18:42:00.000Z";"2026-04-06T18:45:00.000Z";1314.67
"2026-04-06T18:45:00.000Z";"2026-04-06T18:48:00.000Z";1307.67
"2026-04-06T18:48:00.000Z";"2026-04-06T18:51:00.000Z";1290.89
"2026-04-06T18:51:00.000Z";"2026-04-06T18:54:00.000Z";1297
"2026-04-06T18:54:00.000Z";"2026-04-06T18:57:00.000Z";1300
"2026-04-06T18:57:00.000Z";"2026-04-06T19:00:00.000Z";1299.89
"2026-04-06T19:00:00.000Z";"2026-04-06T19:03:00.000Z";1303.66
"2026-04-06T19:03:00.000Z";"2026-04-06T19:06:00.000Z";1329.66
"2026-04-06T19:06:00.000Z";"2026-04-06T19:09:00.000Z";1338.83
"2026-04-06T19:09:00.000Z";"2026-04-06T19:12:00.000Z";1345.33
"2026-04-06T19:12:00.000Z";"2026-04-06T19:15:00.000Z";1347.5
"2026-04-06T19:15:00.000Z";"2026-04-06T19:18:00.000Z";1354.05
"2026-04-06T19:18:00.000Z";"2026-04-06T19:21:00.000Z";1359.06
"2026-04-06T19:21:00.000Z";"2026-04-06T19:24:00.000Z";1347.34
"2026-04-06T19:24:00.000Z";"2026-04-06T19:27:00.000Z";1329.5
"2026-04-06T19:27:00.000Z";"2026-04-06T19:30:00.000Z";1328.22
"2026-04-06T19:30:00.000Z";"2026-04-06T19:33:00.000Z";1326.72
"2026-04-06T19:33:00.000Z";"2026-04-06T19:36:00.000Z";1328.28
"2026-04-06T19:36:00.000Z";"2026-04-06T19:39:00.000Z";1328.89
"2026-04-06T19:39:00.000Z";"2026-04-06T19:42:00.000Z";1328.01
"2026-04-06T19:42:00.000Z";"2026-04-06T19:45:00.000Z";1308.4
"2026-04-06T19:45:00.000Z";"2026-04-06T19:48:00.000Z";1308.05
"2026-04-06T19:48:00.000Z";"2026-04-06T19:51:00.000Z";1310.06
"2026-04-06T19:51:00.000Z";"2026-04-06T19:54:00.000Z";1311.5
"2026-04-06T19:54:00.000Z";"2026-04-06T19:57:00.000Z";1311.67
"2026-04-06T19:57:00.000Z";"2026-04-06T20:00:00.000Z";1309.83
"2026-04-06T20:00:00.000Z";"2026-04-06T20:03:00.000Z";1300.07
"2026-04-06T20:03:00.000Z";"2026-04-06T20:06:00.000Z";1296.78
"2026-04-06T20:06:00.000Z";"2026-04-06T20:09:00.000Z";1290.5
"2026-04-06T20:09:00.000Z";"2026-04-06T20:12:00.000Z";1291.11
"2026-04-06T20:12:00.000Z";"2026-04-06T20:15:00.000Z";1286.83
"2026-04-06T20:15:00.000Z";"2026-04-06T20:18:00.000Z";1279.44
"2026-04-06T20:18:00.000Z";"2026-04-06T20:21:00.000Z";1278.83
"2026-04-06T20:21:00.000Z";"2026-04-06T20:24:00.000Z";1274.5
"2026-04-06T20:24:00.000Z";"2026-04-06T20:27:00.000Z";1271.17
"2026-04-06T20:27:00.000Z";"2026-04-06T20:30:00.000Z";1250.28
"2026-04-06T20:30:00.000Z";"2026-04-06T20:33:00.000Z";1248.67
"2026-04-06T20:33:00.000Z";"2026-04-06T20:36:00.000Z";1259.65
"2026-04-06T20:36:00.000Z";"2026-04-06T20:39:00.000Z";1273.88
"2026-04-06T20:39:00.000Z";"2026-04-06T20:42:00.000Z";1278.11
"2026-04-06T20:42:00.000Z";"2026-04-06T20:45:00.000Z";1274.5
"2026-04-06T20:45:00.000Z";"2026-04-06T20:48:00.000Z";1274.5
"2026-04-06T20:48:00.000Z";"2026-04-06T20:51:00.000Z";1273.22
"2026-04-06T20:51:00.000Z";"2026-04-06T20:54:00.000Z";1276.6
"2026-04-06T20:54:00.000Z";"2026-04-06T20:57:00.000Z";1282.22
"2026-04-06T20:57:00.000Z";"2026-04-06T21:00:00.000Z";1278.89
"2026-04-06T21:00:00.000Z";"2026-04-06T21:03:00.000Z";1273.33
"2026-04-06T21:03:00.000Z";"2026-04-06T21:06:00.000Z";1271.11
"2026-04-06T21:06:00.000Z";"2026-04-06T21:09:00.000Z";1265.28
"2026-04-06T21:09:00.000Z";"2026-04-06T21:12:00.000Z";1264.61
"2026-04-06T21:12:00.000Z";"2026-04-06T21:15:00.000Z";1222.79
"2026-04-06T21:15:00.000Z";"2026-04-06T21:18:00.000Z";1110.68
"2026-04-06T21:18:00.000Z";"2026-04-06T21:21:00.000Z";1129.97
"2026-04-06T21:21:00.000Z";"2026-04-06T21:24:00.000Z";1137.11
"2026-04-06T21:24:00.000Z";"2026-04-06T21:27:00.000Z";1133.33
"2026-04-06T21:27:00.000Z";"2026-04-06T21:30:00.000Z";1126.78
"2026-04-06T21:30:00.000Z";"2026-04-06T21:33:00.000Z";1124.67
"2026-04-06T21:33:00.000Z";"2026-04-06T21:36:00.000Z";1129.44
"2026-04-06T21:36:00.000Z";"2026-04-06T21:39:00.000Z";1129.44
"2026-04-06T21:39:00.000Z";"2026-04-06T21:42:00.000Z";1127.28
"2026-04-06T21:42:00.000Z";"2026-04-06T21:45:00.000Z";1128.38
"2026-04-06T21:45:00.000Z";"2026-04-06T21:48:00.000Z";1126.89
"2026-04-06T21:48:00.000Z";"2026-04-06T21:51:00.000Z";1127.83
"2026-04-06T21:51:00.000Z";"2026-04-06T21:54:00.000Z";1127.83
"2026-04-06T21:54:00.000Z";"2026-04-06T21:57:00.000Z";1123.28
"2026-04-06T21:57:00.000Z";"2026-04-06T22:00:00.000Z";1120.17
"2026-04-06T22:00:00.000Z";"2026-04-06T22:03:00.000Z";1103.35
"2026-04-06T22:03:00.000Z";"2026-04-06T22:06:00.000Z";1059.79
"2026-04-06T22:06:00.000Z";"2026-04-06T22:09:00.000Z";1018.41
"2026-04-06T22:09:00.000Z";"2026-04-06T22:12:00.000Z";1002.44
"2026-04-06T22:12:00.000Z";"2026-04-06T22:15:00.000Z";1001.23
"2026-04-06T22:15:00.000Z";"2026-04-06T22:18:00.000Z";990.725
"2026-04-06T22:18:00.000Z";"2026-04-06T22:21:00.000Z";993.388
"2026-04-06T22:21:00.000Z";"2026-04-06T22:24:00.000Z";986.399
"2026-04-06T22:24:00.000Z";"2026-04-06T22:27:00.000Z";982.662
"2026-04-06T22:27:00.000Z";"2026-04-06T22:30:00.000Z";997.159
"2026-04-06T22:30:00.000Z";"2026-04-06T22:33:00.000Z";1005.99
"2026-04-06T22:33:00.000Z";"2026-04-06T22:36:00.000Z";963.243
"2026-04-06T22:36:00.000Z";"2026-04-06T22:39:00.000Z";935.67
"2026-04-06T22:39:00.000Z";"2026-04-06T22:42:00.000Z";928.223
"2026-04-06T22:42:00.000Z";"2026-04-06T22:45:00.000Z";925.446
"2026-04-06T22:45:00.000Z";"2026-04-06T22:48:00.000Z";923.669
"2026-04-06T22:48:00.000Z";"2026-04-06T22:51:00.000Z";928.165
"2026-04-06T22:51:00.000Z";"2026-04-06T22:54:00.000Z";928.888
"2026-04-06T22:54:00.000Z";"2026-04-06T22:57:00.000Z";929.167
"2026-04-06T22:57:00.000Z";"2026-04-06T23:00:00.000Z";928.276
"2026-04-06T23:00:00.000Z";"2026-04-06T23:03:00.000Z";927.168
"2026-04-06T23:03:00.000Z";"2026-04-06T23:06:00.000Z";906.677
"2026-04-06T23:06:00.000Z";"2026-04-06T23:09:00.000Z";896.557
"2026-04-06T23:09:00.000Z";"2026-04-06T23:12:00.000Z";896.615
"2026-04-06T23:12:00.000Z";"2026-04-06T23:15:00.000Z";885.505
"2026-04-06T23:15:00.000Z";"2026-04-06T23:18:00.000Z";883.888
"2026-04-06T23:18:00.000Z";"2026-04-06T23:21:00.000Z";893.44
"2026-04-06T23:21:00.000Z";"2026-04-06T23:24:00.000Z";894.556
"2026-04-06T23:24:00.000Z";"2026-04-06T23:27:00.000Z";894.613
"2026-04-06T23:27:00.000Z";"2026-04-06T23:30:00.000Z";888.448
"2026-04-06T23:30:00.000Z";"2026-04-06T23:33:00.000Z";879.113
"2026-04-06T23:33:00.000Z";"2026-04-06T23:36:00.000Z";881.331
"2026-04-06T23:36:00.000Z";"2026-04-06T23:39:00.000Z";880.057
"2026-04-06T23:39:00.000Z";"2026-04-06T23:42:00.000Z";869.449
"2026-04-06T23:42:00.000Z";"2026-04-06T23:45:00.000Z";865.446
"2026-04-06T23:45:00.000Z";"2026-04-06T23:48:00.000Z";849.79
"2026-04-06T23:48:00.000Z";"2026-04-06T23:51:00.000Z";839.832
"2026-04-06T23:51:00.000Z";"2026-04-06T23:54:00.000Z";839.998
"2026-04-06T23:54:00.000Z";"2026-04-06T23:57:00.000Z";851.052
"2026-04-06T23:57:00.000Z";"2026-04-07T00:00:00.000Z";847.725
"2026-04-07T00:00:00.000Z";"2026-04-07T00:03:00.000Z";833.558
"2026-04-07T00:03:00.000Z";"2026-04-07T00:06:00.000Z";843.384
"2026-04-07T00:06:00.000Z";"2026-04-07T00:09:00.000Z";845.057
"2026-04-07T00:09:00.000Z";"2026-04-07T00:12:00.000Z";850.942
"2026-04-07T00:12:00.000Z";"2026-04-07T00:15:00.000Z";842.616
"2026-04-07T00:15:00.000Z";"2026-04-07T00:18:00.000Z";832.557
"2026-04-07T00:18:00.000Z";"2026-04-07T00:21:00.000Z";829.337
"2026-04-07T00:21:00.000Z";"2026-04-07T00:24:00.000Z";824.446
"2026-04-07T00:24:00.000Z";"2026-04-07T00:27:00.000Z";824.555
"2026-04-07T00:27:00.000Z";"2026-04-07T00:30:00.000Z";824.722
"2026-04-07T00:30:00.000Z";"2026-04-07T00:33:00.000Z";820.393
"2026-04-07T00:33:00.000Z";"2026-04-07T00:36:00.000Z";820.222
"2026-04-07T00:36:00.000Z";"2026-04-07T00:39:00.000Z";816.391
"2026-04-07T00:39:00.000Z";"2026-04-07T00:42:00.000Z";816.444
"2026-04-07T00:42:00.000Z";"2026-04-07T00:45:00.000Z";816.832
"2026-04-07T00:45:00.000Z";"2026-04-07T00:48:00.000Z";822.443
"2026-04-07T00:48:00.000Z";"2026-04-07T00:51:00.000Z";823.723
"2026-04-07T00:51:00.000Z";"2026-04-07T00:54:00.000Z";820.89
"2026-04-07T00:54:00.000Z";"2026-04-07T00:57:00.000Z";821.164
"2026-04-07T00:57:00.000Z";"2026-04-07T01:00:00.000Z";824.72
"2026-04-07T01:00:00.000Z";"2026-04-07T01:03:00.000Z";829.664
"2026-04-07T01:03:00.000Z";"2026-04-07T01:06:00.000Z";832.833
"2026-04-07T01:06:00.000Z";"2026-04-07T01:09:00.000Z";836.944
"2026-04-07T01:09:00.000Z";"2026-04-07T01:12:00.000Z";838.721
"2026-04-07T01:12:00.000Z";"2026-04-07T01:15:00.000Z";840.056
"2026-04-07T01:15:00.000Z";"2026-04-07T01:18:00.000Z";842.499
"2026-04-07T01:18:00.000Z";"2026-04-07T01:21:00.000Z";845.443
"2026-04-07T01:21:00.000Z";"2026-04-07T01:24:00.000Z";853.718
"2026-04-07T01:24:00.000Z";"2026-04-07T01:27:00.000Z";853.277
"2026-04-07T01:27:00.000Z";"2026-04-07T01:30:00.000Z";849.393
"2026-04-07T01:30:00.000Z";"2026-04-07T01:33:00.000Z";843.116
"2026-04-07T01:33:00.000Z";"2026-04-07T01:36:00.000Z";837.55
"2026-04-07T01:36:00.000Z";"2026-04-07T01:39:00.000Z";849.332
"2026-04-07T01:39:00.000Z";"2026-04-07T01:42:00.000Z";842.947
"2026-04-07T01:42:00.000Z";"2026-04-07T01:45:00.000Z";826.009
"2026-04-07T01:45:00.000Z";"2026-04-07T01:48:00.000Z";816.501
"2026-04-07T01:48:00.000Z";"2026-04-07T01:51:00.000Z";825.439
"2026-04-07T01:51:00.000Z";"2026-04-07T01:54:00.000Z";823.501
"2026-04-07T01:54:00.000Z";"2026-04-07T01:57:00.000Z";824.22
"2026-04-07T01:57:00.000Z";"2026-04-07T02:00:00.000Z";826.832
"2026-04-07T02:00:00.000Z";"2026-04-07T02:03:00.000Z";835.216
"2026-04-07T02:03:00.000Z";"2026-04-07T02:06:00.000Z";845.998
"2026-04-07T02:06:00.000Z";"2026-04-07T02:09:00.000Z";849
"2026-04-07T02:09:00.000Z";"2026-04-07T02:12:00.000Z";845.501
"2026-04-07T02:12:00.000Z";"2026-04-07T02:15:00.000Z";852.217
"2026-04-07T02:15:00.000Z";"2026-04-07T02:18:00.000Z";844.851
"2026-04-07T02:18:00.000Z";"2026-04-07T02:21:00.000Z";826.614
"2026-04-07T02:21:00.000Z";"2026-04-07T02:24:00.000Z";825.611
"2026-04-07T02:24:00.000Z";"2026-04-07T02:27:00.000Z";829.052
"2026-04-07T02:27:00.000Z";"2026-04-07T02:30:00.000Z";830.111
"2026-04-07T02:30:00.000Z";"2026-04-07T02:33:00.000Z";842.812
"2026-04-07T02:33:00.000Z";"2026-04-07T02:36:00.000Z";861.224
"2026-04-07T02:36:00.000Z";"2026-04-07T02:39:00.000Z";869.771
"2026-04-07T02:39:00.000Z";"2026-04-07T02:42:00.000Z";877.499
"2026-04-07T02:42:00.000Z";"2026-04-07T02:45:00.000Z";878.777
"2026-04-07T02:45:00.000Z";"2026-04-07T02:48:00.000Z";882
"2026-04-07T02:48:00.000Z";"2026-04-07T02:51:00.000Z";881.39
"2026-04-07T02:51:00.000Z";"2026-04-07T02:54:00.000Z";878.724
"2026-04-07T02:54:00.000Z";"2026-04-07T02:57:00.000Z";886.327
"2026-04-07T02:57:00.000Z";"2026-04-07T03:00:00.000Z";890.389
"2026-04-07T03:00:00.000Z";"2026-04-07T03:03:00.000Z";893.04
"2026-04-07T03:03:00.000Z";"2026-04-07T03:06:00.000Z";938.177
"2026-04-07T03:06:00.000Z";"2026-04-07T03:09:00.000Z";994.716
"2026-04-07T03:09:00.000Z";"2026-04-07T03:12:00.000Z";1003
"2026-04-07T03:12:00.000Z";"2026-04-07T03:15:00.000Z";1007
"2026-04-07T03:15:00.000Z";"2026-04-07T03:18:00.000Z";1008.89
"2026-04-07T03:18:00.000Z";"2026-04-07T03:21:00.000Z";1002.94
"2026-04-07T03:21:00.000Z";"2026-04-07T03:24:00.000Z";1006.33
"2026-04-07T03:24:00.000Z";"2026-04-07T03:27:00.000Z";1016.94
"2026-04-07T03:27:00.000Z";"2026-04-07T03:30:00.000Z";1015.45
"2026-04-07T03:30:00.000Z";"2026-04-07T03:33:00.000Z";1006.23
"2026-04-07T03:33:00.000Z";"2026-04-07T03:36:00.000Z";970.028
"2026-04-07T03:36:00.000Z";"2026-04-07T03:39:00.000Z";946.224
"2026-04-07T03:39:00.000Z";"2026-04-07T03:42:00.000Z";943.61
"2026-04-07T03:42:00.000Z";"2026-04-07T03:45:00.000Z";959.939
"2026-04-07T03:45:00.000Z";"2026-04-07T03:48:00.000Z";962.948
"2026-04-07T03:48:00.000Z";"2026-04-07T03:51:00.000Z";976.936
"2026-04-07T03:51:00.000Z";"2026-04-07T03:54:00.000Z";988.717
"2026-04-07T03:54:00.000Z";"2026-04-07T03:57:00.000Z";1002.61
"2026-04-07T03:57:00.000Z";"2026-04-07T04:00:00.000Z";1024.27
"2026-04-07T04:00:00.000Z";"2026-04-07T04:03:00.000Z";1077.53
"2026-04-07T04:03:00.000Z";"2026-04-07T04:06:00.000Z";1219.88
"2026-04-07T04:06:00.000Z";"2026-04-07T04:09:00.000Z";1304.53
"2026-04-07T04:09:00.000Z";"2026-04-07T04:12:00.000Z";1347.82
"2026-04-07T04:12:00.000Z";"2026-04-07T04:15:00.000Z";1366.05
"2026-04-07T04:15:00.000Z";"2026-04-07T04:18:00.000Z";1365.28
"2026-04-07T04:18:00.000Z";"2026-04-07T04:21:00.000Z";1366.78
"2026-04-07T04:21:00.000Z";"2026-04-07T04:24:00.000Z";1366.89
"2026-04-07T04:24:00.000Z";"2026-04-07T04:27:00.000Z";1374.28
"2026-04-07T04:27:00.000Z";"2026-04-07T04:30:00.000Z";1373.61
"2026-04-07T04:30:00.000Z";"2026-04-07T04:33:00.000Z";1356.45
"2026-04-07T04:33:00.000Z";"2026-04-07T04:36:00.000Z";1333.18
"2026-04-07T04:36:00.000Z";"2026-04-07T04:39:00.000Z";1320.78
"2026-04-07T04:39:00.000Z";"2026-04-07T04:42:00.000Z";1325.05
"2026-04-07T04:42:00.000Z";"2026-04-07T04:45:00.000Z";1330.11
"2026-04-07T04:45:00.000Z";"2026-04-07T04:48:00.000Z";1329.39
"2026-04-07T04:48:00.000Z";"2026-04-07T04:51:00.000Z";1327.83
"2026-04-07T04:51:00.000Z";"2026-04-07T04:54:00.000Z";1339.27
"2026-04-07T04:54:00.000Z";"2026-04-07T04:57:00.000Z";1343.66
"2026-04-07T04:57:00.000Z";"2026-04-07T05:00:00.000Z";1337.12
"2026-04-07T05:00:00.000Z";"2026-04-07T05:03:00.000Z";1332.72
"2026-04-07T05:03:00.000Z";"2026-04-07T05:06:00.000Z";1370.65
"2026-04-07T05:06:00.000Z";"2026-04-07T05:09:00.000Z";1372.72
"2026-04-07T05:09:00.000Z";"2026-04-07T05:12:00.000Z";1385.55
"2026-04-07T05:12:00.000Z";"2026-04-07T05:15:00.000Z";1396.16
"2026-04-07T05:15:00.000Z";"2026-04-07T05:18:00.000Z";1400.56
"2026-04-07T05:18:00.000Z";"2026-04-07T05:21:00.000Z";1405.77
"2026-04-07T05:21:00.000Z";"2026-04-07T05:24:00.000Z";1416.61
"2026-04-07T05:24:00.000Z";"2026-04-07T05:27:00.000Z";1430.33
"2026-04-07T05:27:00.000Z";"2026-04-07T05:30:00.000Z";1434.28
"2026-04-07T05:30:00.000Z";"2026-04-07T05:33:00.000Z";1427.29
"2026-04-07T05:33:00.000Z";"2026-04-07T05:36:00.000Z";1416.84
"2026-04-07T05:36:00.000Z";"2026-04-07T05:39:00.000Z";1413.61
"2026-04-07T05:39:00.000Z";"2026-04-07T05:42:00.000Z";1413.45
"2026-04-07T05:42:00.000Z";"2026-04-07T05:45:00.000Z";1407.45
"2026-04-07T05:45:00.000Z";"2026-04-07T05:48:00.000Z";1402.73
"2026-04-07T05:48:00.000Z";"2026-04-07T05:51:00.000Z";1388.01
"2026-04-07T05:51:00.000Z";"2026-04-07T05:54:00.000Z";1384.5
"2026-04-07T05:54:00.000Z";"2026-04-07T05:57:00.000Z";1388.28
"2026-04-07T05:57:00.000Z";"2026-04-07T06:00:00.000Z";1388.44
"2026-04-07T06:00:00.000Z";"2026-04-07T06:03:00.000Z";1374.41
"2026-04-07T06:03:00.000Z";"2026-04-07T06:06:00.000Z";1360.61
"2026-04-07T06:06:00.000Z";"2026-04-07T06:09:00.000Z";1358.83
"2026-04-07T06:09:00.000Z";"2026-04-07T06:12:00.000Z";1368.11
"2026-04-07T06:12:00.000Z";"2026-04-07T06:15:00.000Z";1369.17
"2026-04-07T06:15:00.000Z";"2026-04-07T06:18:00.000Z";1363.56
"2026-04-07T06:18:00.000Z";"2026-04-07T06:21:00.000Z";1398.71
"2026-04-07T06:21:00.000Z";"2026-04-07T06:24:00.000Z";1414.94
"2026-04-07T06:24:00.000Z";"2026-04-07T06:27:00.000Z";1423.55
"2026-04-07T06:27:00.000Z";"2026-04-07T06:30:00.000Z";1423.22
"2026-04-07T06:30:00.000Z";"2026-04-07T06:33:00.000Z";1427.99
"2026-04-07T06:33:00.000Z";"2026-04-07T06:36:00.000Z";1434.56
"2026-04-07T06:36:00.000Z";"2026-04-07T06:39:00.000Z";1451.16
"2026-04-07T06:39:00.000Z";"2026-04-07T06:42:00.000Z";1470.99
"2026-04-07T06:42:00.000Z";"2026-04-07T06:45:00.000Z";1478.84
"2026-04-07T06:45:00.000Z";"2026-04-07T06:48:00.000Z";1476.17
"2026-04-07T06:48:00.000Z";"2026-04-07T06:51:00.000Z";1487.05
"2026-04-07T06:51:00.000Z";"2026-04-07T06:54:00.000Z";1492.89
"2026-04-07T06:54:00.000Z";"2026-04-07T06:57:00.000Z";1485.12
"2026-04-07T06:57:00.000Z";"2026-04-07T07:00:00.000Z";1472.17
"2026-04-07T07:00:00.000Z";"2026-04-07T07:03:00.000Z";1468.19
"2026-04-07T07:03:00.000Z";"2026-04-07T07:06:00.000Z";1448.23
"2026-04-07T07:06:00.000Z";"2026-04-07T07:09:00.000Z";1445.84
"2026-04-07T07:09:00.000Z";"2026-04-07T07:12:00.000Z";1414.9
"2026-04-07T07:12:00.000Z";"2026-04-07T07:15:00.000Z";1350.86
"2026-04-07T07:15:00.000Z";"2026-04-07T07:18:00.000Z";1324.17
"2026-04-07T07:18:00.000Z";"2026-04-07T07:21:00.000Z";1316.39
"2026-04-07T07:21:00.000Z";"2026-04-07T07:24:00.000Z";1316.56
"2026-04-07T07:24:00.000Z";"2026-04-07T07:27:00.000Z";1321.61
"2026-04-07T07:27:00.000Z";"2026-04-07T07:30:00.000Z";1323.06
"2026-04-07T07:30:00.000Z";"2026-04-07T07:33:00.000Z";1322.11
"2026-04-07T07:33:00.000Z";"2026-04-07T07:36:00.000Z";1325.56
"2026-04-07T07:36:00.000Z";"2026-04-07T07:39:00.000Z";1332.27
"2026-04-07T07:39:00.000Z";"2026-04-07T07:42:00.000Z";1337.45
"2026-04-07T07:42:00.000Z";"2026-04-07T07:45:00.000Z";1333.44
"2026-04-07T07:45:00.000Z";"2026-04-07T07:48:00.000Z";1331.89
"2026-04-07T07:48:00.000Z";"2026-04-07T07:51:00.000Z";1331.22
"2026-04-07T07:51:00.000Z";"2026-04-07T07:54:00.000Z";1333.56
"2026-04-07T07:54:00.000Z";"2026-04-07T07:57:00.000Z";1326.95
"2026-04-07T07:57:00.000Z";"2026-04-07T08:00:00.000Z";1238.5
"2026-04-07T08:00:00.000Z";"2026-04-07T08:03:00.000Z";1181.45
"2026-04-07T08:03:00.000Z";"2026-04-07T08:06:00.000Z";1183.94
"2026-04-07T08:06:00.000Z";"2026-04-07T08:09:00.000Z";1179.01
"2026-04-07T08:09:00.000Z";"2026-04-07T08:12:00.000Z";1173.4
"2026-04-07T08:12:00.000Z";"2026-04-07T08:15:00.000Z";1157.9
"2026-04-07T08:15:00.000Z";"2026-04-07T08:18:00.000Z";1164.16
"2026-04-07T08:18:00.000Z";"2026-04-07T08:21:00.000Z";1170.06
"2026-04-07T08:21:00.000Z";"2026-04-07T08:24:00.000Z";1171.61
"2026-04-07T08:24:00.000Z";"2026-04-07T08:27:00.000Z";1170.83
"2026-04-07T08:27:00.000Z";"2026-04-07T08:30:00.000Z";1169.78
"2026-04-07T08:30:00.000Z";"2026-04-07T08:33:00.000Z";1171.44
"2026-04-07T08:33:00.000Z";"2026-04-07T08:36:00.000Z";1175.72
"2026-04-07T08:36:00.000Z";"2026-04-07T08:39:00.000Z";1172.28
"2026-04-07T08:39:00.000Z";"2026-04-07T08:42:00.000Z";1176.17
"2026-04-07T08:42:00.000Z";"2026-04-07T08:45:00.000Z";1176.44
"2026-04-07T08:45:00.000Z";"2026-04-07T08:48:00.000Z";1172.55
"2026-04-07T08:48:00.000Z";"2026-04-07T08:51:00.000Z";1181.11
"2026-04-07T08:51:00.000Z";"2026-04-07T08:54:00.000Z";1173.61
"2026-04-07T08:54:00.000Z";"2026-04-07T08:57:00.000Z";1170.78
"2026-04-07T08:57:00.000Z";"2026-04-07T09:00:00.000Z";1177.99
"2026-04-07T09:00:00.000Z";"2026-04-07T09:03:00.000Z";1178.78
"2026-04-07T09:03:00.000Z";"2026-04-07T09:06:00.000Z";1184.15
"2026-04-07T09:06:00.000Z";"2026-04-07T09:09:00.000Z";1185.06
"2026-04-07T09:09:00.000Z";"2026-04-07T09:12:00.000Z";1189.94
"2026-04-07T09:12:00.000Z";"2026-04-07T09:15:00.000Z";1184.39
"2026-04-07T09:15:00.000Z";"2026-04-07T09:18:00.000Z";1167.89
"2026-04-07T09:18:00.000Z";"2026-04-07T09:21:00.000Z";1165.11
"2026-04-07T09:21:00.000Z";"2026-04-07T09:24:00.000Z";1154.34
"2026-04-07T09:24:00.000Z";"2026-04-07T09:27:00.000Z";1138.28
"2026-04-07T09:27:00.000Z";"2026-04-07T09:30:00.000Z";1139
"2026-04-07T09:30:00.000Z";"2026-04-07T09:33:00.000Z";1135.45
"2026-04-07T09:33:00.000Z";"2026-04-07T09:36:00.000Z";1133.61
"2026-04-07T09:36:00.000Z";"2026-04-07T09:39:00.000Z";1133.94
"2026-04-07T09:39:00.000Z";"2026-04-07T09:42:00.000Z";1135.05
"2026-04-07T09:42:00.000Z";"2026-04-07T09:45:00.000Z";1138.56
"2026-04-07T09:45:00.000Z";"2026-04-07T09:48:00.000Z";1132.68
"2026-04-07T09:48:00.000Z";"2026-04-07T09:51:00.000Z";1135.89
"2026-04-07T09:51:00.000Z";"2026-04-07T09:54:00.000Z";1130.84
"2026-04-07T09:54:00.000Z";"2026-04-07T09:57:00.000Z";1129.61
"2026-04-07T09:57:00.000Z";"2026-04-07T10:00:00.000Z";1124.61
"2026-04-07T10:00:00.000Z";"2026-04-07T10:03:00.000Z";1104.29
"2026-04-07T10:03:00.000Z";"2026-04-07T10:06:00.000Z";1100.83
"2026-04-07T10:06:00.000Z";"2026-04-07T10:09:00.000Z";1074.95
"2026-04-07T10:09:00.000Z";"2026-04-07T10:12:00.000Z";1063.84
"2026-04-07T10:12:00.000Z";"2026-04-07T10:15:00.000Z";1055.5
"2026-04-07T10:15:00.000Z";"2026-04-07T10:18:00.000Z";1065.66
"2026-04-07T10:18:00.000Z";"2026-04-07T10:21:00.000Z";1070.06
"2026-04-07T10:21:00.000Z";"2026-04-07T10:24:00.000Z";1063.11
"2026-04-07T10:24:00.000Z";"2026-04-07T10:27:00.000Z";1070.44
"2026-04-07T10:27:00.000Z";"2026-04-07T10:30:00.000Z";1072.17
"2026-04-07T10:30:00.000Z";"2026-04-07T10:33:00.000Z";1071.72
"2026-04-07T10:33:00.000Z";"2026-04-07T10:36:00.000Z";1069.28
"2026-04-07T10:36:00.000Z";"2026-04-07T10:39:00.000Z";1067.56
"2026-04-07T10:39:00.000Z";"2026-04-07T10:42:00.000Z";1066.22
"2026-04-07T10:42:00.000Z";"2026-04-07T10:45:00.000Z";1061.23
"2026-04-07T10:45:00.000Z";"2026-04-07T10:48:00.000Z";1042.72
"2026-04-07T10:48:00.000Z";"2026-04-07T10:51:00.000Z";1041.61
"2026-04-07T10:51:00.000Z";"2026-04-07T10:54:00.000Z";1029.79
"2026-04-07T10:54:00.000Z";"2026-04-07T10:57:00.000Z";1026.23
"2026-04-07T10:57:00.000Z";"2026-04-07T11:00:00.000Z";1025.17
"2026-04-07T11:00:00.000Z";"2026-04-07T11:03:00.000Z";1027
"2026-04-07T11:03:00.000Z";"2026-04-07T11:06:00.000Z";1031.22
"2026-04-07T11:06:00.000Z";"2026-04-07T11:09:00.000Z";1023.78
"2026-04-07T11:09:00.000Z";"2026-04-07T11:12:00.000Z";1017.56
"2026-04-07T11:12:00.000Z";"2026-04-07T11:15:00.000Z";1028.45
"2026-04-07T11:15:00.000Z";"2026-04-07T11:18:00.000Z";1016.4
"2026-04-07T11:18:00.000Z";"2026-04-07T11:21:00.000Z";1010.11
"2026-04-07T11:21:00.000Z";"2026-04-07T11:24:00.000Z";1014.11
"2026-04-07T11:24:00.000Z";"2026-04-07T11:27:00.000Z";1036.54
"2026-04-07T11:27:00.000Z";"2026-04-07T11:30:00.000Z";1054.11
"2026-04-07T11:30:00.000Z";"2026-04-07T11:33:00.000Z";1056.87
"2026-04-07T11:33:00.000Z";"2026-04-07T11:36:00.000Z";1102.08
"2026-04-07T11:36:00.000Z";"2026-04-07T11:39:00.000Z";1131.88
"2026-04-07T11:39:00.000Z";"2026-04-07T11:42:00.000Z";1143
"2026-04-07T11:42:00.000Z";"2026-04-07T11:45:00.000Z";1139.11
"2026-04-07T11:45:00.000Z";"2026-04-07T11:48:00.000Z";1141.16
"2026-04-07T11:48:00.000Z";"2026-04-07T11:51:00.000Z";1145.5
"2026-04-07T11:51:00.000Z";"2026-04-07T11:54:00.000Z";1143.39
"2026-04-07T11:54:00.000Z";"2026-04-07T11:57:00.000Z";1149.44
"2026-04-07T11:57:00.000Z";"2026-04-07T12:00:00.000Z";1145.95
"2026-04-07T12:00:00.000Z";"2026-04-07T12:03:00.000Z";1137.57
"2026-04-07T12:03:00.000Z";"2026-04-07T12:06:00.000Z";1135.44
"2026-04-07T12:06:00.000Z";"2026-04-07T12:09:00.000Z";1141.27
"2026-04-07T12:09:00.000Z";"2026-04-07T12:12:00.000Z";1147.11
"2026-04-07T12:12:00.000Z";"2026-04-07T12:15:00.000Z";1149.17
"2026-04-07T12:15:00.000Z";"2026-04-07T12:18:00.000Z";1158.1
"2026-04-07T12:18:00.000Z";"2026-04-07T12:21:00.000Z";1189.09
"2026-04-07T12:21:00.000Z";"2026-04-07T12:24:00.000Z";1228.2
"2026-04-07T12:24:00.000Z";"2026-04-07T12:27:00.000Z";1272.15
"2026-04-07T12:27:00.000Z";"2026-04-07T12:30:00.000Z";1318.1
"2026-04-07T12:30:00.000Z";"2026-04-07T12:33:00.000Z";1333.89
"2026-04-07T12:33:00.000Z";"2026-04-07T12:36:00.000Z";1356.16
"2026-04-07T12:36:00.000Z";"2026-04-07T12:39:00.000Z";1362.11
"2026-04-07T12:39:00.000Z";"2026-04-07T12:42:00.000Z";1362.61
"2026-04-07T12:42:00.000Z";"2026-04-07T12:45:00.000Z";1361.11
"2026-04-07T12:45:00.000Z";"2026-04-07T12:48:00.000Z";1337.57
"2026-04-07T12:48:00.000Z";"2026-04-07T12:51:00.000Z";1307.84
"2026-04-07T12:51:00.000Z";"2026-04-07T12:54:00.000Z";1302.67
"2026-04-07T12:54:00.000Z";"2026-04-07T12:57:00.000Z";1307.05
"2026-04-07T12:57:00.000Z";"2026-04-07T13:00:00.000Z";1313.28
"2026-04-07T13:00:00.000Z";"2026-04-07T13:03:00.000Z";1314.74
"2026-04-07T13:03:00.000Z";"2026-04-07T13:06:00.000Z";1303.34
"2026-04-07T13:06:00.000Z";"2026-04-07T13:09:00.000Z";1309.66
"2026-04-07T13:09:00.000Z";"2026-04-07T13:12:00.000Z";1317.17
"2026-04-07T13:12:00.000Z";"2026-04-07T13:15:00.000Z";1313.73
"2026-04-07T13:15:00.000Z";"2026-04-07T13:18:00.000Z";1313.28
"2026-04-07T13:18:00.000Z";"2026-04-07T13:21:00.000Z";1308.39
"2026-04-07T13:21:00.000Z";"2026-04-07T13:24:00.000Z";1308.16
"2026-04-07T13:24:00.000Z";"2026-04-07T13:27:00.000Z";1311.72
"2026-04-07T13:27:00.000Z";"2026-04-07T13:30:00.000Z";1313.22
"2026-04-07T13:30:00.000Z";"2026-04-07T13:33:00.000Z";1316.67
"2026-04-07T13:33:00.000Z";"2026-04-07T13:36:00.000Z";1309.72
"2026-04-07T13:36:00.000Z";"2026-04-07T13:39:00.000Z";1307.83
"2026-04-07T13:39:00.000Z";"2026-04-07T13:42:00.000Z";1308.78
"2026-04-07T13:42:00.000Z";"2026-04-07T13:45:00.000Z";1307.11
"2026-04-07T13:45:00.000Z";"2026-04-07T13:48:00.000Z";1312.5
"2026-04-07T13:48:00.000Z";"2026-04-07T13:51:00.000Z";1310.78
"2026-04-07T13:51:00.000Z";"2026-04-07T13:54:00.000Z";1320.44
"2026-04-07T13:54:00.000Z";"2026-04-07T13:57:00.000Z";1344.33
"2026-04-07T13:57:00.000Z";"2026-04-07T14:00:00.000Z";1349.73
"2026-04-07T14:00:00.000Z";"2026-04-07T14:03:00.000Z";1358.55
"2026-04-07T14:03:00.000Z";"2026-04-07T14:06:00.000Z";1387.16
"2026-04-07T14:06:00.000Z";"2026-04-07T14:09:00.000Z";1395.07
"2026-04-07T14:09:00.000Z";"2026-04-07T14:12:00.000Z";1361.34
"2026-04-07T14:12:00.000Z";"2026-04-07T14:15:00.000Z";1354.06
"2026-04-07T14:15:00.000Z";"2026-04-07T14:18:00.000Z";1331.07
"2026-04-07T14:18:00.000Z";"2026-04-07T14:21:00.000Z";1314.78
"2026-04-07T14:21:00.000Z";"2026-04-07T14:24:00.000Z";1312.67
"2026-04-07T14:24:00.000Z";"2026-04-07T14:27:00.000Z";1315.72
"2026-04-07T14:27:00.000Z";"2026-04-07T14:30:00.000Z";1315.28
"2026-04-07T14:30:00.000Z";"2026-04-07T14:33:00.000Z";1305.06
"2026-04-07T14:33:00.000Z";"2026-04-07T14:36:00.000Z";1308.33
"2026-04-07T14:36:00.000Z";"2026-04-07T14:39:00.000Z";1309.55
"2026-04-07T14:39:00.000Z";"2026-04-07T14:42:00.000Z";1308.73
"2026-04-07T14:42:00.000Z";"2026-04-07T14:45:00.000Z";1283.4
"2026-04-07T14:45:00.000Z";"2026-04-07T14:48:00.000Z";1274.56
"2026-04-07T14:48:00.000Z";"2026-04-07T14:51:00.000Z";1276.05
"2026-04-07T14:51:00.000Z";"2026-04-07T14:54:00.000Z";1286.33
"2026-04-07T14:54:00.000Z";"2026-04-07T14:57:00.000Z";1284.94
"2026-04-07T14:57:00.000Z";"2026-04-07T15:00:00.000Z";1289.44
"2026-04-07T15:00:00.000Z";"2026-04-07T15:03:00.000Z";1301
"2026-04-07T15:03:00.000Z";"2026-04-07T15:06:00.000Z";1314.38
"2026-04-07T15:06:00.000Z";"2026-04-07T15:09:00.000Z";1340.22
"2026-04-07T15:09:00.000Z";"2026-04-07T15:12:00.000Z";1347.11
"2026-04-07T15:12:00.000Z";"2026-04-07T15:15:00.000Z";1348.39
"2026-04-07T15:15:00.000Z";"2026-04-07T15:18:00.000Z";1340.4
"2026-04-07T15:18:00.000Z";"2026-04-07T15:21:00.000Z";1338.56
"2026-04-07T15:21:00.000Z";"2026-04-07T15:24:00.000Z";1334.17
"2026-04-07T15:24:00.000Z";"2026-04-07T15:27:00.000Z";1333.11
"2026-04-07T15:27:00.000Z";"2026-04-07T15:30:00.000Z";1351.03
"2026-04-07T15:30:00.000Z";"2026-04-07T15:33:00.000Z";1396.49
"2026-04-07T15:33:00.000Z";"2026-04-07T15:36:00.000Z";1392.17
"2026-04-07T15:36:00.000Z";"2026-04-07T15:39:00.000Z";1402.05
"2026-04-07T15:39:00.000Z";"2026-04-07T15:42:00.000Z";1410.05
"2026-04-07T15:42:00.000Z";"2026-04-07T15:45:00.000Z";1417.11
"2026-04-07T15:45:00.000Z";"2026-04-07T15:48:00.000Z";1427.99
"2026-04-07T15:48:00.000Z";"2026-04-07T15:51:00.000Z";1434.67
"2026-04-07T15:51:00.000Z";"2026-04-07T15:54:00.000Z";1432.11
"2026-04-07T15:54:00.000Z";"2026-04-07T15:57:00.000Z";1427.67
"2026-04-07T15:57:00.000Z";"2026-04-07T16:00:00.000Z";1432.83
"2026-04-07T16:00:00.000Z";"2026-04-07T16:03:00.000Z";1429.22
"2026-04-07T16:03:00.000Z";"2026-04-07T16:06:00.000Z";1402.62
"2026-04-07T16:06:00.000Z";"2026-04-07T16:09:00.000Z";1364.06
"2026-04-07T16:09:00.000Z";"2026-04-07T16:12:00.000Z";1327.13
"2026-04-07T16:12:00.000Z";"2026-04-07T16:15:00.000Z";1316.17
"2026-04-07T16:15:00.000Z";"2026-04-07T16:18:00.000Z";1308.78
"2026-04-07T16:18:00.000Z";"2026-04-07T16:21:00.000Z";1302.39
"2026-04-07T16:21:00.000Z";"2026-04-07T16:24:00.000Z";1308.78
"2026-04-07T16:24:00.000Z";"2026-04-07T16:27:00.000Z";1311.22
"2026-04-07T16:27:00.000Z";"2026-04-07T16:30:00.000Z";1313.83
"2026-04-07T16:30:00.000Z";"2026-04-07T16:33:00.000Z";1336.51
"2026-04-07T16:33:00.000Z";"2026-04-07T16:36:00.000Z";1375.36
"2026-04-07T16:36:00.000Z";"2026-04-07T16:39:00.000Z";1401.61
"2026-04-07T16:39:00.000Z";"2026-04-07T16:42:00.000Z";1401.28
"2026-04-07T16:42:00.000Z";"2026-04-07T16:45:00.000Z";1400.28
"2026-04-07T16:45:00.000Z";"2026-04-07T16:48:00.000Z";1397.94
"2026-04-07T16:48:00.000Z";"2026-04-07T16:51:00.000Z";1400.17
"2026-04-07T16:51:00.000Z";"2026-04-07T16:54:00.000Z";1402.78
"2026-04-07T16:54:00.000Z";"2026-04-07T16:57:00.000Z";1414.78
"2026-04-07T16:57:00.000Z";"2026-04-07T17:00:00.000Z";1412.78
"2026-04-07T17:00:00.000Z";"2026-04-07T17:03:00.000Z";1409.33
"2026-04-07T17:03:00.000Z";"2026-04-07T17:06:00.000Z";1395.9
"2026-04-07T17:06:00.000Z";"2026-04-07T17:09:00.000Z";1385.56
"2026-04-07T17:09:00.000Z";"2026-04-07T17:12:00.000Z";1387.67
"2026-04-07T17:12:00.000Z";"2026-04-07T17:15:00.000Z";1388.72
"2026-04-07T17:15:00.000Z";"2026-04-07T17:18:00.000Z";1388.34
"2026-04-07T17:18:00.000Z";"2026-04-07T17:21:00.000Z";1379.17
"2026-04-07T17:21:00.000Z";"2026-04-07T17:24:00.000Z";1372.89
"2026-04-07T17:24:00.000Z";"2026-04-07T17:27:00.000Z";1377.89
"2026-04-07T17:27:00.000Z";"2026-04-07T17:30:00.000Z";1386.49
"2026-04-07T17:30:00.000Z";"2026-04-07T17:33:00.000Z";1392.22
"2026-04-07T17:33:00.000Z";"2026-04-07T17:36:00.000Z";1392.61
"2026-04-07T17:36:00.000Z";"2026-04-07T17:39:00.000Z";1393.89
"2026-04-07T17:39:00.000Z";"2026-04-07T17:42:00.000Z";1395.89
"2026-04-07T17:42:00.000Z";"2026-04-07T17:45:00.000Z";1395.72
"2026-04-07T17:45:00.000Z";"2026-04-07T17:48:00.000Z";1397.5
"2026-04-07T17:48:00.000Z";"2026-04-07T17:51:00.000Z";1391.68
"2026-04-07T17:51:00.000Z";"2026-04-07T17:54:00.000Z";1367.79
"2026-04-07T17:54:00.000Z";"2026-04-07T17:57:00.000Z";1356.95
"2026-04-07T17:57:00.000Z";"2026-04-07T18:00:00.000Z";1350.28
"2026-04-07T18:00:00.000Z";"2026-04-07T18:03:00.000Z";1349.22
"2026-04-07T18:03:00.000Z";"2026-04-07T18:06:00.000Z";1331.57
"2026-04-07T18:06:00.000Z";"2026-04-07T18:09:00.000Z";1305.74
"2026-04-07T18:09:00.000Z";"2026-04-07T18:12:00.000Z";1288.68
"2026-04-07T18:12:00.000Z";"2026-04-07T18:15:00.000Z";1265.84
"2026-04-07T18:15:00.000Z";"2026-04-07T18:18:00.000Z";1261
"2026-04-07T18:18:00.000Z";"2026-04-07T18:21:00.000Z";1262.17
"2026-04-07T18:21:00.000Z";"2026-04-07T18:24:00.000Z";1259.39
"2026-04-07T18:24:00.000Z";"2026-04-07T18:27:00.000Z";1254.83
"2026-04-07T18:27:00.000Z";"2026-04-07T18:30:00.000Z";1254.61
"2026-04-07T18:30:00.000Z";"2026-04-07T18:33:00.000Z";1260.22
"2026-04-07T18:33:00.000Z";"2026-04-07T18:36:00.000Z";1259.17
"2026-04-07T18:36:00.000Z";"2026-04-07T18:39:00.000Z";1254.61
"2026-04-07T18:39:00.000Z";"2026-04-07T18:42:00.000Z";1251.22
"2026-04-07T18:42:00.000Z";"2026-04-07T18:45:00.000Z";1263.39
"2026-04-07T18:45:00.000Z";"2026-04-07T18:48:00.000Z";1277.83
"2026-04-07T18:48:00.000Z";"2026-04-07T18:51:00.000Z";1285.99
"2026-04-07T18:51:00.000Z";"2026-04-07T18:54:00.000Z";1292.27
"2026-04-07T18:54:00.000Z";"2026-04-07T18:57:00.000Z";1294.89
"2026-04-07T18:57:00.000Z";"2026-04-07T19:00:00.000Z";1287.5
"2026-04-07T19:00:00.000Z";"2026-04-07T19:03:00.000Z";1286.39
"2026-04-07T19:03:00.000Z";"2026-04-07T19:06:00.000Z";1292.05
"2026-04-07T19:06:00.000Z";"2026-04-07T19:09:00.000Z";1280.01
"2026-04-07T19:09:00.000Z";"2026-04-07T19:12:00.000Z";1292.32
"2026-04-07T19:12:00.000Z";"2026-04-07T19:15:00.000Z";1292.78
"2026-04-07T19:15:00.000Z";"2026-04-07T19:18:00.000Z";1294.27
"2026-04-07T19:18:00.000Z";"2026-04-07T19:21:00.000Z";1295.61
"2026-04-07T19:21:00.000Z";"2026-04-07T19:24:00.000Z";1293.28
"2026-04-07T19:24:00.000Z";"2026-04-07T19:27:00.000Z";1295.72
"2026-04-07T19:27:00.000Z";"2026-04-07T19:30:00.000Z";1292.84
"2026-04-07T19:30:00.000Z";"2026-04-07T19:33:00.000Z";1293.66
"2026-04-07T19:33:00.000Z";"2026-04-07T19:36:00.000Z";1295.22
"2026-04-07T19:36:00.000Z";"2026-04-07T19:39:00.000Z";1289.78
"2026-04-07T19:39:00.000Z";"2026-04-07T19:42:00.000Z";1290.67
"2026-04-07T19:42:00.000Z";"2026-04-07T19:45:00.000Z";1285.89
"2026-04-07T19:45:00.000Z";"2026-04-07T19:48:00.000Z";1283.95
"2026-04-07T19:48:00.000Z";"2026-04-07T19:51:00.000Z";1283.17
"2026-04-07T19:51:00.000Z";"2026-04-07T19:54:00.000Z";1280.22
"2026-04-07T19:54:00.000Z";"2026-04-07T19:57:00.000Z";1279.06
"2026-04-07T19:57:00.000Z";"2026-04-07T20:00:00.000Z";1277.78
"2026-04-07T20:00:00.000Z";"2026-04-07T20:03:00.000Z";1278.39
"2026-04-07T20:03:00.000Z";"2026-04-07T20:06:00.000Z";1278.22
"2026-04-07T20:06:00.000Z";"2026-04-07T20:09:00.000Z";1276.28
"2026-04-07T20:09:00.000Z";"2026-04-07T20:12:00.000Z";1268.23
"2026-04-07T20:12:00.000Z";"2026-04-07T20:15:00.000Z";1266.39
"2026-04-07T20:15:00.000Z";"2026-04-07T20:18:00.000Z";1267.39
"2026-04-07T20:18:00.000Z";"2026-04-07T20:21:00.000Z";1289.2
"2026-04-07T20:21:00.000Z";"2026-04-07T20:24:00.000Z";1303.28
"2026-04-07T20:24:00.000Z";"2026-04-07T20:27:00.000Z";1296.12
"2026-04-07T20:27:00.000Z";"2026-04-07T20:30:00.000Z";1290.78
"2026-04-07T20:30:00.000Z";"2026-04-07T20:33:00.000Z";1295.88
"2026-04-07T20:33:00.000Z";"2026-04-07T20:36:00.000Z";1313.16
"2026-04-07T20:36:00.000Z";"2026-04-07T20:39:00.000Z";1322.94
"2026-04-07T20:39:00.000Z";"2026-04-07T20:42:00.000Z";1321.28
"2026-04-07T20:42:00.000Z";"2026-04-07T20:45:00.000Z";1324
"2026-04-07T20:45:00.000Z";"2026-04-07T20:48:00.000Z";1328.61
"2026-04-07T20:48:00.000Z";"2026-04-07T20:51:00.000Z";1329.28
"2026-04-07T20:51:00.000Z";"2026-04-07T20:54:00.000Z";1324.56
"2026-04-07T20:54:00.000Z";"2026-04-07T20:57:00.000Z";1324.11
"2026-04-07T20:57:00.000Z";"2026-04-07T21:00:00.000Z";1323.22
"2026-04-07T21:00:00.000Z";"2026-04-07T21:03:00.000Z";1315.23
"2026-04-07T21:03:00.000Z";"2026-04-07T21:06:00.000Z";1317.33
"2026-04-07T21:06:00.000Z";"2026-04-07T21:09:00.000Z";1317
"2026-04-07T21:09:00.000Z";"2026-04-07T21:12:00.000Z";1312.22
"2026-04-07T21:12:00.000Z";"2026-04-07T21:15:00.000Z";1307.56
"2026-04-07T21:15:00.000Z";"2026-04-07T21:18:00.000Z";1307.61
"2026-04-07T21:18:00.000Z";"2026-04-07T21:21:00.000Z";1311.11
"2026-04-07T21:21:00.000Z";"2026-04-07T21:24:00.000Z";1310.11
"2026-04-07T21:24:00.000Z";"2026-04-07T21:27:00.000Z";1308.67
"2026-04-07T21:27:00.000Z";"2026-04-07T21:30:00.000Z";1306.11
"2026-04-07T21:30:00.000Z";"2026-04-07T21:33:00.000Z";1296.95
"2026-04-07T21:33:00.000Z";"2026-04-07T21:36:00.000Z";1279.67
"2026-04-07T21:36:00.000Z";"2026-04-07T21:39:00.000Z";1277.61
"2026-04-07T21:39:00.000Z";"2026-04-07T21:42:00.000Z";1279.45
"2026-04-07T21:42:00.000Z";"2026-04-07T21:45:00.000Z";1269.56
"2026-04-07T21:45:00.000Z";"2026-04-07T21:48:00.000Z";1266.33
"2026-04-07T21:48:00.000Z";"2026-04-07T21:51:00.000Z";1285.21
"2026-04-07T21:51:00.000Z";"2026-04-07T21:54:00.000Z";1301.67
"2026-04-07T21:54:00.000Z";"2026-04-07T21:57:00.000Z";1290.89
"2026-04-07T21:57:00.000Z";"2026-04-07T22:00:00.000Z";1289.28
"2026-04-07T22:00:00.000Z";"2026-04-07T22:03:00.000Z";1184.01
"2026-04-07T22:03:00.000Z";"2026-04-07T22:06:00.000Z";1116.39
"2026-04-07T22:06:00.000Z";"2026-04-07T22:09:00.000Z";1115.28
"2026-04-07T22:09:00.000Z";"2026-04-07T22:12:00.000Z";1107.67
"2026-04-07T22:12:00.000Z";"2026-04-07T22:15:00.000Z";1101.56
"2026-04-07T22:15:00.000Z";"2026-04-07T22:18:00.000Z";1101.78
"2026-04-07T22:18:00.000Z";"2026-04-07T22:21:00.000Z";1100.94
"2026-04-07T22:21:00.000Z";"2026-04-07T22:24:00.000Z";1102.83
"2026-04-07T22:24:00.000Z";"2026-04-07T22:27:00.000Z";1102.83
"2026-04-07T22:27:00.000Z";"2026-04-07T22:30:00.000Z";1100.11
"2026-04-07T22:30:00.000Z";"2026-04-07T22:33:00.000Z";1104.1
"2026-04-07T22:33:00.000Z";"2026-04-07T22:36:00.000Z";1113
"2026-04-07T22:36:00.000Z";"2026-04-07T22:39:00.000Z";1109.12
"2026-04-07T22:39:00.000Z";"2026-04-07T22:42:00.000Z";1103.78
"2026-04-07T22:42:00.000Z";"2026-04-07T22:45:00.000Z";1104.72
"2026-04-07T22:45:00.000Z";"2026-04-07T22:48:00.000Z";1105.5
"2026-04-07T22:48:00.000Z";"2026-04-07T22:51:00.000Z";1106.67
"2026-04-07T22:51:00.000Z";"2026-04-07T22:54:00.000Z";1110.11
"2026-04-07T22:54:00.000Z";"2026-04-07T22:57:00.000Z";1104.95
"2026-04-07T22:57:00.000Z";"2026-04-07T23:00:00.000Z";1094.67
"2026-04-07T23:00:00.000Z";"2026-04-07T23:03:00.000Z";1077.67
"2026-04-07T23:03:00.000Z";"2026-04-07T23:06:00.000Z";1071.89
"2026-04-07T23:06:00.000Z";"2026-04-07T23:09:00.000Z";1071.56
"2026-04-07T23:09:00.000Z";"2026-04-07T23:12:00.000Z";1069.56
"2026-04-07T23:12:00.000Z";"2026-04-07T23:15:00.000Z";1069.34
"2026-04-07T23:15:00.000Z";"2026-04-07T23:18:00.000Z";1070.61
"2026-04-07T23:18:00.000Z";"2026-04-07T23:21:00.000Z";1070.33
"2026-04-07T23:21:00.000Z";"2026-04-07T23:24:00.000Z";1070.17
"2026-04-07T23:24:00.000Z";"2026-04-07T23:27:00.000Z";1067.94
"2026-04-07T23:27:00.000Z";"2026-04-07T23:30:00.000Z";1076.44
"2026-04-07T23:30:00.000Z";"2026-04-07T23:33:00.000Z";1079.67
"2026-04-07T23:33:00.000Z";"2026-04-07T23:36:00.000Z";1074.95
"2026-04-07T23:36:00.000Z";"2026-04-07T23:39:00.000Z";1063.61
"2026-04-07T23:39:00.000Z";"2026-04-07T23:42:00.000Z";1066.22
"2026-04-07T23:42:00.000Z";"2026-04-07T23:45:00.000Z";1073.78
"2026-04-07T23:45:00.000Z";"2026-04-07T23:48:00.000Z";1074
"2026-04-07T23:48:00.000Z";"2026-04-07T23:51:00.000Z";1073.72
"2026-04-07T23:51:00.000Z";"2026-04-07T23:54:00.000Z";1071.28
"2026-04-07T23:54:00.000Z";"2026-04-07T23:57:00.000Z";1067.17
"2026-04-07T23:57:00.000Z";"2026-04-08T00:00:00.000Z";1067.44
"2026-04-08T00:00:00.000Z";"2026-04-08T00:03:00.000Z";1076.16
"2026-04-08T00:03:00.000Z";"2026-04-08T00:06:00.000Z";1081.78
"2026-04-08T00:06:00.000Z";"2026-04-08T00:09:00.000Z";1081.44
"2026-04-08T00:09:00.000Z";"2026-04-08T00:12:00.000Z";1072.56
"2026-04-08T00:12:00.000Z";"2026-04-08T00:15:00.000Z";1072.56
"2026-04-08T00:15:00.000Z";"2026-04-08T00:18:00.000Z";1077.55
"2026-04-08T00:18:00.000Z";"2026-04-08T00:21:00.000Z";1082.67
"2026-04-08T00:21:00.000Z";"2026-04-08T00:24:00.000Z";1079.33
"2026-04-08T00:24:00.000Z";"2026-04-08T00:27:00.000Z";1077.33
"2026-04-08T00:27:00.000Z";"2026-04-08T00:30:00.000Z";1069.33
"2026-04-08T00:30:00.000Z";"2026-04-08T00:33:00.000Z";1068.83
"2026-04-08T00:33:00.000Z";"2026-04-08T00:36:00.000Z";1060.06
"2026-04-08T00:36:00.000Z";"2026-04-08T00:39:00.000Z";1085.72
"2026-04-08T00:39:00.000Z";"2026-04-08T00:42:00.000Z";1085.17
"2026-04-08T00:42:00.000Z";"2026-04-08T00:45:00.000Z";1086.5
"2026-04-08T00:45:00.000Z";"2026-04-08T00:48:00.000Z";1084.22
"2026-04-08T00:48:00.000Z";"2026-04-08T00:51:00.000Z";1092.78
"2026-04-08T00:51:00.000Z";"2026-04-08T00:54:00.000Z";1091.61
"2026-04-08T00:54:00.000Z";"2026-04-08T00:57:00.000Z";1087.61
"2026-04-08T00:57:00.000Z";"2026-04-08T01:00:00.000Z";1089.72
"2026-04-08T01:00:00.000Z";"2026-04-08T01:03:00.000Z";1083.44
"2026-04-08T01:03:00.000Z";"2026-04-08T01:06:00.000Z";1090.6
"2026-04-08T01:06:00.000Z";"2026-04-08T01:09:00.000Z";1104.39
"2026-04-08T01:09:00.000Z";"2026-04-08T01:12:00.000Z";1108.78
"2026-04-08T01:12:00.000Z";"2026-04-08T01:15:00.000Z";1105.72
"2026-04-08T01:15:00.000Z";"2026-04-08T01:18:00.000Z";1103.83
"2026-04-08T01:18:00.000Z";"2026-04-08T01:21:00.000Z";1105.78
"2026-04-08T01:21:00.000Z";"2026-04-08T01:24:00.000Z";1104.22
"2026-04-08T01:24:00.000Z";"2026-04-08T01:27:00.000Z";1104.22
"2026-04-08T01:27:00.000Z";"2026-04-08T01:30:00.000Z";1114.94
"2026-04-08T01:30:00.000Z";"2026-04-08T01:33:00.000Z";1117.84
"2026-04-08T01:33:00.000Z";"2026-04-08T01:36:00.000Z";1120.05
"2026-04-08T01:36:00.000Z";"2026-04-08T01:39:00.000Z";1118
"2026-04-08T01:39:00.000Z";"2026-04-08T01:42:00.000Z";1114.11
"2026-04-08T01:42:00.000Z";"2026-04-08T01:45:00.000Z";1116.44
"2026-04-08T01:45:00.000Z";"2026-04-08T01:48:00.000Z";1117.22
"2026-04-08T01:48:00.000Z";"2026-04-08T01:51:00.000Z";1117.88
"2026-04-08T01:51:00.000Z";"2026-04-08T01:54:00.000Z";1123.83
"2026-04-08T01:54:00.000Z";"2026-04-08T01:57:00.000Z";1130.61
"2026-04-08T01:57:00.000Z";"2026-04-08T02:00:00.000Z";1129.06
"2026-04-08T02:00:00.000Z";"2026-04-08T02:03:00.000Z";1149.14
"2026-04-08T02:03:00.000Z";"2026-04-08T02:06:00.000Z";1182.42
"2026-04-08T02:06:00.000Z";"2026-04-08T02:09:00.000Z";1181.73
"2026-04-08T02:09:00.000Z";"2026-04-08T02:12:00.000Z";1179.39
"2026-04-08T02:12:00.000Z";"2026-04-08T02:15:00.000Z";1180.56
"2026-04-08T02:15:00.000Z";"2026-04-08T02:18:00.000Z";1182.33
"2026-04-08T02:18:00.000Z";"2026-04-08T02:21:00.000Z";1189.72
"2026-04-08T02:21:00.000Z";"2026-04-08T02:24:00.000Z";1184.89
"2026-04-08T02:24:00.000Z";"2026-04-08T02:27:00.000Z";1178.28
"2026-04-08T02:27:00.000Z";"2026-04-08T02:30:00.000Z";1179.61
"2026-04-08T02:30:00.000Z";"2026-04-08T02:33:00.000Z";1181.28
"2026-04-08T02:33:00.000Z";"2026-04-08T02:36:00.000Z";1189.05
"2026-04-08T02:36:00.000Z";"2026-04-08T02:39:00.000Z";1194.39
"2026-04-08T02:39:00.000Z";"2026-04-08T02:42:00.000Z";1197
"2026-04-08T02:42:00.000Z";"2026-04-08T02:45:00.000Z";1205
"2026-04-08T02:45:00.000Z";"2026-04-08T02:48:00.000Z";1207.44
"2026-04-08T02:48:00.000Z";"2026-04-08T02:51:00.000Z";1202.33
"2026-04-08T02:51:00.000Z";"2026-04-08T02:54:00.000Z";1201.89
"2026-04-08T02:54:00.000Z";"2026-04-08T02:57:00.000Z";1201.11
"2026-04-08T02:57:00.000Z";"2026-04-08T03:00:00.000Z";1213.38
"2026-04-08T03:00:00.000Z";"2026-04-08T03:03:00.000Z";1234.82
"2026-04-08T03:03:00.000Z";"2026-04-08T03:06:00.000Z";1258.66
"2026-04-08T03:06:00.000Z";"2026-04-08T03:09:00.000Z";1281.6
"2026-04-08T03:09:00.000Z";"2026-04-08T03:12:00.000Z";1299.39
"2026-04-08T03:12:00.000Z";"2026-04-08T03:15:00.000Z";1302
"2026-04-08T03:15:00.000Z";"2026-04-08T03:18:00.000Z";1306.11
"2026-04-08T03:18:00.000Z";"2026-04-08T03:21:00.000Z";1306.83
"2026-04-08T03:21:00.000Z";"2026-04-08T03:24:00.000Z";1310.83
"2026-04-08T03:24:00.000Z";"2026-04-08T03:27:00.000Z";1314.61
"2026-04-08T03:27:00.000Z";"2026-04-08T03:30:00.000Z";1312.45
"2026-04-08T03:30:00.000Z";"2026-04-08T03:33:00.000Z";1305.56
"2026-04-08T03:33:00.000Z";"2026-04-08T03:36:00.000Z";1299.05
"2026-04-08T03:36:00.000Z";"2026-04-08T03:39:00.000Z";1301
"2026-04-08T03:39:00.000Z";"2026-04-08T03:42:00.000Z";1302.66
"2026-04-08T03:42:00.000Z";"2026-04-08T03:45:00.000Z";1305.61
"2026-04-08T03:45:00.000Z";"2026-04-08T03:48:00.000Z";1304.17
"2026-04-08T03:48:00.000Z";"2026-04-08T03:51:00.000Z";1299.44
"2026-04-08T03:51:00.000Z";"2026-04-08T03:54:00.000Z";1318.77
"2026-04-08T03:54:00.000Z";"2026-04-08T03:57:00.000Z";1342.76
"2026-04-08T03:57:00.000Z";"2026-04-08T04:00:00.000Z";1374.82
"2026-04-08T04:00:00.000Z";"2026-04-08T04:03:00.000Z";1406.78
"2026-04-08T04:03:00.000Z";"2026-04-08T04:06:00.000Z";1425.88
"2026-04-08T04:06:00.000Z";"2026-04-08T04:09:00.000Z";1446.28
"2026-04-08T04:09:00.000Z";"2026-04-08T04:12:00.000Z";1452.22
"2026-04-08T04:12:00.000Z";"2026-04-08T04:15:00.000Z";1462.6
"2026-04-08T04:15:00.000Z";"2026-04-08T04:18:00.000Z";1472.5
"2026-04-08T04:18:00.000Z";"2026-04-08T04:21:00.000Z";1469.94
"2026-04-08T04:21:00.000Z";"2026-04-08T04:24:00.000Z";1470.33
"2026-04-08T04:24:00.000Z";"2026-04-08T04:27:00.000Z";1473.11
"2026-04-08T04:27:00.000Z";"2026-04-08T04:30:00.000Z";1482.99
"2026-04-08T04:30:00.000Z";"2026-04-08T04:33:00.000Z";1498.05
"2026-04-08T04:33:00.000Z";"2026-04-08T04:36:00.000Z";1494
"2026-04-08T04:36:00.000Z";"2026-04-08T04:39:00.000Z";1506.66
"2026-04-08T04:39:00.000Z";"2026-04-08T04:42:00.000Z";1509
"2026-04-08T04:42:00.000Z";"2026-04-08T04:45:00.000Z";1507
"2026-04-08T04:45:00.000Z";"2026-04-08T04:48:00.000Z";1498.22
"2026-04-08T04:48:00.000Z";"2026-04-08T04:51:00.000Z";1508.33
"2026-04-08T04:51:00.000Z";"2026-04-08T04:54:00.000Z";1508.04
"2026-04-08T04:54:00.000Z";"2026-04-08T04:57:00.000Z";1526.55
"2026-04-08T04:57:00.000Z";"2026-04-08T05:00:00.000Z";1543.33
"2026-04-08T05:00:00.000Z";"2026-04-08T05:03:00.000Z";1545.17
"2026-04-08T05:03:00.000Z";"2026-04-08T05:06:00.000Z";1544.17
"2026-04-08T05:06:00.000Z";"2026-04-08T05:09:00.000Z";1545.83
"2026-04-08T05:09:00.000Z";"2026-04-08T05:12:00.000Z";1543.72
"2026-04-08T05:12:00.000Z";"2026-04-08T05:15:00.000Z";1544.67
"2026-04-08T05:15:00.000Z";"2026-04-08T05:18:00.000Z";1538.51
"2026-04-08T05:18:00.000Z";"2026-04-08T05:21:00.000Z";1534.17
"2026-04-08T05:21:00.000Z";"2026-04-08T05:24:00.000Z";1534.22
"2026-04-08T05:24:00.000Z";"2026-04-08T05:27:00.000Z";1542.38
"2026-04-08T05:27:00.000Z";"2026-04-08T05:30:00.000Z";1547
"2026-04-08T05:30:00.000Z";"2026-04-08T05:33:00.000Z";1547.5
"2026-04-08T05:33:00.000Z";"2026-04-08T05:36:00.000Z";1546.83
"2026-04-08T05:36:00.000Z";"2026-04-08T05:39:00.000Z";1545.55
"2026-04-08T05:39:00.000Z";"2026-04-08T05:42:00.000Z";1547.33
"2026-04-08T05:42:00.000Z";"2026-04-08T05:45:00.000Z";1546.06
"2026-04-08T05:45:00.000Z";"2026-04-08T05:48:00.000Z";1546.06
"2026-04-08T05:48:00.000Z";"2026-04-08T05:51:00.000Z";1539.67
"2026-04-08T05:51:00.000Z";"2026-04-08T05:54:00.000Z";1543.61
"2026-04-08T05:54:00.000Z";"2026-04-08T05:57:00.000Z";1550.33
"2026-04-08T05:57:00.000Z";"2026-04-08T06:00:00.000Z";1556.72
"2026-04-08T06:00:00.000Z";"2026-04-08T06:03:00.000Z";1551.45
"2026-04-08T06:03:00.000Z";"2026-04-08T06:06:00.000Z";1540.44
"2026-04-08T06:06:00.000Z";"2026-04-08T06:09:00.000Z";1543.89
"2026-04-08T06:09:00.000Z";"2026-04-08T06:12:00.000Z";1547.39
"2026-04-08T06:12:00.000Z";"2026-04-08T06:15:00.000Z";1548.56
"2026-04-08T06:15:00.000Z";"2026-04-08T06:18:00.000Z";1544.89
"2026-04-08T06:18:00.000Z";"2026-04-08T06:21:00.000Z";1547.94
"2026-04-08T06:21:00.000Z";"2026-04-08T06:24:00.000Z";1535.84
"2026-04-08T06:24:00.000Z";"2026-04-08T06:27:00.000Z";1527.39
"2026-04-08T06:27:00.000Z";"2026-04-08T06:30:00.000Z";1524.5
"2026-04-08T06:30:00.000Z";"2026-04-08T06:33:00.000Z";1533.16
"2026-04-08T06:33:00.000Z";"2026-04-08T06:36:00.000Z";1536.51
"2026-04-08T06:36:00.000Z";"2026-04-08T06:39:00.000Z";1535.83
"2026-04-08T06:39:00.000Z";"2026-04-08T06:42:00.000Z";1539.56
"2026-04-08T06:42:00.000Z";"2026-04-08T06:45:00.000Z";1528.89
"2026-04-08T06:45:00.000Z";"2026-04-08T06:48:00.000Z";1526.17
"2026-04-08T06:48:00.000Z";"2026-04-08T06:51:00.000Z";1527.39
"2026-04-08T06:51:00.000Z";"2026-04-08T06:54:00.000Z";1524.11
"2026-04-08T06:54:00.000Z";"2026-04-08T06:57:00.000Z";1525.83
"2026-04-08T06:57:00.000Z";"2026-04-08T07:00:00.000Z";1525.67
"2026-04-08T07:00:00.000Z";"2026-04-08T07:03:00.000Z";1498.85
"2026-04-08T07:03:00.000Z";"2026-04-08T07:06:00.000Z";1482.39
"2026-04-08T07:06:00.000Z";"2026-04-08T07:09:00.000Z";1471.95
"2026-04-08T07:09:00.000Z";"2026-04-08T07:12:00.000Z";1464.72
"2026-04-08T07:12:00.000Z";"2026-04-08T07:15:00.000Z";1453.61
"2026-04-08T07:15:00.000Z";"2026-04-08T07:18:00.000Z";1448.34
"2026-04-08T07:18:00.000Z";"2026-04-08T07:21:00.000Z";1457.28
"2026-04-08T07:21:00.000Z";"2026-04-08T07:24:00.000Z";1456.11
"2026-04-08T07:24:00.000Z";"2026-04-08T07:27:00.000Z";1469.72
"2026-04-08T07:27:00.000Z";"2026-04-08T07:30:00.000Z";1471.17
"2026-04-08T07:30:00.000Z";"2026-04-08T07:33:00.000Z";1466.72
"2026-04-08T07:33:00.000Z";"2026-04-08T07:36:00.000Z";1467.72
"2026-04-08T07:36:00.000Z";"2026-04-08T07:39:00.000Z";1463.33
"2026-04-08T07:39:00.000Z";"2026-04-08T07:42:00.000Z";1462.06
"2026-04-08T07:42:00.000Z";"2026-04-08T07:45:00.000Z";1453.73
"2026-04-08T07:45:00.000Z";"2026-04-08T07:48:00.000Z";1447.33
"2026-04-08T07:48:00.000Z";"2026-04-08T07:51:00.000Z";1454.94
"2026-04-08T07:51:00.000Z";"2026-04-08T07:54:00.000Z";1451.91
"2026-04-08T07:54:00.000Z";"2026-04-08T07:57:00.000Z";1449.61
"2026-04-08T07:57:00.000Z";"2026-04-08T08:00:00.000Z";1442.33
"2026-04-08T08:00:00.000Z";"2026-04-08T08:03:00.000Z";1441.84
"2026-04-08T08:03:00.000Z";"2026-04-08T08:06:00.000Z";1450.38
"2026-04-08T08:06:00.000Z";"2026-04-08T08:09:00.000Z";1457.44
"2026-04-08T08:09:00.000Z";"2026-04-08T08:12:00.000Z";1458.06
"2026-04-08T08:12:00.000Z";"2026-04-08T08:15:00.000Z";1451
"2026-04-08T08:15:00.000Z";"2026-04-08T08:18:00.000Z";1440.84
"2026-04-08T08:18:00.000Z";"2026-04-08T08:21:00.000Z";1436.67
"2026-04-08T08:21:00.000Z";"2026-04-08T08:24:00.000Z";1435.22
"2026-04-08T08:24:00.000Z";"2026-04-08T08:27:00.000Z";1433.94
"2026-04-08T08:27:00.000Z";"2026-04-08T08:30:00.000Z";1427.51
"2026-04-08T08:30:00.000Z";"2026-04-08T08:33:00.000Z";1424.44
"2026-04-08T08:33:00.000Z";"2026-04-08T08:36:00.000Z";1431.73
"2026-04-08T08:36:00.000Z";"2026-04-08T08:39:00.000Z";1410.84
"2026-04-08T08:39:00.000Z";"2026-04-08T08:42:00.000Z";1407.16
"2026-04-08T08:42:00.000Z";"2026-04-08T08:45:00.000Z";1407.22
"2026-04-08T08:45:00.000Z";"2026-04-08T08:48:00.000Z";1397.34
"2026-04-08T08:48:00.000Z";"2026-04-08T08:51:00.000Z";1381.33
"2026-04-08T08:51:00.000Z";"2026-04-08T08:54:00.000Z";1380.61
"2026-04-08T08:54:00.000Z";"2026-04-08T08:57:00.000Z";1379.39
"2026-04-08T08:57:00.000Z";"2026-04-08T09:00:00.000Z";1388.44
"2026-04-08T09:00:00.000Z";"2026-04-08T09:03:00.000Z";1390.89
"2026-04-08T09:03:00.000Z";"2026-04-08T09:06:00.000Z";1358.92
"2026-04-08T09:06:00.000Z";"2026-04-08T09:09:00.000Z";1311.89
"2026-04-08T09:09:00.000Z";"2026-04-08T09:12:00.000Z";1302.78
"2026-04-08T09:12:00.000Z";"2026-04-08T09:15:00.000Z";1294.12
"2026-04-08T09:15:00.000Z";"2026-04-08T09:18:00.000Z";1287.39
"2026-04-08T09:18:00.000Z";"2026-04-08T09:21:00.000Z";1286.5
"2026-04-08T09:21:00.000Z";"2026-04-08T09:24:00.000Z";1284.89
"2026-04-08T09:24:00.000Z";"2026-04-08T09:27:00.000Z";1289
"2026-04-08T09:27:00.000Z";"2026-04-08T09:30:00.000Z";1288.11
"2026-04-08T09:30:00.000Z";"2026-04-08T09:33:00.000Z";1287
"2026-04-08T09:33:00.000Z";"2026-04-08T09:36:00.000Z";1292
"2026-04-08T09:36:00.000Z";"2026-04-08T09:39:00.000Z";1295.17
"2026-04-08T09:39:00.000Z";"2026-04-08T09:42:00.000Z";1292.62
"2026-04-08T09:42:00.000Z";"2026-04-08T09:45:00.000Z";1293.17
"2026-04-08T09:45:00.000Z";"2026-04-08T09:48:00.000Z";1299.55
"2026-04-08T09:48:00.000Z";"2026-04-08T09:51:00.000Z";1308.56
"2026-04-08T09:51:00.000Z";"2026-04-08T09:54:00.000Z";1304.06
"2026-04-08T09:54:00.000Z";"2026-04-08T09:57:00.000Z";1301.89
"2026-04-08T09:57:00.000Z";"2026-04-08T10:00:00.000Z";1299.67
"2026-04-08T10:00:00.000Z";"2026-04-08T10:03:00.000Z";1289.29
"2026-04-08T10:03:00.000Z";"2026-04-08T10:06:00.000Z";1256.68
"2026-04-08T10:06:00.000Z";"2026-04-08T10:09:00.000Z";1235.39
"2026-04-08T10:09:00.000Z";"2026-04-08T10:12:00.000Z";1237.11
"2026-04-08T10:12:00.000Z";"2026-04-08T10:15:00.000Z";1234.89
"2026-04-08T10:15:00.000Z";"2026-04-08T10:18:00.000Z";1225.95
"2026-04-08T10:18:00.000Z";"2026-04-08T10:21:00.000Z";1216.89
"2026-04-08T10:21:00.000Z";"2026-04-08T10:24:00.000Z";1225.17
"2026-04-08T10:24:00.000Z";"2026-04-08T10:27:00.000Z";1226.5
"2026-04-08T10:27:00.000Z";"2026-04-08T10:30:00.000Z";1218.45
"2026-04-08T10:30:00.000Z";"2026-04-08T10:33:00.000Z";1225.71
"2026-04-08T10:33:00.000Z";"2026-04-08T10:36:00.000Z";1253.83
"2026-04-08T10:36:00.000Z";"2026-04-08T10:39:00.000Z";1256.83
"2026-04-08T10:39:00.000Z";"2026-04-08T10:42:00.000Z";1259.22
"2026-04-08T10:42:00.000Z";"2026-04-08T10:45:00.000Z";1260.39
"2026-04-08T10:45:00.000Z";"2026-04-08T10:48:00.000Z";1286.1
"2026-04-08T10:48:00.000Z";"2026-04-08T10:51:00.000Z";1307.11
"2026-04-08T10:51:00.000Z";"2026-04-08T10:54:00.000Z";1308.72
"2026-04-08T10:54:00.000Z";"2026-04-08T10:57:00.000Z";1304.56
"2026-04-08T10:57:00.000Z";"2026-04-08T11:00:00.000Z";1304.61
"2026-04-08T11:00:00.000Z";"2026-04-08T11:03:00.000Z";1305.5
"2026-04-08T11:03:00.000Z";"2026-04-08T11:06:00.000Z";1306.61
"2026-04-08T11:06:00.000Z";"2026-04-08T11:09:00.000Z";1305.39
"2026-04-08T11:09:00.000Z";"2026-04-08T11:12:00.000Z";1310.56
"2026-04-08T11:12:00.000Z";"2026-04-08T11:15:00.000Z";1311.39
"2026-04-08T11:15:00.000Z";"2026-04-08T11:18:00.000Z";1337.82
"2026-04-08T11:18:00.000Z";"2026-04-08T11:21:00.000Z";1331.11
"2026-04-08T11:21:00.000Z";"2026-04-08T11:24:00.000Z";1305.79
"2026-04-08T11:24:00.000Z";"2026-04-08T11:27:00.000Z";1262.23
"2026-04-08T11:27:00.000Z";"2026-04-08T11:30:00.000Z";1247.44
"2026-04-08T11:30:00.000Z";"2026-04-08T11:33:00.000Z";1247.39
"2026-04-08T11:33:00.000Z";"2026-04-08T11:36:00.000Z";1273.15
"2026-04-08T11:36:00.000Z";"2026-04-08T11:39:00.000Z";1301.55
"2026-04-08T11:39:00.000Z";"2026-04-08T11:42:00.000Z";1299.22
"2026-04-08T11:42:00.000Z";"2026-04-08T11:45:00.000Z";1292.73
"2026-04-08T11:45:00.000Z";"2026-04-08T11:48:00.000Z";1292.83
"2026-04-08T11:48:00.000Z";"2026-04-08T11:51:00.000Z";1300.83
"2026-04-08T11:51:00.000Z";"2026-04-08T11:54:00.000Z";1307.26
"2026-04-08T11:54:00.000Z";"2026-04-08T11:57:00.000Z";1327.11
"2026-04-08T11:57:00.000Z";"2026-04-08T12:00:00.000Z";1327.56
"2026-04-08T12:00:00.000Z";"2026-04-08T12:03:00.000Z";1315.06
"2026-04-08T12:03:00.000Z";"2026-04-08T12:06:00.000Z";1306
"2026-04-08T12:06:00.000Z";"2026-04-08T12:09:00.000Z";1305.33
"2026-04-08T12:09:00.000Z";"2026-04-08T12:12:00.000Z";1299.83
"2026-04-08T12:12:00.000Z";"2026-04-08T12:15:00.000Z";1298.17
"2026-04-08T12:15:00.000Z";"2026-04-08T12:18:00.000Z";1304.94
"2026-04-08T12:18:00.000Z";"2026-04-08T12:21:00.000Z";1326.16
"2026-04-08T12:21:00.000Z";"2026-04-08T12:24:00.000Z";1338
"2026-04-08T12:24:00.000Z";"2026-04-08T12:27:00.000Z";1344.22
"2026-04-08T12:27:00.000Z";"2026-04-08T12:30:00.000Z";1356.11
"2026-04-08T12:30:00.000Z";"2026-04-08T12:33:00.000Z";1366.56
"2026-04-08T12:33:00.000Z";"2026-04-08T12:36:00.000Z";1376.6
"2026-04-08T12:36:00.000Z";"2026-04-08T12:39:00.000Z";1377.56
"2026-04-08T12:39:00.000Z";"2026-04-08T12:42:00.000Z";1375.94
"2026-04-08T12:42:00.000Z";"2026-04-08T12:45:00.000Z";1377.89
"2026-04-08T12:45:00.000Z";"2026-04-08T12:48:00.000Z";1376.17
"2026-04-08T12:48:00.000Z";"2026-04-08T12:51:00.000Z";1374.83
"2026-04-08T12:51:00.000Z";"2026-04-08T12:54:00.000Z";1370.5
"2026-04-08T12:54:00.000Z";"2026-04-08T12:57:00.000Z";1370.89
"2026-04-08T12:57:00.000Z";"2026-04-08T13:00:00.000Z";1374.17
"2026-04-08T13:00:00.000Z";"2026-04-08T13:03:00.000Z";1366.84
"2026-04-08T13:03:00.000Z";"2026-04-08T13:06:00.000Z";1364.17
"2026-04-08T13:06:00.000Z";"2026-04-08T13:09:00.000Z";1354.61
"2026-04-08T13:09:00.000Z";"2026-04-08T13:12:00.000Z";1353.56
"2026-04-08T13:12:00.000Z";"2026-04-08T13:15:00.000Z";1355.89
"2026-04-08T13:15:00.000Z";"2026-04-08T13:18:00.000Z";1353.22
"2026-04-08T13:18:00.000Z";"2026-04-08T13:21:00.000Z";1356.44
"2026-04-08T13:21:00.000Z";"2026-04-08T13:24:00.000Z";1376.22
"2026-04-08T13:24:00.000Z";"2026-04-08T13:27:00.000Z";1373.89
"2026-04-08T13:27:00.000Z";"2026-04-08T13:30:00.000Z";1369.83
"2026-04-08T13:30:00.000Z";"2026-04-08T13:33:00.000Z";1365.45
"2026-04-08T13:33:00.000Z";"2026-04-08T13:36:00.000Z";1360.28
"2026-04-08T13:36:00.000Z";"2026-04-08T13:39:00.000Z";1356.78
"2026-04-08T13:39:00.000Z";"2026-04-08T13:42:00.000Z";1366.89
"2026-04-08T13:42:00.000Z";"2026-04-08T13:45:00.000Z";1370.17
"2026-04-08T13:45:00.000Z";"2026-04-08T13:48:00.000Z";1367
"2026-04-08T13:48:00.000Z";"2026-04-08T13:51:00.000Z";1369.55
"2026-04-08T13:51:00.000Z";"2026-04-08T13:54:00.000Z";1373.11
"2026-04-08T13:54:00.000Z";"2026-04-08T13:57:00.000Z";1373.39
"2026-04-08T13:57:00.000Z";"2026-04-08T14:00:00.000Z";1376.16
"2026-04-08T14:00:00.000Z";"2026-04-08T14:03:00.000Z";1416.07
"2026-04-08T14:03:00.000Z";"2026-04-08T14:06:00.000Z";1418.29
"2026-04-08T14:06:00.000Z";"2026-04-08T14:09:00.000Z";1414.83
"2026-04-08T14:09:00.000Z";"2026-04-08T14:12:00.000Z";1423.22
"2026-04-08T14:12:00.000Z";"2026-04-08T14:15:00.000Z";1436.33
"2026-04-08T14:15:00.000Z";"2026-04-08T14:18:00.000Z";1432.22
"2026-04-08T14:18:00.000Z";"2026-04-08T14:21:00.000Z";1417.45
"2026-04-08T14:21:00.000Z";"2026-04-08T14:24:00.000Z";1422.1
"2026-04-08T14:24:00.000Z";"2026-04-08T14:27:00.000Z";1440.71
"2026-04-08T14:27:00.000Z";"2026-04-08T14:30:00.000Z";1447.28
"2026-04-08T14:30:00.000Z";"2026-04-08T14:33:00.000Z";1443.61
"2026-04-08T14:33:00.000Z";"2026-04-08T14:36:00.000Z";1440.11
"2026-04-08T14:36:00.000Z";"2026-04-08T14:39:00.000Z";1442.17
"2026-04-08T14:39:00.000Z";"2026-04-08T14:42:00.000Z";1444.22
"2026-04-08T14:42:00.000Z";"2026-04-08T14:45:00.000Z";1445.39
"2026-04-08T14:45:00.000Z";"2026-04-08T14:48:00.000Z";1440.01
"2026-04-08T14:48:00.000Z";"2026-04-08T14:51:00.000Z";1436.11
"2026-04-08T14:51:00.000Z";"2026-04-08T14:54:00.000Z";1455.15
"2026-04-08T14:54:00.000Z";"2026-04-08T14:57:00.000Z";1498.88
"2026-04-08T14:57:00.000Z";"2026-04-08T15:00:00.000Z";1535.57
"2026-04-08T15:00:00.000Z";"2026-04-08T15:03:00.000Z";1588.16
"2026-04-08T15:03:00.000Z";"2026-04-08T15:06:00.000Z";1589.11
"2026-04-08T15:06:00.000Z";"2026-04-08T15:09:00.000Z";1589.39
"2026-04-08T15:09:00.000Z";"2026-04-08T15:12:00.000Z";1592.94
"2026-04-08T15:12:00.000Z";"2026-04-08T15:15:00.000Z";1599.55
"2026-04-08T15:15:00.000Z";"2026-04-08T15:18:00.000Z";1611.33
"2026-04-08T15:18:00.000Z";"2026-04-08T15:21:00.000Z";1613.99
"2026-04-08T15:21:00.000Z";"2026-04-08T15:24:00.000Z";1629.06
"2026-04-08T15:24:00.000Z";"2026-04-08T15:27:00.000Z";1630.89
"2026-04-08T15:27:00.000Z";"2026-04-08T15:30:00.000Z";1632.61
"2026-04-08T15:30:00.000Z";"2026-04-08T15:33:00.000Z";1632.89
"2026-04-08T15:33:00.000Z";"2026-04-08T15:36:00.000Z";1659.4
"2026-04-08T15:36:00.000Z";"2026-04-08T15:39:00.000Z";1664.34
"2026-04-08T15:39:00.000Z";"2026-04-08T15:42:00.000Z";1662.28
"2026-04-08T15:42:00.000Z";"2026-04-08T15:45:00.000Z";1666.33
"2026-04-08T15:45:00.000Z";"2026-04-08T15:48:00.000Z";1676.39
"2026-04-08T15:48:00.000Z";"2026-04-08T15:51:00.000Z";1709.14
"2026-04-08T15:51:00.000Z";"2026-04-08T15:54:00.000Z";1709.61
"2026-04-08T15:54:00.000Z";"2026-04-08T15:57:00.000Z";1722.83
"2026-04-08T15:57:00.000Z";"2026-04-08T16:00:00.000Z";1735.83
"2026-04-08T16:00:00.000Z";"2026-04-08T16:03:00.000Z";1747.45
"2026-04-08T16:03:00.000Z";"2026-04-08T16:06:00.000Z";1744.72
"2026-04-08T16:06:00.000Z";"2026-04-08T16:09:00.000Z";1749.72
"2026-04-08T16:09:00.000Z";"2026-04-08T16:12:00.000Z";1769.22
"2026-04-08T16:12:00.000Z";"2026-04-08T16:15:00.000Z";1765.61
"2026-04-08T16:15:00.000Z";"2026-04-08T16:18:00.000Z";1757
"2026-04-08T16:18:00.000Z";"2026-04-08T16:21:00.000Z";1767.55
"2026-04-08T16:21:00.000Z";"2026-04-08T16:24:00.000Z";1775
"2026-04-08T16:24:00.000Z";"2026-04-08T16:27:00.000Z";1780.22
"2026-04-08T16:27:00.000Z";"2026-04-08T16:30:00.000Z";1794.83
"2026-04-08T16:30:00.000Z";"2026-04-08T16:33:00.000Z";1821.38
"2026-04-08T16:33:00.000Z";"2026-04-08T16:36:00.000Z";1832.94
"2026-04-08T16:36:00.000Z";"2026-04-08T16:39:00.000Z";1834.61
"2026-04-08T16:39:00.000Z";"2026-04-08T16:42:00.000Z";1838.78
"2026-04-08T16:42:00.000Z";"2026-04-08T16:45:00.000Z";1840.67
"2026-04-08T16:45:00.000Z";"2026-04-08T16:48:00.000Z";1841.39
"2026-04-08T16:48:00.000Z";"2026-04-08T16:51:00.000Z";1834.06
"2026-04-08T16:51:00.000Z";"2026-04-08T16:54:00.000Z";1833.83
"2026-04-08T16:54:00.000Z";"2026-04-08T16:57:00.000Z";1837.5
"2026-04-08T16:57:00.000Z";"2026-04-08T17:00:00.000Z";1835.17
"2026-04-08T17:00:00.000Z";"2026-04-08T17:03:00.000Z";1838.99
"2026-04-08T17:03:00.000Z";"2026-04-08T17:06:00.000Z";1865.66
"2026-04-08T17:06:00.000Z";"2026-04-08T17:09:00.000Z";1881.38
"2026-04-08T17:09:00.000Z";"2026-04-08T17:12:00.000Z";1892.44
"2026-04-08T17:12:00.000Z";"2026-04-08T17:15:00.000Z";1893.44
"2026-04-08T17:15:00.000Z";"2026-04-08T17:18:00.000Z";1898.38
"2026-04-08T17:18:00.000Z";"2026-04-08T17:21:00.000Z";1914.27
"2026-04-08T17:21:00.000Z";"2026-04-08T17:24:00.000Z";1925.39
"2026-04-08T17:24:00.000Z";"2026-04-08T17:27:00.000Z";1923.39
"2026-04-08T17:27:00.000Z";"2026-04-08T17:30:00.000Z";1921.56
"2026-04-08T17:30:00.000Z";"2026-04-08T17:33:00.000Z";1923.27
"2026-04-08T17:33:00.000Z";"2026-04-08T17:36:00.000Z";1933.11
"2026-04-08T17:36:00.000Z";"2026-04-08T17:39:00.000Z";1928.22
"2026-04-08T17:39:00.000Z";"2026-04-08T17:42:00.000Z";1926.67
"2026-04-08T17:42:00.000Z";"2026-04-08T17:45:00.000Z";1917.45
"2026-04-08T17:45:00.000Z";"2026-04-08T17:48:00.000Z";1912.22
"2026-04-08T17:48:00.000Z";"2026-04-08T17:51:00.000Z";1892.24
"2026-04-08T17:51:00.000Z";"2026-04-08T17:54:00.000Z";1796.97
"2026-04-08T17:54:00.000Z";"2026-04-08T17:57:00.000Z";1785.61
"2026-04-08T17:57:00.000Z";"2026-04-08T18:00:00.000Z";1784.33
"2026-04-08T18:00:00.000Z";"2026-04-08T18:03:00.000Z";1788.33
"2026-04-08T18:03:00.000Z";"2026-04-08T18:06:00.000Z";1789
"2026-04-08T18:06:00.000Z";"2026-04-08T18:09:00.000Z";1794.94
"2026-04-08T18:09:00.000Z";"2026-04-08T18:12:00.000Z";1782.51
"2026-04-08T18:12:00.000Z";"2026-04-08T18:15:00.000Z";1781.83
"2026-04-08T18:15:00.000Z";"2026-04-08T18:18:00.000Z";1781.61
"2026-04-08T18:18:00.000Z";"2026-04-08T18:21:00.000Z";1778.4
"2026-04-08T18:21:00.000Z";"2026-04-08T18:24:00.000Z";1762.96
"2026-04-08T18:24:00.000Z";"2026-04-08T18:27:00.000Z";1759.78
"2026-04-08T18:27:00.000Z";"2026-04-08T18:30:00.000Z";1753.01
"2026-04-08T18:30:00.000Z";"2026-04-08T18:33:00.000Z";1750.72
"2026-04-08T18:33:00.000Z";"2026-04-08T18:36:00.000Z";1720.41
"2026-04-08T18:36:00.000Z";"2026-04-08T18:39:00.000Z";1698.9
"2026-04-08T18:39:00.000Z";"2026-04-08T18:42:00.000Z";1697.94
"2026-04-08T18:42:00.000Z";"2026-04-08T18:45:00.000Z";1693.89
"2026-04-08T18:45:00.000Z";"2026-04-08T18:48:00.000Z";1692.83
"2026-04-08T18:48:00.000Z";"2026-04-08T18:51:00.000Z";1683.78
"2026-04-08T18:51:00.000Z";"2026-04-08T18:54:00.000Z";1683.06
"2026-04-08T18:54:00.000Z";"2026-04-08T18:57:00.000Z";1683.67
"2026-04-08T18:57:00.000Z";"2026-04-08T19:00:00.000Z";1680.06
"2026-04-08T19:00:00.000Z";"2026-04-08T19:03:00.000Z";1680
"2026-04-08T19:03:00.000Z";"2026-04-08T19:06:00.000Z";1667.17
"2026-04-08T19:06:00.000Z";"2026-04-08T19:09:00.000Z";1653.72
"2026-04-08T19:09:00.000Z";"2026-04-08T19:12:00.000Z";1638.64
"2026-04-08T19:12:00.000Z";"2026-04-08T19:15:00.000Z";1608.23
"2026-04-08T19:15:00.000Z";"2026-04-08T19:18:00.000Z";1602.56
"2026-04-08T19:18:00.000Z";"2026-04-08T19:21:00.000Z";1587.45
"2026-04-08T19:21:00.000Z";"2026-04-08T19:24:00.000Z";1561.06
"2026-04-08T19:24:00.000Z";"2026-04-08T19:27:00.000Z";1554.72
"2026-04-08T19:27:00.000Z";"2026-04-08T19:30:00.000Z";1555.17
"2026-04-08T19:30:00.000Z";"2026-04-08T19:33:00.000Z";1530.01
"2026-04-08T19:33:00.000Z";"2026-04-08T19:36:00.000Z";1519.5
"2026-04-08T19:36:00.000Z";"2026-04-08T19:39:00.000Z";1511.95
"2026-04-08T19:39:00.000Z";"2026-04-08T19:42:00.000Z";1509.33
"2026-04-08T19:42:00.000Z";"2026-04-08T19:45:00.000Z";1507.61
"2026-04-08T19:45:00.000Z";"2026-04-08T19:48:00.000Z";1507.44
"2026-04-08T19:48:00.000Z";"2026-04-08T19:51:00.000Z";1508.78
"2026-04-08T19:51:00.000Z";"2026-04-08T19:54:00.000Z";1477.01
"2026-04-08T19:54:00.000Z";"2026-04-08T19:57:00.000Z";1442.45
"2026-04-08T19:57:00.000Z";"2026-04-08T20:00:00.000Z";1422.34
"2026-04-08T20:00:00.000Z";"2026-04-08T20:03:00.000Z";1386.36
"2026-04-08T20:03:00.000Z";"2026-04-08T20:06:00.000Z";1357.67
"2026-04-08T20:06:00.000Z";"2026-04-08T20:09:00.000Z";1360.78
"2026-04-08T20:09:00.000Z";"2026-04-08T20:12:00.000Z";1349.95
"2026-04-08T20:12:00.000Z";"2026-04-08T20:15:00.000Z";1335.84
"2026-04-08T20:15:00.000Z";"2026-04-08T20:18:00.000Z";1334.5
"2026-04-08T20:18:00.000Z";"2026-04-08T20:21:00.000Z";1337.83
"2026-04-08T20:21:00.000Z";"2026-04-08T20:24:00.000Z";1330.9
"2026-04-08T20:24:00.000Z";"2026-04-08T20:27:00.000Z";1294.01
"2026-04-08T20:27:00.000Z";"2026-04-08T20:30:00.000Z";1284.5
"2026-04-08T20:30:00.000Z";"2026-04-08T20:33:00.000Z";1299.16
"2026-04-08T20:33:00.000Z";"2026-04-08T20:36:00.000Z";1312.16
"2026-04-08T20:36:00.000Z";"2026-04-08T20:39:00.000Z";1311.17
"2026-04-08T20:39:00.000Z";"2026-04-08T20:42:00.000Z";1311.72
"2026-04-08T20:42:00.000Z";"2026-04-08T20:45:00.000Z";1306.33
"2026-04-08T20:45:00.000Z";"2026-04-08T20:48:00.000Z";1301.01
"2026-04-08T20:48:00.000Z";"2026-04-08T20:51:00.000Z";1304
"2026-04-08T20:51:00.000Z";"2026-04-08T20:54:00.000Z";1305.95
"2026-04-08T20:54:00.000Z";"2026-04-08T20:57:00.000Z";1296.9
"2026-04-08T20:57:00.000Z";"2026-04-08T21:00:00.000Z";1282.12
"2026-04-08T21:00:00.000Z";"2026-04-08T21:03:00.000Z";1261.79
"2026-04-08T21:03:00.000Z";"2026-04-08T21:06:00.000Z";1208.26
"2026-04-08T21:06:00.000Z";"2026-04-08T21:09:00.000Z";1160.78
"2026-04-08T21:09:00.000Z";"2026-04-08T21:12:00.000Z";1160.11
"2026-04-08T21:12:00.000Z";"2026-04-08T21:15:00.000Z";1172.66
"2026-04-08T21:15:00.000Z";"2026-04-08T21:18:00.000Z";1174.45
"2026-04-08T21:18:00.000Z";"2026-04-08T21:21:00.000Z";1176.72
"2026-04-08T21:21:00.000Z";"2026-04-08T21:24:00.000Z";1174.28
"2026-04-08T21:24:00.000Z";"2026-04-08T21:27:00.000Z";1174.94
"2026-04-08T21:27:00.000Z";"2026-04-08T21:30:00.000Z";1166.29
"2026-04-08T21:30:00.000Z";"2026-04-08T21:33:00.000Z";1162.05
"2026-04-08T21:33:00.000Z";"2026-04-08T21:36:00.000Z";1169.67
"2026-04-08T21:36:00.000Z";"2026-04-08T21:39:00.000Z";1172.94
"2026-04-08T21:39:00.000Z";"2026-04-08T21:42:00.000Z";1175.17
"2026-04-08T21:42:00.000Z";"2026-04-08T21:45:00.000Z";1168.72
"2026-04-08T21:45:00.000Z";"2026-04-08T21:48:00.000Z";1162.34
"2026-04-08T21:48:00.000Z";"2026-04-08T21:51:00.000Z";1170.1
"2026-04-08T21:51:00.000Z";"2026-04-08T21:54:00.000Z";1179
"2026-04-08T21:54:00.000Z";"2026-04-08T21:57:00.000Z";1175.05
"2026-04-08T21:57:00.000Z";"2026-04-08T22:00:00.000Z";1191.38
"2026-04-08T22:00:00.000Z";"2026-04-08T22:03:00.000Z";1165.17
"2026-04-08T22:03:00.000Z";"2026-04-08T22:06:00.000Z";1144.73
"2026-04-08T22:06:00.000Z";"2026-04-08T22:09:00.000Z";1137.72
"2026-04-08T22:09:00.000Z";"2026-04-08T22:12:00.000Z";1134.84
"2026-04-08T22:12:00.000Z";"2026-04-08T22:15:00.000Z";1129.83
"2026-04-08T22:15:00.000Z";"2026-04-08T22:18:00.000Z";1140.72
"2026-04-08T22:18:00.000Z";"2026-04-08T22:21:00.000Z";1150.28
"2026-04-08T22:21:00.000Z";"2026-04-08T22:24:00.000Z";1158.99
"2026-04-08T22:24:00.000Z";"2026-04-08T22:27:00.000Z";1161.56
"2026-04-08T22:27:00.000Z";"2026-04-08T22:30:00.000Z";1163.73
"2026-04-08T22:30:00.000Z";"2026-04-08T22:33:00.000Z";1163.61
"2026-04-08T22:33:00.000Z";"2026-04-08T22:36:00.000Z";1165.5
"2026-04-08T22:36:00.000Z";"2026-04-08T22:39:00.000Z";1171.44
"2026-04-08T22:39:00.000Z";"2026-04-08T22:42:00.000Z";1171.39
"2026-04-08T22:42:00.000Z";"2026-04-08T22:45:00.000Z";1163.84
"2026-04-08T22:45:00.000Z";"2026-04-08T22:48:00.000Z";1167.05
"2026-04-08T22:48:00.000Z";"2026-04-08T22:51:00.000Z";1177
"2026-04-08T22:51:00.000Z";"2026-04-08T22:54:00.000Z";1181.67
"2026-04-08T22:54:00.000Z";"2026-04-08T22:57:00.000Z";1176.22
"2026-04-08T22:57:00.000Z";"2026-04-08T23:00:00.000Z";1183.88
"2026-04-08T23:00:00.000Z";"2026-04-08T23:03:00.000Z";1194.72
"2026-04-08T23:03:00.000Z";"2026-04-08T23:06:00.000Z";1203.28
"2026-04-08T23:06:00.000Z";"2026-04-08T23:09:00.000Z";1198
"2026-04-08T23:09:00.000Z";"2026-04-08T23:12:00.000Z";1192.5
"2026-04-08T23:12:00.000Z";"2026-04-08T23:15:00.000Z";1192
"2026-04-08T23:15:00.000Z";"2026-04-08T23:18:00.000Z";1191.89
"2026-04-08T23:18:00.000Z";"2026-04-08T23:21:00.000Z";1197.94
"2026-04-08T23:21:00.000Z";"2026-04-08T23:24:00.000Z";1191.83
"2026-04-08T23:24:00.000Z";"2026-04-08T23:27:00.000Z";1189.89
"2026-04-08T23:27:00.000Z";"2026-04-08T23:30:00.000Z";1189.22
"2026-04-08T23:30:00.000Z";"2026-04-08T23:33:00.000Z";1201.44
"2026-04-08T23:33:00.000Z";"2026-04-08T23:36:00.000Z";1208.56
"2026-04-08T23:36:00.000Z";"2026-04-08T23:39:00.000Z";1185.78
"2026-04-08T23:39:00.000Z";"2026-04-08T23:42:00.000Z";1177.95
"2026-04-08T23:42:00.000Z";"2026-04-08T23:45:00.000Z";1184.22
"2026-04-08T23:45:00.000Z";"2026-04-08T23:48:00.000Z";1195.55
"2026-04-08T23:48:00.000Z";"2026-04-08T23:51:00.000Z";1200.06
"2026-04-08T23:51:00.000Z";"2026-04-08T23:54:00.000Z";1199.83
"2026-04-08T23:54:00.000Z";"2026-04-08T23:57:00.000Z";1198.33
"2026-04-08T23:57:00.000Z";"2026-04-09T00:00:00.000Z";1204.11
"2026-04-09T00:00:00.000Z";"2026-04-09T00:03:00.000Z";1208.94
"2026-04-09T00:03:00.000Z";"2026-04-09T00:06:00.000Z";1220.22
"2026-04-09T00:06:00.000Z";"2026-04-09T00:09:00.000Z";1224.06
"2026-04-09T00:09:00.000Z";"2026-04-09T00:12:00.000Z";1232.88
"2026-04-09T00:12:00.000Z";"2026-04-09T00:15:00.000Z";1237.11
"2026-04-09T00:15:00.000Z";"2026-04-09T00:18:00.000Z";1236.39
"2026-04-09T00:18:00.000Z";"2026-04-09T00:21:00.000Z";1236.39
"2026-04-09T00:21:00.000Z";"2026-04-09T00:24:00.000Z";1231.89
"2026-04-09T00:24:00.000Z";"2026-04-09T00:27:00.000Z";1234.78
"2026-04-09T00:27:00.000Z";"2026-04-09T00:30:00.000Z";1240.44
"2026-04-09T00:30:00.000Z";"2026-04-09T00:33:00.000Z";1247.56
"2026-04-09T00:33:00.000Z";"2026-04-09T00:36:00.000Z";1247.22
"2026-04-09T00:36:00.000Z";"2026-04-09T00:39:00.000Z";1252.33
"2026-04-09T00:39:00.000Z";"2026-04-09T00:42:00.000Z";1256.22
"2026-04-09T00:42:00.000Z";"2026-04-09T00:45:00.000Z";1253.67
"2026-04-09T00:45:00.000Z";"2026-04-09T00:48:00.000Z";1248.67
"2026-04-09T00:48:00.000Z";"2026-04-09T00:51:00.000Z";1256.83
"2026-04-09T00:51:00.000Z";"2026-04-09T00:54:00.000Z";1253.94
"2026-04-09T00:54:00.000Z";"2026-04-09T00:57:00.000Z";1250.61
"2026-04-09T00:57:00.000Z";"2026-04-09T01:00:00.000Z";1252.11
"2026-04-09T01:00:00.000Z";"2026-04-09T01:03:00.000Z";1262.49
"2026-04-09T01:03:00.000Z";"2026-04-09T01:06:00.000Z";1277.55
"2026-04-09T01:06:00.000Z";"2026-04-09T01:09:00.000Z";1275.39
"2026-04-09T01:09:00.000Z";"2026-04-09T01:12:00.000Z";1275.12
"2026-04-09T01:12:00.000Z";"2026-04-09T01:15:00.000Z";1272.78
"2026-04-09T01:15:00.000Z";"2026-04-09T01:18:00.000Z";1271.61
"2026-04-09T01:18:00.000Z";"2026-04-09T01:21:00.000Z";1272.11
"2026-04-09T01:21:00.000Z";"2026-04-09T01:24:00.000Z";1277.22
"2026-04-09T01:24:00.000Z";"2026-04-09T01:27:00.000Z";1273.61
"2026-04-09T01:27:00.000Z";"2026-04-09T01:30:00.000Z";1274.56
"2026-04-09T01:30:00.000Z";"2026-04-09T01:33:00.000Z";1264.84
"2026-04-09T01:33:00.000Z";"2026-04-09T01:36:00.000Z";1262.61
"2026-04-09T01:36:00.000Z";"2026-04-09T01:39:00.000Z";1262.61
"2026-04-09T01:39:00.000Z";"2026-04-09T01:42:00.000Z";1264.89
"2026-04-09T01:42:00.000Z";"2026-04-09T01:45:00.000Z";1264.61
"2026-04-09T01:45:00.000Z";"2026-04-09T01:48:00.000Z";1267.17
"2026-04-09T01:48:00.000Z";"2026-04-09T01:51:00.000Z";1270.61
"2026-04-09T01:51:00.000Z";"2026-04-09T01:54:00.000Z";1272.22
"2026-04-09T01:54:00.000Z";"2026-04-09T01:57:00.000Z";1268.22
"2026-04-09T01:57:00.000Z";"2026-04-09T02:00:00.000Z";1268
"2026-04-09T02:00:00.000Z";"2026-04-09T02:03:00.000Z";1278.1
"2026-04-09T02:03:00.000Z";"2026-04-09T02:06:00.000Z";1285.28
"2026-04-09T02:06:00.000Z";"2026-04-09T02:09:00.000Z";1314.95
"2026-04-09T02:09:00.000Z";"2026-04-09T02:12:00.000Z";1363.47
"2026-04-09T02:12:00.000Z";"2026-04-09T02:15:00.000Z";1394.21
"2026-04-09T02:15:00.000Z";"2026-04-09T02:18:00.000Z";1405.5
"2026-04-09T02:18:00.000Z";"2026-04-09T02:21:00.000Z";1393.73
"2026-04-09T02:21:00.000Z";"2026-04-09T02:24:00.000Z";1392.89
"2026-04-09T02:24:00.000Z";"2026-04-09T02:27:00.000Z";1397.83
"2026-04-09T02:27:00.000Z";"2026-04-09T02:30:00.000Z";1403.94
"2026-04-09T02:30:00.000Z";"2026-04-09T02:33:00.000Z";1411.66
"2026-04-09T02:33:00.000Z";"2026-04-09T02:36:00.000Z";1415.78
"2026-04-09T02:36:00.000Z";"2026-04-09T02:39:00.000Z";1416.28
"2026-04-09T02:39:00.000Z";"2026-04-09T02:42:00.000Z";1414.94
"2026-04-09T02:42:00.000Z";"2026-04-09T02:45:00.000Z";1408.89
"2026-04-09T02:45:00.000Z";"2026-04-09T02:48:00.000Z";1395.84
"2026-04-09T02:48:00.000Z";"2026-04-09T02:51:00.000Z";1392
"2026-04-09T02:51:00.000Z";"2026-04-09T02:54:00.000Z";1393.61
"2026-04-09T02:54:00.000Z";"2026-04-09T02:57:00.000Z";1398.55
"2026-04-09T02:57:00.000Z";"2026-04-09T03:00:00.000Z";1404.94
"2026-04-09T03:00:00.000Z";"2026-04-09T03:03:00.000Z";1442.42
"2026-04-09T03:03:00.000Z";"2026-04-09T03:06:00.000Z";1471.83
"2026-04-09T03:06:00.000Z";"2026-04-09T03:09:00.000Z";1509.72
"2026-04-09T03:09:00.000Z";"2026-04-09T03:12:00.000Z";1514.89
"2026-04-09T03:12:00.000Z";"2026-04-09T03:15:00.000Z";1507.34
"2026-04-09T03:15:00.000Z";"2026-04-09T03:18:00.000Z";1499.55
"2026-04-09T03:18:00.000Z";"2026-04-09T03:21:00.000Z";1497.29
"2026-04-09T03:21:00.000Z";"2026-04-09T03:24:00.000Z";1484.84
"2026-04-09T03:24:00.000Z";"2026-04-09T03:27:00.000Z";1486.11
"2026-04-09T03:27:00.000Z";"2026-04-09T03:30:00.000Z";1490.67
"2026-04-09T03:30:00.000Z";"2026-04-09T03:33:00.000Z";1485.94
"2026-04-09T03:33:00.000Z";"2026-04-09T03:36:00.000Z";1483.56
"2026-04-09T03:36:00.000Z";"2026-04-09T03:39:00.000Z";1489.22
"2026-04-09T03:39:00.000Z";"2026-04-09T03:42:00.000Z";1496.44
"2026-04-09T03:42:00.000Z";"2026-04-09T03:45:00.000Z";1497.78
"2026-04-09T03:45:00.000Z";"2026-04-09T03:48:00.000Z";1495.78
"2026-04-09T03:48:00.000Z";"2026-04-09T03:51:00.000Z";1486.94
"2026-04-09T03:51:00.000Z";"2026-04-09T03:54:00.000Z";1505.6
"2026-04-09T03:54:00.000Z";"2026-04-09T03:57:00.000Z";1531.1
"2026-04-09T03:57:00.000Z";"2026-04-09T04:00:00.000Z";1545.11
"2026-04-09T04:00:00.000Z";"2026-04-09T04:03:00.000Z";1562.78
"2026-04-09T04:03:00.000Z";"2026-04-09T04:06:00.000Z";1572.27
"2026-04-09T04:06:00.000Z";"2026-04-09T04:09:00.000Z";1597.26
"2026-04-09T04:09:00.000Z";"2026-04-09T04:12:00.000Z";1616.72
"2026-04-09T04:12:00.000Z";"2026-04-09T04:15:00.000Z";1624.06
"2026-04-09T04:15:00.000Z";"2026-04-09T04:18:00.000Z";1617.78
"2026-04-09T04:18:00.000Z";"2026-04-09T04:21:00.000Z";1614.39
"2026-04-09T04:21:00.000Z";"2026-04-09T04:24:00.000Z";1619.39
"2026-04-09T04:24:00.000Z";"2026-04-09T04:27:00.000Z";1620.11
"2026-04-09T04:27:00.000Z";"2026-04-09T04:30:00.000Z";1616.89
"2026-04-09T04:30:00.000Z";"2026-04-09T04:33:00.000Z";1612.61
"2026-04-09T04:33:00.000Z";"2026-04-09T04:36:00.000Z";1612.5
"2026-04-09T04:36:00.000Z";"2026-04-09T04:39:00.000Z";1616
"2026-04-09T04:39:00.000Z";"2026-04-09T04:42:00.000Z";1621.66
"2026-04-09T04:42:00.000Z";"2026-04-09T04:45:00.000Z";1641.77
"2026-04-09T04:45:00.000Z";"2026-04-09T04:48:00.000Z";1640.72
"2026-04-09T04:48:00.000Z";"2026-04-09T04:51:00.000Z";1641.5
"2026-04-09T04:51:00.000Z";"2026-04-09T04:54:00.000Z";1643.61
"2026-04-09T04:54:00.000Z";"2026-04-09T04:57:00.000Z";1647.61
"2026-04-09T04:57:00.000Z";"2026-04-09T05:00:00.000Z";1658.05
"2026-04-09T05:00:00.000Z";"2026-04-09T05:03:00.000Z";1692.09
"2026-04-09T05:03:00.000Z";"2026-04-09T05:06:00.000Z";1716.21
"2026-04-09T05:06:00.000Z";"2026-04-09T05:09:00.000Z";1758.37
"2026-04-09T05:09:00.000Z";"2026-04-09T05:12:00.000Z";1763.94
"2026-04-09T05:12:00.000Z";"2026-04-09T05:15:00.000Z";1757.06
"2026-04-09T05:15:00.000Z";"2026-04-09T05:18:00.000Z";1754.61
"2026-04-09T05:18:00.000Z";"2026-04-09T05:21:00.000Z";1744.9
"2026-04-09T05:21:00.000Z";"2026-04-09T05:24:00.000Z";1738.78
"2026-04-09T05:24:00.000Z";"2026-04-09T05:27:00.000Z";1745.22
"2026-04-09T05:27:00.000Z";"2026-04-09T05:30:00.000Z";1748.56
"2026-04-09T05:30:00.000Z";"2026-04-09T05:33:00.000Z";1783.14
"2026-04-09T05:33:00.000Z";"2026-04-09T05:36:00.000Z";1800.94
"2026-04-09T05:36:00.000Z";"2026-04-09T05:39:00.000Z";1804.72
"2026-04-09T05:39:00.000Z";"2026-04-09T05:42:00.000Z";1810.5
"2026-04-09T05:42:00.000Z";"2026-04-09T05:45:00.000Z";1808.17
"2026-04-09T05:45:00.000Z";"2026-04-09T05:48:00.000Z";1802.78
"2026-04-09T05:48:00.000Z";"2026-04-09T05:51:00.000Z";1796.95
"2026-04-09T05:51:00.000Z";"2026-04-09T05:54:00.000Z";1798
"2026-04-09T05:54:00.000Z";"2026-04-09T05:57:00.000Z";1807.61
"2026-04-09T05:57:00.000Z";"2026-04-09T06:00:00.000Z";1833.04
"2026-04-09T06:00:00.000Z";"2026-04-09T06:03:00.000Z";1859.71
"2026-04-09T06:03:00.000Z";"2026-04-09T06:06:00.000Z";1883.5
"2026-04-09T06:06:00.000Z";"2026-04-09T06:09:00.000Z";1917.72
"2026-04-09T06:09:00.000Z";"2026-04-09T06:12:00.000Z";1948.93
"2026-04-09T06:12:00.000Z";"2026-04-09T06:15:00.000Z";1957.83
"2026-04-09T06:15:00.000Z";"2026-04-09T06:18:00.000Z";1948
"2026-04-09T06:18:00.000Z";"2026-04-09T06:21:00.000Z";1964.43
"2026-04-09T06:21:00.000Z";"2026-04-09T06:24:00.000Z";2005.33
"2026-04-09T06:24:00.000Z";"2026-04-09T06:27:00.000Z";2012.16
"2026-04-09T06:27:00.000Z";"2026-04-09T06:30:00.000Z";2021.99
"2026-04-09T06:30:00.000Z";"2026-04-09T06:33:00.000Z";2037.78
"2026-04-09T06:33:00.000Z";"2026-04-09T06:36:00.000Z";2033.06
"2026-04-09T06:36:00.000Z";"2026-04-09T06:39:00.000Z";2044.22
"2026-04-09T06:39:00.000Z";"2026-04-09T06:42:00.000Z";2043.83
"2026-04-09T06:42:00.000Z";"2026-04-09T06:45:00.000Z";2041.89
"2026-04-09T06:45:00.000Z";"2026-04-09T06:48:00.000Z";2033.39
"2026-04-09T06:48:00.000Z";"2026-04-09T06:51:00.000Z";2024.01
"2026-04-09T06:51:00.000Z";"2026-04-09T06:54:00.000Z";2002.29
"2026-04-09T06:54:00.000Z";"2026-04-09T06:57:00.000Z";1981.84
"2026-04-09T06:57:00.000Z";"2026-04-09T07:00:00.000Z";1970.53
"2026-04-09T07:00:00.000Z";"2026-04-09T07:03:00.000Z";1929.35
"2026-04-09T07:03:00.000Z";"2026-04-09T07:06:00.000Z";1904.68
"2026-04-09T07:06:00.000Z";"2026-04-09T07:09:00.000Z";1880.22
"2026-04-09T07:09:00.000Z";"2026-04-09T07:12:00.000Z";1875.8
"2026-04-09T07:12:00.000Z";"2026-04-09T07:15:00.000Z";1868.34
"2026-04-09T07:15:00.000Z";"2026-04-09T07:18:00.000Z";1834.29
"2026-04-09T07:18:00.000Z";"2026-04-09T07:21:00.000Z";1810.67
"2026-04-09T07:21:00.000Z";"2026-04-09T07:24:00.000Z";1804.22
"2026-04-09T07:24:00.000Z";"2026-04-09T07:27:00.000Z";1775.47
"2026-04-09T07:27:00.000Z";"2026-04-09T07:30:00.000Z";1694.81
"2026-04-09T07:30:00.000Z";"2026-04-09T07:33:00.000Z";1667.28
"2026-04-09T07:33:00.000Z";"2026-04-09T07:36:00.000Z";1653.9
"2026-04-09T07:36:00.000Z";"2026-04-09T07:39:00.000Z";1642.67
"2026-04-09T07:39:00.000Z";"2026-04-09T07:42:00.000Z";1617.79
"2026-04-09T07:42:00.000Z";"2026-04-09T07:45:00.000Z";1569.36
"2026-04-09T07:45:00.000Z";"2026-04-09T07:48:00.000Z";1544.84
"2026-04-09T07:48:00.000Z";"2026-04-09T07:51:00.000Z";1542.84
"2026-04-09T07:51:00.000Z";"2026-04-09T07:54:00.000Z";1539.44
"2026-04-09T07:54:00.000Z";"2026-04-09T07:57:00.000Z";1540.17
"2026-04-09T07:57:00.000Z";"2026-04-09T08:00:00.000Z";1543.22
"2026-04-09T08:00:00.000Z";"2026-04-09T08:03:00.000Z";1531.95
"2026-04-09T08:03:00.000Z";"2026-04-09T08:06:00.000Z";1518.39
"2026-04-09T08:06:00.000Z";"2026-04-09T08:09:00.000Z";1526.33
"2026-04-09T08:09:00.000Z";"2026-04-09T08:12:00.000Z";1529.55
"2026-04-09T08:12:00.000Z";"2026-04-09T08:15:00.000Z";1529.78
"2026-04-09T08:15:00.000Z";"2026-04-09T08:18:00.000Z";1534.79
"2026-04-09T08:18:00.000Z";"2026-04-09T08:21:00.000Z";1525.45
"2026-04-09T08:21:00.000Z";"2026-04-09T08:24:00.000Z";1519.5
"2026-04-09T08:24:00.000Z";"2026-04-09T08:27:00.000Z";1520.83
"2026-04-09T08:27:00.000Z";"2026-04-09T08:30:00.000Z";1516.73
"2026-04-09T08:30:00.000Z";"2026-04-09T08:33:00.000Z";1528.66
"2026-04-09T08:33:00.000Z";"2026-04-09T08:36:00.000Z";1556.1
"2026-04-09T08:36:00.000Z";"2026-04-09T08:39:00.000Z";1549.94
"2026-04-09T08:39:00.000Z";"2026-04-09T08:42:00.000Z";1559.22
"2026-04-09T08:42:00.000Z";"2026-04-09T08:45:00.000Z";1615.48
"2026-04-09T08:45:00.000Z";"2026-04-09T08:48:00.000Z";1622.61
"2026-04-09T08:48:00.000Z";"2026-04-09T08:51:00.000Z";1622.72
"2026-04-09T08:51:00.000Z";"2026-04-09T08:54:00.000Z";1622.66
"2026-04-09T08:54:00.000Z";"2026-04-09T08:57:00.000Z";1630.72
"2026-04-09T08:57:00.000Z";"2026-04-09T09:00:00.000Z";1626.84
"2026-04-09T09:00:00.000Z";"2026-04-09T09:03:00.000Z";1616.79
"2026-04-09T09:03:00.000Z";"2026-04-09T09:06:00.000Z";1606.11
"2026-04-09T09:06:00.000Z";"2026-04-09T09:09:00.000Z";1610.11
"2026-04-09T09:09:00.000Z";"2026-04-09T09:12:00.000Z";1593.79
"2026-04-09T09:12:00.000Z";"2026-04-09T09:15:00.000Z";1583.86
"2026-04-09T09:15:00.000Z";"2026-04-09T09:18:00.000Z";1546.34
"2026-04-09T09:18:00.000Z";"2026-04-09T09:21:00.000Z";1537.56
"2026-04-09T09:21:00.000Z";"2026-04-09T09:24:00.000Z";1526.83
"2026-04-09T09:24:00.000Z";"2026-04-09T09:27:00.000Z";1524.17
"2026-04-09T09:27:00.000Z";"2026-04-09T09:30:00.000Z";1524.5
"2026-04-09T09:30:00.000Z";"2026-04-09T09:33:00.000Z";1530.49
"2026-04-09T09:33:00.000Z";"2026-04-09T09:36:00.000Z";1540.44
"2026-04-09T09:36:00.000Z";"2026-04-09T09:39:00.000Z";1524.63
"2026-04-09T09:39:00.000Z";"2026-04-09T09:42:00.000Z";1492.62
"2026-04-09T09:42:00.000Z";"2026-04-09T09:45:00.000Z";1476.68
"2026-04-09T09:45:00.000Z";"2026-04-09T09:48:00.000Z";1468.61
"2026-04-09T09:48:00.000Z";"2026-04-09T09:51:00.000Z";1450.35
"2026-04-09T09:51:00.000Z";"2026-04-09T09:54:00.000Z";1424.61
"2026-04-09T09:54:00.000Z";"2026-04-09T09:57:00.000Z";1401.95
"2026-04-09T09:57:00.000Z";"2026-04-09T10:00:00.000Z";1395.67
"2026-04-09T10:00:00.000Z";"2026-04-09T10:03:00.000Z";1400.61
"2026-04-09T10:03:00.000Z";"2026-04-09T10:06:00.000Z";1407.78
"2026-04-09T10:06:00.000Z";"2026-04-09T10:09:00.000Z";1402.95
"2026-04-09T10:09:00.000Z";"2026-04-09T10:12:00.000Z";1389.18
"2026-04-09T10:12:00.000Z";"2026-04-09T10:15:00.000Z";1375.22
"2026-04-09T10:15:00.000Z";"2026-04-09T10:18:00.000Z";1376.5
"2026-04-09T10:18:00.000Z";"2026-04-09T10:21:00.000Z";1382.89
"2026-04-09T10:21:00.000Z";"2026-04-09T10:24:00.000Z";1373.79
"2026-04-09T10:24:00.000Z";"2026-04-09T10:27:00.000Z";1357.44
"2026-04-09T10:27:00.000Z";"2026-04-09T10:30:00.000Z";1359.61
"2026-04-09T10:30:00.000Z";"2026-04-09T10:33:00.000Z";1368.83
"2026-04-09T10:33:00.000Z";"2026-04-09T10:36:00.000Z";1376.39
"2026-04-09T10:36:00.000Z";"2026-04-09T10:39:00.000Z";1350.25
"2026-04-09T10:39:00.000Z";"2026-04-09T10:42:00.000Z";1314.68
"2026-04-09T10:42:00.000Z";"2026-04-09T10:45:00.000Z";1303.33
"2026-04-09T10:45:00.000Z";"2026-04-09T10:48:00.000Z";1303.11
"2026-04-09T10:48:00.000Z";"2026-04-09T10:51:00.000Z";1296.45
"2026-04-09T10:51:00.000Z";"2026-04-09T10:54:00.000Z";1292
"2026-04-09T10:54:00.000Z";"2026-04-09T10:57:00.000Z";1294.94
"2026-04-09T10:57:00.000Z";"2026-04-09T11:00:00.000Z";1290.34
"2026-04-09T11:00:00.000Z";"2026-04-09T11:03:00.000Z";1283.61
"2026-04-09T11:03:00.000Z";"2026-04-09T11:06:00.000Z";1272.67
"2026-04-09T11:06:00.000Z";"2026-04-09T11:09:00.000Z";1283.82
"2026-04-09T11:09:00.000Z";"2026-04-09T11:12:00.000Z";1288.5
"2026-04-09T11:12:00.000Z";"2026-04-09T11:15:00.000Z";1291.22
"2026-04-09T11:15:00.000Z";"2026-04-09T11:18:00.000Z";1290.28
"2026-04-09T11:18:00.000Z";"2026-04-09T11:21:00.000Z";1294.67
"2026-04-09T11:21:00.000Z";"2026-04-09T11:24:00.000Z";1295.17
"2026-04-09T11:24:00.000Z";"2026-04-09T11:27:00.000Z";1295.33
"2026-04-09T11:27:00.000Z";"2026-04-09T11:30:00.000Z";1296.61
"2026-04-09T11:30:00.000Z";"2026-04-09T11:33:00.000Z";1296.22
"2026-04-09T11:33:00.000Z";"2026-04-09T11:36:00.000Z";1306.22
"2026-04-09T11:36:00.000Z";"2026-04-09T11:39:00.000Z";1308.5
"2026-04-09T11:39:00.000Z";"2026-04-09T11:42:00.000Z";1308.56
"2026-04-09T11:42:00.000Z";"2026-04-09T11:45:00.000Z";1294.39
"2026-04-09T11:45:00.000Z";"2026-04-09T11:48:00.000Z";1295.99
"2026-04-09T11:48:00.000Z";"2026-04-09T11:51:00.000Z";1324.88
"2026-04-09T11:51:00.000Z";"2026-04-09T11:54:00.000Z";1323.62
"2026-04-09T11:54:00.000Z";"2026-04-09T11:57:00.000Z";1326.89
"2026-04-09T11:57:00.000Z";"2026-04-09T12:00:00.000Z";1332.33
"2026-04-09T12:00:00.000Z";"2026-04-09T12:03:00.000Z";1328.45
"2026-04-09T12:03:00.000Z";"2026-04-09T12:06:00.000Z";1323.12
"2026-04-09T12:06:00.000Z";"2026-04-09T12:09:00.000Z";1314.44
"2026-04-09T12:09:00.000Z";"2026-04-09T12:12:00.000Z";1305.06
"2026-04-09T12:12:00.000Z";"2026-04-09T12:15:00.000Z";1300.22
"2026-04-09T12:15:00.000Z";"2026-04-09T12:18:00.000Z";1308.56
"2026-04-09T12:18:00.000Z";"2026-04-09T12:21:00.000Z";1307.06
"2026-04-09T12:21:00.000Z";"2026-04-09T12:24:00.000Z";1306.39
"2026-04-09T12:24:00.000Z";"2026-04-09T12:27:00.000Z";1309.78
"2026-04-09T12:27:00.000Z";"2026-04-09T12:30:00.000Z";1309.61
"2026-04-09T12:30:00.000Z";"2026-04-09T12:33:00.000Z";1308.17
"2026-04-09T12:33:00.000Z";"2026-04-09T12:36:00.000Z";1294.4
"2026-04-09T12:36:00.000Z";"2026-04-09T12:39:00.000Z";1295.88
"2026-04-09T12:39:00.000Z";"2026-04-09T12:42:00.000Z";1301.61
"2026-04-09T12:42:00.000Z";"2026-04-09T12:45:00.000Z";1300.17
"2026-04-09T12:45:00.000Z";"2026-04-09T12:48:00.000Z";1301.17
"2026-04-09T12:48:00.000Z";"2026-04-09T12:51:00.000Z";1301.56
"2026-04-09T12:51:00.000Z";"2026-04-09T12:54:00.000Z";1295.56
"2026-04-09T12:54:00.000Z";"2026-04-09T12:57:00.000Z";1294.66
"2026-04-09T12:57:00.000Z";"2026-04-09T13:00:00.000Z";1320.89
"2026-04-09T13:00:00.000Z";"2026-04-09T13:03:00.000Z";1334.55
"2026-04-09T13:03:00.000Z";"2026-04-09T13:06:00.000Z";1343
"2026-04-09T13:06:00.000Z";"2026-04-09T13:09:00.000Z";1344.39
"2026-04-09T13:09:00.000Z";"2026-04-09T13:12:00.000Z";1345.67
"2026-04-09T13:12:00.000Z";"2026-04-09T13:15:00.000Z";1346.33
"2026-04-09T13:15:00.000Z";"2026-04-09T13:18:00.000Z";1343.45
"2026-04-09T13:18:00.000Z";"2026-04-09T13:21:00.000Z";1343.33
"2026-04-09T13:21:00.000Z";"2026-04-09T13:24:00.000Z";1346.78
"2026-04-09T13:24:00.000Z";"2026-04-09T13:27:00.000Z";1349.89
"2026-04-09T13:27:00.000Z";"2026-04-09T13:30:00.000Z";1349.72
"2026-04-09T13:30:00.000Z";"2026-04-09T13:33:00.000Z";1344.39
"2026-04-09T13:33:00.000Z";"2026-04-09T13:36:00.000Z";1336.39
"2026-04-09T13:36:00.000Z";"2026-04-09T13:39:00.000Z";1331.94
"2026-04-09T13:39:00.000Z";"2026-04-09T13:42:00.000Z";1332.39
"2026-04-09T13:42:00.000Z";"2026-04-09T13:45:00.000Z";1340.55
"2026-04-09T13:45:00.000Z";"2026-04-09T13:48:00.000Z";1340.06
"2026-04-09T13:48:00.000Z";"2026-04-09T13:51:00.000Z";1333.94
"2026-04-09T13:51:00.000Z";"2026-04-09T13:54:00.000Z";1333.95
"2026-04-09T13:54:00.000Z";"2026-04-09T13:57:00.000Z";1329.67
"2026-04-09T13:57:00.000Z";"2026-04-09T14:00:00.000Z";1336.22
"2026-04-09T14:00:00.000Z";"2026-04-09T14:03:00.000Z";1374.82
"2026-04-09T14:03:00.000Z";"2026-04-09T14:06:00.000Z";1436.3
"2026-04-09T14:06:00.000Z";"2026-04-09T14:09:00.000Z";1458.44
"2026-04-09T14:09:00.000Z";"2026-04-09T14:12:00.000Z";1449.83
"2026-04-09T14:12:00.000Z";"2026-04-09T14:15:00.000Z";1452.89
"2026-04-09T14:15:00.000Z";"2026-04-09T14:18:00.000Z";1450.72
"2026-04-09T14:18:00.000Z";"2026-04-09T14:21:00.000Z";1445.17
"2026-04-09T14:21:00.000Z";"2026-04-09T14:24:00.000Z";1438.06
"2026-04-09T14:24:00.000Z";"2026-04-09T14:27:00.000Z";1429.56
"2026-04-09T14:27:00.000Z";"2026-04-09T14:30:00.000Z";1420.45
"2026-04-09T14:30:00.000Z";"2026-04-09T14:33:00.000Z";1408.28
"2026-04-09T14:33:00.000Z";"2026-04-09T14:36:00.000Z";1371.26
"2026-04-09T14:36:00.000Z";"2026-04-09T14:39:00.000Z";1349.39
"2026-04-09T14:39:00.000Z";"2026-04-09T14:42:00.000Z";1355.71
"2026-04-09T14:42:00.000Z";"2026-04-09T14:45:00.000Z";1397.14
"2026-04-09T14:45:00.000Z";"2026-04-09T14:48:00.000Z";1400.89
"2026-04-09T14:48:00.000Z";"2026-04-09T14:51:00.000Z";1440.96
"2026-04-09T14:51:00.000Z";"2026-04-09T14:54:00.000Z";1454.44
"2026-04-09T14:54:00.000Z";"2026-04-09T14:57:00.000Z";1449.39
"2026-04-09T14:57:00.000Z";"2026-04-09T15:00:00.000Z";1464.15
"2026-04-09T15:00:00.000Z";"2026-04-09T15:03:00.000Z";1482.88
"2026-04-09T15:03:00.000Z";"2026-04-09T15:06:00.000Z";1475.45
"2026-04-09T15:06:00.000Z";"2026-04-09T15:09:00.000Z";1477.72
"2026-04-09T15:09:00.000Z";"2026-04-09T15:12:00.000Z";1483.39
"2026-04-09T15:12:00.000Z";"2026-04-09T15:15:00.000Z";1486.44
"2026-04-09T15:15:00.000Z";"2026-04-09T15:18:00.000Z";1487.45
"2026-04-09T15:18:00.000Z";"2026-04-09T15:21:00.000Z";1498.33
"2026-04-09T15:21:00.000Z";"2026-04-09T15:24:00.000Z";1488.51
"2026-04-09T15:24:00.000Z";"2026-04-09T15:27:00.000Z";1487
"2026-04-09T15:27:00.000Z";"2026-04-09T15:30:00.000Z";1487.94
"2026-04-09T15:30:00.000Z";"2026-04-09T15:33:00.000Z";1484.29
"2026-04-09T15:33:00.000Z";"2026-04-09T15:36:00.000Z";1486.72
"2026-04-09T15:36:00.000Z";"2026-04-09T15:39:00.000Z";1500
"2026-04-09T15:39:00.000Z";"2026-04-09T15:42:00.000Z";1504.34
"2026-04-09T15:42:00.000Z";"2026-04-09T15:45:00.000Z";1501.5
"2026-04-09T15:45:00.000Z";"2026-04-09T15:48:00.000Z";1509.5
"2026-04-09T15:48:00.000Z";"2026-04-09T15:51:00.000Z";1521.88
"2026-04-09T15:51:00.000Z";"2026-04-09T15:54:00.000Z";1525.56
"2026-04-09T15:54:00.000Z";"2026-04-09T15:57:00.000Z";1544.09
"2026-04-09T15:57:00.000Z";"2026-04-09T16:00:00.000Z";1570.25
"2026-04-09T16:00:00.000Z";"2026-04-09T16:03:00.000Z";1623.21
"2026-04-09T16:03:00.000Z";"2026-04-09T16:06:00.000Z";1665.16
"2026-04-09T16:06:00.000Z";"2026-04-09T16:09:00.000Z";1683.77
"2026-04-09T16:09:00.000Z";"2026-04-09T16:12:00.000Z";1699.49
"2026-04-09T16:12:00.000Z";"2026-04-09T16:15:00.000Z";1702.44
"2026-04-09T16:15:00.000Z";"2026-04-09T16:18:00.000Z";1712.32
"2026-04-09T16:18:00.000Z";"2026-04-09T16:21:00.000Z";1769.06
"2026-04-09T16:21:00.000Z";"2026-04-09T16:24:00.000Z";1785
"2026-04-09T16:24:00.000Z";"2026-04-09T16:27:00.000Z";1789.66
"2026-04-09T16:27:00.000Z";"2026-04-09T16:30:00.000Z";1793.72
"2026-04-09T16:30:00.000Z";"2026-04-09T16:33:00.000Z";1793.28
"2026-04-09T16:33:00.000Z";"2026-04-09T16:36:00.000Z";1804.98
"2026-04-09T16:36:00.000Z";"2026-04-09T16:39:00.000Z";1849.27
"2026-04-09T16:39:00.000Z";"2026-04-09T16:42:00.000Z";1859.05
"2026-04-09T16:42:00.000Z";"2026-04-09T16:45:00.000Z";1863.27
"2026-04-09T16:45:00.000Z";"2026-04-09T16:48:00.000Z";1860.29
"2026-04-09T16:48:00.000Z";"2026-04-09T16:51:00.000Z";1858.72
"2026-04-09T16:51:00.000Z";"2026-04-09T16:54:00.000Z";1866.27
"2026-04-09T16:54:00.000Z";"2026-04-09T16:57:00.000Z";1865.94
"2026-04-09T16:57:00.000Z";"2026-04-09T17:00:00.000Z";1864.12
"2026-04-09T17:00:00.000Z";"2026-04-09T17:03:00.000Z";1834.73
"2026-04-09T17:03:00.000Z";"2026-04-09T17:06:00.000Z";1836.49
"2026-04-09T17:06:00.000Z";"2026-04-09T17:09:00.000Z";1852.7
"2026-04-09T17:09:00.000Z";"2026-04-09T17:12:00.000Z";1900.04
"2026-04-09T17:12:00.000Z";"2026-04-09T17:15:00.000Z";1906.45
"2026-04-09T17:15:00.000Z";"2026-04-09T17:18:00.000Z";1904.78
"2026-04-09T17:18:00.000Z";"2026-04-09T17:21:00.000Z";1926.93
"2026-04-09T17:21:00.000Z";"2026-04-09T17:24:00.000Z";1938.56
"2026-04-09T17:24:00.000Z";"2026-04-09T17:27:00.000Z";1934.95
"2026-04-09T17:27:00.000Z";"2026-04-09T17:30:00.000Z";1922.9
"2026-04-09T17:30:00.000Z";"2026-04-09T17:33:00.000Z";1832.77
"2026-04-09T17:33:00.000Z";"2026-04-09T17:36:00.000Z";1765.58
"2026-04-09T17:36:00.000Z";"2026-04-09T17:39:00.000Z";1754.17
"2026-04-09T17:39:00.000Z";"2026-04-09T17:42:00.000Z";1754.22
"2026-04-09T17:42:00.000Z";"2026-04-09T17:45:00.000Z";1753.44
"2026-04-09T17:45:00.000Z";"2026-04-09T17:48:00.000Z";1752.94
"2026-04-09T17:48:00.000Z";"2026-04-09T17:51:00.000Z";1750.34
"2026-04-09T17:51:00.000Z";"2026-04-09T17:54:00.000Z";1739.5
"2026-04-09T17:54:00.000Z";"2026-04-09T17:57:00.000Z";1736.84
"2026-04-09T17:57:00.000Z";"2026-04-09T18:00:00.000Z";1732.28
"2026-04-09T18:00:00.000Z";"2026-04-09T18:03:00.000Z";1677.31
"2026-04-09T18:03:00.000Z";"2026-04-09T18:06:00.000Z";1619.69
"2026-04-09T18:06:00.000Z";"2026-04-09T18:09:00.000Z";1603.51
"2026-04-09T18:09:00.000Z";"2026-04-09T18:12:00.000Z";1572.17
"2026-04-09T18:12:00.000Z";"2026-04-09T18:15:00.000Z";1565.34
"2026-04-09T18:15:00.000Z";"2026-04-09T18:18:00.000Z";1570.11
"2026-04-09T18:18:00.000Z";"2026-04-09T18:21:00.000Z";1575.11
"2026-04-09T18:21:00.000Z";"2026-04-09T18:24:00.000Z";1573.34
"2026-04-09T18:24:00.000Z";"2026-04-09T18:27:00.000Z";1570.67
"2026-04-09T18:27:00.000Z";"2026-04-09T18:30:00.000Z";1570.78
"2026-04-09T18:30:00.000Z";"2026-04-09T18:33:00.000Z";1567.56
"2026-04-09T18:33:00.000Z";"2026-04-09T18:36:00.000Z";1576.89
"2026-04-09T18:36:00.000Z";"2026-04-09T18:39:00.000Z";1583.49
"2026-04-09T18:39:00.000Z";"2026-04-09T18:42:00.000Z";1596.22
"2026-04-09T18:42:00.000Z";"2026-04-09T18:45:00.000Z";1596.83
"2026-04-09T18:45:00.000Z";"2026-04-09T18:48:00.000Z";1590.62
"2026-04-09T18:48:00.000Z";"2026-04-09T18:51:00.000Z";1562.34
"2026-04-09T18:51:00.000Z";"2026-04-09T18:54:00.000Z";1548.56
"2026-04-09T18:54:00.000Z";"2026-04-09T18:57:00.000Z";1545
"2026-04-09T18:57:00.000Z";"2026-04-09T19:00:00.000Z";1543.55
"2026-04-09T19:00:00.000Z";"2026-04-09T19:03:00.000Z";1519.14
"2026-04-09T19:03:00.000Z";"2026-04-09T19:06:00.000Z";1463.53
"2026-04-09T19:06:00.000Z";"2026-04-09T19:09:00.000Z";1404.24
"2026-04-09T19:09:00.000Z";"2026-04-09T19:12:00.000Z";1379.56
"2026-04-09T19:12:00.000Z";"2026-04-09T19:15:00.000Z";1369.39
"2026-04-09T19:15:00.000Z";"2026-04-09T19:18:00.000Z";1373.49
"2026-04-09T19:18:00.000Z";"2026-04-09T19:21:00.000Z";1374.56
"2026-04-09T19:21:00.000Z";"2026-04-09T19:24:00.000Z";1377.66
"2026-04-09T19:24:00.000Z";"2026-04-09T19:27:00.000Z";1379.28
"2026-04-09T19:27:00.000Z";"2026-04-09T19:30:00.000Z";1380.33
"2026-04-09T19:30:00.000Z";"2026-04-09T19:33:00.000Z";1382
"2026-04-09T19:33:00.000Z";"2026-04-09T19:36:00.000Z";1384.56
"2026-04-09T19:36:00.000Z";"2026-04-09T19:39:00.000Z";1386.39
"2026-04-09T19:39:00.000Z";"2026-04-09T19:42:00.000Z";1383.28
"2026-04-09T19:42:00.000Z";"2026-04-09T19:45:00.000Z";1379.61
"2026-04-09T19:45:00.000Z";"2026-04-09T19:48:00.000Z";1381.44
"2026-04-09T19:48:00.000Z";"2026-04-09T19:51:00.000Z";1394.16
"2026-04-09T19:51:00.000Z";"2026-04-09T19:54:00.000Z";1399.67
"2026-04-09T19:54:00.000Z";"2026-04-09T19:57:00.000Z";1399.99
"2026-04-09T19:57:00.000Z";"2026-04-09T20:00:00.000Z";1406.44
"2026-04-09T20:00:00.000Z";"2026-04-09T20:03:00.000Z";1377.29
"2026-04-09T20:03:00.000Z";"2026-04-09T20:06:00.000Z";1329.96
"2026-04-09T20:06:00.000Z";"2026-04-09T20:09:00.000Z";1285.36
"2026-04-09T20:09:00.000Z";"2026-04-09T20:12:00.000Z";1249.57
"2026-04-09T20:12:00.000Z";"2026-04-09T20:15:00.000Z";1239.01
"2026-04-09T20:15:00.000Z";"2026-04-09T20:18:00.000Z";1237.5
"2026-04-09T20:18:00.000Z";"2026-04-09T20:21:00.000Z";1237.28
"2026-04-09T20:21:00.000Z";"2026-04-09T20:24:00.000Z";1235.06
"2026-04-09T20:24:00.000Z";"2026-04-09T20:27:00.000Z";1225.17
"2026-04-09T20:27:00.000Z";"2026-04-09T20:30:00.000Z";1224.28
"2026-04-09T20:30:00.000Z";"2026-04-09T20:33:00.000Z";1230.39
"2026-04-09T20:33:00.000Z";"2026-04-09T20:36:00.000Z";1232.06
"2026-04-09T20:36:00.000Z";"2026-04-09T20:39:00.000Z";1224.67
"2026-04-09T20:39:00.000Z";"2026-04-09T20:42:00.000Z";1218.23
"2026-04-09T20:42:00.000Z";"2026-04-09T20:45:00.000Z";1209.61
"2026-04-09T20:45:00.000Z";"2026-04-09T20:48:00.000Z";1200.78
"2026-04-09T20:48:00.000Z";"2026-04-09T20:51:00.000Z";1204.83
"2026-04-09T20:51:00.000Z";"2026-04-09T20:54:00.000Z";1206.61
"2026-04-09T20:54:00.000Z";"2026-04-09T20:57:00.000Z";1201.89
"2026-04-09T20:57:00.000Z";"2026-04-09T21:00:00.000Z";1198.5
"2026-04-09T21:00:00.000Z";"2026-04-09T21:03:00.000Z";1204.71
"2026-04-09T21:03:00.000Z";"2026-04-09T21:06:00.000Z";1212.84
"2026-04-09T21:06:00.000Z";"2026-04-09T21:09:00.000Z";1203.07
"2026-04-09T21:09:00.000Z";"2026-04-09T21:12:00.000Z";1179.62
"2026-04-09T21:12:00.000Z";"2026-04-09T21:15:00.000Z";1181.77
"2026-04-09T21:15:00.000Z";"2026-04-09T21:18:00.000Z";1186.72
"2026-04-09T21:18:00.000Z";"2026-04-09T21:21:00.000Z";1199.89
"2026-04-09T21:21:00.000Z";"2026-04-09T21:24:00.000Z";1197.72
"2026-04-09T21:24:00.000Z";"2026-04-09T21:27:00.000Z";1193.89
"2026-04-09T21:27:00.000Z";"2026-04-09T21:30:00.000Z";1195.44
"2026-04-09T21:30:00.000Z";"2026-04-09T21:33:00.000Z";1198.72
"2026-04-09T21:33:00.000Z";"2026-04-09T21:36:00.000Z";1203.72
"2026-04-09T21:36:00.000Z";"2026-04-09T21:39:00.000Z";1204.27
"2026-04-09T21:39:00.000Z";"2026-04-09T21:42:00.000Z";1195.51
"2026-04-09T21:42:00.000Z";"2026-04-09T21:45:00.000Z";1167.62
"2026-04-09T21:45:00.000Z";"2026-04-09T21:48:00.000Z";1155.56
"2026-04-09T21:48:00.000Z";"2026-04-09T21:51:00.000Z";1150.94
"2026-04-09T21:51:00.000Z";"2026-04-09T21:54:00.000Z";1151.5
"2026-04-09T21:54:00.000Z";"2026-04-09T21:57:00.000Z";1144.56
"2026-04-09T21:57:00.000Z";"2026-04-09T22:00:00.000Z";1156.82
"2026-04-09T22:00:00.000Z";"2026-04-09T22:03:00.000Z";1161.82
"2026-04-09T22:03:00.000Z";"2026-04-09T22:06:00.000Z";1203.55
"2026-04-09T22:06:00.000Z";"2026-04-09T22:09:00.000Z";1214.56
"2026-04-09T22:09:00.000Z";"2026-04-09T22:12:00.000Z";1218.05
"2026-04-09T22:12:00.000Z";"2026-04-09T22:15:00.000Z";1227.99
"2026-04-09T22:15:00.000Z";"2026-04-09T22:18:00.000Z";1246.76
"2026-04-09T22:18:00.000Z";"2026-04-09T22:21:00.000Z";1276.6
"2026-04-09T22:21:00.000Z";"2026-04-09T22:24:00.000Z";1281.45
"2026-04-09T22:24:00.000Z";"2026-04-09T22:27:00.000Z";1276.28
"2026-04-09T22:27:00.000Z";"2026-04-09T22:30:00.000Z";1273.17
"2026-04-09T22:30:00.000Z";"2026-04-09T22:33:00.000Z";1287.1
"2026-04-09T22:33:00.000Z";"2026-04-09T22:36:00.000Z";1311.6
"2026-04-09T22:36:00.000Z";"2026-04-09T22:39:00.000Z";1309.11
"2026-04-09T22:39:00.000Z";"2026-04-09T22:42:00.000Z";1297.4
"2026-04-09T22:42:00.000Z";"2026-04-09T22:45:00.000Z";1294.56
"2026-04-09T22:45:00.000Z";"2026-04-09T22:48:00.000Z";1288.9
"2026-04-09T22:48:00.000Z";"2026-04-09T22:51:00.000Z";1282.67
"2026-04-09T22:51:00.000Z";"2026-04-09T22:54:00.000Z";1271.22
"2026-04-09T22:54:00.000Z";"2026-04-09T22:57:00.000Z";1268.06
"2026-04-09T22:57:00.000Z";"2026-04-09T23:00:00.000Z";1260.5
"2026-04-09T23:00:00.000Z";"2026-04-09T23:03:00.000Z";1254.89
"2026-04-09T23:03:00.000Z";"2026-04-09T23:06:00.000Z";1264.32
"2026-04-09T23:06:00.000Z";"2026-04-09T23:09:00.000Z";1277.44
"2026-04-09T23:09:00.000Z";"2026-04-09T23:12:00.000Z";1275.22
"2026-04-09T23:12:00.000Z";"2026-04-09T23:15:00.000Z";1274.78
"2026-04-09T23:15:00.000Z";"2026-04-09T23:18:00.000Z";1286.49
"2026-04-09T23:18:00.000Z";"2026-04-09T23:21:00.000Z";1289.11
"2026-04-09T23:21:00.000Z";"2026-04-09T23:24:00.000Z";1292.38
"2026-04-09T23:24:00.000Z";"2026-04-09T23:27:00.000Z";1300.61
"2026-04-09T23:27:00.000Z";"2026-04-09T23:30:00.000Z";1303.33
"2026-04-09T23:30:00.000Z";"2026-04-09T23:33:00.000Z";1301.11
"2026-04-09T23:33:00.000Z";"2026-04-09T23:36:00.000Z";1306.82
"2026-04-09T23:36:00.000Z";"2026-04-09T23:39:00.000Z";1305.83
"2026-04-09T23:39:00.000Z";"2026-04-09T23:42:00.000Z";1305.06
"2026-04-09T23:42:00.000Z";"2026-04-09T23:45:00.000Z";1307.55
"2026-04-09T23:45:00.000Z";"2026-04-09T23:48:00.000Z";1312.45
"2026-04-09T23:48:00.000Z";"2026-04-09T23:51:00.000Z";1309.56
"2026-04-09T23:51:00.000Z";"2026-04-09T23:54:00.000Z";1307.83
"2026-04-09T23:54:00.000Z";"2026-04-09T23:57:00.000Z";1316.05
"2026-04-09T23:57:00.000Z";"2026-04-10T00:00:00.000Z";1313.67
"2026-04-10T00:00:00.000Z";"2026-04-10T00:03:00.000Z";1320.39
"2026-04-10T00:03:00.000Z";"2026-04-10T00:06:00.000Z";1328.05
"2026-04-10T00:06:00.000Z";"2026-04-10T00:09:00.000Z";1328.5
"2026-04-10T00:09:00.000Z";"2026-04-10T00:12:00.000Z";1320.67
"2026-04-10T00:12:00.000Z";"2026-04-10T00:15:00.000Z";1320.49
"2026-04-10T00:15:00.000Z";"2026-04-10T00:18:00.000Z";1329.06
"2026-04-10T00:18:00.000Z";"2026-04-10T00:21:00.000Z";1326.5
"2026-04-10T00:21:00.000Z";"2026-04-10T00:24:00.000Z";1319.56
"2026-04-10T00:24:00.000Z";"2026-04-10T00:27:00.000Z";1315.28
"2026-04-10T00:27:00.000Z";"2026-04-10T00:30:00.000Z";1309.84
"2026-04-10T00:30:00.000Z";"2026-04-10T00:33:00.000Z";1306.67
"2026-04-10T00:33:00.000Z";"2026-04-10T00:36:00.000Z";1301.83
"2026-04-10T00:36:00.000Z";"2026-04-10T00:39:00.000Z";1298.67
"2026-04-10T00:39:00.000Z";"2026-04-10T00:42:00.000Z";1297.56
"2026-04-10T00:42:00.000Z";"2026-04-10T00:45:00.000Z";1300.55
"2026-04-10T00:45:00.000Z";"2026-04-10T00:48:00.000Z";1296.39
"2026-04-10T00:48:00.000Z";"2026-04-10T00:51:00.000Z";1286.06
"2026-04-10T00:51:00.000Z";"2026-04-10T00:54:00.000Z";1285.33
"2026-04-10T00:54:00.000Z";"2026-04-10T00:57:00.000Z";1286.78
"2026-04-10T00:57:00.000Z";"2026-04-10T01:00:00.000Z";1291.83
"2026-04-10T01:00:00.000Z";"2026-04-10T01:03:00.000Z";1292.37
"2026-04-10T01:03:00.000Z";"2026-04-10T01:06:00.000Z";1325.2
"2026-04-10T01:06:00.000Z";"2026-04-10T01:09:00.000Z";1337.83
"2026-04-10T01:09:00.000Z";"2026-04-10T01:12:00.000Z";1337.79
"2026-04-10T01:12:00.000Z";"2026-04-10T01:15:00.000Z";1328.78
"2026-04-10T01:15:00.000Z";"2026-04-10T01:18:00.000Z";1321.18
"2026-04-10T01:18:00.000Z";"2026-04-10T01:21:00.000Z";1301.57
"2026-04-10T01:21:00.000Z";"2026-04-10T01:24:00.000Z";1292.78
"2026-04-10T01:24:00.000Z";"2026-04-10T01:27:00.000Z";1295.22
"2026-04-10T01:27:00.000Z";"2026-04-10T01:30:00.000Z";1294.5
"2026-04-10T01:30:00.000Z";"2026-04-10T01:33:00.000Z";1289.06
"2026-04-10T01:33:00.000Z";"2026-04-10T01:36:00.000Z";1276.67
"2026-04-10T01:36:00.000Z";"2026-04-10T01:39:00.000Z";1271.5
"2026-04-10T01:39:00.000Z";"2026-04-10T01:42:00.000Z";1267.01
"2026-04-10T01:42:00.000Z";"2026-04-10T01:45:00.000Z";1260.67
"2026-04-10T01:45:00.000Z";"2026-04-10T01:48:00.000Z";1267.71
"2026-04-10T01:48:00.000Z";"2026-04-10T01:51:00.000Z";1288
"2026-04-10T01:51:00.000Z";"2026-04-10T01:54:00.000Z";1294.72
"2026-04-10T01:54:00.000Z";"2026-04-10T01:57:00.000Z";1309.16
"2026-04-10T01:57:00.000Z";"2026-04-10T02:00:00.000Z";1319.55
"2026-04-10T02:00:00.000Z";"2026-04-10T02:03:00.000Z";1339.87
"2026-04-10T02:03:00.000Z";"2026-04-10T02:06:00.000Z";1348.18
"2026-04-10T02:06:00.000Z";"2026-04-10T02:09:00.000Z";1321.4
"2026-04-10T02:09:00.000Z";"2026-04-10T02:12:00.000Z";1297.23
"2026-04-10T02:12:00.000Z";"2026-04-10T02:15:00.000Z";1273.39
"2026-04-10T02:15:00.000Z";"2026-04-10T02:18:00.000Z";1261.53
"2026-04-10T02:18:00.000Z";"2026-04-10T02:21:00.000Z";1248.56
"2026-04-10T02:21:00.000Z";"2026-04-10T02:24:00.000Z";1252.05
"2026-04-10T02:24:00.000Z";"2026-04-10T02:27:00.000Z";1260.17
"2026-04-10T02:27:00.000Z";"2026-04-10T02:30:00.000Z";1248.17
"2026-04-10T02:30:00.000Z";"2026-04-10T02:33:00.000Z";1239.51
"2026-04-10T02:33:00.000Z";"2026-04-10T02:36:00.000Z";1221.73
"2026-04-10T02:36:00.000Z";"2026-04-10T02:39:00.000Z";1216.83
"2026-04-10T02:39:00.000Z";"2026-04-10T02:42:00.000Z";1217.22
"2026-04-10T02:42:00.000Z";"2026-04-10T02:45:00.000Z";1219.55
"2026-04-10T02:45:00.000Z";"2026-04-10T02:48:00.000Z";1221.78
"2026-04-10T02:48:00.000Z";"2026-04-10T02:51:00.000Z";1224.16
"2026-04-10T02:51:00.000Z";"2026-04-10T02:54:00.000Z";1224.05
"2026-04-10T02:54:00.000Z";"2026-04-10T02:57:00.000Z";1217.89
"2026-04-10T02:57:00.000Z";"2026-04-10T03:00:00.000Z";1239.94
"2026-04-10T03:00:00.000Z";"2026-04-10T03:03:00.000Z";1256.93
"2026-04-10T03:03:00.000Z";"2026-04-10T03:06:00.000Z";1272.39
"2026-04-10T03:06:00.000Z";"2026-04-10T03:09:00.000Z";1284.54
"2026-04-10T03:09:00.000Z";"2026-04-10T03:12:00.000Z";1330.02
"2026-04-10T03:12:00.000Z";"2026-04-10T03:15:00.000Z";1339.44
"2026-04-10T03:15:00.000Z";"2026-04-10T03:18:00.000Z";1335.34
"2026-04-10T03:18:00.000Z";"2026-04-10T03:21:00.000Z";1328.5
"2026-04-10T03:21:00.000Z";"2026-04-10T03:24:00.000Z";1340.77
"2026-04-10T03:24:00.000Z";"2026-04-10T03:27:00.000Z";1369.8
"2026-04-10T03:27:00.000Z";"2026-04-10T03:30:00.000Z";1381.83
"2026-04-10T03:30:00.000Z";"2026-04-10T03:33:00.000Z";1379.11
"2026-04-10T03:33:00.000Z";"2026-04-10T03:36:00.000Z";1368.11
"2026-04-10T03:36:00.000Z";"2026-04-10T03:39:00.000Z";1374.88
"2026-04-10T03:39:00.000Z";"2026-04-10T03:42:00.000Z";1377.33
"2026-04-10T03:42:00.000Z";"2026-04-10T03:45:00.000Z";1382.27
"2026-04-10T03:45:00.000Z";"2026-04-10T03:48:00.000Z";1391.28
"2026-04-10T03:48:00.000Z";"2026-04-10T03:51:00.000Z";1385.83
"2026-04-10T03:51:00.000Z";"2026-04-10T03:54:00.000Z";1401.71
"2026-04-10T03:54:00.000Z";"2026-04-10T03:57:00.000Z";1409.5
"2026-04-10T03:57:00.000Z";"2026-04-10T04:00:00.000Z";1423.09
"2026-04-10T04:00:00.000Z";"2026-04-10T04:03:00.000Z";1444.21
"2026-04-10T04:03:00.000Z";"2026-04-10T04:06:00.000Z";1470.6
"2026-04-10T04:06:00.000Z";"2026-04-10T04:09:00.000Z";1502.87
"2026-04-10T04:09:00.000Z";"2026-04-10T04:12:00.000Z";1512.22
"2026-04-10T04:12:00.000Z";"2026-04-10T04:15:00.000Z";1505.83
"2026-04-10T04:15:00.000Z";"2026-04-10T04:18:00.000Z";1502.61
"2026-04-10T04:18:00.000Z";"2026-04-10T04:21:00.000Z";1497.83
"2026-04-10T04:21:00.000Z";"2026-04-10T04:24:00.000Z";1500.72
"2026-04-10T04:24:00.000Z";"2026-04-10T04:27:00.000Z";1506.11
"2026-04-10T04:27:00.000Z";"2026-04-10T04:30:00.000Z";1499.61
"2026-04-10T04:30:00.000Z";"2026-04-10T04:33:00.000Z";1494.5
"2026-04-10T04:33:00.000Z";"2026-04-10T04:36:00.000Z";1488.61
"2026-04-10T04:36:00.000Z";"2026-04-10T04:39:00.000Z";1494.38
"2026-04-10T04:39:00.000Z";"2026-04-10T04:42:00.000Z";1503.44
"2026-04-10T04:42:00.000Z";"2026-04-10T04:45:00.000Z";1508.72
"2026-04-10T04:45:00.000Z";"2026-04-10T04:48:00.000Z";1504.34
"2026-04-10T04:48:00.000Z";"2026-04-10T04:51:00.000Z";1502.39
"2026-04-10T04:51:00.000Z";"2026-04-10T04:54:00.000Z";1504.89
"2026-04-10T04:54:00.000Z";"2026-04-10T04:57:00.000Z";1516.98
"2026-04-10T04:57:00.000Z";"2026-04-10T05:00:00.000Z";1535.49
"2026-04-10T05:00:00.000Z";"2026-04-10T05:03:00.000Z";1536.3
"2026-04-10T05:03:00.000Z";"2026-04-10T05:06:00.000Z";1535.65
"2026-04-10T05:06:00.000Z";"2026-04-10T05:09:00.000Z";1572.04
"2026-04-10T05:09:00.000Z";"2026-04-10T05:12:00.000Z";1591.05
"2026-04-10T05:12:00.000Z";"2026-04-10T05:15:00.000Z";1599.11
"2026-04-10T05:15:00.000Z";"2026-04-10T05:18:00.000Z";1579.96
"2026-04-10T05:18:00.000Z";"2026-04-10T05:21:00.000Z";1588.27
"2026-04-10T05:21:00.000Z";"2026-04-10T05:24:00.000Z";1590.67
"2026-04-10T05:24:00.000Z";"2026-04-10T05:27:00.000Z";1594.16
"2026-04-10T05:27:00.000Z";"2026-04-10T05:30:00.000Z";1581.34
"2026-04-10T05:30:00.000Z";"2026-04-10T05:33:00.000Z";1591.7
"2026-04-10T05:33:00.000Z";"2026-04-10T05:36:00.000Z";1584.96
"2026-04-10T05:36:00.000Z";"2026-04-10T05:39:00.000Z";1581.16
"2026-04-10T05:39:00.000Z";"2026-04-10T05:42:00.000Z";1565.73
"2026-04-10T05:42:00.000Z";"2026-04-10T05:45:00.000Z";1571.32
"2026-04-10T05:45:00.000Z";"2026-04-10T05:48:00.000Z";1578.39
"2026-04-10T05:48:00.000Z";"2026-04-10T05:51:00.000Z";1586.77
"2026-04-10T05:51:00.000Z";"2026-04-10T05:54:00.000Z";1610.48
"2026-04-10T05:54:00.000Z";"2026-04-10T05:57:00.000Z";1626.66
"2026-04-10T05:57:00.000Z";"2026-04-10T06:00:00.000Z";1636.89
"2026-04-10T06:00:00.000Z";"2026-04-10T06:03:00.000Z";1621.51
"2026-04-10T06:03:00.000Z";"2026-04-10T06:06:00.000Z";1622.72
"2026-04-10T06:06:00.000Z";"2026-04-10T06:09:00.000Z";1626.61
"2026-04-10T06:09:00.000Z";"2026-04-10T06:12:00.000Z";1632.5
"2026-04-10T06:12:00.000Z";"2026-04-10T06:15:00.000Z";1637.44
"2026-04-10T06:15:00.000Z";"2026-04-10T06:18:00.000Z";1632.72
"2026-04-10T06:18:00.000Z";"2026-04-10T06:21:00.000Z";1631.11
"2026-04-10T06:21:00.000Z";"2026-04-10T06:24:00.000Z";1635.22
"2026-04-10T06:24:00.000Z";"2026-04-10T06:27:00.000Z";1631.84
"2026-04-10T06:27:00.000Z";"2026-04-10T06:30:00.000Z";1631.39
"2026-04-10T06:30:00.000Z";"2026-04-10T06:33:00.000Z";1617.17
"2026-04-10T06:33:00.000Z";"2026-04-10T06:36:00.000Z";1618.55
"2026-04-10T06:36:00.000Z";"2026-04-10T06:39:00.000Z";1620.72
"2026-04-10T06:39:00.000Z";"2026-04-10T06:42:00.000Z";1623
"2026-04-10T06:42:00.000Z";"2026-04-10T06:45:00.000Z";1622.11
"2026-04-10T06:45:00.000Z";"2026-04-10T06:48:00.000Z";1620.89
"2026-04-10T06:48:00.000Z";"2026-04-10T06:51:00.000Z";1626.39
"2026-04-10T06:51:00.000Z";"2026-04-10T06:54:00.000Z";1628.83
"2026-04-10T06:54:00.000Z";"2026-04-10T06:57:00.000Z";1630.28
"2026-04-10T06:57:00.000Z";"2026-04-10T07:00:00.000Z";1618.78
"2026-04-10T07:00:00.000Z";"2026-04-10T07:03:00.000Z";1587.9
"2026-04-10T07:03:00.000Z";"2026-04-10T07:06:00.000Z";1561.29
"2026-04-10T07:06:00.000Z";"2026-04-10T07:09:00.000Z";1533.34
"2026-04-10T07:09:00.000Z";"2026-04-10T07:12:00.000Z";1519
"2026-04-10T07:12:00.000Z";"2026-04-10T07:15:00.000Z";1508.95
"2026-04-10T07:15:00.000Z";"2026-04-10T07:18:00.000Z";1507.94
"2026-04-10T07:18:00.000Z";"2026-04-10T07:21:00.000Z";1508.39
"2026-04-10T07:21:00.000Z";"2026-04-10T07:24:00.000Z";1508.67
"2026-04-10T07:24:00.000Z";"2026-04-10T07:27:00.000Z";1509.61
"2026-04-10T07:27:00.000Z";"2026-04-10T07:30:00.000Z";1504.06
"2026-04-10T07:30:00.000Z";"2026-04-10T07:33:00.000Z";1496.62
"2026-04-10T07:33:00.000Z";"2026-04-10T07:36:00.000Z";1507.15
"2026-04-10T07:36:00.000Z";"2026-04-10T07:39:00.000Z";1498.62
"2026-04-10T07:39:00.000Z";"2026-04-10T07:42:00.000Z";1502.22
"2026-04-10T07:42:00.000Z";"2026-04-10T07:45:00.000Z";1494.95
"2026-04-10T07:45:00.000Z";"2026-04-10T07:48:00.000Z";1492.67
"2026-04-10T07:48:00.000Z";"2026-04-10T07:51:00.000Z";1491.72
"2026-04-10T07:51:00.000Z";"2026-04-10T07:54:00.000Z";1487.28
"2026-04-10T07:54:00.000Z";"2026-04-10T07:57:00.000Z";1479.23
"2026-04-10T07:57:00.000Z";"2026-04-10T08:00:00.000Z";1479.22
"2026-04-10T08:00:00.000Z";"2026-04-10T08:03:00.000Z";1470.61
"2026-04-10T08:03:00.000Z";"2026-04-10T08:06:00.000Z";1438.82
"2026-04-10T08:06:00.000Z";"2026-04-10T08:09:00.000Z";1410.51
"2026-04-10T08:09:00.000Z";"2026-04-10T08:12:00.000Z";1401.28
"2026-04-10T08:12:00.000Z";"2026-04-10T08:15:00.000Z";1396.61
"2026-04-10T08:15:00.000Z";"2026-04-10T08:18:00.000Z";1401.33
"2026-04-10T08:18:00.000Z";"2026-04-10T08:21:00.000Z";1404.89
"2026-04-10T08:21:00.000Z";"2026-04-10T08:24:00.000Z";1402.28
"2026-04-10T08:24:00.000Z";"2026-04-10T08:27:00.000Z";1405.71
"2026-04-10T08:27:00.000Z";"2026-04-10T08:30:00.000Z";1401.34
"2026-04-10T08:30:00.000Z";"2026-04-10T08:33:00.000Z";1394.12
"2026-04-10T08:33:00.000Z";"2026-04-10T08:36:00.000Z";1380.61
"2026-04-10T08:36:00.000Z";"2026-04-10T08:39:00.000Z";1394.35
"2026-04-10T08:39:00.000Z";"2026-04-10T08:42:00.000Z";1423.89
"2026-04-10T08:42:00.000Z";"2026-04-10T08:45:00.000Z";1411.23
"2026-04-10T08:45:00.000Z";"2026-04-10T08:48:00.000Z";1405.89
"2026-04-10T08:48:00.000Z";"2026-04-10T08:51:00.000Z";1398.34
"2026-04-10T08:51:00.000Z";"2026-04-10T08:54:00.000Z";1390.67
"2026-04-10T08:54:00.000Z";"2026-04-10T08:57:00.000Z";1389.56
"2026-04-10T08:57:00.000Z";"2026-04-10T09:00:00.000Z";1387.94
"2026-04-10T09:00:00.000Z";"2026-04-10T09:03:00.000Z";1375.17
"2026-04-10T09:03:00.000Z";"2026-04-10T09:06:00.000Z";1362
"2026-04-10T09:06:00.000Z";"2026-04-10T09:09:00.000Z";1375.44
"2026-04-10T09:09:00.000Z";"2026-04-10T09:12:00.000Z";1373.39
"2026-04-10T09:12:00.000Z";"2026-04-10T09:15:00.000Z";1348.14
"2026-04-10T09:15:00.000Z";"2026-04-10T09:18:00.000Z";1334.21
"2026-04-10T09:18:00.000Z";"2026-04-10T09:21:00.000Z";1338.67
"2026-04-10T09:21:00.000Z";"2026-04-10T09:24:00.000Z";1334.06
"2026-04-10T09:24:00.000Z";"2026-04-10T09:27:00.000Z";1332.78
"2026-04-10T09:27:00.000Z";"2026-04-10T09:30:00.000Z";1328.34
"2026-04-10T09:30:00.000Z";"2026-04-10T09:33:00.000Z";1331.39
"2026-04-10T09:33:00.000Z";"2026-04-10T09:36:00.000Z";1346.33
"2026-04-10T09:36:00.000Z";"2026-04-10T09:39:00.000Z";1344.56
"2026-04-10T09:39:00.000Z";"2026-04-10T09:42:00.000Z";1333.67
"2026-04-10T09:42:00.000Z";"2026-04-10T09:45:00.000Z";1330.11
"2026-04-10T09:45:00.000Z";"2026-04-10T09:48:00.000Z";1315.54
"2026-04-10T09:48:00.000Z";"2026-04-10T09:51:00.000Z";1326.78
"2026-04-10T09:51:00.000Z";"2026-04-10T09:54:00.000Z";1327.17
"2026-04-10T09:54:00.000Z";"2026-04-10T09:57:00.000Z";1321.06
"2026-04-10T09:57:00.000Z";"2026-04-10T10:00:00.000Z";1318.45
"2026-04-10T10:00:00.000Z";"2026-04-10T10:03:00.000Z";1314.22
"2026-04-10T10:03:00.000Z";"2026-04-10T10:06:00.000Z";1309.12
"2026-04-10T10:06:00.000Z";"2026-04-10T10:09:00.000Z";1313.39
"2026-04-10T10:09:00.000Z";"2026-04-10T10:12:00.000Z";1307.95
"2026-04-10T10:12:00.000Z";"2026-04-10T10:15:00.000Z";1294.9
"2026-04-10T10:15:00.000Z";"2026-04-10T10:18:00.000Z";1286.22
"2026-04-10T10:18:00.000Z";"2026-04-10T10:21:00.000Z";1287.95
"2026-04-10T10:21:00.000Z";"2026-04-10T10:24:00.000Z";1291.6
"2026-04-10T10:24:00.000Z";"2026-04-10T10:27:00.000Z";1299.22
"2026-04-10T10:27:00.000Z";"2026-04-10T10:30:00.000Z";1299.5
"2026-04-10T10:30:00.000Z";"2026-04-10T10:33:00.000Z";1302.22
"2026-04-10T10:33:00.000Z";"2026-04-10T10:36:00.000Z";1301.11
"2026-04-10T10:36:00.000Z";"2026-04-10T10:39:00.000Z";1295.95
"2026-04-10T10:39:00.000Z";"2026-04-10T10:42:00.000Z";1294.61
"2026-04-10T10:42:00.000Z";"2026-04-10T10:45:00.000Z";1283.23
"2026-04-10T10:45:00.000Z";"2026-04-10T10:48:00.000Z";1274.83
"2026-04-10T10:48:00.000Z";"2026-04-10T10:51:00.000Z";1284.17
"2026-04-10T10:51:00.000Z";"2026-04-10T10:54:00.000Z";1273.28
"2026-04-10T10:54:00.000Z";"2026-04-10T10:57:00.000Z";1260.78
"2026-04-10T10:57:00.000Z";"2026-04-10T11:00:00.000Z";1268.05
"2026-04-10T11:00:00.000Z";"2026-04-10T11:03:00.000Z";1263.28
"2026-04-10T11:03:00.000Z";"2026-04-10T11:06:00.000Z";1274.77
"2026-04-10T11:06:00.000Z";"2026-04-10T11:09:00.000Z";1284.11
"2026-04-10T11:09:00.000Z";"2026-04-10T11:12:00.000Z";1284.83
"2026-04-10T11:12:00.000Z";"2026-04-10T11:15:00.000Z";1293.99
"2026-04-10T11:15:00.000Z";"2026-04-10T11:18:00.000Z";1311.71
"2026-04-10T11:18:00.000Z";"2026-04-10T11:21:00.000Z";1318.73
"2026-04-10T11:21:00.000Z";"2026-04-10T11:24:00.000Z";1322.5
"2026-04-10T11:24:00.000Z";"2026-04-10T11:27:00.000Z";1315.06
"2026-04-10T11:27:00.000Z";"2026-04-10T11:30:00.000Z";1307.72
"2026-04-10T11:30:00.000Z";"2026-04-10T11:33:00.000Z";1298.11
"2026-04-10T11:33:00.000Z";"2026-04-10T11:36:00.000Z";1305.94
"2026-04-10T11:36:00.000Z";"2026-04-10T11:39:00.000Z";1305.28
"2026-04-10T11:39:00.000Z";"2026-04-10T11:42:00.000Z";1297.9
"2026-04-10T11:42:00.000Z";"2026-04-10T11:45:00.000Z";1271.55
"2026-04-10T11:45:00.000Z";"2026-04-10T11:48:00.000Z";1270.47
"2026-04-10T11:48:00.000Z";"2026-04-10T11:51:00.000Z";1263.39
"2026-04-10T11:51:00.000Z";"2026-04-10T11:54:00.000Z";1253.84
"2026-04-10T11:54:00.000Z";"2026-04-10T11:57:00.000Z";1234.06
"2026-04-10T11:57:00.000Z";"2026-04-10T12:00:00.000Z";1224.45
"2026-04-10T12:00:00.000Z";"2026-04-10T12:03:00.000Z";1224.78
"2026-04-10T12:03:00.000Z";"2026-04-10T12:06:00.000Z";1237.83
"2026-04-10T12:06:00.000Z";"2026-04-10T12:09:00.000Z";1243.45
"2026-04-10T12:09:00.000Z";"2026-04-10T12:12:00.000Z";1246.16
"2026-04-10T12:12:00.000Z";"2026-04-10T12:15:00.000Z";1243.23
"2026-04-10T12:15:00.000Z";"2026-04-10T12:18:00.000Z";1266.53
"2026-04-10T12:18:00.000Z";"2026-04-10T12:21:00.000Z";1305.88
"2026-04-10T12:21:00.000Z";"2026-04-10T12:24:00.000Z";1322.22
"2026-04-10T12:24:00.000Z";"2026-04-10T12:27:00.000Z";1325.6
"2026-04-10T12:27:00.000Z";"2026-04-10T12:30:00.000Z";1340.71
"2026-04-10T12:30:00.000Z";"2026-04-10T12:33:00.000Z";1348.83
"2026-04-10T12:33:00.000Z";"2026-04-10T12:36:00.000Z";1330.3
"2026-04-10T12:36:00.000Z";"2026-04-10T12:39:00.000Z";1329.38
"2026-04-10T12:39:00.000Z";"2026-04-10T12:42:00.000Z";1327.48
"2026-04-10T12:42:00.000Z";"2026-04-10T12:45:00.000Z";1335.89
"2026-04-10T12:45:00.000Z";"2026-04-10T12:48:00.000Z";1331.39
"2026-04-10T12:48:00.000Z";"2026-04-10T12:51:00.000Z";1320.22
"2026-04-10T12:51:00.000Z";"2026-04-10T12:54:00.000Z";1313.89
"2026-04-10T12:54:00.000Z";"2026-04-10T12:57:00.000Z";1320.32
"2026-04-10T12:57:00.000Z";"2026-04-10T13:00:00.000Z";1329
"2026-04-10T13:00:00.000Z";"2026-04-10T13:03:00.000Z";1336.78
"2026-04-10T13:03:00.000Z";"2026-04-10T13:06:00.000Z";1323.17
"2026-04-10T13:06:00.000Z";"2026-04-10T13:09:00.000Z";1313.22
"2026-04-10T13:09:00.000Z";"2026-04-10T13:12:00.000Z";1313.83
"2026-04-10T13:12:00.000Z";"2026-04-10T13:15:00.000Z";1314.44
"2026-04-10T13:15:00.000Z";"2026-04-10T13:18:00.000Z";1314.67
"2026-04-10T13:18:00.000Z";"2026-04-10T13:21:00.000Z";1312.06
"2026-04-10T13:21:00.000Z";"2026-04-10T13:24:00.000Z";1311.55
"2026-04-10T13:24:00.000Z";"2026-04-10T13:27:00.000Z";1320.5
"2026-04-10T13:27:00.000Z";"2026-04-10T13:30:00.000Z";1337.93
"2026-04-10T13:30:00.000Z";"2026-04-10T13:33:00.000Z";1355.16
"2026-04-10T13:33:00.000Z";"2026-04-10T13:36:00.000Z";1362.16
"2026-04-10T13:36:00.000Z";"2026-04-10T13:39:00.000Z";1350.72
"2026-04-10T13:39:00.000Z";"2026-04-10T13:42:00.000Z";1348.67
"2026-04-10T13:42:00.000Z";"2026-04-10T13:45:00.000Z";1355.17
"2026-04-10T13:45:00.000Z";"2026-04-10T13:48:00.000Z";1360.33
"2026-04-10T13:48:00.000Z";"2026-04-10T13:51:00.000Z";1348.84
"2026-04-10T13:51:00.000Z";"2026-04-10T13:54:00.000Z";1343.22
"2026-04-10T13:54:00.000Z";"2026-04-10T13:57:00.000Z";1350.5
"2026-04-10T13:57:00.000Z";"2026-04-10T14:00:00.000Z";1353.94
"2026-04-10T14:00:00.000Z";"2026-04-10T14:03:00.000Z";1357.83
"2026-04-10T14:03:00.000Z";"2026-04-10T14:06:00.000Z";1360.28
"2026-04-10T14:06:00.000Z";"2026-04-10T14:09:00.000Z";1368.83
"2026-04-10T14:09:00.000Z";"2026-04-10T14:12:00.000Z";1376.17
"2026-04-10T14:12:00.000Z";"2026-04-10T14:15:00.000Z";1379.28
"2026-04-10T14:15:00.000Z";"2026-04-10T14:18:00.000Z";1388.55
"2026-04-10T14:18:00.000Z";"2026-04-10T14:21:00.000Z";1391.78
"2026-04-10T14:21:00.000Z";"2026-04-10T14:24:00.000Z";1389.39
"2026-04-10T14:24:00.000Z";"2026-04-10T14:27:00.000Z";1386.06
"2026-04-10T14:27:00.000Z";"2026-04-10T14:30:00.000Z";1395.83
"2026-04-10T14:30:00.000Z";"2026-04-10T14:33:00.000Z";1397.28
"2026-04-10T14:33:00.000Z";"2026-04-10T14:36:00.000Z";1394.72
"2026-04-10T14:36:00.000Z";"2026-04-10T14:39:00.000Z";1393.17
"2026-04-10T14:39:00.000Z";"2026-04-10T14:42:00.000Z";1396.5
"2026-04-10T14:42:00.000Z";"2026-04-10T14:45:00.000Z";1410.44
"2026-04-10T14:45:00.000Z";"2026-04-10T14:48:00.000Z";1408.22
"2026-04-10T14:48:00.000Z";"2026-04-10T14:51:00.000Z";1410.33
"2026-04-10T14:51:00.000Z";"2026-04-10T14:54:00.000Z";1410.39
"2026-04-10T14:54:00.000Z";"2026-04-10T14:57:00.000Z";1417.1
"2026-04-10T14:57:00.000Z";"2026-04-10T15:00:00.000Z";1425.6
"2026-04-10T15:00:00.000Z";"2026-04-10T15:03:00.000Z";1454.06
"2026-04-10T15:03:00.000Z";"2026-04-10T15:06:00.000Z";1447.88
"2026-04-10T15:06:00.000Z";"2026-04-10T15:09:00.000Z";1465.27
"2026-04-10T15:09:00.000Z";"2026-04-10T15:12:00.000Z";1491.78
"2026-04-10T15:12:00.000Z";"2026-04-10T15:15:00.000Z";1498.83
"2026-04-10T15:15:00.000Z";"2026-04-10T15:18:00.000Z";1492.56
"2026-04-10T15:18:00.000Z";"2026-04-10T15:21:00.000Z";1472.39
"2026-04-10T15:21:00.000Z";"2026-04-10T15:24:00.000Z";1475
"2026-04-10T15:24:00.000Z";"2026-04-10T15:27:00.000Z";1479.83
"2026-04-10T15:27:00.000Z";"2026-04-10T15:30:00.000Z";1480.05
"2026-04-10T15:30:00.000Z";"2026-04-10T15:33:00.000Z";1490.49
"2026-04-10T15:33:00.000Z";"2026-04-10T15:36:00.000Z";1482.56
"2026-04-10T15:36:00.000Z";"2026-04-10T15:39:00.000Z";1471.12
"2026-04-10T15:39:00.000Z";"2026-04-10T15:42:00.000Z";1469.44
"2026-04-10T15:42:00.000Z";"2026-04-10T15:45:00.000Z";1471.22
"2026-04-10T15:45:00.000Z";"2026-04-10T15:48:00.000Z";1467.12
"2026-04-10T15:48:00.000Z";"2026-04-10T15:51:00.000Z";1466.44
"2026-04-10T15:51:00.000Z";"2026-04-10T15:54:00.000Z";1469.11
"2026-04-10T15:54:00.000Z";"2026-04-10T15:57:00.000Z";1474.22
"2026-04-10T15:57:00.000Z";"2026-04-10T16:00:00.000Z";1475.28
"2026-04-10T16:00:00.000Z";"2026-04-10T16:03:00.000Z";1492.33
"2026-04-10T16:03:00.000Z";"2026-04-10T16:06:00.000Z";1525
"2026-04-10T16:06:00.000Z";"2026-04-10T16:09:00.000Z";1556.71
"2026-04-10T16:09:00.000Z";"2026-04-10T16:12:00.000Z";1575.1
"2026-04-10T16:12:00.000Z";"2026-04-10T16:15:00.000Z";1584.11
"2026-04-10T16:15:00.000Z";"2026-04-10T16:18:00.000Z";1586.05
"2026-04-10T16:18:00.000Z";"2026-04-10T16:21:00.000Z";1594.83
"2026-04-10T16:21:00.000Z";"2026-04-10T16:24:00.000Z";1597.44
"2026-04-10T16:24:00.000Z";"2026-04-10T16:27:00.000Z";1603.27
"2026-04-10T16:27:00.000Z";"2026-04-10T16:30:00.000Z";1614.16
"2026-04-10T16:30:00.000Z";"2026-04-10T16:33:00.000Z";1609.89
"2026-04-10T16:33:00.000Z";"2026-04-10T16:36:00.000Z";1606.89
"2026-04-10T16:36:00.000Z";"2026-04-10T16:39:00.000Z";1601.5
"2026-04-10T16:39:00.000Z";"2026-04-10T16:42:00.000Z";1602.77
"2026-04-10T16:42:00.000Z";"2026-04-10T16:45:00.000Z";1609.5
"2026-04-10T16:45:00.000Z";"2026-04-10T16:48:00.000Z";1610
"2026-04-10T16:48:00.000Z";"2026-04-10T16:51:00.000Z";1601.72
"2026-04-10T16:51:00.000Z";"2026-04-10T16:54:00.000Z";1601.56
"2026-04-10T16:54:00.000Z";"2026-04-10T16:57:00.000Z";1597.73
"2026-04-10T16:57:00.000Z";"2026-04-10T17:00:00.000Z";1601.83
"2026-04-10T17:00:00.000Z";"2026-04-10T17:03:00.000Z";1615.11
"2026-04-10T17:03:00.000Z";"2026-04-10T17:06:00.000Z";1608.5
"2026-04-10T17:06:00.000Z";"2026-04-10T17:09:00.000Z";1603.28
"2026-04-10T17:09:00.000Z";"2026-04-10T17:12:00.000Z";1589.06
"2026-04-10T17:12:00.000Z";"2026-04-10T17:15:00.000Z";1584.83
"2026-04-10T17:15:00.000Z";"2026-04-10T17:18:00.000Z";1590.06
"2026-04-10T17:18:00.000Z";"2026-04-10T17:21:00.000Z";1613.1
"2026-04-10T17:21:00.000Z";"2026-04-10T17:24:00.000Z";1628.61
"2026-04-10T17:24:00.000Z";"2026-04-10T17:27:00.000Z";1629.61
"2026-04-10T17:27:00.000Z";"2026-04-10T17:30:00.000Z";1625.06
"2026-04-10T17:30:00.000Z";"2026-04-10T17:33:00.000Z";1624.06
"2026-04-10T17:33:00.000Z";"2026-04-10T17:36:00.000Z";1618.9
"2026-04-10T17:36:00.000Z";"2026-04-10T17:39:00.000Z";1609.11
"2026-04-10T17:39:00.000Z";"2026-04-10T17:42:00.000Z";1598.45
"2026-04-10T17:42:00.000Z";"2026-04-10T17:45:00.000Z";1594.83
"2026-04-10T17:45:00.000Z";"2026-04-10T17:48:00.000Z";1598.61
"2026-04-10T17:48:00.000Z";"2026-04-10T17:51:00.000Z";1597.39
"2026-04-10T17:51:00.000Z";"2026-04-10T17:54:00.000Z";1590.01
"2026-04-10T17:54:00.000Z";"2026-04-10T17:57:00.000Z";1587.5
"2026-04-10T17:57:00.000Z";"2026-04-10T18:00:00.000Z";1601.89
"2026-04-10T18:00:00.000Z";"2026-04-10T18:03:00.000Z";1595.73
"2026-04-10T18:03:00.000Z";"2026-04-10T18:06:00.000Z";1593.72
"2026-04-10T18:06:00.000Z";"2026-04-10T18:09:00.000Z";1599.67
"2026-04-10T18:09:00.000Z";"2026-04-10T18:12:00.000Z";1588.51
"2026-04-10T18:12:00.000Z";"2026-04-10T18:15:00.000Z";1588.83
"2026-04-10T18:15:00.000Z";"2026-04-10T18:18:00.000Z";1592.67
"2026-04-10T18:18:00.000Z";"2026-04-10T18:21:00.000Z";1598.44
"2026-04-10T18:21:00.000Z";"2026-04-10T18:24:00.000Z";1597.89
"2026-04-10T18:24:00.000Z";"2026-04-10T18:27:00.000Z";1596.28
"2026-04-10T18:27:00.000Z";"2026-04-10T18:30:00.000Z";1596.17
"2026-04-10T18:30:00.000Z";"2026-04-10T18:33:00.000Z";1607.05
"2026-04-10T18:33:00.000Z";"2026-04-10T18:36:00.000Z";1648.65
"2026-04-10T18:36:00.000Z";"2026-04-10T18:39:00.000Z";1683.82
"2026-04-10T18:39:00.000Z";"2026-04-10T18:42:00.000Z";1696.11
"2026-04-10T18:42:00.000Z";"2026-04-10T18:45:00.000Z";1715.1
"2026-04-10T18:45:00.000Z";"2026-04-10T18:48:00.000Z";1727.77
"2026-04-10T18:48:00.000Z";"2026-04-10T18:51:00.000Z";1748.16
"2026-04-10T18:51:00.000Z";"2026-04-10T18:54:00.000Z";1753.78
"2026-04-10T18:54:00.000Z";"2026-04-10T18:57:00.000Z";1750.33
"2026-04-10T18:57:00.000Z";"2026-04-10T19:00:00.000Z";1747.11
"2026-04-10T19:00:00.000Z";"2026-04-10T19:03:00.000Z";1732.01
"2026-04-10T19:03:00.000Z";"2026-04-10T19:06:00.000Z";1729.5
"2026-04-10T19:06:00.000Z";"2026-04-10T19:09:00.000Z";1727
"2026-04-10T19:09:00.000Z";"2026-04-10T19:12:00.000Z";1717.62
"2026-04-10T19:12:00.000Z";"2026-04-10T19:15:00.000Z";1708.95
"2026-04-10T19:15:00.000Z";"2026-04-10T19:18:00.000Z";1706.28
"2026-04-10T19:18:00.000Z";"2026-04-10T19:21:00.000Z";1698.12
"2026-04-10T19:21:00.000Z";"2026-04-10T19:24:00.000Z";1695.67
"2026-04-10T19:24:00.000Z";"2026-04-10T19:27:00.000Z";1689.39
"2026-04-10T19:27:00.000Z";"2026-04-10T19:30:00.000Z";1686.45
"2026-04-10T19:30:00.000Z";"2026-04-10T19:33:00.000Z";1670.01
"2026-04-10T19:33:00.000Z";"2026-04-10T19:36:00.000Z";1636.79
"2026-04-10T19:36:00.000Z";"2026-04-10T19:39:00.000Z";1574.92
"2026-04-10T19:39:00.000Z";"2026-04-10T19:42:00.000Z";1554.4
"2026-04-10T19:42:00.000Z";"2026-04-10T19:45:00.000Z";1538.61
"2026-04-10T19:45:00.000Z";"2026-04-10T19:48:00.000Z";1533
"2026-04-10T19:48:00.000Z";"2026-04-10T19:51:00.000Z";1513.56
"2026-04-10T19:51:00.000Z";"2026-04-10T19:54:00.000Z";1514.56
"2026-04-10T19:54:00.000Z";"2026-04-10T19:57:00.000Z";1515.06
"2026-04-10T19:57:00.000Z";"2026-04-10T20:00:00.000Z";1513.67
"2026-04-10T20:00:00.000Z";"2026-04-10T20:03:00.000Z";1500.07
"2026-04-10T20:03:00.000Z";"2026-04-10T20:06:00.000Z";1499.17
"2026-04-10T20:06:00.000Z";"2026-04-10T20:09:00.000Z";1493.33
"2026-04-10T20:09:00.000Z";"2026-04-10T20:12:00.000Z";1481.39
"2026-04-10T20:12:00.000Z";"2026-04-10T20:15:00.000Z";1488.71
"2026-04-10T20:15:00.000Z";"2026-04-10T20:18:00.000Z";1506.38
"2026-04-10T20:18:00.000Z";"2026-04-10T20:21:00.000Z";1509.06
"2026-04-10T20:21:00.000Z";"2026-04-10T20:24:00.000Z";1497.72
"2026-04-10T20:24:00.000Z";"2026-04-10T20:27:00.000Z";1498.06
"2026-04-10T20:27:00.000Z";"2026-04-10T20:30:00.000Z";1491.73
"2026-04-10T20:30:00.000Z";"2026-04-10T20:33:00.000Z";1468.72
"2026-04-10T20:33:00.000Z";"2026-04-10T20:36:00.000Z";1467.89
"2026-04-10T20:36:00.000Z";"2026-04-10T20:39:00.000Z";1451.4
"2026-04-10T20:39:00.000Z";"2026-04-10T20:42:00.000Z";1443.39
"2026-04-10T20:42:00.000Z";"2026-04-10T20:45:00.000Z";1437.89
"2026-04-10T20:45:00.000Z";"2026-04-10T20:48:00.000Z";1437.5
"2026-04-10T20:48:00.000Z";"2026-04-10T20:51:00.000Z";1444.11
"2026-04-10T20:51:00.000Z";"2026-04-10T20:54:00.000Z";1446.28
"2026-04-10T20:54:00.000Z";"2026-04-10T20:57:00.000Z";1446.06
"2026-04-10T20:57:00.000Z";"2026-04-10T21:00:00.000Z";1442
"2026-04-10T21:00:00.000Z";"2026-04-10T21:03:00.000Z";1432.11
"2026-04-10T21:03:00.000Z";"2026-04-10T21:06:00.000Z";1434.44
"2026-04-10T21:06:00.000Z";"2026-04-10T21:09:00.000Z";1424.9
"2026-04-10T21:09:00.000Z";"2026-04-10T21:12:00.000Z";1407.72
"2026-04-10T21:12:00.000Z";"2026-04-10T21:15:00.000Z";1411.72
"2026-04-10T21:15:00.000Z";"2026-04-10T21:18:00.000Z";1415.44
"2026-04-10T21:18:00.000Z";"2026-04-10T21:21:00.000Z";1419.28
"2026-04-10T21:21:00.000Z";"2026-04-10T21:24:00.000Z";1415.17
"2026-04-10T21:24:00.000Z";"2026-04-10T21:27:00.000Z";1385.19
"2026-04-10T21:27:00.000Z";"2026-04-10T21:30:00.000Z";1344.63
"2026-04-10T21:30:00.000Z";"2026-04-10T21:33:00.000Z";1327.5
"2026-04-10T21:33:00.000Z";"2026-04-10T21:36:00.000Z";1317.23
"2026-04-10T21:36:00.000Z";"2026-04-10T21:39:00.000Z";1310.17
"2026-04-10T21:39:00.000Z";"2026-04-10T21:42:00.000Z";1307.17
"2026-04-10T21:42:00.000Z";"2026-04-10T21:45:00.000Z";1307.39
"2026-04-10T21:45:00.000Z";"2026-04-10T21:48:00.000Z";1303.62
"2026-04-10T21:48:00.000Z";"2026-04-10T21:51:00.000Z";1300.44
"2026-04-10T21:51:00.000Z";"2026-04-10T21:54:00.000Z";1298.06
"2026-04-10T21:54:00.000Z";"2026-04-10T21:57:00.000Z";1298.05
"2026-04-10T21:57:00.000Z";"2026-04-10T22:00:00.000Z";1316.48
"2026-04-10T22:00:00.000Z";"2026-04-10T22:03:00.000Z";1335.88
"2026-04-10T22:03:00.000Z";"2026-04-10T22:06:00.000Z";1358.16
"2026-04-10T22:06:00.000Z";"2026-04-10T22:09:00.000Z";1366.61
"2026-04-10T22:09:00.000Z";"2026-04-10T22:12:00.000Z";1353.12
"2026-04-10T22:12:00.000Z";"2026-04-10T22:15:00.000Z";1342.84
"2026-04-10T22:15:00.000Z";"2026-04-10T22:18:00.000Z";1338.44
"2026-04-10T22:18:00.000Z";"2026-04-10T22:21:00.000Z";1341.28
"2026-04-10T22:21:00.000Z";"2026-04-10T22:24:00.000Z";1338.23
"2026-04-10T22:24:00.000Z";"2026-04-10T22:27:00.000Z";1332.89
"2026-04-10T22:27:00.000Z";"2026-04-10T22:30:00.000Z";1332.28
"2026-04-10T22:30:00.000Z";"2026-04-10T22:33:00.000Z";1328.22
"2026-04-10T22:33:00.000Z";"2026-04-10T22:36:00.000Z";1336.22
"2026-04-10T22:36:00.000Z";"2026-04-10T22:39:00.000Z";1328.67
"2026-04-10T22:39:00.000Z";"2026-04-10T22:42:00.000Z";1329.39
"2026-04-10T22:42:00.000Z";"2026-04-10T22:45:00.000Z";1328.28
"2026-04-10T22:45:00.000Z";"2026-04-10T22:48:00.000Z";1333.78
"2026-04-10T22:48:00.000Z";"2026-04-10T22:51:00.000Z";1328.06
"2026-04-10T22:51:00.000Z";"2026-04-10T22:54:00.000Z";1327.28
"2026-04-10T22:54:00.000Z";"2026-04-10T22:57:00.000Z";1327
"2026-04-10T22:57:00.000Z";"2026-04-10T23:00:00.000Z";1328.22
"2026-04-10T23:00:00.000Z";"2026-04-10T23:03:00.000Z";1327.06
"2026-04-10T23:03:00.000Z";"2026-04-10T23:06:00.000Z";1323.61
"2026-04-10T23:06:00.000Z";"2026-04-10T23:09:00.000Z";1325.5
"2026-04-10T23:09:00.000Z";"2026-04-10T23:12:00.000Z";1326.28
"2026-04-10T23:12:00.000Z";"2026-04-10T23:15:00.000Z";1323.61
"2026-04-10T23:15:00.000Z";"2026-04-10T23:18:00.000Z";1328.55
"2026-04-10T23:18:00.000Z";"2026-04-10T23:21:00.000Z";1333.39
"2026-04-10T23:21:00.000Z";"2026-04-10T23:24:00.000Z";1335.28
"2026-04-10T23:24:00.000Z";"2026-04-10T23:27:00.000Z";1331.33
"2026-04-10T23:27:00.000Z";"2026-04-10T23:30:00.000Z";1325.11
"2026-04-10T23:30:00.000Z";"2026-04-10T23:33:00.000Z";1318.11
"2026-04-10T23:33:00.000Z";"2026-04-10T23:36:00.000Z";1318.33
"2026-04-10T23:36:00.000Z";"2026-04-10T23:39:00.000Z";1326.67
"2026-04-10T23:39:00.000Z";"2026-04-10T23:42:00.000Z";1321.89
"2026-04-10T23:42:00.000Z";"2026-04-10T23:45:00.000Z";1319.44
"2026-04-10T23:45:00.000Z";"2026-04-10T23:48:00.000Z";1314.11
"2026-04-10T23:48:00.000Z";"2026-04-10T23:51:00.000Z";1315.11
"2026-04-10T23:51:00.000Z";"2026-04-10T23:54:00.000Z";1315.06
"2026-04-10T23:54:00.000Z";"2026-04-10T23:57:00.000Z";1317.55
"2026-04-10T23:57:00.000Z";"2026-04-11T00:00:00.000Z";1314.72
"2026-04-11T00:00:00.000Z";"2026-04-11T00:03:00.000Z";1320.44
"2026-04-11T00:03:00.000Z";"2026-04-11T00:06:00.000Z";1327.89
"2026-04-11T00:06:00.000Z";"2026-04-11T00:09:00.000Z";1330.17
"2026-04-11T00:09:00.000Z";"2026-04-11T00:12:00.000Z";1329.39
"2026-04-11T00:12:00.000Z";"2026-04-11T00:15:00.000Z";1331.06
"2026-04-11T00:15:00.000Z";"2026-04-11T00:18:00.000Z";1318.73
"2026-04-11T00:18:00.000Z";"2026-04-11T00:21:00.000Z";1307.67
"2026-04-11T00:21:00.000Z";"2026-04-11T00:24:00.000Z";1307.11
"2026-04-11T00:24:00.000Z";"2026-04-11T00:27:00.000Z";1307.78
"2026-04-11T00:27:00.000Z";"2026-04-11T00:30:00.000Z";1301.45
"2026-04-11T00:30:00.000Z";"2026-04-11T00:33:00.000Z";1300.17
"2026-04-11T00:33:00.000Z";"2026-04-11T00:36:00.000Z";1298.11
"2026-04-11T00:36:00.000Z";"2026-04-11T00:39:00.000Z";1297.72
"2026-04-11T00:39:00.000Z";"2026-04-11T00:42:00.000Z";1294.06
"2026-04-11T00:42:00.000Z";"2026-04-11T00:45:00.000Z";1292.83
"2026-04-11T00:45:00.000Z";"2026-04-11T00:48:00.000Z";1293.11
"2026-04-11T00:48:00.000Z";"2026-04-11T00:51:00.000Z";1293.78
"2026-04-11T00:51:00.000Z";"2026-04-11T00:54:00.000Z";1297.83
"2026-04-11T00:54:00.000Z";"2026-04-11T00:57:00.000Z";1297.72
"2026-04-11T00:57:00.000Z";"2026-04-11T01:00:00.000Z";1307.65
"2026-04-11T01:00:00.000Z";"2026-04-11T01:03:00.000Z";1327.55
"2026-04-11T01:03:00.000Z";"2026-04-11T01:06:00.000Z";1332.5
"2026-04-11T01:06:00.000Z";"2026-04-11T01:09:00.000Z";1339.71
"2026-04-11T01:09:00.000Z";"2026-04-11T01:12:00.000Z";1352.11
"2026-04-11T01:12:00.000Z";"2026-04-11T01:15:00.000Z";1353.39
"2026-04-11T01:15:00.000Z";"2026-04-11T01:18:00.000Z";1349.34
"2026-04-11T01:18:00.000Z";"2026-04-11T01:21:00.000Z";1353.17
"2026-04-11T01:21:00.000Z";"2026-04-11T01:24:00.000Z";1357.89
"2026-04-11T01:24:00.000Z";"2026-04-11T01:27:00.000Z";1358.33
"2026-04-11T01:27:00.000Z";"2026-04-11T01:30:00.000Z";1359.83
"2026-04-11T01:30:00.000Z";"2026-04-11T01:33:00.000Z";1362.33
"2026-04-11T01:33:00.000Z";"2026-04-11T01:36:00.000Z";1359.17
"2026-04-11T01:36:00.000Z";"2026-04-11T01:39:00.000Z";1361.11
"2026-04-11T01:39:00.000Z";"2026-04-11T01:42:00.000Z";1365.28
"2026-04-11T01:42:00.000Z";"2026-04-11T01:45:00.000Z";1367.11
"2026-04-11T01:45:00.000Z";"2026-04-11T01:48:00.000Z";1369.28
"2026-04-11T01:48:00.000Z";"2026-04-11T01:51:00.000Z";1367.33
"2026-04-11T01:51:00.000Z";"2026-04-11T01:54:00.000Z";1364.28
"2026-04-11T01:54:00.000Z";"2026-04-11T01:57:00.000Z";1374.71
"2026-04-11T01:57:00.000Z";"2026-04-11T02:00:00.000Z";1399.94
"2026-04-11T02:00:00.000Z";"2026-04-11T02:03:00.000Z";1437.17
"2026-04-11T02:03:00.000Z";"2026-04-11T02:06:00.000Z";1449.29
"2026-04-11T02:06:00.000Z";"2026-04-11T02:09:00.000Z";1446.72
"2026-04-11T02:09:00.000Z";"2026-04-11T02:12:00.000Z";1457.83
"2026-04-11T02:12:00.000Z";"2026-04-11T02:15:00.000Z";1476.27
"2026-04-11T02:15:00.000Z";"2026-04-11T02:18:00.000Z";1480.28
"2026-04-11T02:18:00.000Z";"2026-04-11T02:21:00.000Z";1494.16
"2026-04-11T02:21:00.000Z";"2026-04-11T02:24:00.000Z";1502.44
"2026-04-11T02:24:00.000Z";"2026-04-11T02:27:00.000Z";1501.78
"2026-04-11T02:27:00.000Z";"2026-04-11T02:30:00.000Z";1511.33
"2026-04-11T02:30:00.000Z";"2026-04-11T02:33:00.000Z";1547.99
"2026-04-11T02:33:00.000Z";"2026-04-11T02:36:00.000Z";1572.82
"2026-04-11T02:36:00.000Z";"2026-04-11T02:39:00.000Z";1579.39
"2026-04-11T02:39:00.000Z";"2026-04-11T02:42:00.000Z";1581.33
"2026-04-11T02:42:00.000Z";"2026-04-11T02:45:00.000Z";1576.06
"2026-04-11T02:45:00.000Z";"2026-04-11T02:48:00.000Z";1586.38
"2026-04-11T02:48:00.000Z";"2026-04-11T02:51:00.000Z";1609.5
"2026-04-11T02:51:00.000Z";"2026-04-11T02:54:00.000Z";1615.39
"2026-04-11T02:54:00.000Z";"2026-04-11T02:57:00.000Z";1618.05
"2026-04-11T02:57:00.000Z";"2026-04-11T03:00:00.000Z";1619.44
"2026-04-11T03:00:00.000Z";"2026-04-11T03:03:00.000Z";1633.94
"2026-04-11T03:03:00.000Z";"2026-04-11T03:06:00.000Z";1641.44
"2026-04-11T03:06:00.000Z";"2026-04-11T03:09:00.000Z";1650
"2026-04-11T03:09:00.000Z";"2026-04-11T03:12:00.000Z";1644.22
"2026-04-11T03:12:00.000Z";"2026-04-11T03:15:00.000Z";1649.33
"2026-04-11T03:15:00.000Z";"2026-04-11T03:18:00.000Z";1685.26
"2026-04-11T03:18:00.000Z";"2026-04-11T03:21:00.000Z";1720.05
"2026-04-11T03:21:00.000Z";"2026-04-11T03:24:00.000Z";1724.83
"2026-04-11T03:24:00.000Z";"2026-04-11T03:27:00.000Z";1725.89
"2026-04-11T03:27:00.000Z";"2026-04-11T03:30:00.000Z";1721.67
"2026-04-11T03:30:00.000Z";"2026-04-11T03:33:00.000Z";1709.5
"2026-04-11T03:33:00.000Z";"2026-04-11T03:36:00.000Z";1704
"2026-04-11T03:36:00.000Z";"2026-04-11T03:39:00.000Z";1694
"2026-04-11T03:39:00.000Z";"2026-04-11T03:42:00.000Z";1695.94
"2026-04-11T03:42:00.000Z";"2026-04-11T03:45:00.000Z";1693.12
"2026-04-11T03:45:00.000Z";"2026-04-11T03:48:00.000Z";1688.05
"2026-04-11T03:48:00.000Z";"2026-04-11T03:51:00.000Z";1693.61
"2026-04-11T03:51:00.000Z";"2026-04-11T03:54:00.000Z";1691.84
"2026-04-11T03:54:00.000Z";"2026-04-11T03:57:00.000Z";1694.83
"2026-04-11T03:57:00.000Z";"2026-04-11T04:00:00.000Z";1695.61
"2026-04-11T04:00:00.000Z";"2026-04-11T04:03:00.000Z";1722.59
"2026-04-11T04:03:00.000Z";"2026-04-11T04:06:00.000Z";1755.27
"2026-04-11T04:06:00.000Z";"2026-04-11T04:09:00.000Z";1757.94
"2026-04-11T04:09:00.000Z";"2026-04-11T04:12:00.000Z";1760
"2026-04-11T04:12:00.000Z";"2026-04-11T04:15:00.000Z";1765.39
"2026-04-11T04:15:00.000Z";"2026-04-11T04:18:00.000Z";1771.17
"2026-04-11T04:18:00.000Z";"2026-04-11T04:21:00.000Z";1781.33
"2026-04-11T04:21:00.000Z";"2026-04-11T04:24:00.000Z";1778.56
"2026-04-11T04:24:00.000Z";"2026-04-11T04:27:00.000Z";1780.94
"2026-04-11T04:27:00.000Z";"2026-04-11T04:30:00.000Z";1779.5
"2026-04-11T04:30:00.000Z";"2026-04-11T04:33:00.000Z";1764.63
"2026-04-11T04:33:00.000Z";"2026-04-11T04:36:00.000Z";1740.56
"2026-04-11T04:36:00.000Z";"2026-04-11T04:39:00.000Z";1729.56
"2026-04-11T04:39:00.000Z";"2026-04-11T04:42:00.000Z";1723.84
"2026-04-11T04:42:00.000Z";"2026-04-11T04:45:00.000Z";1730.17
"2026-04-11T04:45:00.000Z";"2026-04-11T04:48:00.000Z";1732.61
"2026-04-11T04:48:00.000Z";"2026-04-11T04:51:00.000Z";1728.72
"2026-04-11T04:51:00.000Z";"2026-04-11T04:54:00.000Z";1729.33
"2026-04-11T04:54:00.000Z";"2026-04-11T04:57:00.000Z";1727.06
"2026-04-11T04:57:00.000Z";"2026-04-11T05:00:00.000Z";1731.33
"2026-04-11T05:00:00.000Z";"2026-04-11T05:03:00.000Z";1726.34
"2026-04-11T05:03:00.000Z";"2026-04-11T05:06:00.000Z";1702.79
"2026-04-11T05:06:00.000Z";"2026-04-11T05:09:00.000Z";1692.39
"2026-04-11T05:09:00.000Z";"2026-04-11T05:12:00.000Z";1689.94
"2026-04-11T05:12:00.000Z";"2026-04-11T05:15:00.000Z";1691.89
"2026-04-11T05:15:00.000Z";"2026-04-11T05:18:00.000Z";1690.11
"2026-04-11T05:18:00.000Z";"2026-04-11T05:21:00.000Z";1686
"2026-04-11T05:21:00.000Z";"2026-04-11T05:24:00.000Z";1685.17
"2026-04-11T05:24:00.000Z";"2026-04-11T05:27:00.000Z";1687.56
"2026-04-11T05:27:00.000Z";"2026-04-11T05:30:00.000Z";1685.06
"2026-04-11T05:30:00.000Z";"2026-04-11T05:33:00.000Z";1677.45
"2026-04-11T05:33:00.000Z";"2026-04-11T05:36:00.000Z";1681.11
"2026-04-11T05:36:00.000Z";"2026-04-11T05:39:00.000Z";1684
"2026-04-11T05:39:00.000Z";"2026-04-11T05:42:00.000Z";1664.25
"2026-04-11T05:42:00.000Z";"2026-04-11T05:45:00.000Z";1607.36
"2026-04-11T05:45:00.000Z";"2026-04-11T05:48:00.000Z";1569.23
"2026-04-11T05:48:00.000Z";"2026-04-11T05:51:00.000Z";1554.62
"2026-04-11T05:51:00.000Z";"2026-04-11T05:54:00.000Z";1528.28
"2026-04-11T05:54:00.000Z";"2026-04-11T05:57:00.000Z";1531.72
"2026-04-11T05:57:00.000Z";"2026-04-11T06:00:00.000Z";1536.66
"2026-04-11T06:00:00.000Z";"2026-04-11T06:03:00.000Z";1530.73
"2026-04-11T06:03:00.000Z";"2026-04-11T06:06:00.000Z";1525.11
"2026-04-11T06:06:00.000Z";"2026-04-11T06:09:00.000Z";1522.95
"2026-04-11T06:09:00.000Z";"2026-04-11T06:12:00.000Z";1519.17
"2026-04-11T06:12:00.000Z";"2026-04-11T06:15:00.000Z";1507.96
"2026-04-11T06:15:00.000Z";"2026-04-11T06:18:00.000Z";1482.56
"2026-04-11T06:18:00.000Z";"2026-04-11T06:21:00.000Z";1481.61
"2026-04-11T06:21:00.000Z";"2026-04-11T06:24:00.000Z";1472.72
"2026-04-11T06:24:00.000Z";"2026-04-11T06:27:00.000Z";1466.67
"2026-04-11T06:27:00.000Z";"2026-04-11T06:30:00.000Z";1462.06
"2026-04-11T06:30:00.000Z";"2026-04-11T06:33:00.000Z";1456.83
"2026-04-11T06:33:00.000Z";"2026-04-11T06:36:00.000Z";1445.89
"2026-04-11T06:36:00.000Z";"2026-04-11T06:39:00.000Z";1434.34
"2026-04-11T06:39:00.000Z";"2026-04-11T06:42:00.000Z";1438.71
"2026-04-11T06:42:00.000Z";"2026-04-11T06:45:00.000Z";1431.11
"2026-04-11T06:45:00.000Z";"2026-04-11T06:48:00.000Z";1437.38
"2026-04-11T06:48:00.000Z";"2026-04-11T06:51:00.000Z";1430.34
"2026-04-11T06:51:00.000Z";"2026-04-11T06:54:00.000Z";1426.83
"2026-04-11T06:54:00.000Z";"2026-04-11T06:57:00.000Z";1430.83
"2026-04-11T06:57:00.000Z";"2026-04-11T07:00:00.000Z";1425.78
"2026-04-11T07:00:00.000Z";"2026-04-11T07:03:00.000Z";1409
"2026-04-11T07:03:00.000Z";"2026-04-11T07:06:00.000Z";1409.83
"2026-04-11T07:06:00.000Z";"2026-04-11T07:09:00.000Z";1407.84
"2026-04-11T07:09:00.000Z";"2026-04-11T07:12:00.000Z";1407.16
"2026-04-11T07:12:00.000Z";"2026-04-11T07:15:00.000Z";1397.67
"2026-04-11T07:15:00.000Z";"2026-04-11T07:18:00.000Z";1399.88
"2026-04-11T07:18:00.000Z";"2026-04-11T07:21:00.000Z";1396.51
"2026-04-11T07:21:00.000Z";"2026-04-11T07:24:00.000Z";1388.61
"2026-04-11T07:24:00.000Z";"2026-04-11T07:27:00.000Z";1385.23
"2026-04-11T07:27:00.000Z";"2026-04-11T07:30:00.000Z";1376.83
"2026-04-11T07:30:00.000Z";"2026-04-11T07:33:00.000Z";1373.39
"2026-04-11T07:33:00.000Z";"2026-04-11T07:36:00.000Z";1334.84
"2026-04-11T07:36:00.000Z";"2026-04-11T07:39:00.000Z";1300.17
"2026-04-11T07:39:00.000Z";"2026-04-11T07:42:00.000Z";1299.78
"2026-04-11T07:42:00.000Z";"2026-04-11T07:45:00.000Z";1306.16
"2026-04-11T07:45:00.000Z";"2026-04-11T07:48:00.000Z";1304.06
"2026-04-11T07:48:00.000Z";"2026-04-11T07:51:00.000Z";1306.95
"2026-04-11T07:51:00.000Z";"2026-04-11T07:54:00.000Z";1298.06
"2026-04-11T07:54:00.000Z";"2026-04-11T07:57:00.000Z";1285.34
"2026-04-11T07:57:00.000Z";"2026-04-11T08:00:00.000Z";1283
"2026-04-11T08:00:00.000Z";"2026-04-11T08:03:00.000Z";1283.11
"2026-04-11T08:03:00.000Z";"2026-04-11T08:06:00.000Z";1265.51
"2026-04-11T08:06:00.000Z";"2026-04-11T08:09:00.000Z";1261.94
"2026-04-11T08:09:00.000Z";"2026-04-11T08:12:00.000Z";1260.83
"2026-04-11T08:12:00.000Z";"2026-04-11T08:15:00.000Z";1260
"2026-04-11T08:15:00.000Z";"2026-04-11T08:18:00.000Z";1271.32
"2026-04-11T08:18:00.000Z";"2026-04-11T08:21:00.000Z";1279.45
"2026-04-11T08:21:00.000Z";"2026-04-11T08:24:00.000Z";1271.67
"2026-04-11T08:24:00.000Z";"2026-04-11T08:27:00.000Z";1266
"2026-04-11T08:27:00.000Z";"2026-04-11T08:30:00.000Z";1261.61
"2026-04-11T08:30:00.000Z";"2026-04-11T08:33:00.000Z";1266.72
"2026-04-11T08:33:00.000Z";"2026-04-11T08:36:00.000Z";1271.77
"2026-04-11T08:36:00.000Z";"2026-04-11T08:39:00.000Z";1269.34
"2026-04-11T08:39:00.000Z";"2026-04-11T08:42:00.000Z";1254.17
"2026-04-11T08:42:00.000Z";"2026-04-11T08:45:00.000Z";1258.88
"2026-04-11T08:45:00.000Z";"2026-04-11T08:48:00.000Z";1259.67
"2026-04-11T08:48:00.000Z";"2026-04-11T08:51:00.000Z";1264.94
"2026-04-11T08:51:00.000Z";"2026-04-11T08:54:00.000Z";1259.95
"2026-04-11T08:54:00.000Z";"2026-04-11T08:57:00.000Z";1267.05
"2026-04-11T08:57:00.000Z";"2026-04-11T09:00:00.000Z";1267.96
"2026-04-11T09:00:00.000Z";"2026-04-11T09:03:00.000Z";1244.48
"2026-04-11T09:03:00.000Z";"2026-04-11T09:06:00.000Z";1221.33
"2026-04-11T09:06:00.000Z";"2026-04-11T09:09:00.000Z";1222
"2026-04-11T09:09:00.000Z";"2026-04-11T09:12:00.000Z";1222.89
"2026-04-11T09:12:00.000Z";"2026-04-11T09:15:00.000Z";1221.06
"2026-04-11T09:15:00.000Z";"2026-04-11T09:18:00.000Z";1224.83
"2026-04-11T09:18:00.000Z";"2026-04-11T09:21:00.000Z";1226.51
"2026-04-11T09:21:00.000Z";"2026-04-11T09:24:00.000Z";1225.06
"2026-04-11T09:24:00.000Z";"2026-04-11T09:27:00.000Z";1242.11
"2026-04-11T09:27:00.000Z";"2026-04-11T09:30:00.000Z";1242.16
"2026-04-11T09:30:00.000Z";"2026-04-11T09:33:00.000Z";1250.22
"2026-04-11T09:33:00.000Z";"2026-04-11T09:36:00.000Z";1258.39
"2026-04-11T09:36:00.000Z";"2026-04-11T09:39:00.000Z";1256.22
"2026-04-11T09:39:00.000Z";"2026-04-11T09:42:00.000Z";1251.67
"2026-04-11T09:42:00.000Z";"2026-04-11T09:45:00.000Z";1247.94
"2026-04-11T09:45:00.000Z";"2026-04-11T09:48:00.000Z";1250.39
"2026-04-11T09:48:00.000Z";"2026-04-11T09:51:00.000Z";1254.56
"2026-04-11T09:51:00.000Z";"2026-04-11T09:54:00.000Z";1235.29
"2026-04-11T09:54:00.000Z";"2026-04-11T09:57:00.000Z";1233.22
"2026-04-11T09:57:00.000Z";"2026-04-11T10:00:00.000Z";1229.45
"2026-04-11T10:00:00.000Z";"2026-04-11T10:03:00.000Z";1224.78
"2026-04-11T10:03:00.000Z";"2026-04-11T10:06:00.000Z";1216.29
"2026-04-11T10:06:00.000Z";"2026-04-11T10:09:00.000Z";1209
"2026-04-11T10:09:00.000Z";"2026-04-11T10:12:00.000Z";1211.39
"2026-04-11T10:12:00.000Z";"2026-04-11T10:15:00.000Z";1236.82
"2026-04-11T10:15:00.000Z";"2026-04-11T10:18:00.000Z";1249.28
"2026-04-11T10:18:00.000Z";"2026-04-11T10:21:00.000Z";1248.33
"2026-04-11T10:21:00.000Z";"2026-04-11T10:24:00.000Z";1246.89
"2026-04-11T10:24:00.000Z";"2026-04-11T10:27:00.000Z";1239.44
"2026-04-11T10:27:00.000Z";"2026-04-11T10:30:00.000Z";1241.5
"2026-04-11T10:30:00.000Z";"2026-04-11T10:33:00.000Z";1248.61
"2026-04-11T10:33:00.000Z";"2026-04-11T10:36:00.000Z";1245.67
"2026-04-11T10:36:00.000Z";"2026-04-11T10:39:00.000Z";1240.06
"2026-04-11T10:39:00.000Z";"2026-04-11T10:42:00.000Z";1261.66
"2026-04-11T10:42:00.000Z";"2026-04-11T10:45:00.000Z";1257.67
"2026-04-11T10:45:00.000Z";"2026-04-11T10:48:00.000Z";1264.05
"2026-04-11T10:48:00.000Z";"2026-04-11T10:51:00.000Z";1265.06
"2026-04-11T10:51:00.000Z";"2026-04-11T10:54:00.000Z";1260.28
"2026-04-11T10:54:00.000Z";"2026-04-11T10:57:00.000Z";1257.11
"2026-04-11T10:57:00.000Z";"2026-04-11T11:00:00.000Z";1258.33
"2026-04-11T11:00:00.000Z";"2026-04-11T11:03:00.000Z";1251.39
"2026-04-11T11:03:00.000Z";"2026-04-11T11:06:00.000Z";1248.44
"2026-04-11T11:06:00.000Z";"2026-04-11T11:09:00.000Z";1240.45
"2026-04-11T11:09:00.000Z";"2026-04-11T11:12:00.000Z";1237.17
"2026-04-11T11:12:00.000Z";"2026-04-11T11:15:00.000Z";1240.28
"2026-04-11T11:15:00.000Z";"2026-04-11T11:18:00.000Z";1250.77
"2026-04-11T11:18:00.000Z";"2026-04-11T11:21:00.000Z";1260.78
"2026-04-11T11:21:00.000Z";"2026-04-11T11:24:00.000Z";1258.83
"2026-04-11T11:24:00.000Z";"2026-04-11T11:27:00.000Z";1254.61
"2026-04-11T11:27:00.000Z";"2026-04-11T11:30:00.000Z";1258
"2026-04-11T11:30:00.000Z";"2026-04-11T11:33:00.000Z";1265.99
"2026-04-11T11:33:00.000Z";"2026-04-11T11:36:00.000Z";1260.95
"2026-04-11T11:36:00.000Z";"2026-04-11T11:39:00.000Z";1261.28
"2026-04-11T11:39:00.000Z";"2026-04-11T11:42:00.000Z";1261.67
"2026-04-11T11:42:00.000Z";"2026-04-11T11:45:00.000Z";1259.78
"2026-04-11T11:45:00.000Z";"2026-04-11T11:48:00.000Z";1255.61
"2026-04-11T11:48:00.000Z";"2026-04-11T11:51:00.000Z";1254.28
"2026-04-11T11:51:00.000Z";"2026-04-11T11:54:00.000Z";1255.33
"2026-04-11T11:54:00.000Z";"2026-04-11T11:57:00.000Z";1260.22
"2026-04-11T11:57:00.000Z";"2026-04-11T12:00:00.000Z";1261.5
"2026-04-11T12:00:00.000Z";"2026-04-11T12:03:00.000Z";1257.94
"2026-04-11T12:03:00.000Z";"2026-04-11T12:06:00.000Z";1263.33
"2026-04-11T12:06:00.000Z";"2026-04-11T12:09:00.000Z";1266
"2026-04-11T12:09:00.000Z";"2026-04-11T12:12:00.000Z";1276.89
"2026-04-11T12:12:00.000Z";"2026-04-11T12:15:00.000Z";1268.68
"2026-04-11T12:15:00.000Z";"2026-04-11T12:18:00.000Z";1263.89
"2026-04-11T12:18:00.000Z";"2026-04-11T12:21:00.000Z";1268.55
"2026-04-11T12:21:00.000Z";"2026-04-11T12:24:00.000Z";1264
"2026-04-11T12:24:00.000Z";"2026-04-11T12:27:00.000Z";1269.22
"2026-04-11T12:27:00.000Z";"2026-04-11T12:30:00.000Z";1266.67
"2026-04-11T12:30:00.000Z";"2026-04-11T12:33:00.000Z";1267.95
"2026-04-11T12:33:00.000Z";"2026-04-11T12:36:00.000Z";1264.89
"2026-04-11T12:36:00.000Z";"2026-04-11T12:39:00.000Z";1265.61
"2026-04-11T12:39:00.000Z";"2026-04-11T12:42:00.000Z";1271.49
"2026-04-11T12:42:00.000Z";"2026-04-11T12:45:00.000Z";1269.78
"2026-04-11T12:45:00.000Z";"2026-04-11T12:48:00.000Z";1269.11
"2026-04-11T12:48:00.000Z";"2026-04-11T12:51:00.000Z";1268.89
"2026-04-11T12:51:00.000Z";"2026-04-11T12:54:00.000Z";1262.17
"2026-04-11T12:54:00.000Z";"2026-04-11T12:57:00.000Z";1263.67
"2026-04-11T12:57:00.000Z";"2026-04-11T13:00:00.000Z";1260.78
"2026-04-11T13:00:00.000Z";"2026-04-11T13:03:00.000Z";1254.56
"2026-04-11T13:03:00.000Z";"2026-04-11T13:06:00.000Z";1263.5
"2026-04-11T13:06:00.000Z";"2026-04-11T13:09:00.000Z";1266.17
"2026-04-11T13:09:00.000Z";"2026-04-11T13:12:00.000Z";1262.44
"2026-04-11T13:12:00.000Z";"2026-04-11T13:15:00.000Z";1259.56
"2026-04-11T13:15:00.000Z";"2026-04-11T13:18:00.000Z";1258.17
"2026-04-11T13:18:00.000Z";"2026-04-11T13:21:00.000Z";1264.44
"2026-04-11T13:21:00.000Z";"2026-04-11T13:24:00.000Z";1263.56
"2026-04-11T13:24:00.000Z";"2026-04-11T13:27:00.000Z";1264.28
"2026-04-11T13:27:00.000Z";"2026-04-11T13:30:00.000Z";1264.5
"2026-04-11T13:30:00.000Z";"2026-04-11T13:33:00.000Z";1264.11
"2026-04-11T13:33:00.000Z";"2026-04-11T13:36:00.000Z";1264.22
"2026-04-11T13:36:00.000Z";"2026-04-11T13:39:00.000Z";1264
"2026-04-11T13:39:00.000Z";"2026-04-11T13:42:00.000Z";1266
"2026-04-11T13:42:00.000Z";"2026-04-11T13:45:00.000Z";1251.9
"2026-04-11T13:45:00.000Z";"2026-04-11T13:48:00.000Z";1242.78
"2026-04-11T13:48:00.000Z";"2026-04-11T13:51:00.000Z";1242.5
"2026-04-11T13:51:00.000Z";"2026-04-11T13:54:00.000Z";1246
"2026-04-11T13:54:00.000Z";"2026-04-11T13:57:00.000Z";1265.38
"2026-04-11T13:57:00.000Z";"2026-04-11T14:00:00.000Z";1294.6
"2026-04-11T14:00:00.000Z";"2026-04-11T14:03:00.000Z";1325.49
"2026-04-11T14:03:00.000Z";"2026-04-11T14:06:00.000Z";1324.11
"2026-04-11T14:06:00.000Z";"2026-04-11T14:09:00.000Z";1326.5
"2026-04-11T14:09:00.000Z";"2026-04-11T14:12:00.000Z";1330.33
"2026-04-11T14:12:00.000Z";"2026-04-11T14:15:00.000Z";1321.34
"2026-04-11T14:15:00.000Z";"2026-04-11T14:18:00.000Z";1353.49
"2026-04-11T14:18:00.000Z";"2026-04-11T14:21:00.000Z";1364.67
"2026-04-11T14:21:00.000Z";"2026-04-11T14:24:00.000Z";1367.66
"2026-04-11T14:24:00.000Z";"2026-04-11T14:27:00.000Z";1366.11
"2026-04-11T14:27:00.000Z";"2026-04-11T14:30:00.000Z";1364.56
"2026-04-11T14:30:00.000Z";"2026-04-11T14:33:00.000Z";1366.22
"2026-04-11T14:33:00.000Z";"2026-04-11T14:36:00.000Z";1358.17
"2026-04-11T14:36:00.000Z";"2026-04-11T14:39:00.000Z";1364.66
"2026-04-11T14:39:00.000Z";"2026-04-11T14:42:00.000Z";1374.11
"2026-04-11T14:42:00.000Z";"2026-04-11T14:45:00.000Z";1392.22
"2026-04-11T14:45:00.000Z";"2026-04-11T14:48:00.000Z";1392.39
"2026-04-11T14:48:00.000Z";"2026-04-11T14:51:00.000Z";1396
"2026-04-11T14:51:00.000Z";"2026-04-11T14:54:00.000Z";1397.94
"2026-04-11T14:54:00.000Z";"2026-04-11T14:57:00.000Z";1405.22
"2026-04-11T14:57:00.000Z";"2026-04-11T15:00:00.000Z";1441.04
"2026-04-11T15:00:00.000Z";"2026-04-11T15:03:00.000Z";1474.99
"2026-04-11T15:03:00.000Z";"2026-04-11T15:06:00.000Z";1483.33
"2026-04-11T15:06:00.000Z";"2026-04-11T15:09:00.000Z";1493.38
"2026-04-11T15:09:00.000Z";"2026-04-11T15:12:00.000Z";1493.73
"2026-04-11T15:12:00.000Z";"2026-04-11T15:15:00.000Z";1499.94
"2026-04-11T15:15:00.000Z";"2026-04-11T15:18:00.000Z";1500.28
"2026-04-11T15:18:00.000Z";"2026-04-11T15:21:00.000Z";1496.22
"2026-04-11T15:21:00.000Z";"2026-04-11T15:24:00.000Z";1506.44
"2026-04-11T15:24:00.000Z";"2026-04-11T15:27:00.000Z";1506.06
"2026-04-11T15:27:00.000Z";"2026-04-11T15:30:00.000Z";1505.28
"2026-04-11T15:30:00.000Z";"2026-04-11T15:33:00.000Z";1499.89
"2026-04-11T15:33:00.000Z";"2026-04-11T15:36:00.000Z";1494.22
"2026-04-11T15:36:00.000Z";"2026-04-11T15:39:00.000Z";1496.22
"2026-04-11T15:39:00.000Z";"2026-04-11T15:42:00.000Z";1508.21
"2026-04-11T15:42:00.000Z";"2026-04-11T15:45:00.000Z";1553.26
"2026-04-11T15:45:00.000Z";"2026-04-11T15:48:00.000Z";1580.94
"2026-04-11T15:48:00.000Z";"2026-04-11T15:51:00.000Z";1587.22
"2026-04-11T15:51:00.000Z";"2026-04-11T15:54:00.000Z";1611.55
"2026-04-11T15:54:00.000Z";"2026-04-11T15:57:00.000Z";1615.72
"2026-04-11T15:57:00.000Z";"2026-04-11T16:00:00.000Z";1613.56
"2026-04-11T16:00:00.000Z";"2026-04-11T16:03:00.000Z";1614.33
"2026-04-11T16:03:00.000Z";"2026-04-11T16:06:00.000Z";1607.23
"2026-04-11T16:06:00.000Z";"2026-04-11T16:09:00.000Z";1608.11
"2026-04-11T16:09:00.000Z";"2026-04-11T16:12:00.000Z";1601.39
"2026-04-11T16:12:00.000Z";"2026-04-11T16:15:00.000Z";1605.43
"2026-04-11T16:15:00.000Z";"2026-04-11T16:18:00.000Z";1624.49
"2026-04-11T16:18:00.000Z";"2026-04-11T16:21:00.000Z";1624.22
"2026-04-11T16:21:00.000Z";"2026-04-11T16:24:00.000Z";1632.78
"2026-04-11T16:24:00.000Z";"2026-04-11T16:27:00.000Z";1638.38
"2026-04-11T16:27:00.000Z";"2026-04-11T16:30:00.000Z";1641.06
"2026-04-11T16:30:00.000Z";"2026-04-11T16:33:00.000Z";1622.57
"2026-04-11T16:33:00.000Z";"2026-04-11T16:36:00.000Z";1608.33
"2026-04-11T16:36:00.000Z";"2026-04-11T16:39:00.000Z";1626.71
"2026-04-11T16:39:00.000Z";"2026-04-11T16:42:00.000Z";1655.04
"2026-04-11T16:42:00.000Z";"2026-04-11T16:45:00.000Z";1667.05
"2026-04-11T16:45:00.000Z";"2026-04-11T16:48:00.000Z";1667.56
"2026-04-11T16:48:00.000Z";"2026-04-11T16:51:00.000Z";1657.72
"2026-04-11T16:51:00.000Z";"2026-04-11T16:54:00.000Z";1661.77
"2026-04-11T16:54:00.000Z";"2026-04-11T16:57:00.000Z";1667.28
"2026-04-11T16:57:00.000Z";"2026-04-11T17:00:00.000Z";1678.61
"2026-04-11T17:00:00.000Z";"2026-04-11T17:03:00.000Z";1682.33
"2026-04-11T17:03:00.000Z";"2026-04-11T17:06:00.000Z";1682.27
"2026-04-11T17:06:00.000Z";"2026-04-11T17:09:00.000Z";1682.78
"2026-04-11T17:09:00.000Z";"2026-04-11T17:12:00.000Z";1681.44
"2026-04-11T17:12:00.000Z";"2026-04-11T17:15:00.000Z";1676
"2026-04-11T17:15:00.000Z";"2026-04-11T17:18:00.000Z";1676.77
"2026-04-11T17:18:00.000Z";"2026-04-11T17:21:00.000Z";1673.84
"2026-04-11T17:21:00.000Z";"2026-04-11T17:24:00.000Z";1657.95
"2026-04-11T17:24:00.000Z";"2026-04-11T17:27:00.000Z";1658
"2026-04-11T17:27:00.000Z";"2026-04-11T17:30:00.000Z";1641.68
"2026-04-11T17:30:00.000Z";"2026-04-11T17:33:00.000Z";1621.34
"2026-04-11T17:33:00.000Z";"2026-04-11T17:36:00.000Z";1605.29
"2026-04-11T17:36:00.000Z";"2026-04-11T17:39:00.000Z";1599.17
"2026-04-11T17:39:00.000Z";"2026-04-11T17:42:00.000Z";1601.11
"2026-04-11T17:42:00.000Z";"2026-04-11T17:45:00.000Z";1599.17
"2026-04-11T17:45:00.000Z";"2026-04-11T17:48:00.000Z";1594.5
"2026-04-11T17:48:00.000Z";"2026-04-11T17:51:00.000Z";1597.17
"2026-04-11T17:51:00.000Z";"2026-04-11T17:54:00.000Z";1594.11
"2026-04-11T17:54:00.000Z";"2026-04-11T17:57:00.000Z";1596.33
"2026-04-11T17:57:00.000Z";"2026-04-11T18:00:00.000Z";1600.33
"2026-04-11T18:00:00.000Z";"2026-04-11T18:03:00.000Z";1606.39
"2026-04-11T18:03:00.000Z";"2026-04-11T18:06:00.000Z";1591.12
"2026-04-11T18:06:00.000Z";"2026-04-11T18:09:00.000Z";1581.51
"2026-04-11T18:09:00.000Z";"2026-04-11T18:12:00.000Z";1570.17
"2026-04-11T18:12:00.000Z";"2026-04-11T18:15:00.000Z";1572.11
"2026-04-11T18:15:00.000Z";"2026-04-11T18:18:00.000Z";1577.16
"2026-04-11T18:18:00.000Z";"2026-04-11T18:21:00.000Z";1583.78
"2026-04-11T18:21:00.000Z";"2026-04-11T18:24:00.000Z";1575.73
"2026-04-11T18:24:00.000Z";"2026-04-11T18:27:00.000Z";1568.95
"2026-04-11T18:27:00.000Z";"2026-04-11T18:30:00.000Z";1565.44
"2026-04-11T18:30:00.000Z";"2026-04-11T18:33:00.000Z";1568.72
"2026-04-11T18:33:00.000Z";"2026-04-11T18:36:00.000Z";1583.87
"2026-04-11T18:36:00.000Z";"2026-04-11T18:39:00.000Z";1586.72
"2026-04-11T18:39:00.000Z";"2026-04-11T18:42:00.000Z";1587.72
"2026-04-11T18:42:00.000Z";"2026-04-11T18:45:00.000Z";1595.16
"2026-04-11T18:45:00.000Z";"2026-04-11T18:48:00.000Z";1600.65
"2026-04-11T18:48:00.000Z";"2026-04-11T18:51:00.000Z";1618.66
"2026-04-11T18:51:00.000Z";"2026-04-11T18:54:00.000Z";1629.56
"2026-04-11T18:54:00.000Z";"2026-04-11T18:57:00.000Z";1627.66
"2026-04-11T18:57:00.000Z";"2026-04-11T19:00:00.000Z";1645.89
"2026-04-11T19:00:00.000Z";"2026-04-11T19:03:00.000Z";1642.56
"2026-04-11T19:03:00.000Z";"2026-04-11T19:06:00.000Z";1610.19
"2026-04-11T19:06:00.000Z";"2026-04-11T19:09:00.000Z";1597.83
"2026-04-11T19:09:00.000Z";"2026-04-11T19:12:00.000Z";1596.89
"2026-04-11T19:12:00.000Z";"2026-04-11T19:15:00.000Z";1594.89
"2026-04-11T19:15:00.000Z";"2026-04-11T19:18:00.000Z";1593.39
"2026-04-11T19:18:00.000Z";"2026-04-11T19:21:00.000Z";1598.39
"2026-04-11T19:21:00.000Z";"2026-04-11T19:24:00.000Z";1598.78
"2026-04-11T19:24:00.000Z";"2026-04-11T19:27:00.000Z";1593.33
"2026-04-11T19:27:00.000Z";"2026-04-11T19:30:00.000Z";1591.94
"2026-04-11T19:30:00.000Z";"2026-04-11T19:33:00.000Z";1609.05
"2026-04-11T19:33:00.000Z";"2026-04-11T19:36:00.000Z";1621.06
"2026-04-11T19:36:00.000Z";"2026-04-11T19:39:00.000Z";1622
"2026-04-11T19:39:00.000Z";"2026-04-11T19:42:00.000Z";1620.11
"2026-04-11T19:42:00.000Z";"2026-04-11T19:45:00.000Z";1633.28
"2026-04-11T19:45:00.000Z";"2026-04-11T19:48:00.000Z";1648.88
"2026-04-11T19:48:00.000Z";"2026-04-11T19:51:00.000Z";1668.99
"2026-04-11T19:51:00.000Z";"2026-04-11T19:54:00.000Z";1666.06
"2026-04-11T19:54:00.000Z";"2026-04-11T19:57:00.000Z";1663.78
"2026-04-11T19:57:00.000Z";"2026-04-11T20:00:00.000Z";1661.28
"2026-04-11T20:00:00.000Z";"2026-04-11T20:03:00.000Z";1641.51
"2026-04-11T20:03:00.000Z";"2026-04-11T20:06:00.000Z";1620.5
"2026-04-11T20:06:00.000Z";"2026-04-11T20:09:00.000Z";1616.5
"2026-04-11T20:09:00.000Z";"2026-04-11T20:12:00.000Z";1615.33
"2026-04-11T20:12:00.000Z";"2026-04-11T20:15:00.000Z";1612.56
"2026-04-11T20:15:00.000Z";"2026-04-11T20:18:00.000Z";1607.95
"2026-04-11T20:18:00.000Z";"2026-04-11T20:21:00.000Z";1605.5
"2026-04-11T20:21:00.000Z";"2026-04-11T20:24:00.000Z";1602.73
"2026-04-11T20:24:00.000Z";"2026-04-11T20:27:00.000Z";1595.67
"2026-04-11T20:27:00.000Z";"2026-04-11T20:30:00.000Z";1598.28
"2026-04-11T20:30:00.000Z";"2026-04-11T20:33:00.000Z";1601.94
"2026-04-11T20:33:00.000Z";"2026-04-11T20:36:00.000Z";1605.5
"2026-04-11T20:36:00.000Z";"2026-04-11T20:39:00.000Z";1610.44
"2026-04-11T20:39:00.000Z";"2026-04-11T20:42:00.000Z";1613.11
"2026-04-11T20:42:00.000Z";"2026-04-11T20:45:00.000Z";1611.06
"2026-04-11T20:45:00.000Z";"2026-04-11T20:48:00.000Z";1589.07
"2026-04-11T20:48:00.000Z";"2026-04-11T20:51:00.000Z";1590.56
"2026-04-11T20:51:00.000Z";"2026-04-11T20:54:00.000Z";1590.39
"2026-04-11T20:54:00.000Z";"2026-04-11T20:57:00.000Z";1589.22
"2026-04-11T20:57:00.000Z";"2026-04-11T21:00:00.000Z";1590.78
"2026-04-11T21:00:00.000Z";"2026-04-11T21:03:00.000Z";1587.56
"2026-04-11T21:03:00.000Z";"2026-04-11T21:06:00.000Z";1576.06
"2026-04-11T21:06:00.000Z";"2026-04-11T21:09:00.000Z";1567.05
"2026-04-11T21:09:00.000Z";"2026-04-11T21:12:00.000Z";1579.83
"2026-04-11T21:12:00.000Z";"2026-04-11T21:15:00.000Z";1583.72
"2026-04-11T21:15:00.000Z";"2026-04-11T21:18:00.000Z";1597.29
"2026-04-11T21:18:00.000Z";"2026-04-11T21:21:00.000Z";1589.78
"2026-04-11T21:21:00.000Z";"2026-04-11T21:24:00.000Z";1584.06
"2026-04-11T21:24:00.000Z";"2026-04-11T21:27:00.000Z";1583.89
"2026-04-11T21:27:00.000Z";"2026-04-11T21:30:00.000Z";1597.05
"2026-04-11T21:30:00.000Z";"2026-04-11T21:33:00.000Z";1630.6
"2026-04-11T21:33:00.000Z";"2026-04-11T21:36:00.000Z";1632.56
"2026-04-11T21:36:00.000Z";"2026-04-11T21:39:00.000Z";1626.39
"2026-04-11T21:39:00.000Z";"2026-04-11T21:42:00.000Z";1622.44
"2026-04-11T21:42:00.000Z";"2026-04-11T21:45:00.000Z";1622.83
"2026-04-11T21:45:00.000Z";"2026-04-11T21:48:00.000Z";1629.16
"2026-04-11T21:48:00.000Z";"2026-04-11T21:51:00.000Z";1632.89
"2026-04-11T21:51:00.000Z";"2026-04-11T21:54:00.000Z";1628.22
"2026-04-11T21:54:00.000Z";"2026-04-11T21:57:00.000Z";1620.78
"2026-04-11T21:57:00.000Z";"2026-04-11T22:00:00.000Z";1624.28
"2026-04-11T22:00:00.000Z";"2026-04-11T22:03:00.000Z";1629.72
"2026-04-11T22:03:00.000Z";"2026-04-11T22:06:00.000Z";1586.19
"2026-04-11T22:06:00.000Z";"2026-04-11T22:09:00.000Z";1558.34
"2026-04-11T22:09:00.000Z";"2026-04-11T22:12:00.000Z";1538.34
"2026-04-11T22:12:00.000Z";"2026-04-11T22:15:00.000Z";1504.8
"2026-04-11T22:15:00.000Z";"2026-04-11T22:18:00.000Z";1467.96
"2026-04-11T22:18:00.000Z";"2026-04-11T22:21:00.000Z";1443.9
"2026-04-11T22:21:00.000Z";"2026-04-11T22:24:00.000Z";1421.9
"2026-04-11T22:24:00.000Z";"2026-04-11T22:27:00.000Z";1391.73
"2026-04-11T22:27:00.000Z";"2026-04-11T22:30:00.000Z";1389.72
"2026-04-11T22:30:00.000Z";"2026-04-11T22:33:00.000Z";1366.34
"2026-04-11T22:33:00.000Z";"2026-04-11T22:36:00.000Z";1368.45
"2026-04-11T22:36:00.000Z";"2026-04-11T22:39:00.000Z";1341.91
"2026-04-11T22:39:00.000Z";"2026-04-11T22:42:00.000Z";1313.67
"2026-04-11T22:42:00.000Z";"2026-04-11T22:45:00.000Z";1304.84
"2026-04-11T22:45:00.000Z";"2026-04-11T22:48:00.000Z";1305.33
"2026-04-11T22:48:00.000Z";"2026-04-11T22:51:00.000Z";1308.16
"2026-04-11T22:51:00.000Z";"2026-04-11T22:54:00.000Z";1310.11
"2026-04-11T22:54:00.000Z";"2026-04-11T22:57:00.000Z";1310.11
"2026-04-11T22:57:00.000Z";"2026-04-11T23:00:00.000Z";1332.87
"2026-04-11T23:00:00.000Z";"2026-04-11T23:03:00.000Z";1388.81
"2026-04-11T23:03:00.000Z";"2026-04-11T23:06:00.000Z";1433.77
"2026-04-11T23:06:00.000Z";"2026-04-11T23:09:00.000Z";1443.11
"2026-04-11T23:09:00.000Z";"2026-04-11T23:12:00.000Z";1442.28
"2026-04-11T23:12:00.000Z";"2026-04-11T23:15:00.000Z";1427.84
"2026-04-11T23:15:00.000Z";"2026-04-11T23:18:00.000Z";1410.17
"2026-04-11T23:18:00.000Z";"2026-04-11T23:21:00.000Z";1410
"2026-04-11T23:21:00.000Z";"2026-04-11T23:24:00.000Z";1411.16
"2026-04-11T23:24:00.000Z";"2026-04-11T23:27:00.000Z";1419.27
"2026-04-11T23:27:00.000Z";"2026-04-11T23:30:00.000Z";1421.94
"2026-04-11T23:30:00.000Z";"2026-04-11T23:33:00.000Z";1416.06
"2026-04-11T23:33:00.000Z";"2026-04-11T23:36:00.000Z";1408.06
"2026-04-11T23:36:00.000Z";"2026-04-11T23:39:00.000Z";1411.94
"2026-04-11T23:39:00.000Z";"2026-04-11T23:42:00.000Z";1413
"2026-04-11T23:42:00.000Z";"2026-04-11T23:45:00.000Z";1413.56
"2026-04-11T23:45:00.000Z";"2026-04-11T23:48:00.000Z";1409
"2026-04-11T23:48:00.000Z";"2026-04-11T23:51:00.000Z";1408.28
"2026-04-11T23:54:00.000Z";"2026-04-11T23:57:00.000Z";1400.44
"2026-04-11T23:57:00.000Z";"2026-04-12T00:00:00.000Z";1399.56
"2026-04-12T00:00:00.000Z";"2026-04-12T00:03:00.000Z";1386.34
"2026-04-12T00:03:00.000Z";"2026-04-12T00:06:00.000Z";1362.67
"2026-04-12T00:06:00.000Z";"2026-04-12T00:09:00.000Z";1362.67
"2026-04-12T00:09:00.000Z";"2026-04-12T00:12:00.000Z";1361.06
"2026-04-12T00:12:00.000Z";"2026-04-12T00:15:00.000Z";1355.95
"2026-04-12T00:15:00.000Z";"2026-04-12T00:18:00.000Z";1356.11
"2026-04-12T00:18:00.000Z";"2026-04-12T00:21:00.000Z";1361.22
"2026-04-12T00:21:00.000Z";"2026-04-12T00:24:00.000Z";1368.89
"2026-04-12T00:24:00.000Z";"2026-04-12T00:27:00.000Z";1369.61
"2026-04-12T00:27:00.000Z";"2026-04-12T00:30:00.000Z";1373.44
"2026-04-12T00:30:00.000Z";"2026-04-12T00:33:00.000Z";1368
"2026-04-12T00:33:00.000Z";"2026-04-12T00:36:00.000Z";1337.46
"2026-04-12T00:36:00.000Z";"2026-04-12T00:39:00.000Z";1306.17
"2026-04-12T00:39:00.000Z";"2026-04-12T00:42:00.000Z";1305.61
"2026-04-12T00:42:00.000Z";"2026-04-12T00:45:00.000Z";1304.67
"2026-04-12T00:45:00.000Z";"2026-04-12T00:48:00.000Z";1301.17
"2026-04-12T00:48:00.000Z";"2026-04-12T00:51:00.000Z";1305.33
"2026-04-12T00:51:00.000Z";"2026-04-12T00:54:00.000Z";1303.61
"2026-04-12T00:54:00.000Z";"2026-04-12T00:57:00.000Z";1304.22
"2026-04-12T00:57:00.000Z";"2026-04-12T01:00:00.000Z";1306.17
"2026-04-12T01:00:00.000Z";"2026-04-12T01:03:00.000Z";1303.5
"2026-04-12T01:03:00.000Z";"2026-04-12T01:06:00.000Z";1309.58
"2026-04-12T01:06:00.000Z";"2026-04-12T01:09:00.000Z";1347.88
"2026-04-12T01:09:00.000Z";"2026-04-12T01:12:00.000Z";1360.11
"2026-04-12T01:12:00.000Z";"2026-04-12T01:15:00.000Z";1359.72
"2026-04-12T01:15:00.000Z";"2026-04-12T01:18:00.000Z";1356.61
"2026-04-12T01:18:00.000Z";"2026-04-12T01:21:00.000Z";1352.33
"2026-04-12T01:21:00.000Z";"2026-04-12T01:24:00.000Z";1360.83
"2026-04-12T01:24:00.000Z";"2026-04-12T01:27:00.000Z";1364
"2026-04-12T01:27:00.000Z";"2026-04-12T01:30:00.000Z";1363.94
"2026-04-12T01:33:00.000Z";"2026-04-12T01:36:00.000Z";1362.22
"2026-04-12T01:36:00.000Z";"2026-04-12T01:39:00.000Z";1360.61
"2026-04-12T01:39:00.000Z";"2026-04-12T01:42:00.000Z";1361.94
"2026-04-12T01:42:00.000Z";"2026-04-12T01:45:00.000Z";1361.94
"2026-04-12T01:45:00.000Z";"2026-04-12T01:48:00.000Z";1386.87
"2026-04-12T01:48:00.000Z";"2026-04-12T01:51:00.000Z";1408.94
"2026-04-12T01:51:00.000Z";"2026-04-12T01:54:00.000Z";1414.44
"2026-04-12T01:54:00.000Z";"2026-04-12T01:57:00.000Z";1411.78
"2026-04-12T01:57:00.000Z";"2026-04-12T02:00:00.000Z";1419.83
"2026-04-12T02:00:00.000Z";"2026-04-12T02:03:00.000Z";1451.93
"2026-04-12T02:03:00.000Z";"2026-04-12T02:06:00.000Z";1478.05
"2026-04-12T02:06:00.000Z";"2026-04-12T02:09:00.000Z";1493.06
"2026-04-12T02:09:00.000Z";"2026-04-12T02:12:00.000Z";1499.33
"2026-04-12T02:12:00.000Z";"2026-04-12T02:15:00.000Z";1497.06
"2026-04-12T02:15:00.000Z";"2026-04-12T02:18:00.000Z";1477.5
"2026-04-12T02:18:00.000Z";"2026-04-12T02:21:00.000Z";1475.44
"2026-04-12T02:21:00.000Z";"2026-04-12T02:24:00.000Z";1473.39
"2026-04-12T02:24:00.000Z";"2026-04-12T02:27:00.000Z";1467.23
"2026-04-12T02:27:00.000Z";"2026-04-12T02:30:00.000Z";1477.16
"2026-04-12T02:30:00.000Z";"2026-04-12T02:33:00.000Z";1483.89
"2026-04-12T02:33:00.000Z";"2026-04-12T02:36:00.000Z";1492.66
"2026-04-12T02:36:00.000Z";"2026-04-12T02:39:00.000Z";1498.39
"2026-04-12T02:39:00.000Z";"2026-04-12T02:42:00.000Z";1498.56
"2026-04-12T02:42:00.000Z";"2026-04-12T02:45:00.000Z";1489.78
"2026-04-12T02:45:00.000Z";"2026-04-12T02:48:00.000Z";1474.01
"2026-04-12T02:48:00.000Z";"2026-04-12T02:51:00.000Z";1467.83
"2026-04-12T02:51:00.000Z";"2026-04-12T02:54:00.000Z";1467.56
"2026-04-12T02:54:00.000Z";"2026-04-12T02:57:00.000Z";1455.56
"2026-04-12T02:57:00.000Z";"2026-04-12T03:00:00.000Z";1454
"2026-04-12T03:00:00.000Z";"2026-04-12T03:03:00.000Z";1459.22
"2026-04-12T03:03:00.000Z";"2026-04-12T03:06:00.000Z";1458.44
"2026-04-12T03:06:00.000Z";"2026-04-12T03:09:00.000Z";1457.95
"2026-04-12T03:09:00.000Z";"2026-04-12T03:12:00.000Z";1456.56
"2026-04-12T03:12:00.000Z";"2026-04-12T03:15:00.000Z";1453.89
"2026-04-12T03:15:00.000Z";"2026-04-12T03:18:00.000Z";1440.41
"2026-04-12T03:18:00.000Z";"2026-04-12T03:21:00.000Z";1410.06
"2026-04-12T03:21:00.000Z";"2026-04-12T03:24:00.000Z";1396.06
"2026-04-12T03:24:00.000Z";"2026-04-12T03:27:00.000Z";1397.72
"2026-04-12T03:27:00.000Z";"2026-04-12T03:30:00.000Z";1400.78
"2026-04-12T03:30:00.000Z";"2026-04-12T03:33:00.000Z";1377.07
"2026-04-12T03:33:00.000Z";"2026-04-12T03:36:00.000Z";1363.17
"2026-04-12T03:36:00.000Z";"2026-04-12T03:39:00.000Z";1352.12
"2026-04-12T03:39:00.000Z";"2026-04-12T03:42:00.000Z";1349.94
"2026-04-12T03:42:00.000Z";"2026-04-12T03:45:00.000Z";1349.44
"2026-04-12T03:45:00.000Z";"2026-04-12T03:48:00.000Z";1346.9
"2026-04-12T03:48:00.000Z";"2026-04-12T03:51:00.000Z";1339.95
"2026-04-12T03:51:00.000Z";"2026-04-12T03:54:00.000Z";1339.55
"2026-04-12T03:54:00.000Z";"2026-04-12T03:57:00.000Z";1344.94
"2026-04-12T03:57:00.000Z";"2026-04-12T04:00:00.000Z";1354.39
"2026-04-12T04:03:00.000Z";"2026-04-12T04:06:00.000Z";1362.05
"2026-04-12T04:09:00.000Z";"2026-04-12T04:12:00.000Z";1378.34
"2026-04-12T04:12:00.000Z";"2026-04-12T04:15:00.000Z";1379.06
"2026-04-12T04:15:00.000Z";"2026-04-12T04:18:00.000Z";1374.67
"2026-04-12T04:18:00.000Z";"2026-04-12T04:21:00.000Z";1373.94
"2026-04-12T04:21:00.000Z";"2026-04-12T04:24:00.000Z";1371.67
"2026-04-12T04:24:00.000Z";"2026-04-12T04:27:00.000Z";1374.67
"2026-04-12T04:27:00.000Z";"2026-04-12T04:30:00.000Z";1381.11
"2026-04-12T04:33:00.000Z";"2026-04-12T04:36:00.000Z";1377.17
"2026-04-12T04:36:00.000Z";"2026-04-12T04:39:00.000Z";1374.89
"2026-04-12T04:39:00.000Z";"2026-04-12T04:42:00.000Z";1373.56
"2026-04-12T04:45:00.000Z";"2026-04-12T04:48:00.000Z";1338.61
"2026-04-12T04:48:00.000Z";"2026-04-12T04:51:00.000Z";1345.72
"2026-04-12T04:51:00.000Z";"2026-04-12T04:54:00.000Z";1350.11
"2026-04-12T04:54:00.000Z";"2026-04-12T04:57:00.000Z";1352.61
"2026-04-12T04:57:00.000Z";"2026-04-12T05:00:00.000Z";1350.83
"2026-04-12T05:03:00.000Z";"2026-04-12T05:06:00.000Z";1326.73
"2026-04-12T05:06:00.000Z";"2026-04-12T05:09:00.000Z";1326
"2026-04-12T05:09:00.000Z";"2026-04-12T05:12:00.000Z";1328.39
"2026-04-12T05:12:00.000Z";"2026-04-12T05:15:00.000Z";1326.28
"2026-04-12T05:15:00.000Z";"2026-04-12T05:18:00.000Z";1312.02
"2026-04-12T05:21:00.000Z";"2026-04-12T05:24:00.000Z";1240.28
"2026-04-12T05:24:00.000Z";"2026-04-12T05:27:00.000Z";1243.05
"2026-04-12T05:30:00.000Z";"2026-04-12T05:33:00.000Z";1242.28
"2026-04-12T05:33:00.000Z";"2026-04-12T05:36:00.000Z";1237.4
"2026-04-12T05:36:00.000Z";"2026-04-12T05:39:00.000Z";1207.12
"2026-04-12T05:39:00.000Z";"2026-04-12T05:42:00.000Z";1206.83
"2026-04-12T05:45:00.000Z";"2026-04-12T05:48:00.000Z";1211.78
"2026-04-12T05:48:00.000Z";"2026-04-12T05:51:00.000Z";1211.67
"2026-04-12T05:51:00.000Z";"2026-04-12T05:54:00.000Z";1209.22
"2026-04-12T05:54:00.000Z";"2026-04-12T05:57:00.000Z";1213
"2026-04-12T06:00:00.000Z";"2026-04-12T06:03:00.000Z";1209.61
"2026-04-12T06:03:00.000Z";"2026-04-12T06:06:00.000Z";1214.16
"2026-04-12T06:06:00.000Z";"2026-04-12T06:09:00.000Z";1219.72
"2026-04-12T06:09:00.000Z";"2026-04-12T06:12:00.000Z";1224.33
"2026-04-12T06:12:00.000Z";"2026-04-12T06:15:00.000Z";1224.39
"2026-04-12T06:18:00.000Z";"2026-04-12T06:21:00.000Z";1200.28
"2026-04-12T06:21:00.000Z";"2026-04-12T06:24:00.000Z";1202.88
"2026-04-12T06:24:00.000Z";"2026-04-12T06:27:00.000Z";1209.39
"2026-04-12T06:30:00.000Z";"2026-04-12T06:33:00.000Z";1203.33
"2026-04-12T06:33:00.000Z";"2026-04-12T06:36:00.000Z";1200.06
"2026-04-12T06:36:00.000Z";"2026-04-12T06:39:00.000Z";1202.83
"2026-04-12T06:42:00.000Z";"2026-04-12T06:45:00.000Z";1209.89
"2026-04-12T06:45:00.000Z";"2026-04-12T06:48:00.000Z";1210.56
"2026-04-12T06:48:00.000Z";"2026-04-12T06:51:00.000Z";1207.72
"2026-04-12T06:51:00.000Z";"2026-04-12T06:54:00.000Z";1212.17
"2026-04-12T06:54:00.000Z";"2026-04-12T06:57:00.000Z";1211.61
"2026-04-12T06:57:00.000Z";"2026-04-12T07:00:00.000Z";1205.44
"2026-04-12T07:00:00.000Z";"2026-04-12T07:03:00.000Z";1220.05
"2026-04-12T07:03:00.000Z";"2026-04-12T07:06:00.000Z";1212.45
"2026-04-12T07:06:00.000Z";"2026-04-12T07:09:00.000Z";1206.78
"2026-04-12T07:09:00.000Z";"2026-04-12T07:12:00.000Z";1201.17
"2026-04-12T07:15:00.000Z";"2026-04-12T07:18:00.000Z";1201.11
"2026-04-12T07:18:00.000Z";"2026-04-12T07:21:00.000Z";1202.55
"2026-04-12T07:21:00.000Z";"2026-04-12T07:24:00.000Z";1198.45
"2026-04-12T07:24:00.000Z";"2026-04-12T07:27:00.000Z";1201.66
"2026-04-12T07:30:00.000Z";"2026-04-12T07:33:00.000Z";1197.83
"2026-04-12T07:33:00.000Z";"2026-04-12T07:36:00.000Z";1211.17
"2026-04-12T07:36:00.000Z";"2026-04-12T07:39:00.000Z";1211.16
"2026-04-12T07:42:00.000Z";"2026-04-12T07:45:00.000Z";1207.22
"2026-04-12T07:45:00.000Z";"2026-04-12T07:48:00.000Z";1223.21
"2026-04-12T07:48:00.000Z";"2026-04-12T07:51:00.000Z";1224.9
"2026-04-12T07:51:00.000Z";"2026-04-12T07:54:00.000Z";1220.22
"2026-04-12T07:54:00.000Z";"2026-04-12T07:57:00.000Z";1223.11
"2026-04-12T07:57:00.000Z";"2026-04-12T08:00:00.000Z";1216.46
"2026-04-12T08:00:00.000Z";"2026-04-12T08:03:00.000Z";1210.67
"2026-04-12T08:06:00.000Z";"2026-04-12T08:09:00.000Z";1203.23
"2026-04-12T08:09:00.000Z";"2026-04-12T08:12:00.000Z";1201.39
"2026-04-12T08:15:00.000Z";"2026-04-12T08:18:00.000Z";1205.28
"2026-04-12T08:18:00.000Z";"2026-04-12T08:21:00.000Z";1206.06
"2026-04-12T08:21:00.000Z";"2026-04-12T08:24:00.000Z";1205.61
"2026-04-12T08:24:00.000Z";"2026-04-12T08:27:00.000Z";1210.33
"2026-04-12T08:27:00.000Z";"2026-04-12T08:30:00.000Z";1210.72
"2026-04-12T08:30:00.000Z";"2026-04-12T08:33:00.000Z";1214.61
"2026-04-12T08:33:00.000Z";"2026-04-12T08:36:00.000Z";1228.72
"2026-04-12T08:36:00.000Z";"2026-04-12T08:39:00.000Z";1224.5
"2026-04-12T08:39:00.000Z";"2026-04-12T08:42:00.000Z";1215.9
"2026-04-12T08:42:00.000Z";"2026-04-12T08:45:00.000Z";1210.17
"2026-04-12T08:45:00.000Z";"2026-04-12T08:48:00.000Z";1227.89
"2026-04-12T08:48:00.000Z";"2026-04-12T08:51:00.000Z";1225.51
"2026-04-12T08:51:00.000Z";"2026-04-12T08:54:00.000Z";1224.89
"2026-04-12T08:54:00.000Z";"2026-04-12T08:57:00.000Z";1219.95
"2026-04-12T09:00:00.000Z";"2026-04-12T09:03:00.000Z";1189.29
"2026-04-12T09:03:00.000Z";"2026-04-12T09:06:00.000Z";1186.05
"2026-04-12T09:06:00.000Z";"2026-04-12T09:09:00.000Z";1178.67
"2026-04-12T09:09:00.000Z";"2026-04-12T09:12:00.000Z";1178.56
"2026-04-12T09:12:00.000Z";"2026-04-12T09:15:00.000Z";1182.61
"2026-04-12T09:15:00.000Z";"2026-04-12T09:18:00.000Z";1186.78
"2026-04-12T09:18:00.000Z";"2026-04-12T09:21:00.000Z";1180.17
"2026-04-12T09:21:00.000Z";"2026-04-12T09:24:00.000Z";1184.33
"2026-04-12T09:24:00.000Z";"2026-04-12T09:27:00.000Z";1177.73
"2026-04-12T09:30:00.000Z";"2026-04-12T09:33:00.000Z";1181.5
"2026-04-12T09:33:00.000Z";"2026-04-12T09:36:00.000Z";1187.17
"2026-04-12T09:36:00.000Z";"2026-04-12T09:39:00.000Z";1178.84
"2026-04-12T09:39:00.000Z";"2026-04-12T09:42:00.000Z";1177.83
"2026-04-12T09:42:00.000Z";"2026-04-12T09:45:00.000Z";1179.33
"2026-04-12T09:45:00.000Z";"2026-04-12T09:48:00.000Z";1192.26
"2026-04-12T09:48:00.000Z";"2026-04-12T09:51:00.000Z";1188.73
"2026-04-12T09:51:00.000Z";"2026-04-12T09:54:00.000Z";1173.39
"2026-04-12T09:54:00.000Z";"2026-04-12T09:57:00.000Z";1169.67
"2026-04-12T10:00:00.000Z";"2026-04-12T10:03:00.000Z";1174.77
"2026-04-12T10:03:00.000Z";"2026-04-12T10:06:00.000Z";1179.95
"2026-04-12T10:06:00.000Z";"2026-04-12T10:09:00.000Z";1173.89
"2026-04-12T10:09:00.000Z";"2026-04-12T10:12:00.000Z";1164.34
"2026-04-12T10:12:00.000Z";"2026-04-12T10:15:00.000Z";1165.67
"2026-04-12T10:15:00.000Z";"2026-04-12T10:18:00.000Z";1164.83
"2026-04-12T10:18:00.000Z";"2026-04-12T10:21:00.000Z";1160.94
"2026-04-12T10:21:00.000Z";"2026-04-12T10:24:00.000Z";1159.33
"2026-04-12T10:24:00.000Z";"2026-04-12T10:27:00.000Z";1163.39
"2026-04-12T10:27:00.000Z";"2026-04-12T10:30:00.000Z";1170.16
"2026-04-12T10:33:00.000Z";"2026-04-12T10:36:00.000Z";1169.72
"2026-04-12T10:36:00.000Z";"2026-04-12T10:39:00.000Z";1175.83
"2026-04-12T10:39:00.000Z";"2026-04-12T10:42:00.000Z";1168.95
"2026-04-12T10:42:00.000Z";"2026-04-12T10:45:00.000Z";1174.83
"2026-04-12T10:48:00.000Z";"2026-04-12T10:51:00.000Z";1197.39
"2026-04-12T10:51:00.000Z";"2026-04-12T10:54:00.000Z";1197.28
"2026-04-12T10:54:00.000Z";"2026-04-12T10:57:00.000Z";1197.78
"2026-04-12T11:00:00.000Z";"2026-04-12T11:03:00.000Z";1195
"2026-04-12T11:03:00.000Z";"2026-04-12T11:06:00.000Z";1193.22
"2026-04-12T11:06:00.000Z";"2026-04-12T11:09:00.000Z";1189.63
"2026-04-12T11:09:00.000Z";"2026-04-12T11:12:00.000Z";1192.89
"2026-04-12T11:12:00.000Z";"2026-04-12T11:15:00.000Z";1190.22
"2026-04-12T11:15:00.000Z";"2026-04-12T11:18:00.000Z";1189.33
"2026-04-12T11:18:00.000Z";"2026-04-12T11:21:00.000Z";1184.5
"2026-04-12T11:21:00.000Z";"2026-04-12T11:24:00.000Z";1181.56
"2026-04-12T11:24:00.000Z";"2026-04-12T11:27:00.000Z";1181.22
"2026-04-12T11:30:00.000Z";"2026-04-12T11:33:00.000Z";1167.51
"2026-04-12T11:33:00.000Z";"2026-04-12T11:36:00.000Z";1178.22
"2026-04-12T11:36:00.000Z";"2026-04-12T11:39:00.000Z";1186.33
"2026-04-12T11:39:00.000Z";"2026-04-12T11:42:00.000Z";1178.89
"2026-04-12T11:42:00.000Z";"2026-04-12T11:45:00.000Z";1174.39
"2026-04-12T11:45:00.000Z";"2026-04-12T11:48:00.000Z";1174.44
"2026-04-12T11:48:00.000Z";"2026-04-12T11:51:00.000Z";1181.78
"2026-04-12T11:51:00.000Z";"2026-04-12T11:54:00.000Z";1185.67
"2026-04-12T11:54:00.000Z";"2026-04-12T11:57:00.000Z";1180.11
"2026-04-12T11:57:00.000Z";"2026-04-12T12:00:00.000Z";1181.17
"2026-04-12T12:00:00.000Z";"2026-04-12T12:03:00.000Z";1194.71
"2026-04-12T12:03:00.000Z";"2026-04-12T12:06:00.000Z";1205.33
"2026-04-12T12:06:00.000Z";"2026-04-12T12:09:00.000Z";1204.45
"2026-04-12T12:09:00.000Z";"2026-04-12T12:12:00.000Z";1203.44
"2026-04-12T12:12:00.000Z";"2026-04-12T12:15:00.000Z";1206.39
"2026-04-12T12:15:00.000Z";"2026-04-12T12:18:00.000Z";1201.67
"2026-04-12T12:18:00.000Z";"2026-04-12T12:21:00.000Z";1201.11
"2026-04-12T12:21:00.000Z";"2026-04-12T12:24:00.000Z";1199.44
"2026-04-12T12:27:00.000Z";"2026-04-12T12:30:00.000Z";1209.06
"2026-04-12T12:30:00.000Z";"2026-04-12T12:33:00.000Z";1196.34
"2026-04-12T12:33:00.000Z";"2026-04-12T12:36:00.000Z";1188.17
"2026-04-12T12:36:00.000Z";"2026-04-12T12:39:00.000Z";1191.05
"2026-04-12T12:39:00.000Z";"2026-04-12T12:42:00.000Z";1188.95
"2026-04-12T12:42:00.000Z";"2026-04-12T12:45:00.000Z";1187.39
"2026-04-12T12:45:00.000Z";"2026-04-12T12:48:00.000Z";1188.17
"2026-04-12T12:48:00.000Z";"2026-04-12T12:51:00.000Z";1185.83
"2026-04-12T12:51:00.000Z";"2026-04-12T12:54:00.000Z";1190.39
"2026-04-12T12:54:00.000Z";"2026-04-12T12:57:00.000Z";1196.28
"2026-04-12T12:57:00.000Z";"2026-04-12T13:00:00.000Z";1202.11
"2026-04-12T13:00:00.000Z";"2026-04-12T13:03:00.000Z";1219.76
"2026-04-12T13:06:00.000Z";"2026-04-12T13:09:00.000Z";1266.05
"2026-04-12T13:12:00.000Z";"2026-04-12T13:15:00.000Z";1246.9
"2026-04-12T13:15:00.000Z";"2026-04-12T13:18:00.000Z";1227.12
"2026-04-12T13:18:00.000Z";"2026-04-12T13:21:00.000Z";1220.61
"2026-04-12T13:21:00.000Z";"2026-04-12T13:24:00.000Z";1218.83
"2026-04-12T13:24:00.000Z";"2026-04-12T13:27:00.000Z";1222.33
"2026-04-12T13:30:00.000Z";"2026-04-12T13:33:00.000Z";1235.55
"2026-04-12T13:33:00.000Z";"2026-04-12T13:36:00.000Z";1254.66
"2026-04-12T13:36:00.000Z";"2026-04-12T13:39:00.000Z";1262.44
"2026-04-12T13:39:00.000Z";"2026-04-12T13:42:00.000Z";1268.99
"2026-04-12T13:42:00.000Z";"2026-04-12T13:45:00.000Z";1278.27
"2026-04-12T13:45:00.000Z";"2026-04-12T13:48:00.000Z";1267.78
"2026-04-12T13:48:00.000Z";"2026-04-12T13:51:00.000Z";1261.44
"2026-04-12T13:54:00.000Z";"2026-04-12T13:57:00.000Z";1258.72
"2026-04-12T13:57:00.000Z";"2026-04-12T14:00:00.000Z";1265.55
"2026-04-12T14:03:00.000Z";"2026-04-12T14:06:00.000Z";1301.67
"2026-04-12T14:06:00.000Z";"2026-04-12T14:09:00.000Z";1292.28
"2026-04-12T14:09:00.000Z";"2026-04-12T14:12:00.000Z";1290.89
"2026-04-12T14:12:00.000Z";"2026-04-12T14:15:00.000Z";1310.05
"2026-04-12T14:18:00.000Z";"2026-04-12T14:21:00.000Z";1318.11
"2026-04-12T14:21:00.000Z";"2026-04-12T14:24:00.000Z";1323.39
"2026-04-12T14:24:00.000Z";"2026-04-12T14:27:00.000Z";1326.33
"2026-04-12T14:27:00.000Z";"2026-04-12T14:30:00.000Z";1324.06
"2026-04-12T14:33:00.000Z";"2026-04-12T14:36:00.000Z";1299.5
"2026-04-12T14:36:00.000Z";"2026-04-12T14:39:00.000Z";1307.39
"2026-04-12T14:39:00.000Z";"2026-04-12T14:42:00.000Z";1306.5
"2026-04-12T14:42:00.000Z";"2026-04-12T14:45:00.000Z";1314.33
"2026-04-12T14:45:00.000Z";"2026-04-12T14:48:00.000Z";1328.67
"2026-04-12T14:48:00.000Z";"2026-04-12T14:51:00.000Z";1327.66
"2026-04-12T14:51:00.000Z";"2026-04-12T14:54:00.000Z";1331.56
"2026-04-12T14:54:00.000Z";"2026-04-12T14:57:00.000Z";1335.32
"2026-04-12T15:00:00.000Z";"2026-04-12T15:03:00.000Z";1405.37
"2026-04-12T15:03:00.000Z";"2026-04-12T15:06:00.000Z";1410.84
"2026-04-12T15:06:00.000Z";"2026-04-12T15:09:00.000Z";1401.89
"2026-04-12T15:09:00.000Z";"2026-04-12T15:12:00.000Z";1399.83
"2026-04-12T15:12:00.000Z";"2026-04-12T15:15:00.000Z";1402.66
"2026-04-12T15:15:00.000Z";"2026-04-12T15:18:00.000Z";1407.56
"2026-04-12T15:18:00.000Z";"2026-04-12T15:21:00.000Z";1422.55
"2026-04-12T15:21:00.000Z";"2026-04-12T15:24:00.000Z";1437.72
"2026-04-12T15:24:00.000Z";"2026-04-12T15:27:00.000Z";1458.11
"2026-04-12T15:27:00.000Z";"2026-04-12T15:30:00.000Z";1467.78
"2026-04-12T15:30:00.000Z";"2026-04-12T15:33:00.000Z";1448.84
"2026-04-12T15:33:00.000Z";"2026-04-12T15:36:00.000Z";1450.55
"2026-04-12T15:36:00.000Z";"2026-04-12T15:39:00.000Z";1465.39
"2026-04-12T15:39:00.000Z";"2026-04-12T15:42:00.000Z";1466.22
"2026-04-12T15:42:00.000Z";"2026-04-12T15:45:00.000Z";1457.45
"2026-04-12T15:45:00.000Z";"2026-04-12T15:48:00.000Z";1436.29
"2026-04-12T15:48:00.000Z";"2026-04-12T15:51:00.000Z";1434.28
"2026-04-12T15:51:00.000Z";"2026-04-12T15:54:00.000Z";1433.61
"2026-04-12T15:54:00.000Z";"2026-04-12T15:57:00.000Z";1454.05
"2026-04-12T15:57:00.000Z";"2026-04-12T16:00:00.000Z";1500.87
"2026-04-12T16:00:00.000Z";"2026-04-12T16:03:00.000Z";1504.73
"2026-04-12T16:03:00.000Z";"2026-04-12T16:06:00.000Z";1517.31
"2026-04-12T16:06:00.000Z";"2026-04-12T16:09:00.000Z";1561.48
"2026-04-12T16:09:00.000Z";"2026-04-12T16:12:00.000Z";1585.6
"2026-04-12T16:12:00.000Z";"2026-04-12T16:15:00.000Z";1587
"2026-04-12T16:15:00.000Z";"2026-04-12T16:18:00.000Z";1586.22
"2026-04-12T16:18:00.000Z";"2026-04-12T16:21:00.000Z";1584.94
"2026-04-12T16:21:00.000Z";"2026-04-12T16:24:00.000Z";1586.67
"2026-04-12T16:24:00.000Z";"2026-04-12T16:27:00.000Z";1590.55
"2026-04-12T16:27:00.000Z";"2026-04-12T16:30:00.000Z";1597.83
"2026-04-12T16:30:00.000Z";"2026-04-12T16:33:00.000Z";1608.88
"2026-04-12T16:33:00.000Z";"2026-04-12T16:36:00.000Z";1603.39
"2026-04-12T16:36:00.000Z";"2026-04-12T16:39:00.000Z";1603.39
"2026-04-12T16:39:00.000Z";"2026-04-12T16:42:00.000Z";1602.89
"2026-04-12T16:42:00.000Z";"2026-04-12T16:45:00.000Z";1605.22
"2026-04-12T16:45:00.000Z";"2026-04-12T16:48:00.000Z";1608.16
"2026-04-12T16:48:00.000Z";"2026-04-12T16:51:00.000Z";1611
"2026-04-12T16:51:00.000Z";"2026-04-12T16:54:00.000Z";1622.17
"2026-04-12T16:54:00.000Z";"2026-04-12T16:57:00.000Z";1634.55
"2026-04-12T17:00:00.000Z";"2026-04-12T17:03:00.000Z";1636.01
"2026-04-12T17:03:00.000Z";"2026-04-12T17:06:00.000Z";1627.56
"2026-04-12T17:06:00.000Z";"2026-04-12T17:09:00.000Z";1682.51
"2026-04-12T17:09:00.000Z";"2026-04-12T17:12:00.000Z";1716.39
"2026-04-12T17:12:00.000Z";"2026-04-12T17:15:00.000Z";1717.95
"2026-04-12T17:15:00.000Z";"2026-04-12T17:18:00.000Z";1719.22
"2026-04-12T17:18:00.000Z";"2026-04-12T17:21:00.000Z";1716.23
"2026-04-12T17:24:00.000Z";"2026-04-12T17:27:00.000Z";1707.55
"2026-04-12T17:27:00.000Z";"2026-04-12T17:30:00.000Z";1711.67
"2026-04-12T17:30:00.000Z";"2026-04-12T17:33:00.000Z";1715
"2026-04-12T17:33:00.000Z";"2026-04-12T17:36:00.000Z";1713.22
"2026-04-12T17:36:00.000Z";"2026-04-12T17:39:00.000Z";1711
"2026-04-12T17:39:00.000Z";"2026-04-12T17:42:00.000Z";1705.11
"2026-04-12T17:42:00.000Z";"2026-04-12T17:45:00.000Z";1701.17
"2026-04-12T17:45:00.000Z";"2026-04-12T17:48:00.000Z";1698.44
"2026-04-12T17:48:00.000Z";"2026-04-12T17:51:00.000Z";1696.72
"2026-04-12T17:51:00.000Z";"2026-04-12T17:54:00.000Z";1703.78
"2026-04-12T17:54:00.000Z";"2026-04-12T17:57:00.000Z";1707.83
"2026-04-12T17:57:00.000Z";"2026-04-12T18:00:00.000Z";1703.78
"2026-04-12T18:00:00.000Z";"2026-04-12T18:03:00.000Z";1708.83
"2026-04-12T18:06:00.000Z";"2026-04-12T18:09:00.000Z";1703.45
"2026-04-12T18:09:00.000Z";"2026-04-12T18:12:00.000Z";1701.67
"2026-04-12T18:15:00.000Z";"2026-04-12T18:18:00.000Z";1711.72
"2026-04-12T18:18:00.000Z";"2026-04-12T18:21:00.000Z";1718.27
"2026-04-12T18:21:00.000Z";"2026-04-12T18:24:00.000Z";1721.61
"2026-04-12T18:24:00.000Z";"2026-04-12T18:27:00.000Z";1722.72
"2026-04-12T18:27:00.000Z";"2026-04-12T18:30:00.000Z";1727.11
"2026-04-12T18:30:00.000Z";"2026-04-12T18:33:00.000Z";1726
"2026-04-12T18:36:00.000Z";"2026-04-12T18:39:00.000Z";1716.73
"2026-04-12T18:39:00.000Z";"2026-04-12T18:42:00.000Z";1713.39
"2026-04-12T18:42:00.000Z";"2026-04-12T18:45:00.000Z";1714.38
"2026-04-12T18:45:00.000Z";"2026-04-12T18:48:00.000Z";1729.32
"2026-04-12T18:48:00.000Z";"2026-04-12T18:51:00.000Z";1749.33
"2026-04-12T18:51:00.000Z";"2026-04-12T18:54:00.000Z";1756.11
"2026-04-12T18:54:00.000Z";"2026-04-12T18:57:00.000Z";1759.38
"2026-04-12T18:57:00.000Z";"2026-04-12T19:00:00.000Z";1766.72
"2026-04-12T19:00:00.000Z";"2026-04-12T19:03:00.000Z";1758.95
"2026-04-12T19:03:00.000Z";"2026-04-12T19:06:00.000Z";1755.5
"2026-04-12T19:06:00.000Z";"2026-04-12T19:09:00.000Z";1741.22
"2026-04-12T19:09:00.000Z";"2026-04-12T19:12:00.000Z";1741.12
"2026-04-12T19:12:00.000Z";"2026-04-12T19:15:00.000Z";1706.35
"2026-04-12T19:15:00.000Z";"2026-04-12T19:18:00.000Z";1677.68
"2026-04-12T19:18:00.000Z";"2026-04-12T19:21:00.000Z";1665.78
"2026-04-12T19:21:00.000Z";"2026-04-12T19:24:00.000Z";1658.95
"2026-04-12T19:24:00.000Z";"2026-04-12T19:27:00.000Z";1655.94
"2026-04-12T19:27:00.000Z";"2026-04-12T19:30:00.000Z";1662.28
"2026-04-12T19:30:00.000Z";"2026-04-12T19:33:00.000Z";1668.28
"2026-04-12T19:33:00.000Z";"2026-04-12T19:36:00.000Z";1680.16
"2026-04-12T19:36:00.000Z";"2026-04-12T19:39:00.000Z";1683.77
"2026-04-12T19:39:00.000Z";"2026-04-12T19:42:00.000Z";1680
"2026-04-12T19:42:00.000Z";"2026-04-12T19:45:00.000Z";1671.22
"2026-04-12T19:45:00.000Z";"2026-04-12T19:48:00.000Z";1662.35
"2026-04-12T19:48:00.000Z";"2026-04-12T19:51:00.000Z";1649.67
"2026-04-12T19:51:00.000Z";"2026-04-12T19:54:00.000Z";1613.4
"2026-04-12T19:54:00.000Z";"2026-04-12T19:57:00.000Z";1602.56
"2026-04-12T19:57:00.000Z";"2026-04-12T20:00:00.000Z";1599.33
"2026-04-12T20:00:00.000Z";"2026-04-12T20:03:00.000Z";1583.96
"2026-04-12T20:03:00.000Z";"2026-04-12T20:06:00.000Z";1543.01
"2026-04-12T20:06:00.000Z";"2026-04-12T20:09:00.000Z";1530.06
"2026-04-12T20:09:00.000Z";"2026-04-12T20:12:00.000Z";1524.94
"2026-04-12T20:12:00.000Z";"2026-04-12T20:15:00.000Z";1532.55
"2026-04-12T20:15:00.000Z";"2026-04-12T20:18:00.000Z";1536.22
"2026-04-12T20:18:00.000Z";"2026-04-12T20:21:00.000Z";1537.67
"2026-04-12T20:21:00.000Z";"2026-04-12T20:24:00.000Z";1537.33
"2026-04-12T20:24:00.000Z";"2026-04-12T20:27:00.000Z";1532.72
"2026-04-12T20:27:00.000Z";"2026-04-12T20:30:00.000Z";1512.74
"2026-04-12T20:30:00.000Z";"2026-04-12T20:33:00.000Z";1487.39
"2026-04-12T20:33:00.000Z";"2026-04-12T20:36:00.000Z";1481.73
"2026-04-12T20:36:00.000Z";"2026-04-12T20:39:00.000Z";1469.39
"2026-04-12T20:39:00.000Z";"2026-04-12T20:42:00.000Z";1460.06
"2026-04-12T20:42:00.000Z";"2026-04-12T20:45:00.000Z";1441.68
"2026-04-12T20:45:00.000Z";"2026-04-12T20:48:00.000Z";1432.95
"2026-04-12T20:48:00.000Z";"2026-04-12T20:51:00.000Z";1436.39
"2026-04-12T20:51:00.000Z";"2026-04-12T20:54:00.000Z";1425.73
"2026-04-12T20:54:00.000Z";"2026-04-12T20:57:00.000Z";1399.52
"2026-04-12T20:57:00.000Z";"2026-04-12T21:00:00.000Z";1368.67
"2026-04-12T21:00:00.000Z";"2026-04-12T21:03:00.000Z";1364.55
"2026-04-12T21:03:00.000Z";"2026-04-12T21:06:00.000Z";1374.94
"2026-04-12T21:06:00.000Z";"2026-04-12T21:09:00.000Z";1376.06
"2026-04-12T21:09:00.000Z";"2026-04-12T21:12:00.000Z";1354.17
"2026-04-12T21:12:00.000Z";"2026-04-12T21:15:00.000Z";1340.95
"2026-04-12T21:15:00.000Z";"2026-04-12T21:18:00.000Z";1339.72
"2026-04-12T21:18:00.000Z";"2026-04-12T21:21:00.000Z";1333.56
"2026-04-12T21:21:00.000Z";"2026-04-12T21:24:00.000Z";1314.4
"2026-04-12T21:24:00.000Z";"2026-04-12T21:27:00.000Z";1311.22
"2026-04-12T21:27:00.000Z";"2026-04-12T21:30:00.000Z";1309.39
"2026-04-12T21:30:00.000Z";"2026-04-12T21:33:00.000Z";1305.39
"2026-04-12T21:33:00.000Z";"2026-04-12T21:36:00.000Z";1297.95
"2026-04-12T21:36:00.000Z";"2026-04-12T21:39:00.000Z";1294.22
"2026-04-12T21:42:00.000Z";"2026-04-12T21:45:00.000Z";1294
"2026-04-12T21:45:00.000Z";"2026-04-12T21:48:00.000Z";1298.44
"2026-04-12T21:48:00.000Z";"2026-04-12T21:51:00.000Z";1302.89
"2026-04-12T21:51:00.000Z";"2026-04-12T21:54:00.000Z";1300.33
"2026-04-12T21:54:00.000Z";"2026-04-12T21:57:00.000Z";1298.89
"2026-04-12T21:57:00.000Z";"2026-04-12T22:00:00.000Z";1298.39
"2026-04-12T22:00:00.000Z";"2026-04-12T22:03:00.000Z";1276.13
"2026-04-12T22:03:00.000Z";"2026-04-12T22:06:00.000Z";1270.83
"2026-04-12T22:06:00.000Z";"2026-04-12T22:09:00.000Z";1287.56
"2026-04-12T22:09:00.000Z";"2026-04-12T22:12:00.000Z";1278.23
"2026-04-12T22:12:00.000Z";"2026-04-12T22:15:00.000Z";1262.11
"2026-04-12T22:15:00.000Z";"2026-04-12T22:18:00.000Z";1268.27
"2026-04-12T22:18:00.000Z";"2026-04-12T22:21:00.000Z";1262.84
"2026-04-12T22:21:00.000Z";"2026-04-12T22:24:00.000Z";1254.33
"2026-04-12T22:24:00.000Z";"2026-04-12T22:27:00.000Z";1260.89
"2026-04-12T22:27:00.000Z";"2026-04-12T22:30:00.000Z";1276.36
"2026-04-12T22:30:00.000Z";"2026-04-12T22:33:00.000Z";1280.23
"2026-04-12T22:33:00.000Z";"2026-04-12T22:36:00.000Z";1289.05
"2026-04-12T22:36:00.000Z";"2026-04-12T22:39:00.000Z";1294
"2026-04-12T22:39:00.000Z";"2026-04-12T22:42:00.000Z";1324.81
"2026-04-12T22:42:00.000Z";"2026-04-12T22:45:00.000Z";1350.28
"2026-04-12T22:48:00.000Z";"2026-04-12T22:51:00.000Z";1340.02
"2026-04-12T22:51:00.000Z";"2026-04-12T22:54:00.000Z";1317.94
"2026-04-12T22:54:00.000Z";"2026-04-12T22:57:00.000Z";1322.94
"2026-04-12T22:57:00.000Z";"2026-04-12T23:00:00.000Z";1325.89
"2026-04-12T23:00:00.000Z";"2026-04-12T23:03:00.000Z";1332.44
"2026-04-12T23:03:00.000Z";"2026-04-12T23:06:00.000Z";1342.1
"2026-04-12T23:06:00.000Z";"2026-04-12T23:09:00.000Z";1344.56
"2026-04-12T23:09:00.000Z";"2026-04-12T23:12:00.000Z";1349.55
"2026-04-12T23:12:00.000Z";"2026-04-12T23:15:00.000Z";1384.69
"2026-04-12T23:15:00.000Z";"2026-04-12T23:18:00.000Z";1438.82
"2026-04-12T23:18:00.000Z";"2026-04-12T23:21:00.000Z";1450.94
"2026-04-12T23:21:00.000Z";"2026-04-12T23:24:00.000Z";1453.44
"2026-04-12T23:24:00.000Z";"2026-04-12T23:27:00.000Z";1450.72
"2026-04-12T23:27:00.000Z";"2026-04-12T23:30:00.000Z";1449.72
"2026-04-12T23:30:00.000Z";"2026-04-12T23:33:00.000Z";1439.62
"2026-04-12T23:33:00.000Z";"2026-04-12T23:36:00.000Z";1388.57
"2026-04-12T23:36:00.000Z";"2026-04-12T23:39:00.000Z";1340.11
"2026-04-12T23:39:00.000Z";"2026-04-12T23:42:00.000Z";1335.34
"2026-04-12T23:42:00.000Z";"2026-04-12T23:45:00.000Z";1332.44
"2026-04-12T23:45:00.000Z";"2026-04-12T23:48:00.000Z";1329
"2026-04-12T23:48:00.000Z";"2026-04-12T23:51:00.000Z";1311.67
"2026-04-12T23:51:00.000Z";"2026-04-12T23:54:00.000Z";1318.05
"2026-04-12T23:54:00.000Z";"2026-04-12T23:57:00.000Z";1324.28
"2026-04-12T23:57:00.000Z";"2026-04-13T00:00:00.000Z";1325.27
"2026-04-13T00:00:00.000Z";"2026-04-13T00:03:00.000Z";1336.16
"2026-04-13T00:03:00.000Z";"2026-04-13T00:06:00.000Z";1334.89
"2026-04-13T00:06:00.000Z";"2026-04-13T00:09:00.000Z";1333.78
"2026-04-13T00:09:00.000Z";"2026-04-13T00:12:00.000Z";1334.89
"2026-04-13T00:12:00.000Z";"2026-04-13T00:15:00.000Z";1331.89
"2026-04-13T00:15:00.000Z";"2026-04-13T00:18:00.000Z";1331
"2026-04-13T00:18:00.000Z";"2026-04-13T00:21:00.000Z";1329.61
"2026-04-13T00:21:00.000Z";"2026-04-13T00:24:00.000Z";1330.06
"2026-04-13T00:24:00.000Z";"2026-04-13T00:27:00.000Z";1330
"2026-04-13T00:27:00.000Z";"2026-04-13T00:30:00.000Z";1329.17
"2026-04-13T00:30:00.000Z";"2026-04-13T00:33:00.000Z";1327.28
"2026-04-13T00:33:00.000Z";"2026-04-13T00:36:00.000Z";1321.67
"2026-04-13T00:36:00.000Z";"2026-04-13T00:39:00.000Z";1345.55
"2026-04-13T00:39:00.000Z";"2026-04-13T00:42:00.000Z";1358.39
"2026-04-13T00:42:00.000Z";"2026-04-13T00:45:00.000Z";1357.11
"2026-04-13T00:45:00.000Z";"2026-04-13T00:48:00.000Z";1354.39
"2026-04-13T00:48:00.000Z";"2026-04-13T00:51:00.000Z";1357.98
"2026-04-13T00:51:00.000Z";"2026-04-13T00:54:00.000Z";1378.22
"2026-04-13T00:54:00.000Z";"2026-04-13T00:57:00.000Z";1388.66
"2026-04-13T00:57:00.000Z";"2026-04-13T01:00:00.000Z";1399.28
"2026-04-13T01:00:00.000Z";"2026-04-13T01:03:00.000Z";1408.33
"2026-04-13T01:03:00.000Z";"2026-04-13T01:06:00.000Z";1421.43
"2026-04-13T01:06:00.000Z";"2026-04-13T01:09:00.000Z";1437.22
"2026-04-13T01:09:00.000Z";"2026-04-13T01:12:00.000Z";1444.94
"2026-04-13T01:12:00.000Z";"2026-04-13T01:15:00.000Z";1471.1
"2026-04-13T01:15:00.000Z";"2026-04-13T01:18:00.000Z";1470.5
"2026-04-13T01:18:00.000Z";"2026-04-13T01:21:00.000Z";1470.94
"2026-04-13T01:21:00.000Z";"2026-04-13T01:24:00.000Z";1474.67
"2026-04-13T01:24:00.000Z";"2026-04-13T01:27:00.000Z";1512.12
"2026-04-13T01:27:00.000Z";"2026-04-13T01:30:00.000Z";1508.95
"2026-04-13T01:30:00.000Z";"2026-04-13T01:33:00.000Z";1516.39
"2026-04-13T01:36:00.000Z";"2026-04-13T01:39:00.000Z";1526.89
"2026-04-13T01:39:00.000Z";"2026-04-13T01:42:00.000Z";1542.59
"2026-04-13T01:42:00.000Z";"2026-04-13T01:45:00.000Z";1553.78
"2026-04-13T01:45:00.000Z";"2026-04-13T01:48:00.000Z";1540.39
"2026-04-13T01:48:00.000Z";"2026-04-13T01:51:00.000Z";1549.83
"2026-04-13T01:51:00.000Z";"2026-04-13T01:54:00.000Z";1545.17
"2026-04-13T01:54:00.000Z";"2026-04-13T01:57:00.000Z";1555.28
"2026-04-13T01:57:00.000Z";"2026-04-13T02:00:00.000Z";1567.71
"2026-04-13T02:00:00.000Z";"2026-04-13T02:03:00.000Z";1611.82
"2026-04-13T02:03:00.000Z";"2026-04-13T02:06:00.000Z";1660.82
"2026-04-13T02:06:00.000Z";"2026-04-13T02:09:00.000Z";1680.78
"2026-04-13T02:09:00.000Z";"2026-04-13T02:12:00.000Z";1676.39
"2026-04-13T02:12:00.000Z";"2026-04-13T02:15:00.000Z";1678.39
"2026-04-13T02:15:00.000Z";"2026-04-13T02:18:00.000Z";1681.89
"2026-04-13T02:18:00.000Z";"2026-04-13T02:21:00.000Z";1684.28
"2026-04-13T02:21:00.000Z";"2026-04-13T02:24:00.000Z";1684.28
"2026-04-13T02:24:00.000Z";"2026-04-13T02:27:00.000Z";1684.56
"2026-04-13T02:27:00.000Z";"2026-04-13T02:30:00.000Z";1697.44
"2026-04-13T02:30:00.000Z";"2026-04-13T02:33:00.000Z";1683.34
"2026-04-13T02:33:00.000Z";"2026-04-13T02:36:00.000Z";1680.72
"2026-04-13T02:36:00.000Z";"2026-04-13T02:39:00.000Z";1686.78
"2026-04-13T02:39:00.000Z";"2026-04-13T02:42:00.000Z";1685.56
"2026-04-13T02:42:00.000Z";"2026-04-13T02:45:00.000Z";1692.44
"2026-04-13T02:45:00.000Z";"2026-04-13T02:48:00.000Z";1694.44
"2026-04-13T02:48:00.000Z";"2026-04-13T02:51:00.000Z";1735.05
"2026-04-13T02:51:00.000Z";"2026-04-13T02:54:00.000Z";1739.61
"2026-04-13T02:54:00.000Z";"2026-04-13T02:57:00.000Z";1740.44
"2026-04-13T02:57:00.000Z";"2026-04-13T03:00:00.000Z";1757.82
"2026-04-13T03:00:00.000Z";"2026-04-13T03:03:00.000Z";1805.19
"2026-04-13T03:03:00.000Z";"2026-04-13T03:06:00.000Z";1845.99
"2026-04-13T03:06:00.000Z";"2026-04-13T03:09:00.000Z";1872.75
"2026-04-13T03:09:00.000Z";"2026-04-13T03:12:00.000Z";1895.89
"2026-04-13T03:12:00.000Z";"2026-04-13T03:15:00.000Z";1898.67
"2026-04-13T03:15:00.000Z";"2026-04-13T03:18:00.000Z";1886.62
"2026-04-13T03:18:00.000Z";"2026-04-13T03:21:00.000Z";1878.83
"2026-04-13T03:24:00.000Z";"2026-04-13T03:27:00.000Z";1881.33
"2026-04-13T03:27:00.000Z";"2026-04-13T03:30:00.000Z";1888.83
"2026-04-13T03:30:00.000Z";"2026-04-13T03:33:00.000Z";1905.44
"2026-04-13T03:33:00.000Z";"2026-04-13T03:36:00.000Z";1906.5
"2026-04-13T03:36:00.000Z";"2026-04-13T03:39:00.000Z";1903.44
"2026-04-13T03:39:00.000Z";"2026-04-13T03:42:00.000Z";1902.28
"2026-04-13T03:42:00.000Z";"2026-04-13T03:45:00.000Z";1904.61
"2026-04-13T03:45:00.000Z";"2026-04-13T03:48:00.000Z";1906.28
"2026-04-13T03:48:00.000Z";"2026-04-13T03:51:00.000Z";1908.05
"2026-04-13T03:51:00.000Z";"2026-04-13T03:54:00.000Z";1913.89
"2026-04-13T03:54:00.000Z";"2026-04-13T03:57:00.000Z";1924.89
"2026-04-13T03:57:00.000Z";"2026-04-13T04:00:00.000Z";1938.28
"2026-04-13T04:00:00.000Z";"2026-04-13T04:03:00.000Z";1957.1
"2026-04-13T04:03:00.000Z";"2026-04-13T04:06:00.000Z";1955.56
"2026-04-13T04:06:00.000Z";"2026-04-13T04:09:00.000Z";1958.83
"2026-04-13T04:09:00.000Z";"2026-04-13T04:12:00.000Z";1966.66
"2026-04-13T04:12:00.000Z";"2026-04-13T04:15:00.000Z";1979.49
"2026-04-13T04:15:00.000Z";"2026-04-13T04:18:00.000Z";1992.17
"2026-04-13T04:18:00.000Z";"2026-04-13T04:21:00.000Z";1989.28
"2026-04-13T04:21:00.000Z";"2026-04-13T04:24:00.000Z";1987.17
"2026-04-13T04:24:00.000Z";"2026-04-13T04:27:00.000Z";1985.67
"2026-04-13T04:27:00.000Z";"2026-04-13T04:30:00.000Z";1992.17
"2026-04-13T04:30:00.000Z";"2026-04-13T04:33:00.000Z";2005.33
"2026-04-13T04:33:00.000Z";"2026-04-13T04:36:00.000Z";2013.89
"2026-04-13T04:36:00.000Z";"2026-04-13T04:39:00.000Z";2022.83
"2026-04-13T04:39:00.000Z";"2026-04-13T04:42:00.000Z";2029.55
"2026-04-13T04:42:00.000Z";"2026-04-13T04:45:00.000Z";2026
"2026-04-13T04:45:00.000Z";"2026-04-13T04:48:00.000Z";2023.94
"2026-04-13T04:48:00.000Z";"2026-04-13T04:51:00.000Z";2028.38
"2026-04-13T04:51:00.000Z";"2026-04-13T04:54:00.000Z";2022.01
"2026-04-13T04:54:00.000Z";"2026-04-13T04:57:00.000Z";2000.67
"2026-04-13T04:57:00.000Z";"2026-04-13T05:00:00.000Z";1989.73
"2026-04-13T05:00:00.000Z";"2026-04-13T05:03:00.000Z";1961.95
"2026-04-13T05:03:00.000Z";"2026-04-13T05:06:00.000Z";1936.18
"2026-04-13T05:06:00.000Z";"2026-04-13T05:09:00.000Z";1935.88
"2026-04-13T05:09:00.000Z";"2026-04-13T05:12:00.000Z";1942.72
"2026-04-13T05:12:00.000Z";"2026-04-13T05:15:00.000Z";1937.39
"2026-04-13T05:15:00.000Z";"2026-04-13T05:18:00.000Z";1929.28
"2026-04-13T05:18:00.000Z";"2026-04-13T05:21:00.000Z";1929.78
"2026-04-13T05:21:00.000Z";"2026-04-13T05:24:00.000Z";1930.28
"2026-04-13T05:24:00.000Z";"2026-04-13T05:27:00.000Z";1939.61
"2026-04-13T05:27:00.000Z";"2026-04-13T05:30:00.000Z";1942.61
"2026-04-13T05:30:00.000Z";"2026-04-13T05:33:00.000Z";1943.67
"2026-04-13T05:33:00.000Z";"2026-04-13T05:36:00.000Z";1940.83
"2026-04-13T05:36:00.000Z";"2026-04-13T05:39:00.000Z";1942.5
"2026-04-13T05:39:00.000Z";"2026-04-13T05:42:00.000Z";1920.45
"2026-04-13T05:42:00.000Z";"2026-04-13T05:45:00.000Z";1893.95
"2026-04-13T05:45:00.000Z";"2026-04-13T05:48:00.000Z";1877.56
"2026-04-13T05:48:00.000Z";"2026-04-13T05:51:00.000Z";1879.44
"2026-04-13T05:51:00.000Z";"2026-04-13T05:54:00.000Z";1882.33
"2026-04-13T05:54:00.000Z";"2026-04-13T05:57:00.000Z";1884.94
"2026-04-13T05:57:00.000Z";"2026-04-13T06:00:00.000Z";1893.17
"2026-04-13T06:00:00.000Z";"2026-04-13T06:03:00.000Z";1897.77
"2026-04-13T06:03:00.000Z";"2026-04-13T06:06:00.000Z";1905.55
"2026-04-13T06:06:00.000Z";"2026-04-13T06:09:00.000Z";1916.77
"2026-04-13T06:09:00.000Z";"2026-04-13T06:12:00.000Z";1914.5
"2026-04-13T06:12:00.000Z";"2026-04-13T06:15:00.000Z";1913
"2026-04-13T06:15:00.000Z";"2026-04-13T06:18:00.000Z";1906.22
"2026-04-13T06:18:00.000Z";"2026-04-13T06:21:00.000Z";1895.55
"2026-04-13T06:21:00.000Z";"2026-04-13T06:24:00.000Z";1903.67
"2026-04-13T06:24:00.000Z";"2026-04-13T06:27:00.000Z";1910.44
"2026-04-13T06:27:00.000Z";"2026-04-13T06:30:00.000Z";1905.01
"2026-04-13T06:30:00.000Z";"2026-04-13T06:33:00.000Z";1903.33
"2026-04-13T06:33:00.000Z";"2026-04-13T06:36:00.000Z";1901.06
"2026-04-13T06:36:00.000Z";"2026-04-13T06:39:00.000Z";1894.67
"2026-04-13T06:39:00.000Z";"2026-04-13T06:42:00.000Z";1890
"2026-04-13T06:42:00.000Z";"2026-04-13T06:45:00.000Z";1883.51
"2026-04-13T06:45:00.000Z";"2026-04-13T06:48:00.000Z";1899.15
"2026-04-13T06:48:00.000Z";"2026-04-13T06:51:00.000Z";1899.45
"2026-04-13T06:51:00.000Z";"2026-04-13T06:54:00.000Z";1886.78
"2026-04-13T06:54:00.000Z";"2026-04-13T06:57:00.000Z";1874.62
"2026-04-13T06:57:00.000Z";"2026-04-13T07:00:00.000Z";1868.83
"2026-04-13T07:00:00.000Z";"2026-04-13T07:03:00.000Z";1855.06
"2026-04-13T07:03:00.000Z";"2026-04-13T07:06:00.000Z";1872.16
"2026-04-13T07:06:00.000Z";"2026-04-13T07:09:00.000Z";1881.78
"2026-04-13T07:09:00.000Z";"2026-04-13T07:12:00.000Z";1875.61
"2026-04-13T07:12:00.000Z";"2026-04-13T07:15:00.000Z";1859.85
"2026-04-13T07:15:00.000Z";"2026-04-13T07:18:00.000Z";1868.82
"2026-04-13T07:18:00.000Z";"2026-04-13T07:21:00.000Z";1904.05
"2026-04-13T07:21:00.000Z";"2026-04-13T07:24:00.000Z";1902.83
"2026-04-13T07:24:00.000Z";"2026-04-13T07:27:00.000Z";1903.11
"2026-04-13T07:27:00.000Z";"2026-04-13T07:30:00.000Z";1895.17
"2026-04-13T07:30:00.000Z";"2026-04-13T07:33:00.000Z";1877.56
"2026-04-13T07:33:00.000Z";"2026-04-13T07:36:00.000Z";1866.95
"2026-04-13T07:36:00.000Z";"2026-04-13T07:39:00.000Z";1863.44
"2026-04-13T07:39:00.000Z";"2026-04-13T07:42:00.000Z";1834.45
"2026-04-13T07:42:00.000Z";"2026-04-13T07:45:00.000Z";1798.95
"2026-04-13T07:45:00.000Z";"2026-04-13T07:48:00.000Z";1800.45
"2026-04-13T07:48:00.000Z";"2026-04-13T07:51:00.000Z";1777.46
"2026-04-13T07:51:00.000Z";"2026-04-13T07:54:00.000Z";1748.68
"2026-04-13T07:54:00.000Z";"2026-04-13T07:57:00.000Z";1737.06
"2026-04-13T07:57:00.000Z";"2026-04-13T08:00:00.000Z";1737.44
"2026-04-13T08:00:00.000Z";"2026-04-13T08:03:00.000Z";1730.68
"2026-04-13T08:03:00.000Z";"2026-04-13T08:06:00.000Z";1727.77
"2026-04-13T08:06:00.000Z";"2026-04-13T08:09:00.000Z";1714.73
"2026-04-13T08:09:00.000Z";"2026-04-13T08:12:00.000Z";1688.24
"2026-04-13T08:12:00.000Z";"2026-04-13T08:15:00.000Z";1637.6
"2026-04-13T08:15:00.000Z";"2026-04-13T08:18:00.000Z";1589.28
"2026-04-13T08:18:00.000Z";"2026-04-13T08:21:00.000Z";1566.88
"2026-04-13T08:21:00.000Z";"2026-04-13T08:24:00.000Z";1534.01
"2026-04-13T08:24:00.000Z";"2026-04-13T08:27:00.000Z";1532.89
"2026-04-13T08:27:00.000Z";"2026-04-13T08:30:00.000Z";1532.67
"2026-04-13T08:30:00.000Z";"2026-04-13T08:33:00.000Z";1533.72
"2026-04-13T08:33:00.000Z";"2026-04-13T08:36:00.000Z";1516.62
"2026-04-13T08:36:00.000Z";"2026-04-13T08:39:00.000Z";1506.56
"2026-04-13T08:39:00.000Z";"2026-04-13T08:42:00.000Z";1494.79
"2026-04-13T08:42:00.000Z";"2026-04-13T08:45:00.000Z";1468.23
"2026-04-13T08:45:00.000Z";"2026-04-13T08:48:00.000Z";1449.72
"2026-04-13T08:48:00.000Z";"2026-04-13T08:51:00.000Z";1456.66
"2026-04-13T08:51:00.000Z";"2026-04-13T08:54:00.000Z";1464.17
"2026-04-13T08:54:00.000Z";"2026-04-13T08:57:00.000Z";1442.46
"2026-04-13T08:57:00.000Z";"2026-04-13T09:00:00.000Z";1416.28
"2026-04-13T09:00:00.000Z";"2026-04-13T09:03:00.000Z";1400.68
"2026-04-13T09:03:00.000Z";"2026-04-13T09:06:00.000Z";1372.89
"2026-04-13T09:06:00.000Z";"2026-04-13T09:09:00.000Z";1353.73
"2026-04-13T09:12:00.000Z";"2026-04-13T09:15:00.000Z";1316.46
"2026-04-13T09:15:00.000Z";"2026-04-13T09:18:00.000Z";1312.77
"2026-04-13T09:18:00.000Z";"2026-04-13T09:21:00.000Z";1330.72
"2026-04-13T09:21:00.000Z";"2026-04-13T09:24:00.000Z";1332.61
"2026-04-13T09:24:00.000Z";"2026-04-13T09:27:00.000Z";1333.95
"2026-04-13T09:27:00.000Z";"2026-04-13T09:30:00.000Z";1325.5
"2026-04-13T09:30:00.000Z";"2026-04-13T09:33:00.000Z";1321.67
"2026-04-13T09:36:00.000Z";"2026-04-13T09:39:00.000Z";1337.44
"2026-04-13T09:39:00.000Z";"2026-04-13T09:42:00.000Z";1338.94
"2026-04-13T09:42:00.000Z";"2026-04-13T09:45:00.000Z";1341.06
"2026-04-13T09:45:00.000Z";"2026-04-13T09:48:00.000Z";1342.66
"2026-04-13T09:48:00.000Z";"2026-04-13T09:51:00.000Z";1332.39
"2026-04-13T09:51:00.000Z";"2026-04-13T09:54:00.000Z";1313.51
"2026-04-13T09:54:00.000Z";"2026-04-13T09:57:00.000Z";1310.52
"2026-04-13T09:57:00.000Z";"2026-04-13T10:00:00.000Z";1304.94
"2026-04-13T10:00:00.000Z";"2026-04-13T10:03:00.000Z";1294.34
"2026-04-13T10:03:00.000Z";"2026-04-13T10:06:00.000Z";1244.86
"2026-04-13T10:06:00.000Z";"2026-04-13T10:09:00.000Z";1237.94
"2026-04-13T10:09:00.000Z";"2026-04-13T10:12:00.000Z";1236.28
"2026-04-13T10:12:00.000Z";"2026-04-13T10:15:00.000Z";1241.77
"2026-04-13T10:15:00.000Z";"2026-04-13T10:18:00.000Z";1253.11
"2026-04-13T10:18:00.000Z";"2026-04-13T10:21:00.000Z";1255.39
"2026-04-13T10:21:00.000Z";"2026-04-13T10:24:00.000Z";1254.39
"2026-04-13T10:24:00.000Z";"2026-04-13T10:27:00.000Z";1249.23
"2026-04-13T10:27:00.000Z";"2026-04-13T10:30:00.000Z";1252.5
"2026-04-13T10:30:00.000Z";"2026-04-13T10:33:00.000Z";1272.94
"2026-04-13T10:33:00.000Z";"2026-04-13T10:36:00.000Z";1287.49
"2026-04-13T10:36:00.000Z";"2026-04-13T10:39:00.000Z";1285.33
"2026-04-13T10:39:00.000Z";"2026-04-13T10:42:00.000Z";1279.89
"2026-04-13T10:42:00.000Z";"2026-04-13T10:45:00.000Z";1290.94
"2026-04-13T10:45:00.000Z";"2026-04-13T10:48:00.000Z";1300.16
"2026-04-13T10:48:00.000Z";"2026-04-13T10:51:00.000Z";1294.29
"2026-04-13T10:51:00.000Z";"2026-04-13T10:54:00.000Z";1286.44
"2026-04-13T10:54:00.000Z";"2026-04-13T10:57:00.000Z";1286.39
"2026-04-13T10:57:00.000Z";"2026-04-13T11:00:00.000Z";1292.38
"2026-04-13T11:00:00.000Z";"2026-04-13T11:03:00.000Z";1307.77
"2026-04-13T11:03:00.000Z";"2026-04-13T11:06:00.000Z";1283.51
"2026-04-13T11:06:00.000Z";"2026-04-13T11:09:00.000Z";1267.16
"2026-04-13T11:09:00.000Z";"2026-04-13T11:12:00.000Z";1255.07
"2026-04-13T11:12:00.000Z";"2026-04-13T11:15:00.000Z";1248.95
"2026-04-13T11:15:00.000Z";"2026-04-13T11:18:00.000Z";1244.89
"2026-04-13T11:18:00.000Z";"2026-04-13T11:21:00.000Z";1236.5
"2026-04-13T11:21:00.000Z";"2026-04-13T11:24:00.000Z";1237.61
"2026-04-13T11:24:00.000Z";"2026-04-13T11:27:00.000Z";1238.72
"2026-04-13T11:27:00.000Z";"2026-04-13T11:30:00.000Z";1244.33
"2026-04-13T11:30:00.000Z";"2026-04-13T11:33:00.000Z";1245.34
"2026-04-13T11:33:00.000Z";"2026-04-13T11:36:00.000Z";1244.67
"2026-04-13T11:36:00.000Z";"2026-04-13T11:39:00.000Z";1244.06
"2026-04-13T11:39:00.000Z";"2026-04-13T11:42:00.000Z";1249.67
"2026-04-13T11:42:00.000Z";"2026-04-13T11:45:00.000Z";1246.83
"2026-04-13T11:45:00.000Z";"2026-04-13T11:48:00.000Z";1248.39
"2026-04-13T11:48:00.000Z";"2026-04-13T11:51:00.000Z";1245.83
"2026-04-13T11:51:00.000Z";"2026-04-13T11:54:00.000Z";1247.17
"2026-04-13T11:54:00.000Z";"2026-04-13T11:57:00.000Z";1249.61
"2026-04-13T11:57:00.000Z";"2026-04-13T12:00:00.000Z";1289.7
"2026-04-13T12:00:00.000Z";"2026-04-13T12:03:00.000Z";1334.82
"2026-04-13T12:03:00.000Z";"2026-04-13T12:06:00.000Z";1394.43
"2026-04-13T12:06:00.000Z";"2026-04-13T12:09:00.000Z";1403.39
"2026-04-13T12:09:00.000Z";"2026-04-13T12:12:00.000Z";1405.83
"2026-04-13T12:12:00.000Z";"2026-04-13T12:15:00.000Z";1409.89
"2026-04-13T12:15:00.000Z";"2026-04-13T12:18:00.000Z";1411.83
"2026-04-13T12:18:00.000Z";"2026-04-13T12:21:00.000Z";1456.59
"2026-04-13T12:21:00.000Z";"2026-04-13T12:24:00.000Z";1480.28
"2026-04-13T12:24:00.000Z";"2026-04-13T12:27:00.000Z";1487.83
"2026-04-13T12:27:00.000Z";"2026-04-13T12:30:00.000Z";1488.45
"2026-04-13T12:30:00.000Z";"2026-04-13T12:33:00.000Z";1481.78
"2026-04-13T12:33:00.000Z";"2026-04-13T12:36:00.000Z";1483.12
"2026-04-13T12:36:00.000Z";"2026-04-13T12:39:00.000Z";1482.44
"2026-04-13T12:39:00.000Z";"2026-04-13T12:42:00.000Z";1499
"2026-04-13T12:42:00.000Z";"2026-04-13T12:45:00.000Z";1492.23
"2026-04-13T12:45:00.000Z";"2026-04-13T12:48:00.000Z";1488.39
"2026-04-13T12:48:00.000Z";"2026-04-13T12:51:00.000Z";1485.33
"2026-04-13T12:51:00.000Z";"2026-04-13T12:54:00.000Z";1484.56
"2026-04-13T12:54:00.000Z";"2026-04-13T12:57:00.000Z";1502.65
"2026-04-13T12:57:00.000Z";"2026-04-13T13:00:00.000Z";1532.26
"2026-04-13T13:00:00.000Z";"2026-04-13T13:03:00.000Z";1552.16
"2026-04-13T13:03:00.000Z";"2026-04-13T13:06:00.000Z";1566.32
"2026-04-13T13:06:00.000Z";"2026-04-13T13:09:00.000Z";1580.55
"2026-04-13T13:09:00.000Z";"2026-04-13T13:12:00.000Z";1583
"2026-04-13T13:12:00.000Z";"2026-04-13T13:15:00.000Z";1582.89
"2026-04-13T13:15:00.000Z";"2026-04-13T13:18:00.000Z";1590.21
"2026-04-13T13:18:00.000Z";"2026-04-13T13:21:00.000Z";1590.72
"2026-04-13T13:21:00.000Z";"2026-04-13T13:24:00.000Z";1618.04
"2026-04-13T13:24:00.000Z";"2026-04-13T13:27:00.000Z";1639.83
"2026-04-13T13:27:00.000Z";"2026-04-13T13:30:00.000Z";1641.28
"2026-04-13T13:30:00.000Z";"2026-04-13T13:33:00.000Z";1636.39
"2026-04-13T13:33:00.000Z";"2026-04-13T13:36:00.000Z";1635.56
"2026-04-13T13:36:00.000Z";"2026-04-13T13:39:00.000Z";1634.61
"2026-04-13T13:39:00.000Z";"2026-04-13T13:42:00.000Z";1637.89
"2026-04-13T13:42:00.000Z";"2026-04-13T13:45:00.000Z";1639.78
"2026-04-13T13:45:00.000Z";"2026-04-13T13:48:00.000Z";1643.39
"2026-04-13T13:48:00.000Z";"2026-04-13T13:51:00.000Z";1642.05
"2026-04-13T13:51:00.000Z";"2026-04-13T13:54:00.000Z";1639.33
"2026-04-13T13:54:00.000Z";"2026-04-13T13:57:00.000Z";1643.34
"2026-04-13T13:57:00.000Z";"2026-04-13T14:00:00.000Z";1633.22
"2026-04-13T14:00:00.000Z";"2026-04-13T14:03:00.000Z";1652.97
"2026-04-13T14:03:00.000Z";"2026-04-13T14:06:00.000Z";1669.72
"2026-04-13T14:06:00.000Z";"2026-04-13T14:09:00.000Z";1685
"2026-04-13T14:09:00.000Z";"2026-04-13T14:12:00.000Z";1688.39
"2026-04-13T14:12:00.000Z";"2026-04-13T14:15:00.000Z";1702.1
"2026-04-13T14:15:00.000Z";"2026-04-13T14:18:00.000Z";1703.67
"2026-04-13T14:18:00.000Z";"2026-04-13T14:21:00.000Z";1709.83
"2026-04-13T14:21:00.000Z";"2026-04-13T14:24:00.000Z";1725.66
"2026-04-13T14:24:00.000Z";"2026-04-13T14:27:00.000Z";1734.61
"2026-04-13T14:27:00.000Z";"2026-04-13T14:30:00.000Z";1739.83
"2026-04-13T14:30:00.000Z";"2026-04-13T14:33:00.000Z";1741.11
"2026-04-13T14:33:00.000Z";"2026-04-13T14:36:00.000Z";1732.11
"2026-04-13T14:36:00.000Z";"2026-04-13T14:39:00.000Z";1739.66
"2026-04-13T14:39:00.000Z";"2026-04-13T14:42:00.000Z";1742.89
"2026-04-13T14:42:00.000Z";"2026-04-13T14:45:00.000Z";1774.27
"2026-04-13T14:45:00.000Z";"2026-04-13T14:48:00.000Z";1780.89
"2026-04-13T14:48:00.000Z";"2026-04-13T14:51:00.000Z";1777.62
"2026-04-13T14:51:00.000Z";"2026-04-13T14:54:00.000Z";1774.56
"2026-04-13T14:54:00.000Z";"2026-04-13T14:57:00.000Z";1779.99
"2026-04-13T14:57:00.000Z";"2026-04-13T15:00:00.000Z";1784.39
"2026-04-13T15:00:00.000Z";"2026-04-13T15:03:00.000Z";1803.76
"2026-04-13T15:03:00.000Z";"2026-04-13T15:06:00.000Z";1846.59
"2026-04-13T15:06:00.000Z";"2026-04-13T15:09:00.000Z";1859.05
"2026-04-13T15:09:00.000Z";"2026-04-13T15:12:00.000Z";1868.44
"2026-04-13T15:12:00.000Z";"2026-04-13T15:15:00.000Z";1869.67
"2026-04-13T15:15:00.000Z";"2026-04-13T15:18:00.000Z";1843.43
"2026-04-13T15:18:00.000Z";"2026-04-13T15:21:00.000Z";1814.84
"2026-04-13T15:21:00.000Z";"2026-04-13T15:24:00.000Z";1802.61
"2026-04-13T15:24:00.000Z";"2026-04-13T15:27:00.000Z";1807.05
"2026-04-13T15:27:00.000Z";"2026-04-13T15:30:00.000Z";1811
"2026-04-13T15:30:00.000Z";"2026-04-13T15:33:00.000Z";1812.11
"2026-04-13T15:33:00.000Z";"2026-04-13T15:36:00.000Z";1814.27
"2026-04-13T15:36:00.000Z";"2026-04-13T15:39:00.000Z";1825.78
"2026-04-13T15:39:00.000Z";"2026-04-13T15:42:00.000Z";1826.56
"2026-04-13T15:42:00.000Z";"2026-04-13T15:45:00.000Z";1824.89
"2026-04-13T15:45:00.000Z";"2026-04-13T15:48:00.000Z";1825.17
"2026-04-13T15:48:00.000Z";"2026-04-13T15:51:00.000Z";1828.72
"2026-04-13T15:51:00.000Z";"2026-04-13T15:54:00.000Z";1830.28
"2026-04-13T15:54:00.000Z";"2026-04-13T15:57:00.000Z";1831.5
"2026-04-13T15:57:00.000Z";"2026-04-13T16:00:00.000Z";1836.55
"2026-04-13T16:00:00.000Z";"2026-04-13T16:03:00.000Z";1848.6
"2026-04-13T16:03:00.000Z";"2026-04-13T16:06:00.000Z";1861.5
"2026-04-13T16:06:00.000Z";"2026-04-13T16:09:00.000Z";1876.16
"2026-04-13T16:09:00.000Z";"2026-04-13T16:12:00.000Z";1886.67
"2026-04-13T16:12:00.000Z";"2026-04-13T16:15:00.000Z";1884.55
"2026-04-13T16:15:00.000Z";"2026-04-13T16:18:00.000Z";1898.5
"2026-04-13T16:18:00.000Z";"2026-04-13T16:21:00.000Z";1900.16
"2026-04-13T16:21:00.000Z";"2026-04-13T16:24:00.000Z";1908.77
"2026-04-13T16:24:00.000Z";"2026-04-13T16:27:00.000Z";1913.72
"2026-04-13T16:27:00.000Z";"2026-04-13T16:30:00.000Z";1900.51
"2026-04-13T16:30:00.000Z";"2026-04-13T16:33:00.000Z";1895.62
"2026-04-13T16:33:00.000Z";"2026-04-13T16:36:00.000Z";1887.28
"2026-04-13T16:36:00.000Z";"2026-04-13T16:39:00.000Z";1889.22
"2026-04-13T16:39:00.000Z";"2026-04-13T16:42:00.000Z";1889.89
"2026-04-13T16:42:00.000Z";"2026-04-13T16:45:00.000Z";1890
"2026-04-13T16:45:00.000Z";"2026-04-13T16:48:00.000Z";1892.22
"2026-04-13T16:48:00.000Z";"2026-04-13T16:51:00.000Z";1896.17
"2026-04-13T16:51:00.000Z";"2026-04-13T16:54:00.000Z";1900.72
"2026-04-13T16:54:00.000Z";"2026-04-13T16:57:00.000Z";1897.5
"2026-04-13T16:57:00.000Z";"2026-04-13T17:00:00.000Z";1896.89
"2026-04-13T17:00:00.000Z";"2026-04-13T17:03:00.000Z";1900.33
"2026-04-13T17:03:00.000Z";"2026-04-13T17:06:00.000Z";1935.61
"2026-04-13T17:06:00.000Z";"2026-04-13T17:09:00.000Z";1936.72
"2026-04-13T17:09:00.000Z";"2026-04-13T17:12:00.000Z";1938.55
"2026-04-13T17:12:00.000Z";"2026-04-13T17:15:00.000Z";1939.89
"2026-04-13T17:15:00.000Z";"2026-04-13T17:18:00.000Z";1940.89
"2026-04-13T17:18:00.000Z";"2026-04-13T17:21:00.000Z";1941.83
"2026-04-13T17:21:00.000Z";"2026-04-13T17:24:00.000Z";1936
"2026-04-13T17:24:00.000Z";"2026-04-13T17:27:00.000Z";1930.95
"2026-04-13T17:27:00.000Z";"2026-04-13T17:30:00.000Z";1928.11
"2026-04-13T17:30:00.000Z";"2026-04-13T17:33:00.000Z";1925.11
"2026-04-13T17:33:00.000Z";"2026-04-13T17:36:00.000Z";1927.28
"2026-04-13T17:36:00.000Z";"2026-04-13T17:39:00.000Z";1924.33
"2026-04-13T17:39:00.000Z";"2026-04-13T17:42:00.000Z";1919.06
"2026-04-13T17:42:00.000Z";"2026-04-13T17:45:00.000Z";1921.66
"2026-04-13T17:45:00.000Z";"2026-04-13T17:48:00.000Z";1923.95
"2026-04-13T17:48:00.000Z";"2026-04-13T17:51:00.000Z";1912.46
"2026-04-13T17:51:00.000Z";"2026-04-13T17:54:00.000Z";1904.44
"2026-04-13T17:54:00.000Z";"2026-04-13T17:57:00.000Z";1894.23
"2026-04-13T17:57:00.000Z";"2026-04-13T18:00:00.000Z";1896.33
"2026-04-13T18:00:00.000Z";"2026-04-13T18:03:00.000Z";1891.5
"2026-04-13T18:03:00.000Z";"2026-04-13T18:06:00.000Z";1891.89
"2026-04-13T18:06:00.000Z";"2026-04-13T18:09:00.000Z";1895.89
"2026-04-13T18:09:00.000Z";"2026-04-13T18:12:00.000Z";1899.5
"2026-04-13T18:12:00.000Z";"2026-04-13T18:15:00.000Z";1871.52
"2026-04-13T18:15:00.000Z";"2026-04-13T18:18:00.000Z";1831.3
"2026-04-13T18:18:00.000Z";"2026-04-13T18:21:00.000Z";1822.17
"2026-04-13T18:21:00.000Z";"2026-04-13T18:24:00.000Z";1797.74
"2026-04-13T18:24:00.000Z";"2026-04-13T18:27:00.000Z";1771.62
"2026-04-13T18:27:00.000Z";"2026-04-13T18:30:00.000Z";1759.72
"2026-04-13T18:30:00.000Z";"2026-04-13T18:33:00.000Z";1761.39
"2026-04-13T18:33:00.000Z";"2026-04-13T18:36:00.000Z";1764.56
"2026-04-13T18:36:00.000Z";"2026-04-13T18:39:00.000Z";1754.5
"2026-04-13T18:39:00.000Z";"2026-04-13T18:42:00.000Z";1731.7
"2026-04-13T18:42:00.000Z";"2026-04-13T18:45:00.000Z";1698.34
"2026-04-13T18:45:00.000Z";"2026-04-13T18:48:00.000Z";1670.12
"2026-04-13T18:48:00.000Z";"2026-04-13T18:51:00.000Z";1667.67
"2026-04-13T18:51:00.000Z";"2026-04-13T18:54:00.000Z";1670.78
"2026-04-13T18:54:00.000Z";"2026-04-13T18:57:00.000Z";1665.95
"2026-04-13T18:57:00.000Z";"2026-04-13T19:00:00.000Z";1657.34
"2026-04-13T19:00:00.000Z";"2026-04-13T19:03:00.000Z";1636.45
"2026-04-13T19:03:00.000Z";"2026-04-13T19:06:00.000Z";1631.78
"2026-04-13T19:06:00.000Z";"2026-04-13T19:09:00.000Z";1635.67
"2026-04-13T19:09:00.000Z";"2026-04-13T19:12:00.000Z";1636.06
"2026-04-13T19:12:00.000Z";"2026-04-13T19:15:00.000Z";1630.39
"2026-04-13T19:15:00.000Z";"2026-04-13T19:18:00.000Z";1632.72
"2026-04-13T19:18:00.000Z";"2026-04-13T19:21:00.000Z";1637.56
"2026-04-13T19:21:00.000Z";"2026-04-13T19:24:00.000Z";1640.94
"2026-04-13T19:24:00.000Z";"2026-04-13T19:27:00.000Z";1640.68
"2026-04-13T19:27:00.000Z";"2026-04-13T19:30:00.000Z";1632.5
"2026-04-13T19:30:00.000Z";"2026-04-13T19:33:00.000Z";1625.83
"2026-04-13T19:33:00.000Z";"2026-04-13T19:36:00.000Z";1613.45
"2026-04-13T19:36:00.000Z";"2026-04-13T19:39:00.000Z";1613.5
"2026-04-13T19:39:00.000Z";"2026-04-13T19:42:00.000Z";1609.67
"2026-04-13T19:42:00.000Z";"2026-04-13T19:45:00.000Z";1605.56
"2026-04-13T19:45:00.000Z";"2026-04-13T19:48:00.000Z";1574.91
"2026-04-13T19:48:00.000Z";"2026-04-13T19:51:00.000Z";1540.9
"2026-04-13T19:51:00.000Z";"2026-04-13T19:54:00.000Z";1526.89
"2026-04-13T19:54:00.000Z";"2026-04-13T19:57:00.000Z";1522.11
"2026-04-13T19:57:00.000Z";"2026-04-13T20:00:00.000Z";1526.61
"2026-04-13T20:00:00.000Z";"2026-04-13T20:03:00.000Z";1514.62
"2026-04-13T20:03:00.000Z";"2026-04-13T20:06:00.000Z";1483.68
"2026-04-13T20:06:00.000Z";"2026-04-13T20:09:00.000Z";1474.78
"2026-04-13T20:09:00.000Z";"2026-04-13T20:12:00.000Z";1471.39
"2026-04-13T20:12:00.000Z";"2026-04-13T20:15:00.000Z";1473.89
"2026-04-13T20:15:00.000Z";"2026-04-13T20:18:00.000Z";1477.11
"2026-04-13T20:18:00.000Z";"2026-04-13T20:21:00.000Z";1479.45
"2026-04-13T20:21:00.000Z";"2026-04-13T20:24:00.000Z";1467.72
"2026-04-13T20:24:00.000Z";"2026-04-13T20:27:00.000Z";1462.17
"2026-04-13T20:27:00.000Z";"2026-04-13T20:30:00.000Z";1456.67
"2026-04-13T20:30:00.000Z";"2026-04-13T20:33:00.000Z";1468.37
"2026-04-13T20:33:00.000Z";"2026-04-13T20:36:00.000Z";1476.28
"2026-04-13T20:36:00.000Z";"2026-04-13T20:39:00.000Z";1474.72
"2026-04-13T20:39:00.000Z";"2026-04-13T20:42:00.000Z";1470.72
"2026-04-13T20:42:00.000Z";"2026-04-13T20:45:00.000Z";1469.06
"2026-04-13T20:45:00.000Z";"2026-04-13T20:48:00.000Z";1471.72
"2026-04-13T20:48:00.000Z";"2026-04-13T20:51:00.000Z";1475.83
"2026-04-13T20:51:00.000Z";"2026-04-13T20:54:00.000Z";1472.83
"2026-04-13T20:54:00.000Z";"2026-04-13T20:57:00.000Z";1472.45
"2026-04-13T20:57:00.000Z";"2026-04-13T21:00:00.000Z";1468.17
"2026-04-13T21:00:00.000Z";"2026-04-13T21:03:00.000Z";1453.79
"2026-04-13T21:03:00.000Z";"2026-04-13T21:06:00.000Z";1407.17
"2026-04-13T21:06:00.000Z";"2026-04-13T21:09:00.000Z";1388.34
"2026-04-13T21:09:00.000Z";"2026-04-13T21:12:00.000Z";1375.28
"2026-04-13T21:12:00.000Z";"2026-04-13T21:15:00.000Z";1359.4
"2026-04-13T21:15:00.000Z";"2026-04-13T21:18:00.000Z";1358.28
"2026-04-13T21:18:00.000Z";"2026-04-13T21:21:00.000Z";1361.83
"2026-04-13T21:21:00.000Z";"2026-04-13T21:24:00.000Z";1363.72
"2026-04-13T21:24:00.000Z";"2026-04-13T21:27:00.000Z";1357.39
"2026-04-13T21:27:00.000Z";"2026-04-13T21:30:00.000Z";1359.39
"2026-04-13T21:30:00.000Z";"2026-04-13T21:33:00.000Z";1353.72
"2026-04-13T21:33:00.000Z";"2026-04-13T21:36:00.000Z";1364.28
"2026-04-13T21:36:00.000Z";"2026-04-13T21:39:00.000Z";1352.5
"2026-04-13T21:39:00.000Z";"2026-04-13T21:42:00.000Z";1357.49
"2026-04-13T21:42:00.000Z";"2026-04-13T21:45:00.000Z";1376.38
"2026-04-13T21:45:00.000Z";"2026-04-13T21:48:00.000Z";1388.49
"2026-04-13T21:48:00.000Z";"2026-04-13T21:51:00.000Z";1393.39
"2026-04-13T21:51:00.000Z";"2026-04-13T21:54:00.000Z";1392.72
"2026-04-13T21:54:00.000Z";"2026-04-13T21:57:00.000Z";1385.97
"2026-04-13T21:57:00.000Z";"2026-04-13T22:00:00.000Z";1379.16
"2026-04-13T22:00:00.000Z";"2026-04-13T22:03:00.000Z";1340.24
"2026-04-13T22:03:00.000Z";"2026-04-13T22:06:00.000Z";1313.78
"2026-04-13T22:06:00.000Z";"2026-04-13T22:09:00.000Z";1282.92
"2026-04-13T22:09:00.000Z";"2026-04-13T22:12:00.000Z";1223.18
"2026-04-13T22:12:00.000Z";"2026-04-13T22:15:00.000Z";1190.41
"2026-04-13T22:15:00.000Z";"2026-04-13T22:18:00.000Z";1194.49
"2026-04-13T22:18:00.000Z";"2026-04-13T22:21:00.000Z";1187.9
"2026-04-13T22:21:00.000Z";"2026-04-13T22:24:00.000Z";1180.01
"2026-04-13T22:24:00.000Z";"2026-04-13T22:27:00.000Z";1174.5
"2026-04-13T22:27:00.000Z";"2026-04-13T22:30:00.000Z";1169.78
"2026-04-13T22:30:00.000Z";"2026-04-13T22:33:00.000Z";1173.22
"2026-04-13T22:33:00.000Z";"2026-04-13T22:36:00.000Z";1173.84
"2026-04-13T22:36:00.000Z";"2026-04-13T22:39:00.000Z";1165.5
"2026-04-13T22:39:00.000Z";"2026-04-13T22:42:00.000Z";1174.72
"2026-04-13T22:42:00.000Z";"2026-04-13T22:45:00.000Z";1164.56
"2026-04-13T22:45:00.000Z";"2026-04-13T22:48:00.000Z";1154.12
"2026-04-13T22:48:00.000Z";"2026-04-13T22:51:00.000Z";1174.22
"2026-04-13T22:51:00.000Z";"2026-04-13T22:54:00.000Z";1176.28
"2026-04-13T22:54:00.000Z";"2026-04-13T22:57:00.000Z";1168.95
"2026-04-13T22:57:00.000Z";"2026-04-13T23:00:00.000Z";1167.44
"2026-04-13T23:00:00.000Z";"2026-04-13T23:03:00.000Z";1171.72
"2026-04-13T23:03:00.000Z";"2026-04-13T23:06:00.000Z";1171.5
"2026-04-13T23:06:00.000Z";"2026-04-13T23:09:00.000Z";1169.44
"2026-04-13T23:09:00.000Z";"2026-04-13T23:12:00.000Z";1168.84
"2026-04-13T23:12:00.000Z";"2026-04-13T23:15:00.000Z";1174.28
"2026-04-13T23:15:00.000Z";"2026-04-13T23:18:00.000Z";1166.28
"2026-04-13T23:18:00.000Z";"2026-04-13T23:21:00.000Z";1163.22
"2026-04-13T23:21:00.000Z";"2026-04-13T23:24:00.000Z";1163.83
"2026-04-13T23:24:00.000Z";"2026-04-13T23:27:00.000Z";1146.56
"2026-04-13T23:27:00.000Z";"2026-04-13T23:30:00.000Z";1154.6
"2026-04-13T23:30:00.000Z";"2026-04-13T23:33:00.000Z";1155
"2026-04-13T23:33:00.000Z";"2026-04-13T23:36:00.000Z";1165.66
"2026-04-13T23:36:00.000Z";"2026-04-13T23:39:00.000Z";1163.28
"2026-04-13T23:39:00.000Z";"2026-04-13T23:42:00.000Z";1170.88
"2026-04-13T23:42:00.000Z";"2026-04-13T23:45:00.000Z";1168.34
"2026-04-13T23:45:00.000Z";"2026-04-13T23:48:00.000Z";1160.11
"2026-04-13T23:48:00.000Z";"2026-04-13T23:51:00.000Z";1164.22
"2026-04-13T23:51:00.000Z";"2026-04-13T23:54:00.000Z";1160.67
"2026-04-13T23:54:00.000Z";"2026-04-13T23:57:00.000Z";1152.39
"2026-04-13T23:57:00.000Z";"2026-04-14T00:00:00.000Z";1164.21
"2026-04-14T00:00:00.000Z";"2026-04-14T00:03:00.000Z";1166.5
"2026-04-14T00:03:00.000Z";"2026-04-14T00:06:00.000Z";1169.67
"2026-04-14T00:06:00.000Z";"2026-04-14T00:09:00.000Z";1167.28
"2026-04-14T00:09:00.000Z";"2026-04-14T00:12:00.000Z";1162.39
"2026-04-14T00:12:00.000Z";"2026-04-14T00:15:00.000Z";1162.67
"2026-04-14T00:15:00.000Z";"2026-04-14T00:18:00.000Z";1165.6
"2026-04-14T00:18:00.000Z";"2026-04-14T00:21:00.000Z";1169.95
"2026-04-14T00:21:00.000Z";"2026-04-14T00:24:00.000Z";1164.94
"2026-04-14T00:24:00.000Z";"2026-04-14T00:27:00.000Z";1165.72
"2026-04-14T00:27:00.000Z";"2026-04-14T00:30:00.000Z";1160.22
"2026-04-14T00:30:00.000Z";"2026-04-14T00:33:00.000Z";1160.06
"2026-04-14T00:33:00.000Z";"2026-04-14T00:36:00.000Z";1160.56
"2026-04-14T00:36:00.000Z";"2026-04-14T00:39:00.000Z";1164.11
"2026-04-14T00:39:00.000Z";"2026-04-14T00:42:00.000Z";1164.06
"2026-04-14T00:42:00.000Z";"2026-04-14T00:45:00.000Z";1167.94
"2026-04-14T00:45:00.000Z";"2026-04-14T00:48:00.000Z";1161.33
"2026-04-14T00:48:00.000Z";"2026-04-14T00:51:00.000Z";1164.78
"2026-04-14T00:51:00.000Z";"2026-04-14T00:54:00.000Z";1165.28
"2026-04-14T00:54:00.000Z";"2026-04-14T00:57:00.000Z";1157.06
"2026-04-14T00:57:00.000Z";"2026-04-14T01:00:00.000Z";1157.44
"2026-04-14T01:00:00.000Z";"2026-04-14T01:03:00.000Z";1154.45
"2026-04-14T01:06:00.000Z";"2026-04-14T01:09:00.000Z";1150.78
"2026-04-14T01:09:00.000Z";"2026-04-14T01:12:00.000Z";1150.5
"2026-04-14T01:12:00.000Z";"2026-04-14T01:15:00.000Z";1147.83
"2026-04-14T01:15:00.000Z";"2026-04-14T01:18:00.000Z";1141.5
"2026-04-14T01:18:00.000Z";"2026-04-14T01:21:00.000Z";1124.12
"2026-04-14T01:21:00.000Z";"2026-04-14T01:24:00.000Z";1116.84
"2026-04-14T01:24:00.000Z";"2026-04-14T01:27:00.000Z";1119.22
"2026-04-14T01:27:00.000Z";"2026-04-14T01:30:00.000Z";1126.11
"2026-04-14T01:30:00.000Z";"2026-04-14T01:33:00.000Z";1143.77
"2026-04-14T01:33:00.000Z";"2026-04-14T01:36:00.000Z";1146.83
"2026-04-14T01:36:00.000Z";"2026-04-14T01:39:00.000Z";1144.61
"2026-04-14T01:39:00.000Z";"2026-04-14T01:42:00.000Z";1137.78
"2026-04-14T01:42:00.000Z";"2026-04-14T01:45:00.000Z";1138
"2026-04-14T01:45:00.000Z";"2026-04-14T01:48:00.000Z";1142.17
"2026-04-14T01:48:00.000Z";"2026-04-14T01:51:00.000Z";1141.39
"2026-04-14T01:51:00.000Z";"2026-04-14T01:54:00.000Z";1146.39
"2026-04-14T01:54:00.000Z";"2026-04-14T01:57:00.000Z";1150.44
"2026-04-14T01:57:00.000Z";"2026-04-14T02:00:00.000Z";1163.22
"2026-04-14T02:00:00.000Z";"2026-04-14T02:03:00.000Z";1175.99
"2026-04-14T02:03:00.000Z";"2026-04-14T02:06:00.000Z";1219.93
"2026-04-14T02:06:00.000Z";"2026-04-14T02:09:00.000Z";1238.89
"2026-04-14T02:09:00.000Z";"2026-04-14T02:12:00.000Z";1233.89
"2026-04-14T02:12:00.000Z";"2026-04-14T02:15:00.000Z";1233.61
"2026-04-14T02:15:00.000Z";"2026-04-14T02:18:00.000Z";1244.22
"2026-04-14T02:18:00.000Z";"2026-04-14T02:21:00.000Z";1243
"2026-04-14T02:21:00.000Z";"2026-04-14T02:24:00.000Z";1243.56
"2026-04-14T02:24:00.000Z";"2026-04-14T02:27:00.000Z";1253
"2026-04-14T02:27:00.000Z";"2026-04-14T02:30:00.000Z";1251.61
"2026-04-14T02:30:00.000Z";"2026-04-14T02:33:00.000Z";1253.44
"2026-04-14T02:33:00.000Z";"2026-04-14T02:36:00.000Z";1256.67
"2026-04-14T02:36:00.000Z";"2026-04-14T02:39:00.000Z";1259.83
"2026-04-14T02:39:00.000Z";"2026-04-14T02:42:00.000Z";1263.44
"2026-04-14T02:42:00.000Z";"2026-04-14T02:45:00.000Z";1271.83
"2026-04-14T02:45:00.000Z";"2026-04-14T02:48:00.000Z";1282.66
"2026-04-14T02:48:00.000Z";"2026-04-14T02:51:00.000Z";1290.28
"2026-04-14T02:51:00.000Z";"2026-04-14T02:54:00.000Z";1294.94
"2026-04-14T02:54:00.000Z";"2026-04-14T02:57:00.000Z";1300.65
"2026-04-14T02:57:00.000Z";"2026-04-14T03:00:00.000Z";1382.51
"2026-04-14T03:00:00.000Z";"2026-04-14T03:03:00.000Z";1437.98
"2026-04-14T03:03:00.000Z";"2026-04-14T03:06:00.000Z";1472.53
"2026-04-14T03:06:00.000Z";"2026-04-14T03:09:00.000Z";1492.05
"2026-04-14T03:09:00.000Z";"2026-04-14T03:12:00.000Z";1507
"2026-04-14T03:12:00.000Z";"2026-04-14T03:15:00.000Z";1513.83
"2026-04-14T03:15:00.000Z";"2026-04-14T03:18:00.000Z";1514.4
"2026-04-14T03:18:00.000Z";"2026-04-14T03:21:00.000Z";1507.06
"2026-04-14T03:21:00.000Z";"2026-04-14T03:24:00.000Z";1505.83
"2026-04-14T03:24:00.000Z";"2026-04-14T03:27:00.000Z";1506.11
"2026-04-14T03:27:00.000Z";"2026-04-14T03:30:00.000Z";1503.39
"2026-04-14T03:30:00.000Z";"2026-04-14T03:33:00.000Z";1484.96
"2026-04-14T03:33:00.000Z";"2026-04-14T03:36:00.000Z";1485.77
"2026-04-14T03:36:00.000Z";"2026-04-14T03:39:00.000Z";1491.44
"2026-04-14T03:39:00.000Z";"2026-04-14T03:42:00.000Z";1498.44
"2026-04-14T03:42:00.000Z";"2026-04-14T03:45:00.000Z";1505.94
"2026-04-14T03:45:00.000Z";"2026-04-14T03:48:00.000Z";1504.61
"2026-04-14T03:48:00.000Z";"2026-04-14T03:51:00.000Z";1513.21
"2026-04-14T03:51:00.000Z";"2026-04-14T03:54:00.000Z";1534.83
"2026-04-14T03:54:00.000Z";"2026-04-14T03:57:00.000Z";1548.16
"2026-04-14T03:57:00.000Z";"2026-04-14T04:00:00.000Z";1556.72
"2026-04-14T04:00:00.000Z";"2026-04-14T04:03:00.000Z";1563.11
"2026-04-14T04:03:00.000Z";"2026-04-14T04:06:00.000Z";1561.11
"2026-04-14T04:06:00.000Z";"2026-04-14T04:09:00.000Z";1576.27
"2026-04-14T04:09:00.000Z";"2026-04-14T04:12:00.000Z";1617.48
"2026-04-14T04:12:00.000Z";"2026-04-14T04:15:00.000Z";1649.05
"2026-04-14T04:15:00.000Z";"2026-04-14T04:18:00.000Z";1724.69
"2026-04-14T04:18:00.000Z";"2026-04-14T04:21:00.000Z";1762.44
"2026-04-14T04:21:00.000Z";"2026-04-14T04:24:00.000Z";1762.67
"2026-04-14T04:24:00.000Z";"2026-04-14T04:27:00.000Z";1766.44
"2026-04-14T04:27:00.000Z";"2026-04-14T04:30:00.000Z";1766.61
"2026-04-14T04:30:00.000Z";"2026-04-14T04:33:00.000Z";1747.3
"2026-04-14T04:33:00.000Z";"2026-04-14T04:36:00.000Z";1688.69
"2026-04-14T04:36:00.000Z";"2026-04-14T04:39:00.000Z";1690.77
"2026-04-14T04:39:00.000Z";"2026-04-14T04:42:00.000Z";1702.16
"2026-04-14T04:42:00.000Z";"2026-04-14T04:45:00.000Z";1699.03
"2026-04-14T04:45:00.000Z";"2026-04-14T04:48:00.000Z";1679.94
"2026-04-14T04:48:00.000Z";"2026-04-14T04:51:00.000Z";1683.44
"2026-04-14T04:51:00.000Z";"2026-04-14T04:54:00.000Z";1691.32
"2026-04-14T04:54:00.000Z";"2026-04-14T04:57:00.000Z";1706
"2026-04-14T04:57:00.000Z";"2026-04-14T05:00:00.000Z";1707.83
"2026-04-14T05:00:00.000Z";"2026-04-14T05:03:00.000Z";1698.52
"2026-04-14T05:03:00.000Z";"2026-04-14T05:06:00.000Z";1674.17
"2026-04-14T05:06:00.000Z";"2026-04-14T05:09:00.000Z";1664.78
"2026-04-14T05:09:00.000Z";"2026-04-14T05:12:00.000Z";1678.55
"2026-04-14T05:12:00.000Z";"2026-04-14T05:15:00.000Z";1688.11
"2026-04-14T05:15:00.000Z";"2026-04-14T05:18:00.000Z";1682.06
"2026-04-14T05:18:00.000Z";"2026-04-14T05:21:00.000Z";1681.06
"2026-04-14T05:21:00.000Z";"2026-04-14T05:24:00.000Z";1670.3
"2026-04-14T05:24:00.000Z";"2026-04-14T05:27:00.000Z";1651.39
"2026-04-14T05:27:00.000Z";"2026-04-14T05:30:00.000Z";1647.06
"2026-04-14T05:30:00.000Z";"2026-04-14T05:33:00.000Z";1644.06
"2026-04-14T05:33:00.000Z";"2026-04-14T05:36:00.000Z";1640.56
"2026-04-14T05:36:00.000Z";"2026-04-14T05:39:00.000Z";1633.89
"2026-04-14T05:39:00.000Z";"2026-04-14T05:42:00.000Z";1637.72
"2026-04-14T05:42:00.000Z";"2026-04-14T05:45:00.000Z";1635.78
"2026-04-14T05:45:00.000Z";"2026-04-14T05:48:00.000Z";1632.89
"2026-04-14T05:48:00.000Z";"2026-04-14T05:51:00.000Z";1639.28
"2026-04-14T05:51:00.000Z";"2026-04-14T05:54:00.000Z";1640.11
"2026-04-14T05:54:00.000Z";"2026-04-14T05:57:00.000Z";1640.83
"2026-04-14T05:57:00.000Z";"2026-04-14T06:00:00.000Z";1641
"2026-04-14T06:00:00.000Z";"2026-04-14T06:03:00.000Z";1639
"2026-04-14T06:03:00.000Z";"2026-04-14T06:06:00.000Z";1635.06
"2026-04-14T06:06:00.000Z";"2026-04-14T06:09:00.000Z";1624.39
"2026-04-14T06:09:00.000Z";"2026-04-14T06:12:00.000Z";1623.06
"2026-04-14T06:12:00.000Z";"2026-04-14T06:15:00.000Z";1626
"2026-04-14T06:15:00.000Z";"2026-04-14T06:18:00.000Z";1617.06
"2026-04-14T06:18:00.000Z";"2026-04-14T06:21:00.000Z";1611.34
"2026-04-14T06:21:00.000Z";"2026-04-14T06:24:00.000Z";1603.28
"2026-04-14T06:24:00.000Z";"2026-04-14T06:27:00.000Z";1600.17
"2026-04-14T06:27:00.000Z";"2026-04-14T06:30:00.000Z";1599.39
"2026-04-14T06:30:00.000Z";"2026-04-14T06:33:00.000Z";1599.83
"2026-04-14T06:33:00.000Z";"2026-04-14T06:36:00.000Z";1593.17
"2026-04-14T06:36:00.000Z";"2026-04-14T06:39:00.000Z";1599.55
"2026-04-14T06:39:00.000Z";"2026-04-14T06:42:00.000Z";1597
"2026-04-14T06:42:00.000Z";"2026-04-14T06:45:00.000Z";1599.72
"2026-04-14T06:45:00.000Z";"2026-04-14T06:48:00.000Z";1608.21
"2026-04-14T06:48:00.000Z";"2026-04-14T06:51:00.000Z";1616.67
"2026-04-14T06:51:00.000Z";"2026-04-14T06:54:00.000Z";1609.17
"2026-04-14T06:54:00.000Z";"2026-04-14T06:57:00.000Z";1604.79
"2026-04-14T06:57:00.000Z";"2026-04-14T07:00:00.000Z";1594.94
"2026-04-14T07:00:00.000Z";"2026-04-14T07:03:00.000Z";1563.62
"2026-04-14T07:03:00.000Z";"2026-04-14T07:06:00.000Z";1525.35
"2026-04-14T07:06:00.000Z";"2026-04-14T07:09:00.000Z";1514.66
"2026-04-14T07:09:00.000Z";"2026-04-14T07:12:00.000Z";1522.78
"2026-04-14T07:12:00.000Z";"2026-04-14T07:15:00.000Z";1506.73
"2026-04-14T07:15:00.000Z";"2026-04-14T07:18:00.000Z";1512.38
"2026-04-14T07:18:00.000Z";"2026-04-14T07:21:00.000Z";1512.01
"2026-04-14T07:21:00.000Z";"2026-04-14T07:24:00.000Z";1512.38
"2026-04-14T07:24:00.000Z";"2026-04-14T07:27:00.000Z";1520.61
"2026-04-14T07:27:00.000Z";"2026-04-14T07:30:00.000Z";1548.99
"2026-04-14T07:30:00.000Z";"2026-04-14T07:33:00.000Z";1552
"2026-04-14T07:33:00.000Z";"2026-04-14T07:36:00.000Z";1556.78
"2026-04-14T07:36:00.000Z";"2026-04-14T07:39:00.000Z";1549.01
"2026-04-14T07:39:00.000Z";"2026-04-14T07:42:00.000Z";1541.06
"2026-04-14T07:42:00.000Z";"2026-04-14T07:45:00.000Z";1528.45
"2026-04-14T07:45:00.000Z";"2026-04-14T07:48:00.000Z";1526.66
"2026-04-14T07:48:00.000Z";"2026-04-14T07:51:00.000Z";1532.33
"2026-04-14T07:51:00.000Z";"2026-04-14T07:54:00.000Z";1531.33
"2026-04-14T07:54:00.000Z";"2026-04-14T07:57:00.000Z";1520.84
"2026-04-14T07:57:00.000Z";"2026-04-14T08:00:00.000Z";1509.33
"2026-04-14T08:00:00.000Z";"2026-04-14T08:03:00.000Z";1486.79
"2026-04-14T08:03:00.000Z";"2026-04-14T08:06:00.000Z";1488.11
"2026-04-14T08:06:00.000Z";"2026-04-14T08:09:00.000Z";1493.78
"2026-04-14T08:09:00.000Z";"2026-04-14T08:12:00.000Z";1486.95
"2026-04-14T08:12:00.000Z";"2026-04-14T08:15:00.000Z";1461.24
"2026-04-14T08:15:00.000Z";"2026-04-14T08:18:00.000Z";1440.44
"2026-04-14T08:18:00.000Z";"2026-04-14T08:21:00.000Z";1449.11
"2026-04-14T08:21:00.000Z";"2026-04-14T08:24:00.000Z";1440.33
"2026-04-14T08:24:00.000Z";"2026-04-14T08:27:00.000Z";1438.06
"2026-04-14T08:27:00.000Z";"2026-04-14T08:30:00.000Z";1415.34
"2026-04-14T08:30:00.000Z";"2026-04-14T08:33:00.000Z";1415.72
"2026-04-14T08:33:00.000Z";"2026-04-14T08:36:00.000Z";1434.33
"2026-04-14T08:36:00.000Z";"2026-04-14T08:39:00.000Z";1445
"2026-04-14T08:39:00.000Z";"2026-04-14T08:42:00.000Z";1443.83
"2026-04-14T08:42:00.000Z";"2026-04-14T08:45:00.000Z";1422.51
"2026-04-14T08:45:00.000Z";"2026-04-14T08:48:00.000Z";1395.56
"2026-04-14T08:48:00.000Z";"2026-04-14T08:51:00.000Z";1398.72
"2026-04-14T08:51:00.000Z";"2026-04-14T08:54:00.000Z";1395.83
"2026-04-14T08:54:00.000Z";"2026-04-14T08:57:00.000Z";1371.17
"2026-04-14T08:57:00.000Z";"2026-04-14T09:00:00.000Z";1359.78
"2026-04-14T09:00:00.000Z";"2026-04-14T09:03:00.000Z";1332.19
"2026-04-14T09:03:00.000Z";"2026-04-14T09:06:00.000Z";1288.88
"2026-04-14T09:06:00.000Z";"2026-04-14T09:09:00.000Z";1310.39
"2026-04-14T09:09:00.000Z";"2026-04-14T09:12:00.000Z";1304.28
"2026-04-14T09:12:00.000Z";"2026-04-14T09:15:00.000Z";1298.57
"2026-04-14T09:15:00.000Z";"2026-04-14T09:18:00.000Z";1290.94
"2026-04-14T09:18:00.000Z";"2026-04-14T09:21:00.000Z";1300.83
"2026-04-14T09:21:00.000Z";"2026-04-14T09:24:00.000Z";1305.5
"2026-04-14T09:24:00.000Z";"2026-04-14T09:27:00.000Z";1295.17
"2026-04-14T09:27:00.000Z";"2026-04-14T09:30:00.000Z";1286.61
"2026-04-14T09:30:00.000Z";"2026-04-14T09:33:00.000Z";1295.16
"2026-04-14T09:33:00.000Z";"2026-04-14T09:36:00.000Z";1307.05
"2026-04-14T09:36:00.000Z";"2026-04-14T09:39:00.000Z";1312.56
"2026-04-14T09:39:00.000Z";"2026-04-14T09:42:00.000Z";1310.17
"2026-04-14T09:42:00.000Z";"2026-04-14T09:45:00.000Z";1305.83
"2026-04-14T09:45:00.000Z";"2026-04-14T09:48:00.000Z";1321.39
"2026-04-14T09:48:00.000Z";"2026-04-14T09:51:00.000Z";1317.95
"2026-04-14T09:51:00.000Z";"2026-04-14T09:54:00.000Z";1301.73
"2026-04-14T09:54:00.000Z";"2026-04-14T09:57:00.000Z";1294.5
"2026-04-14T09:57:00.000Z";"2026-04-14T10:00:00.000Z";1290.29
"2026-04-14T10:00:00.000Z";"2026-04-14T10:03:00.000Z";1256.46
"2026-04-14T10:03:00.000Z";"2026-04-14T10:06:00.000Z";1236.28
"2026-04-14T10:06:00.000Z";"2026-04-14T10:09:00.000Z";1224.24
"2026-04-14T10:09:00.000Z";"2026-04-14T10:12:00.000Z";1206.78
"2026-04-14T10:12:00.000Z";"2026-04-14T10:15:00.000Z";1221.71
"2026-04-14T10:15:00.000Z";"2026-04-14T10:18:00.000Z";1223.17
"2026-04-14T10:18:00.000Z";"2026-04-14T10:21:00.000Z";1224.17
"2026-04-14T10:21:00.000Z";"2026-04-14T10:24:00.000Z";1213.17
"2026-04-14T10:24:00.000Z";"2026-04-14T10:27:00.000Z";1203.56
"2026-04-14T10:27:00.000Z";"2026-04-14T10:30:00.000Z";1220.16
"2026-04-14T10:30:00.000Z";"2026-04-14T10:33:00.000Z";1232.2
"2026-04-14T10:33:00.000Z";"2026-04-14T10:36:00.000Z";1248.16
"2026-04-14T10:36:00.000Z";"2026-04-14T10:39:00.000Z";1250
"2026-04-14T10:39:00.000Z";"2026-04-14T10:42:00.000Z";1242
"2026-04-14T10:42:00.000Z";"2026-04-14T10:45:00.000Z";1239.11
"2026-04-14T10:45:00.000Z";"2026-04-14T10:48:00.000Z";1244.66
"2026-04-14T10:48:00.000Z";"2026-04-14T10:51:00.000Z";1259.39
"2026-04-14T10:51:00.000Z";"2026-04-14T10:54:00.000Z";1248.39
"2026-04-14T10:54:00.000Z";"2026-04-14T10:57:00.000Z";1250.39
"2026-04-14T10:57:00.000Z";"2026-04-14T11:00:00.000Z";1257.17
"2026-04-14T11:00:00.000Z";"2026-04-14T11:03:00.000Z";1245.51
"2026-04-14T11:03:00.000Z";"2026-04-14T11:06:00.000Z";1251.6
"2026-04-14T11:06:00.000Z";"2026-04-14T11:09:00.000Z";1257.72
"2026-04-14T11:09:00.000Z";"2026-04-14T11:12:00.000Z";1268.83
"2026-04-14T11:12:00.000Z";"2026-04-14T11:15:00.000Z";1274.61
"2026-04-14T11:15:00.000Z";"2026-04-14T11:18:00.000Z";1272.5
"2026-04-14T11:18:00.000Z";"2026-04-14T11:21:00.000Z";1268.23
"2026-04-14T11:21:00.000Z";"2026-04-14T11:24:00.000Z";1259.28
"2026-04-14T11:24:00.000Z";"2026-04-14T11:27:00.000Z";1263.83
"2026-04-14T11:27:00.000Z";"2026-04-14T11:30:00.000Z";1259.17
"2026-04-14T11:30:00.000Z";"2026-04-14T11:33:00.000Z";1262.55
"2026-04-14T11:33:00.000Z";"2026-04-14T11:36:00.000Z";1251.07
"2026-04-14T11:36:00.000Z";"2026-04-14T11:39:00.000Z";1250.16
"2026-04-14T11:39:00.000Z";"2026-04-14T11:42:00.000Z";1253.78
"2026-04-14T11:42:00.000Z";"2026-04-14T11:45:00.000Z";1248.12
"2026-04-14T11:45:00.000Z";"2026-04-14T11:48:00.000Z";1241
"2026-04-14T11:48:00.000Z";"2026-04-14T11:51:00.000Z";1227.34
"2026-04-14T11:51:00.000Z";"2026-04-14T11:54:00.000Z";1222.77
"2026-04-14T11:54:00.000Z";"2026-04-14T11:57:00.000Z";1237.32
"2026-04-14T11:57:00.000Z";"2026-04-14T12:00:00.000Z";1243.56
"2026-04-14T12:00:00.000Z";"2026-04-14T12:03:00.000Z";1231.06
"2026-04-14T12:03:00.000Z";"2026-04-14T12:06:00.000Z";1227.11
"2026-04-14T12:06:00.000Z";"2026-04-14T12:09:00.000Z";1233.44
"2026-04-14T12:09:00.000Z";"2026-04-14T12:12:00.000Z";1230.23
"2026-04-14T12:12:00.000Z";"2026-04-14T12:15:00.000Z";1222.01
"2026-04-14T12:15:00.000Z";"2026-04-14T12:18:00.000Z";1222.88
"2026-04-14T12:18:00.000Z";"2026-04-14T12:21:00.000Z";1238.77
"2026-04-14T12:21:00.000Z";"2026-04-14T12:24:00.000Z";1267.45
"2026-04-14T12:24:00.000Z";"2026-04-14T12:27:00.000Z";1269.88
"2026-04-14T12:27:00.000Z";"2026-04-14T12:30:00.000Z";1281.21
"2026-04-14T12:30:00.000Z";"2026-04-14T12:33:00.000Z";1282.34
"2026-04-14T12:33:00.000Z";"2026-04-14T12:36:00.000Z";1272.5
"2026-04-14T12:36:00.000Z";"2026-04-14T12:39:00.000Z";1265.62
"2026-04-14T12:39:00.000Z";"2026-04-14T12:42:00.000Z";1262.83
"2026-04-14T12:42:00.000Z";"2026-04-14T12:45:00.000Z";1263.11
"2026-04-14T12:45:00.000Z";"2026-04-14T12:48:00.000Z";1255.12
"2026-04-14T12:48:00.000Z";"2026-04-14T12:51:00.000Z";1236.29
"2026-04-14T12:51:00.000Z";"2026-04-14T12:54:00.000Z";1247.3
"2026-04-14T12:54:00.000Z";"2026-04-14T12:57:00.000Z";1265.95
"2026-04-14T12:57:00.000Z";"2026-04-14T13:00:00.000Z";1273.89
"2026-04-14T13:00:00.000Z";"2026-04-14T13:03:00.000Z";1283.77
"2026-04-14T13:03:00.000Z";"2026-04-14T13:06:00.000Z";1292.73
"2026-04-14T13:06:00.000Z";"2026-04-14T13:09:00.000Z";1289.06
"2026-04-14T13:09:00.000Z";"2026-04-14T13:12:00.000Z";1279.62
"2026-04-14T13:12:00.000Z";"2026-04-14T13:15:00.000Z";1284.5
"2026-04-14T13:15:00.000Z";"2026-04-14T13:18:00.000Z";1282.56
"2026-04-14T13:18:00.000Z";"2026-04-14T13:21:00.000Z";1278.28
"2026-04-14T13:21:00.000Z";"2026-04-14T13:24:00.000Z";1285.48
"2026-04-14T13:24:00.000Z";"2026-04-14T13:27:00.000Z";1273.07
"2026-04-14T13:27:00.000Z";"2026-04-14T13:30:00.000Z";1265
"2026-04-14T13:30:00.000Z";"2026-04-14T13:33:00.000Z";1251.06
"2026-04-14T13:33:00.000Z";"2026-04-14T13:36:00.000Z";1237.89
"2026-04-14T13:36:00.000Z";"2026-04-14T13:39:00.000Z";1225.4
"2026-04-14T13:39:00.000Z";"2026-04-14T13:42:00.000Z";1235.49
"2026-04-14T13:42:00.000Z";"2026-04-14T13:45:00.000Z";1247.77
"2026-04-14T13:45:00.000Z";"2026-04-14T13:48:00.000Z";1251.5
"2026-04-14T13:48:00.000Z";"2026-04-14T13:51:00.000Z";1242.67
"2026-04-14T13:51:00.000Z";"2026-04-14T13:54:00.000Z";1239.17
"2026-04-14T13:54:00.000Z";"2026-04-14T13:57:00.000Z";1236.51
"2026-04-14T13:57:00.000Z";"2026-04-14T14:00:00.000Z";1230.5
"2026-04-14T14:00:00.000Z";"2026-04-14T14:03:00.000Z";1250.76
"2026-04-14T14:03:00.000Z";"2026-04-14T14:06:00.000Z";1266.11
"2026-04-14T14:06:00.000Z";"2026-04-14T14:09:00.000Z";1266.61
"2026-04-14T14:09:00.000Z";"2026-04-14T14:12:00.000Z";1264.28
"2026-04-14T14:12:00.000Z";"2026-04-14T14:15:00.000Z";1269.66
"2026-04-14T14:15:00.000Z";"2026-04-14T14:18:00.000Z";1260.79
"2026-04-14T14:18:00.000Z";"2026-04-14T14:21:00.000Z";1260.94
"2026-04-14T14:21:00.000Z";"2026-04-14T14:24:00.000Z";1260.72
"2026-04-14T14:24:00.000Z";"2026-04-14T14:27:00.000Z";1259.83
"2026-04-14T14:27:00.000Z";"2026-04-14T14:30:00.000Z";1266.39
"2026-04-14T14:30:00.000Z";"2026-04-14T14:33:00.000Z";1262.23
"2026-04-14T14:33:00.000Z";"2026-04-14T14:36:00.000Z";1261.94
"2026-04-14T14:36:00.000Z";"2026-04-14T14:39:00.000Z";1276.55
"2026-04-14T14:39:00.000Z";"2026-04-14T14:42:00.000Z";1280.06
"2026-04-14T14:42:00.000Z";"2026-04-14T14:45:00.000Z";1276.83
"2026-04-14T14:45:00.000Z";"2026-04-14T14:48:00.000Z";1277.78
"2026-04-14T14:48:00.000Z";"2026-04-14T14:51:00.000Z";1275.78
"2026-04-14T14:51:00.000Z";"2026-04-14T14:54:00.000Z";1280.34
"2026-04-14T14:54:00.000Z";"2026-04-14T14:57:00.000Z";1285.66
"2026-04-14T14:57:00.000Z";"2026-04-14T15:00:00.000Z";1300.66
"2026-04-14T15:00:00.000Z";"2026-04-14T15:03:00.000Z";1330.76
"2026-04-14T15:03:00.000Z";"2026-04-14T15:06:00.000Z";1349.83
"2026-04-14T15:06:00.000Z";"2026-04-14T15:09:00.000Z";1357.72
"2026-04-14T15:09:00.000Z";"2026-04-14T15:12:00.000Z";1354.61
"2026-04-14T15:12:00.000Z";"2026-04-14T15:15:00.000Z";1358.22
"2026-04-14T15:15:00.000Z";"2026-04-14T15:18:00.000Z";1386.48
"2026-04-14T15:18:00.000Z";"2026-04-14T15:21:00.000Z";1401.59
"2026-04-14T15:21:00.000Z";"2026-04-14T15:24:00.000Z";1412.21
"2026-04-14T15:24:00.000Z";"2026-04-14T15:27:00.000Z";1427.39
"2026-04-14T15:27:00.000Z";"2026-04-14T15:30:00.000Z";1424.95
"2026-04-14T15:30:00.000Z";"2026-04-14T15:33:00.000Z";1428.11
"2026-04-14T15:33:00.000Z";"2026-04-14T15:36:00.000Z";1426.16
"2026-04-14T15:36:00.000Z";"2026-04-14T15:39:00.000Z";1425.89
"2026-04-14T15:39:00.000Z";"2026-04-14T15:42:00.000Z";1429.56
"2026-04-14T15:42:00.000Z";"2026-04-14T15:45:00.000Z";1429.16
"2026-04-14T15:45:00.000Z";"2026-04-14T15:48:00.000Z";1430
"2026-04-14T15:48:00.000Z";"2026-04-14T15:51:00.000Z";1427.78
"2026-04-14T15:51:00.000Z";"2026-04-14T15:54:00.000Z";1422.07
"2026-04-14T15:54:00.000Z";"2026-04-14T15:57:00.000Z";1426.49
"2026-04-14T15:57:00.000Z";"2026-04-14T16:00:00.000Z";1450.88
"2026-04-14T16:00:00.000Z";"2026-04-14T16:03:00.000Z";1495.65
"2026-04-14T16:03:00.000Z";"2026-04-14T16:06:00.000Z";1507.72
"2026-04-14T16:06:00.000Z";"2026-04-14T16:09:00.000Z";1528.49
"2026-04-14T16:09:00.000Z";"2026-04-14T16:12:00.000Z";1516.62
"2026-04-14T16:12:00.000Z";"2026-04-14T16:15:00.000Z";1514.78
"2026-04-14T16:15:00.000Z";"2026-04-14T16:18:00.000Z";1511
"2026-04-14T16:18:00.000Z";"2026-04-14T16:21:00.000Z";1517.33
"2026-04-14T16:21:00.000Z";"2026-04-14T16:24:00.000Z";1518.67
"2026-04-14T16:24:00.000Z";"2026-04-14T16:27:00.000Z";1516.78
"2026-04-14T16:27:00.000Z";"2026-04-14T16:30:00.000Z";1515.78
"2026-04-14T16:30:00.000Z";"2026-04-14T16:33:00.000Z";1514.83
"2026-04-14T16:33:00.000Z";"2026-04-14T16:36:00.000Z";1516.72
"2026-04-14T16:36:00.000Z";"2026-04-14T16:39:00.000Z";1538.82
"2026-04-14T16:39:00.000Z";"2026-04-14T16:42:00.000Z";1583.82
"2026-04-14T16:42:00.000Z";"2026-04-14T16:45:00.000Z";1587.5
"2026-04-14T16:45:00.000Z";"2026-04-14T16:48:00.000Z";1596.72
"2026-04-14T16:48:00.000Z";"2026-04-14T16:51:00.000Z";1595.72
"2026-04-14T16:51:00.000Z";"2026-04-14T16:54:00.000Z";1596.61
"2026-04-14T16:54:00.000Z";"2026-04-14T16:57:00.000Z";1594.89
"2026-04-14T16:57:00.000Z";"2026-04-14T17:00:00.000Z";1619.59
"2026-04-14T17:00:00.000Z";"2026-04-14T17:03:00.000Z";1661.87
"2026-04-14T17:03:00.000Z";"2026-04-14T17:06:00.000Z";1711.97
"2026-04-14T17:06:00.000Z";"2026-04-14T17:09:00.000Z";1742.14
"2026-04-14T17:09:00.000Z";"2026-04-14T17:12:00.000Z";1749.89
"2026-04-14T17:12:00.000Z";"2026-04-14T17:15:00.000Z";1777.87
"2026-04-14T17:15:00.000Z";"2026-04-14T17:18:00.000Z";1788.39
"2026-04-14T17:18:00.000Z";"2026-04-14T17:21:00.000Z";1790.17
"2026-04-14T17:21:00.000Z";"2026-04-14T17:24:00.000Z";1787.44
"2026-04-14T17:24:00.000Z";"2026-04-14T17:27:00.000Z";1791.27
"2026-04-14T17:27:00.000Z";"2026-04-14T17:30:00.000Z";1776.28
"2026-04-14T17:30:00.000Z";"2026-04-14T17:33:00.000Z";1751.61
"2026-04-14T17:33:00.000Z";"2026-04-14T17:36:00.000Z";1746.67
"2026-04-14T17:36:00.000Z";"2026-04-14T17:39:00.000Z";1751.72
"2026-04-14T17:39:00.000Z";"2026-04-14T17:42:00.000Z";1747.22
"2026-04-14T17:42:00.000Z";"2026-04-14T17:45:00.000Z";1738.45
"2026-04-14T17:45:00.000Z";"2026-04-14T17:48:00.000Z";1737.44
"2026-04-14T17:48:00.000Z";"2026-04-14T17:51:00.000Z";1737.5
"2026-04-14T17:51:00.000Z";"2026-04-14T17:54:00.000Z";1737.72
"2026-04-14T17:54:00.000Z";"2026-04-14T17:57:00.000Z";1732.72
"2026-04-14T17:57:00.000Z";"2026-04-14T18:00:00.000Z";1750.55
"2026-04-14T18:00:00.000Z";"2026-04-14T18:03:00.000Z";1757.28
"2026-04-14T18:03:00.000Z";"2026-04-14T18:06:00.000Z";1753.29
"2026-04-14T18:06:00.000Z";"2026-04-14T18:09:00.000Z";1745.56
"2026-04-14T18:09:00.000Z";"2026-04-14T18:12:00.000Z";1742.67
"2026-04-14T18:12:00.000Z";"2026-04-14T18:15:00.000Z";1752.66
"2026-04-14T18:15:00.000Z";"2026-04-14T18:18:00.000Z";1745.39
"2026-04-14T18:18:00.000Z";"2026-04-14T18:21:00.000Z";1743.39
"2026-04-14T18:21:00.000Z";"2026-04-14T18:24:00.000Z";1730.61
"2026-04-14T18:24:00.000Z";"2026-04-14T18:27:00.000Z";1727.72
"2026-04-14T18:27:00.000Z";"2026-04-14T18:30:00.000Z";1728.56
"2026-04-14T18:30:00.000Z";"2026-04-14T18:33:00.000Z";1734.05
"2026-04-14T18:33:00.000Z";"2026-04-14T18:36:00.000Z";1734.94
"2026-04-14T18:36:00.000Z";"2026-04-14T18:39:00.000Z";1731.33
"2026-04-14T18:39:00.000Z";"2026-04-14T18:42:00.000Z";1730
"2026-04-14T18:42:00.000Z";"2026-04-14T18:45:00.000Z";1727.44
"2026-04-14T18:45:00.000Z";"2026-04-14T18:48:00.000Z";1730.56
"2026-04-14T18:48:00.000Z";"2026-04-14T18:51:00.000Z";1729.78
"2026-04-14T18:51:00.000Z";"2026-04-14T18:54:00.000Z";1724.5
"2026-04-14T18:54:00.000Z";"2026-04-14T18:57:00.000Z";1726.22
"2026-04-14T18:57:00.000Z";"2026-04-14T19:00:00.000Z";1730.17
"2026-04-14T19:00:00.000Z";"2026-04-14T19:03:00.000Z";1716.47
"2026-04-14T19:03:00.000Z";"2026-04-14T19:06:00.000Z";1713.55
"2026-04-14T19:06:00.000Z";"2026-04-14T19:09:00.000Z";1710.72
"2026-04-14T19:09:00.000Z";"2026-04-14T19:12:00.000Z";1703.79
"2026-04-14T19:12:00.000Z";"2026-04-14T19:15:00.000Z";1675.79
"2026-04-14T19:15:00.000Z";"2026-04-14T19:18:00.000Z";1670.61
"2026-04-14T19:18:00.000Z";"2026-04-14T19:21:00.000Z";1673.67
"2026-04-14T19:21:00.000Z";"2026-04-14T19:24:00.000Z";1676.22
"2026-04-14T19:24:00.000Z";"2026-04-14T19:27:00.000Z";1691.49
"2026-04-14T19:27:00.000Z";"2026-04-14T19:30:00.000Z";1692.83
"2026-04-14T19:30:00.000Z";"2026-04-14T19:33:00.000Z";1692.83
"2026-04-14T19:33:00.000Z";"2026-04-14T19:36:00.000Z";1684.29
"2026-04-14T19:36:00.000Z";"2026-04-14T19:39:00.000Z";1673.51
"2026-04-14T19:39:00.000Z";"2026-04-14T19:42:00.000Z";1666.78
"2026-04-14T19:42:00.000Z";"2026-04-14T19:45:00.000Z";1667.39
"2026-04-14T19:45:00.000Z";"2026-04-14T19:48:00.000Z";1675.16
"2026-04-14T19:48:00.000Z";"2026-04-14T19:51:00.000Z";1697.5
"2026-04-14T19:51:00.000Z";"2026-04-14T19:54:00.000Z";1691.83
"2026-04-14T19:54:00.000Z";"2026-04-14T19:57:00.000Z";1690.72
"2026-04-14T19:57:00.000Z";"2026-04-14T20:00:00.000Z";1683.23
"2026-04-14T20:00:00.000Z";"2026-04-14T20:03:00.000Z";1663.13
"2026-04-14T20:03:00.000Z";"2026-04-14T20:06:00.000Z";1647.45
"2026-04-14T20:06:00.000Z";"2026-04-14T20:09:00.000Z";1631.06
"2026-04-14T20:09:00.000Z";"2026-04-14T20:12:00.000Z";1618.34
"2026-04-14T20:12:00.000Z";"2026-04-14T20:15:00.000Z";1613.95
"2026-04-14T20:15:00.000Z";"2026-04-14T20:18:00.000Z";1615.44
"2026-04-14T20:18:00.000Z";"2026-04-14T20:21:00.000Z";1613.56
"2026-04-14T20:21:00.000Z";"2026-04-14T20:24:00.000Z";1610.22
"2026-04-14T20:24:00.000Z";"2026-04-14T20:27:00.000Z";1606.56
"2026-04-14T20:27:00.000Z";"2026-04-14T20:30:00.000Z";1608.66
"2026-04-14T20:30:00.000Z";"2026-04-14T20:33:00.000Z";1612.5
"2026-04-14T20:33:00.000Z";"2026-04-14T20:36:00.000Z";1598.32
"2026-04-14T20:36:00.000Z";"2026-04-14T20:39:00.000Z";1548.02
"2026-04-14T20:39:00.000Z";"2026-04-14T20:42:00.000Z";1526.5
"2026-04-14T20:42:00.000Z";"2026-04-14T20:45:00.000Z";1506.67
"2026-04-14T20:45:00.000Z";"2026-04-14T20:48:00.000Z";1505.11
"2026-04-14T20:48:00.000Z";"2026-04-14T20:51:00.000Z";1505.28
"2026-04-14T20:51:00.000Z";"2026-04-14T20:54:00.000Z";1487.9
"2026-04-14T20:54:00.000Z";"2026-04-14T20:57:00.000Z";1477.56
"2026-04-14T20:57:00.000Z";"2026-04-14T21:00:00.000Z";1446.35
"2026-04-14T21:00:00.000Z";"2026-04-14T21:03:00.000Z";1372.86
"2026-04-14T21:03:00.000Z";"2026-04-14T21:06:00.000Z";1354.39
"2026-04-14T21:06:00.000Z";"2026-04-14T21:09:00.000Z";1347.62
"2026-04-14T21:09:00.000Z";"2026-04-14T21:12:00.000Z";1329.84
"2026-04-14T21:12:00.000Z";"2026-04-14T21:15:00.000Z";1303.67
"2026-04-14T21:15:00.000Z";"2026-04-14T21:18:00.000Z";1308.99
"2026-04-14T21:18:00.000Z";"2026-04-14T21:21:00.000Z";1314.06
"2026-04-14T21:21:00.000Z";"2026-04-14T21:24:00.000Z";1307.56
"2026-04-14T21:24:00.000Z";"2026-04-14T21:27:00.000Z";1308.94
"2026-04-14T21:27:00.000Z";"2026-04-14T21:30:00.000Z";1308.5
"2026-04-14T21:30:00.000Z";"2026-04-14T21:33:00.000Z";1308.27
"2026-04-14T21:36:00.000Z";"2026-04-14T21:39:00.000Z";1307.56
"2026-04-14T21:39:00.000Z";"2026-04-14T21:42:00.000Z";1305.61
"2026-04-14T21:42:00.000Z";"2026-04-14T21:45:00.000Z";1304.77
"2026-04-14T21:45:00.000Z";"2026-04-14T21:48:00.000Z";1306.94
"2026-04-14T21:48:00.000Z";"2026-04-14T21:51:00.000Z";1308
"2026-04-14T21:51:00.000Z";"2026-04-14T21:54:00.000Z";1310.11
"2026-04-14T21:54:00.000Z";"2026-04-14T21:57:00.000Z";1310.18
"2026-04-14T21:57:00.000Z";"2026-04-14T22:00:00.000Z";1299.06
"2026-04-14T22:00:00.000Z";"2026-04-14T22:03:00.000Z";1279.17
"2026-04-14T22:03:00.000Z";"2026-04-14T22:06:00.000Z";1287.83
"2026-04-14T22:06:00.000Z";"2026-04-14T22:09:00.000Z";1276.4
"2026-04-14T22:09:00.000Z";"2026-04-14T22:12:00.000Z";1262.51
"2026-04-14T22:12:00.000Z";"2026-04-14T22:15:00.000Z";1240.22
"2026-04-14T22:15:00.000Z";"2026-04-14T22:18:00.000Z";1237.95
"2026-04-14T22:18:00.000Z";"2026-04-14T22:21:00.000Z";1241.33
"2026-04-14T22:21:00.000Z";"2026-04-14T22:24:00.000Z";1264.65
"2026-04-14T22:24:00.000Z";"2026-04-14T22:27:00.000Z";1284.88
"2026-04-14T22:27:00.000Z";"2026-04-14T22:30:00.000Z";1300.72
"2026-04-14T22:30:00.000Z";"2026-04-14T22:33:00.000Z";1302.78
"2026-04-14T22:33:00.000Z";"2026-04-14T22:36:00.000Z";1316.55
"2026-04-14T22:36:00.000Z";"2026-04-14T22:39:00.000Z";1323.27
"2026-04-14T22:39:00.000Z";"2026-04-14T22:42:00.000Z";1327.56
"2026-04-14T22:42:00.000Z";"2026-04-14T22:45:00.000Z";1325.17
"2026-04-14T22:45:00.000Z";"2026-04-14T22:48:00.000Z";1325.06
"2026-04-14T22:48:00.000Z";"2026-04-14T22:51:00.000Z";1329.11
"2026-04-14T22:51:00.000Z";"2026-04-14T22:54:00.000Z";1327.72
"2026-04-14T22:54:00.000Z";"2026-04-14T22:57:00.000Z";1328.55
"2026-04-14T22:57:00.000Z";"2026-04-14T23:00:00.000Z";1330.83
"2026-04-14T23:00:00.000Z";"2026-04-14T23:03:00.000Z";1331.83
"2026-04-14T23:03:00.000Z";"2026-04-14T23:06:00.000Z";1330.78
"2026-04-14T23:06:00.000Z";"2026-04-14T23:09:00.000Z";1329.83
"2026-04-14T23:09:00.000Z";"2026-04-14T23:12:00.000Z";1330.83
"2026-04-14T23:12:00.000Z";"2026-04-14T23:15:00.000Z";1327.67
"2026-04-14T23:15:00.000Z";"2026-04-14T23:18:00.000Z";1322.78
"2026-04-14T23:18:00.000Z";"2026-04-14T23:21:00.000Z";1334.09
"2026-04-14T23:21:00.000Z";"2026-04-14T23:24:00.000Z";1336.78
"2026-04-14T23:24:00.000Z";"2026-04-14T23:27:00.000Z";1330.95
"2026-04-14T23:27:00.000Z";"2026-04-14T23:30:00.000Z";1327.5
"2026-04-14T23:30:00.000Z";"2026-04-14T23:33:00.000Z";1328.11
"2026-04-14T23:33:00.000Z";"2026-04-14T23:36:00.000Z";1330.45
"2026-04-14T23:36:00.000Z";"2026-04-14T23:39:00.000Z";1326.61
"2026-04-14T23:39:00.000Z";"2026-04-14T23:42:00.000Z";1327.94
"2026-04-14T23:42:00.000Z";"2026-04-14T23:45:00.000Z";1327.23
"2026-04-14T23:45:00.000Z";"2026-04-14T23:48:00.000Z";1289.84
"2026-04-14T23:48:00.000Z";"2026-04-14T23:51:00.000Z";1280.61
"2026-04-14T23:51:00.000Z";"2026-04-14T23:54:00.000Z";1281.06
"2026-04-14T23:54:00.000Z";"2026-04-14T23:57:00.000Z";1281
"2026-04-14T23:57:00.000Z";"2026-04-15T00:00:00.000Z";1276.01
"2026-04-15T00:00:00.000Z";"2026-04-15T00:03:00.000Z";1272.83
"2026-04-15T00:03:00.000Z";"2026-04-15T00:06:00.000Z";1279.67
"2026-04-15T00:06:00.000Z";"2026-04-15T00:09:00.000Z";1276.39
"2026-04-15T00:09:00.000Z";"2026-04-15T00:12:00.000Z";1276.39
"2026-04-15T00:12:00.000Z";"2026-04-15T00:15:00.000Z";1277.5
"2026-04-15T00:15:00.000Z";"2026-04-15T00:18:00.000Z";1278.72
"2026-04-15T00:18:00.000Z";"2026-04-15T00:21:00.000Z";1281.22
"2026-04-15T00:21:00.000Z";"2026-04-15T00:24:00.000Z";1278.78
"2026-04-15T00:24:00.000Z";"2026-04-15T00:27:00.000Z";1277.44
"2026-04-15T00:27:00.000Z";"2026-04-15T00:30:00.000Z";1275.89
"2026-04-15T00:30:00.000Z";"2026-04-15T00:33:00.000Z";1268.5
"2026-04-15T00:33:00.000Z";"2026-04-15T00:36:00.000Z";1266.89
"2026-04-15T00:36:00.000Z";"2026-04-15T00:39:00.000Z";1263.39
"2026-04-15T00:39:00.000Z";"2026-04-15T00:42:00.000Z";1261.22
"2026-04-15T00:42:00.000Z";"2026-04-15T00:45:00.000Z";1258.5
"2026-04-15T00:45:00.000Z";"2026-04-15T00:48:00.000Z";1255.39
"2026-04-15T00:48:00.000Z";"2026-04-15T00:51:00.000Z";1256.67
"2026-04-15T00:51:00.000Z";"2026-04-15T00:54:00.000Z";1258.39
"2026-04-15T00:54:00.000Z";"2026-04-15T00:57:00.000Z";1259.34
"2026-04-15T00:57:00.000Z";"2026-04-15T01:00:00.000Z";1254.17
"2026-04-15T01:00:00.000Z";"2026-04-15T01:03:00.000Z";1257.78
"2026-04-15T01:03:00.000Z";"2026-04-15T01:06:00.000Z";1251.89
"2026-04-15T01:06:00.000Z";"2026-04-15T01:09:00.000Z";1252
"2026-04-15T01:09:00.000Z";"2026-04-15T01:12:00.000Z";1270.21
"2026-04-15T01:12:00.000Z";"2026-04-15T01:15:00.000Z";1289.88
"2026-04-15T01:15:00.000Z";"2026-04-15T01:18:00.000Z";1294.94
"2026-04-15T01:18:00.000Z";"2026-04-15T01:21:00.000Z";1291.51
"2026-04-15T01:21:00.000Z";"2026-04-15T01:24:00.000Z";1292.44
"2026-04-15T01:24:00.000Z";"2026-04-15T01:27:00.000Z";1291.61
"2026-04-15T01:27:00.000Z";"2026-04-15T01:30:00.000Z";1284
"2026-04-15T01:30:00.000Z";"2026-04-15T01:33:00.000Z";1283.61
"2026-04-15T01:33:00.000Z";"2026-04-15T01:36:00.000Z";1284.39
"2026-04-15T01:36:00.000Z";"2026-04-15T01:39:00.000Z";1282.06
"2026-04-15T01:39:00.000Z";"2026-04-15T01:42:00.000Z";1284.11
"2026-04-15T01:42:00.000Z";"2026-04-15T01:45:00.000Z";1286.28
"2026-04-15T01:45:00.000Z";"2026-04-15T01:48:00.000Z";1288.44
"2026-04-15T01:48:00.000Z";"2026-04-15T01:51:00.000Z";1287.56
"2026-04-15T01:51:00.000Z";"2026-04-15T01:54:00.000Z";1287
"2026-04-15T01:54:00.000Z";"2026-04-15T01:57:00.000Z";1287.61
"2026-04-15T01:57:00.000Z";"2026-04-15T02:00:00.000Z";1299.94
"2026-04-15T02:00:00.000Z";"2026-04-15T02:03:00.000Z";1325.99
"2026-04-15T02:03:00.000Z";"2026-04-15T02:06:00.000Z";1359.69
"2026-04-15T02:06:00.000Z";"2026-04-15T02:09:00.000Z";1366.79
"2026-04-15T02:09:00.000Z";"2026-04-15T02:12:00.000Z";1363.89
"2026-04-15T02:12:00.000Z";"2026-04-15T02:15:00.000Z";1368.16
"2026-04-15T02:15:00.000Z";"2026-04-15T02:18:00.000Z";1358.5
"2026-04-15T02:18:00.000Z";"2026-04-15T02:21:00.000Z";1368.39
"2026-04-15T02:21:00.000Z";"2026-04-15T02:24:00.000Z";1369.78
"2026-04-15T02:24:00.000Z";"2026-04-15T02:27:00.000Z";1347.46
"2026-04-15T02:27:00.000Z";"2026-04-15T02:30:00.000Z";1329.17
"2026-04-15T02:30:00.000Z";"2026-04-15T02:33:00.000Z";1326.17
"2026-04-15T02:33:00.000Z";"2026-04-15T02:36:00.000Z";1325.89
"2026-04-15T02:36:00.000Z";"2026-04-15T02:39:00.000Z";1325.95
"2026-04-15T02:39:00.000Z";"2026-04-15T02:42:00.000Z";1324.44
"2026-04-15T02:42:00.000Z";"2026-04-15T02:45:00.000Z";1332.77
"2026-04-15T02:45:00.000Z";"2026-04-15T02:48:00.000Z";1329.28
"2026-04-15T02:48:00.000Z";"2026-04-15T02:51:00.000Z";1328.28
"2026-04-15T02:51:00.000Z";"2026-04-15T02:54:00.000Z";1333.89
"2026-04-15T02:54:00.000Z";"2026-04-15T02:57:00.000Z";1373.77
"2026-04-15T02:57:00.000Z";"2026-04-15T03:00:00.000Z";1439.07
"2026-04-15T03:00:00.000Z";"2026-04-15T03:03:00.000Z";1550.85
"2026-04-15T03:03:00.000Z";"2026-04-15T03:06:00.000Z";1602.3
"2026-04-15T03:06:00.000Z";"2026-04-15T03:09:00.000Z";1643.32
"2026-04-15T03:09:00.000Z";"2026-04-15T03:12:00.000Z";1656.78
"2026-04-15T03:12:00.000Z";"2026-04-15T03:15:00.000Z";1652.22
"2026-04-15T03:15:00.000Z";"2026-04-15T03:18:00.000Z";1653.61
"2026-04-15T03:18:00.000Z";"2026-04-15T03:21:00.000Z";1642.17
"2026-04-15T03:21:00.000Z";"2026-04-15T03:24:00.000Z";1630.06
"2026-04-15T03:24:00.000Z";"2026-04-15T03:27:00.000Z";1623.5
"2026-04-15T03:27:00.000Z";"2026-04-15T03:30:00.000Z";1630.16
"2026-04-15T03:30:00.000Z";"2026-04-15T03:33:00.000Z";1653.33
"2026-04-15T03:33:00.000Z";"2026-04-15T03:36:00.000Z";1679.94
"2026-04-15T03:36:00.000Z";"2026-04-15T03:39:00.000Z";1706.61
"2026-04-15T03:39:00.000Z";"2026-04-15T03:42:00.000Z";1722.2
"2026-04-15T03:42:00.000Z";"2026-04-15T03:45:00.000Z";1746.72
"2026-04-15T03:45:00.000Z";"2026-04-15T03:48:00.000Z";1749.11
"2026-04-15T03:48:00.000Z";"2026-04-15T03:51:00.000Z";1741.17
"2026-04-15T03:51:00.000Z";"2026-04-15T03:54:00.000Z";1744.22
"2026-04-15T03:54:00.000Z";"2026-04-15T03:57:00.000Z";1742.06
"2026-04-15T03:57:00.000Z";"2026-04-15T04:00:00.000Z";1757.6
"2026-04-15T04:00:00.000Z";"2026-04-15T04:03:00.000Z";1811.64
"2026-04-15T04:03:00.000Z";"2026-04-15T04:06:00.000Z";1860.42
"2026-04-15T04:06:00.000Z";"2026-04-15T04:09:00.000Z";1898.88
"2026-04-15T04:09:00.000Z";"2026-04-15T04:12:00.000Z";1909.61
"2026-04-15T04:12:00.000Z";"2026-04-15T04:15:00.000Z";1909
"2026-04-15T04:15:00.000Z";"2026-04-15T04:18:00.000Z";1901.4
"2026-04-15T04:18:00.000Z";"2026-04-15T04:21:00.000Z";1909.55
"2026-04-15T04:21:00.000Z";"2026-04-15T04:24:00.000Z";1906.9
"2026-04-15T04:24:00.000Z";"2026-04-15T04:27:00.000Z";1919.99
"2026-04-15T04:27:00.000Z";"2026-04-15T04:30:00.000Z";1947.88
"2026-04-15T04:30:00.000Z";"2026-04-15T04:33:00.000Z";1934.4
"2026-04-15T04:33:00.000Z";"2026-04-15T04:36:00.000Z";1932.49
"2026-04-15T04:36:00.000Z";"2026-04-15T04:39:00.000Z";1950.38
"2026-04-15T04:39:00.000Z";"2026-04-15T04:42:00.000Z";1959.05
"2026-04-15T04:42:00.000Z";"2026-04-15T04:45:00.000Z";1957.78
"2026-04-15T04:45:00.000Z";"2026-04-15T04:48:00.000Z";1956.39
"2026-04-15T04:48:00.000Z";"2026-04-15T04:51:00.000Z";1953.45
"2026-04-15T04:51:00.000Z";"2026-04-15T04:54:00.000Z";1951.28
"2026-04-15T04:54:00.000Z";"2026-04-15T04:57:00.000Z";1954
"2026-04-15T04:57:00.000Z";"2026-04-15T05:00:00.000Z";1976.93
"2026-04-15T05:00:00.000Z";"2026-04-15T05:03:00.000Z";1972.45
"2026-04-15T05:03:00.000Z";"2026-04-15T05:06:00.000Z";1975.49
"2026-04-15T05:06:00.000Z";"2026-04-15T05:09:00.000Z";1983.44
"2026-04-15T05:09:00.000Z";"2026-04-15T05:12:00.000Z";2007.42
"2026-04-15T05:12:00.000Z";"2026-04-15T05:15:00.000Z";2021.83
"2026-04-15T05:15:00.000Z";"2026-04-15T05:18:00.000Z";2023.05
"2026-04-15T05:18:00.000Z";"2026-04-15T05:21:00.000Z";2025.56
"2026-04-15T05:21:00.000Z";"2026-04-15T05:24:00.000Z";2028.61
"2026-04-15T05:24:00.000Z";"2026-04-15T05:27:00.000Z";2028.78
"2026-04-15T05:27:00.000Z";"2026-04-15T05:30:00.000Z";2028.44
"2026-04-15T05:30:00.000Z";"2026-04-15T05:33:00.000Z";2019.18
"2026-04-15T05:33:00.000Z";"2026-04-15T05:36:00.000Z";2006.12
"2026-04-15T05:36:00.000Z";"2026-04-15T05:39:00.000Z";2004.38
"2026-04-15T05:39:00.000Z";"2026-04-15T05:42:00.000Z";2007.44
"2026-04-15T05:42:00.000Z";"2026-04-15T05:45:00.000Z";2000.78
"2026-04-15T05:45:00.000Z";"2026-04-15T05:48:00.000Z";1999.27
"2026-04-15T05:48:00.000Z";"2026-04-15T05:51:00.000Z";2008.28
"2026-04-15T05:51:00.000Z";"2026-04-15T05:54:00.000Z";2001.05
"2026-04-15T05:54:00.000Z";"2026-04-15T05:57:00.000Z";2009.67
"2026-04-15T05:57:00.000Z";"2026-04-15T06:00:00.000Z";1984.01
"2026-04-15T06:00:00.000Z";"2026-04-15T06:03:00.000Z";1910.85
"2026-04-15T06:03:00.000Z";"2026-04-15T06:06:00.000Z";1864.52
"2026-04-15T06:06:00.000Z";"2026-04-15T06:09:00.000Z";1846.72
"2026-04-15T06:09:00.000Z";"2026-04-15T06:12:00.000Z";1848.56
"2026-04-15T06:12:00.000Z";"2026-04-15T06:15:00.000Z";1843.72
"2026-04-15T06:15:00.000Z";"2026-04-15T06:18:00.000Z";1857.99
"2026-04-15T06:18:00.000Z";"2026-04-15T06:21:00.000Z";1863.17
"2026-04-15T06:21:00.000Z";"2026-04-15T06:24:00.000Z";1864.77
"2026-04-15T06:24:00.000Z";"2026-04-15T06:27:00.000Z";1872.83
"2026-04-15T06:27:00.000Z";"2026-04-15T06:30:00.000Z";1871.5
"2026-04-15T06:30:00.000Z";"2026-04-15T06:33:00.000Z";1868.67
"2026-04-15T06:33:00.000Z";"2026-04-15T06:36:00.000Z";1870.5
"2026-04-15T06:36:00.000Z";"2026-04-15T06:39:00.000Z";1869.83
"2026-04-15T06:39:00.000Z";"2026-04-15T06:42:00.000Z";1868.45
"2026-04-15T06:42:00.000Z";"2026-04-15T06:45:00.000Z";1866.06
"2026-04-15T06:45:00.000Z";"2026-04-15T06:48:00.000Z";1870.49
"2026-04-15T06:48:00.000Z";"2026-04-15T06:51:00.000Z";1880
"2026-04-15T06:51:00.000Z";"2026-04-15T06:54:00.000Z";1877.28
"2026-04-15T06:54:00.000Z";"2026-04-15T06:57:00.000Z";1871.29
"2026-04-15T06:57:00.000Z";"2026-04-15T07:00:00.000Z";1869.66
"2026-04-15T07:00:00.000Z";"2026-04-15T07:03:00.000Z";1872.39
"2026-04-15T07:03:00.000Z";"2026-04-15T07:06:00.000Z";1851.67
"2026-04-15T07:06:00.000Z";"2026-04-15T07:09:00.000Z";1852.94
"2026-04-15T07:09:00.000Z";"2026-04-15T07:12:00.000Z";1839.84
"2026-04-15T07:12:00.000Z";"2026-04-15T07:15:00.000Z";1802.51
"2026-04-15T07:15:00.000Z";"2026-04-15T07:18:00.000Z";1797.11
"2026-04-15T07:18:00.000Z";"2026-04-15T07:21:00.000Z";1799.55
"2026-04-15T07:21:00.000Z";"2026-04-15T07:24:00.000Z";1798.17
"2026-04-15T07:24:00.000Z";"2026-04-15T07:27:00.000Z";1794.44
"2026-04-15T07:27:00.000Z";"2026-04-15T07:30:00.000Z";1797.39
"2026-04-15T07:30:00.000Z";"2026-04-15T07:33:00.000Z";1804.05
"2026-04-15T07:33:00.000Z";"2026-04-15T07:36:00.000Z";1808.45
"2026-04-15T07:36:00.000Z";"2026-04-15T07:39:00.000Z";1816.6
"2026-04-15T07:39:00.000Z";"2026-04-15T07:42:00.000Z";1815.84
"2026-04-15T07:42:00.000Z";"2026-04-15T07:45:00.000Z";1801.57
"2026-04-15T07:45:00.000Z";"2026-04-15T07:48:00.000Z";1785.78
"2026-04-15T07:48:00.000Z";"2026-04-15T07:51:00.000Z";1784.11
"2026-04-15T07:51:00.000Z";"2026-04-15T07:54:00.000Z";1777.06
"2026-04-15T07:54:00.000Z";"2026-04-15T07:57:00.000Z";1776.9
"2026-04-15T07:57:00.000Z";"2026-04-15T08:00:00.000Z";1781.16
"2026-04-15T08:00:00.000Z";"2026-04-15T08:03:00.000Z";1752.8
"2026-04-15T08:03:00.000Z";"2026-04-15T08:06:00.000Z";1739.21
"2026-04-15T08:06:00.000Z";"2026-04-15T08:09:00.000Z";1733.9
"2026-04-15T08:09:00.000Z";"2026-04-15T08:12:00.000Z";1697.57
"2026-04-15T08:12:00.000Z";"2026-04-15T08:15:00.000Z";1662.18
"2026-04-15T08:15:00.000Z";"2026-04-15T08:18:00.000Z";1643.52
"2026-04-15T08:18:00.000Z";"2026-04-15T08:21:00.000Z";1636.5
"2026-04-15T08:21:00.000Z";"2026-04-15T08:24:00.000Z";1634.89
"2026-04-15T08:24:00.000Z";"2026-04-15T08:27:00.000Z";1643.11
"2026-04-15T08:27:00.000Z";"2026-04-15T08:30:00.000Z";1656.72
"2026-04-15T08:30:00.000Z";"2026-04-15T08:33:00.000Z";1652.56
"2026-04-15T08:33:00.000Z";"2026-04-15T08:36:00.000Z";1650.05
"2026-04-15T08:36:00.000Z";"2026-04-15T08:39:00.000Z";1647.84
"2026-04-15T08:39:00.000Z";"2026-04-15T08:42:00.000Z";1646.16
"2026-04-15T08:42:00.000Z";"2026-04-15T08:45:00.000Z";1637.47
"2026-04-15T08:45:00.000Z";"2026-04-15T08:48:00.000Z";1621.89
"2026-04-15T08:48:00.000Z";"2026-04-15T08:51:00.000Z";1624.22
"2026-04-15T08:51:00.000Z";"2026-04-15T08:54:00.000Z";1631.11
"2026-04-15T08:54:00.000Z";"2026-04-15T08:57:00.000Z";1634.77
"2026-04-15T08:57:00.000Z";"2026-04-15T09:00:00.000Z";1632.34
"2026-04-15T09:00:00.000Z";"2026-04-15T09:03:00.000Z";1598.26
"2026-04-15T09:03:00.000Z";"2026-04-15T09:06:00.000Z";1550.39
"2026-04-15T09:06:00.000Z";"2026-04-15T09:09:00.000Z";1540.84
"2026-04-15T09:09:00.000Z";"2026-04-15T09:12:00.000Z";1537.84
"2026-04-15T09:12:00.000Z";"2026-04-15T09:15:00.000Z";1540.61
"2026-04-15T09:15:00.000Z";"2026-04-15T09:18:00.000Z";1551.11
"2026-04-15T09:18:00.000Z";"2026-04-15T09:21:00.000Z";1562.55
"2026-04-15T09:21:00.000Z";"2026-04-15T09:24:00.000Z";1560.95
"2026-04-15T09:24:00.000Z";"2026-04-15T09:27:00.000Z";1558.17
"2026-04-15T09:27:00.000Z";"2026-04-15T09:30:00.000Z";1552.95
"2026-04-15T09:30:00.000Z";"2026-04-15T09:33:00.000Z";1550.28
"2026-04-15T09:33:00.000Z";"2026-04-15T09:36:00.000Z";1517.74
"2026-04-15T09:36:00.000Z";"2026-04-15T09:39:00.000Z";1466.85
"2026-04-15T09:39:00.000Z";"2026-04-15T09:42:00.000Z";1408.09
"2026-04-15T09:42:00.000Z";"2026-04-15T09:45:00.000Z";1362.19
"2026-04-15T09:45:00.000Z";"2026-04-15T09:48:00.000Z";1354.61
"2026-04-15T09:48:00.000Z";"2026-04-15T09:51:00.000Z";1358.17
"2026-04-15T09:51:00.000Z";"2026-04-15T09:54:00.000Z";1354.78
"2026-04-15T09:54:00.000Z";"2026-04-15T09:57:00.000Z";1356.33
"2026-04-15T09:57:00.000Z";"2026-04-15T10:00:00.000Z";1377.38
"2026-04-15T10:00:00.000Z";"2026-04-15T10:03:00.000Z";1379.61
"2026-04-15T10:03:00.000Z";"2026-04-15T10:06:00.000Z";1389.38
"2026-04-15T10:06:00.000Z";"2026-04-15T10:09:00.000Z";1356.85
"2026-04-15T10:09:00.000Z";"2026-04-15T10:12:00.000Z";1333.28
"2026-04-15T10:12:00.000Z";"2026-04-15T10:15:00.000Z";1312.51
"2026-04-15T10:15:00.000Z";"2026-04-15T10:18:00.000Z";1298.67
"2026-04-15T10:18:00.000Z";"2026-04-15T10:21:00.000Z";1290.67
"2026-04-15T10:21:00.000Z";"2026-04-15T10:24:00.000Z";1246.52
"2026-04-15T10:24:00.000Z";"2026-04-15T10:27:00.000Z";1211
"2026-04-15T10:27:00.000Z";"2026-04-15T10:30:00.000Z";1230.05
"2026-04-15T10:30:00.000Z";"2026-04-15T10:33:00.000Z";1257.82
"2026-04-15T10:33:00.000Z";"2026-04-15T10:36:00.000Z";1262.17
"2026-04-15T10:36:00.000Z";"2026-04-15T10:39:00.000Z";1264.11
"2026-04-15T10:39:00.000Z";"2026-04-15T10:42:00.000Z";1271.72
"2026-04-15T10:42:00.000Z";"2026-04-15T10:45:00.000Z";1278.33
"2026-04-15T10:45:00.000Z";"2026-04-15T10:48:00.000Z";1279.22
"2026-04-15T10:48:00.000Z";"2026-04-15T10:51:00.000Z";1277.73
"2026-04-15T10:51:00.000Z";"2026-04-15T10:54:00.000Z";1271.55
"2026-04-15T10:54:00.000Z";"2026-04-15T10:57:00.000Z";1266.84
"2026-04-15T10:57:00.000Z";"2026-04-15T11:00:00.000Z";1256.12
"2026-04-15T11:00:00.000Z";"2026-04-15T11:03:00.000Z";1237.02
"2026-04-15T11:03:00.000Z";"2026-04-15T11:06:00.000Z";1230.56
"2026-04-15T11:06:00.000Z";"2026-04-15T11:09:00.000Z";1239.55
"2026-04-15T11:09:00.000Z";"2026-04-15T11:12:00.000Z";1235.34
"2026-04-15T11:12:00.000Z";"2026-04-15T11:15:00.000Z";1243.39
"2026-04-15T11:15:00.000Z";"2026-04-15T11:18:00.000Z";1239.66
"2026-04-15T11:18:00.000Z";"2026-04-15T11:21:00.000Z";1233.89
"2026-04-15T11:21:00.000Z";"2026-04-15T11:24:00.000Z";1237.22
"2026-04-15T11:24:00.000Z";"2026-04-15T11:27:00.000Z";1235.22
"2026-04-15T11:27:00.000Z";"2026-04-15T11:30:00.000Z";1231.17
"2026-04-15T11:30:00.000Z";"2026-04-15T11:33:00.000Z";1234.28
"2026-04-15T11:33:00.000Z";"2026-04-15T11:36:00.000Z";1231
"2026-04-15T11:36:00.000Z";"2026-04-15T11:39:00.000Z";1229.44
"2026-04-15T11:39:00.000Z";"2026-04-15T11:42:00.000Z";1230.67
"2026-04-15T11:42:00.000Z";"2026-04-15T11:45:00.000Z";1230.89
"2026-04-15T11:45:00.000Z";"2026-04-15T11:48:00.000Z";1230.45
"2026-04-15T11:48:00.000Z";"2026-04-15T11:51:00.000Z";1227.44
"2026-04-15T11:51:00.000Z";"2026-04-15T11:54:00.000Z";1229.22
"2026-04-15T11:54:00.000Z";"2026-04-15T11:57:00.000Z";1232.22
"2026-04-15T11:57:00.000Z";"2026-04-15T12:00:00.000Z";1241.77
"2026-04-15T12:00:00.000Z";"2026-04-15T12:03:00.000Z";1244.29
"2026-04-15T12:03:00.000Z";"2026-04-15T12:06:00.000Z";1246.55
"2026-04-15T12:06:00.000Z";"2026-04-15T12:09:00.000Z";1246
"2026-04-15T12:09:00.000Z";"2026-04-15T12:12:00.000Z";1245.6
"2026-04-15T12:12:00.000Z";"2026-04-15T12:15:00.000Z";1249.83
"2026-04-15T12:15:00.000Z";"2026-04-15T12:18:00.000Z";1251.67
"2026-04-15T12:18:00.000Z";"2026-04-15T12:21:00.000Z";1258.94
"2026-04-15T12:21:00.000Z";"2026-04-15T12:24:00.000Z";1263.5
"2026-04-15T12:24:00.000Z";"2026-04-15T12:27:00.000Z";1257.51
"2026-04-15T12:27:00.000Z";"2026-04-15T12:30:00.000Z";1260.33
"2026-04-15T12:30:00.000Z";"2026-04-15T12:33:00.000Z";1254.51
"2026-04-15T12:33:00.000Z";"2026-04-15T12:36:00.000Z";1250.82
"2026-04-15T12:36:00.000Z";"2026-04-15T12:39:00.000Z";1254.72
"2026-04-15T12:39:00.000Z";"2026-04-15T12:42:00.000Z";1255.5
"2026-04-15T12:42:00.000Z";"2026-04-15T12:45:00.000Z";1258.16
"2026-04-15T12:45:00.000Z";"2026-04-15T12:48:00.000Z";1265.1
"2026-04-15T12:48:00.000Z";"2026-04-15T12:51:00.000Z";1277.66
"2026-04-15T12:51:00.000Z";"2026-04-15T12:54:00.000Z";1298.43
"2026-04-15T12:54:00.000Z";"2026-04-15T12:57:00.000Z";1343.99
"2026-04-15T12:57:00.000Z";"2026-04-15T13:00:00.000Z";1344.95
"2026-04-15T13:00:00.000Z";"2026-04-15T13:03:00.000Z";1321.51
"2026-04-15T13:03:00.000Z";"2026-04-15T13:06:00.000Z";1322.71
"2026-04-15T13:06:00.000Z";"2026-04-15T13:09:00.000Z";1347.27
"2026-04-15T13:09:00.000Z";"2026-04-15T13:12:00.000Z";1351.33
"2026-04-15T13:12:00.000Z";"2026-04-15T13:15:00.000Z";1352.67
"2026-04-15T13:15:00.000Z";"2026-04-15T13:18:00.000Z";1345.34
"2026-04-15T13:18:00.000Z";"2026-04-15T13:21:00.000Z";1343.72
"2026-04-15T13:21:00.000Z";"2026-04-15T13:24:00.000Z";1351.05
"2026-04-15T13:24:00.000Z";"2026-04-15T13:27:00.000Z";1364.05
"2026-04-15T13:27:00.000Z";"2026-04-15T13:30:00.000Z";1367.45
"2026-04-15T13:30:00.000Z";"2026-04-15T13:33:00.000Z";1365.89
"2026-04-15T13:33:00.000Z";"2026-04-15T13:36:00.000Z";1367
"2026-04-15T13:36:00.000Z";"2026-04-15T13:39:00.000Z";1337.66
"2026-04-15T13:39:00.000Z";"2026-04-15T13:42:00.000Z";1322.78
"2026-04-15T13:42:00.000Z";"2026-04-15T13:45:00.000Z";1326.94
"2026-04-15T13:45:00.000Z";"2026-04-15T13:48:00.000Z";1325.34
"2026-04-15T13:48:00.000Z";"2026-04-15T13:51:00.000Z";1322.28
"2026-04-15T13:51:00.000Z";"2026-04-15T13:54:00.000Z";1332.89
"2026-04-15T13:54:00.000Z";"2026-04-15T13:57:00.000Z";1332.22
"2026-04-15T13:57:00.000Z";"2026-04-15T14:00:00.000Z";1352.52
"2026-04-15T14:00:00.000Z";"2026-04-15T14:03:00.000Z";1370.78
"2026-04-15T14:03:00.000Z";"2026-04-15T14:06:00.000Z";1355.78
"2026-04-15T14:06:00.000Z";"2026-04-15T14:09:00.000Z";1360.83
"2026-04-15T14:09:00.000Z";"2026-04-15T14:12:00.000Z";1371.22
"2026-04-15T14:12:00.000Z";"2026-04-15T14:15:00.000Z";1385.61
"2026-04-15T14:15:00.000Z";"2026-04-15T14:18:00.000Z";1392.56
"2026-04-15T14:18:00.000Z";"2026-04-15T14:21:00.000Z";1388.66
"2026-04-15T14:21:00.000Z";"2026-04-15T14:24:00.000Z";1396.28
"2026-04-15T14:24:00.000Z";"2026-04-15T14:27:00.000Z";1406.1
"2026-04-15T14:27:00.000Z";"2026-04-15T14:30:00.000Z";1469.79
"2026-04-15T14:30:00.000Z";"2026-04-15T14:33:00.000Z";1481.16
"2026-04-15T14:33:00.000Z";"2026-04-15T14:36:00.000Z";1493.72
"2026-04-15T14:36:00.000Z";"2026-04-15T14:39:00.000Z";1503.17
"2026-04-15T14:39:00.000Z";"2026-04-15T14:42:00.000Z";1501.56
"2026-04-15T14:42:00.000Z";"2026-04-15T14:45:00.000Z";1503.5
"2026-04-15T14:45:00.000Z";"2026-04-15T14:48:00.000Z";1507.45
"2026-04-15T14:48:00.000Z";"2026-04-15T14:51:00.000Z";1500.56
"2026-04-15T14:51:00.000Z";"2026-04-15T14:54:00.000Z";1499.17
"2026-04-15T14:54:00.000Z";"2026-04-15T14:57:00.000Z";1501.72
"2026-04-15T14:57:00.000Z";"2026-04-15T15:00:00.000Z";1507.17
"2026-04-15T15:00:00.000Z";"2026-04-15T15:03:00.000Z";1543.49
"2026-04-15T15:03:00.000Z";"2026-04-15T15:06:00.000Z";1575.65
"2026-04-15T15:06:00.000Z";"2026-04-15T15:09:00.000Z";1591.99
"2026-04-15T15:09:00.000Z";"2026-04-15T15:12:00.000Z";1619.82
"2026-04-15T15:12:00.000Z";"2026-04-15T15:15:00.000Z";1634.6
"2026-04-15T15:15:00.000Z";"2026-04-15T15:18:00.000Z";1632
"2026-04-15T15:18:00.000Z";"2026-04-15T15:21:00.000Z";1622.72
"2026-04-15T15:21:00.000Z";"2026-04-15T15:24:00.000Z";1621.39
"2026-04-15T15:24:00.000Z";"2026-04-15T15:27:00.000Z";1631.1
"2026-04-15T15:27:00.000Z";"2026-04-15T15:30:00.000Z";1650.02
"2026-04-15T15:30:00.000Z";"2026-04-15T15:33:00.000Z";1652.68
"2026-04-15T15:33:00.000Z";"2026-04-15T15:36:00.000Z";1636.28
"2026-04-15T15:36:00.000Z";"2026-04-15T15:39:00.000Z";1639.5
"2026-04-15T15:39:00.000Z";"2026-04-15T15:42:00.000Z";1641.11
"2026-04-15T15:42:00.000Z";"2026-04-15T15:45:00.000Z";1642
"2026-04-15T15:45:00.000Z";"2026-04-15T15:48:00.000Z";1631.84
"2026-04-15T15:48:00.000Z";"2026-04-15T15:51:00.000Z";1627.56
"2026-04-15T15:51:00.000Z";"2026-04-15T15:54:00.000Z";1627.01
"2026-04-15T15:54:00.000Z";"2026-04-15T15:57:00.000Z";1628.5
"2026-04-15T15:57:00.000Z";"2026-04-15T16:00:00.000Z";1645.65
"2026-04-15T16:00:00.000Z";"2026-04-15T16:03:00.000Z";1711.15
"2026-04-15T16:03:00.000Z";"2026-04-15T16:06:00.000Z";1740.49
"2026-04-15T16:06:00.000Z";"2026-04-15T16:09:00.000Z";1765.15
"2026-04-15T16:09:00.000Z";"2026-04-15T16:12:00.000Z";1816.37
"2026-04-15T16:12:00.000Z";"2026-04-15T16:15:00.000Z";1854.82
"2026-04-15T16:15:00.000Z";"2026-04-15T16:18:00.000Z";1895.99
"2026-04-15T16:18:00.000Z";"2026-04-15T16:21:00.000Z";1901.55
"2026-04-15T16:21:00.000Z";"2026-04-15T16:24:00.000Z";1906.56
"2026-04-15T16:24:00.000Z";"2026-04-15T16:27:00.000Z";1906.94
"2026-04-15T16:27:00.000Z";"2026-04-15T16:30:00.000Z";1906.78
"2026-04-15T16:30:00.000Z";"2026-04-15T16:33:00.000Z";1906.67
"2026-04-15T16:33:00.000Z";"2026-04-15T16:36:00.000Z";1905.78
"2026-04-15T16:36:00.000Z";"2026-04-15T16:39:00.000Z";1901.61
"2026-04-15T16:39:00.000Z";"2026-04-15T16:42:00.000Z";1900.5
"2026-04-15T16:42:00.000Z";"2026-04-15T16:45:00.000Z";1900.89
"2026-04-15T16:45:00.000Z";"2026-04-15T16:48:00.000Z";1895.01
"2026-04-15T16:48:00.000Z";"2026-04-15T16:51:00.000Z";1896.05
"2026-04-15T16:51:00.000Z";"2026-04-15T16:54:00.000Z";1904.04
"2026-04-15T16:54:00.000Z";"2026-04-15T16:57:00.000Z";1913.28
"2026-04-15T16:57:00.000Z";"2026-04-15T17:00:00.000Z";1921.83
"2026-04-15T17:00:00.000Z";"2026-04-15T17:03:00.000Z";1931.5
"2026-04-15T17:03:00.000Z";"2026-04-15T17:06:00.000Z";1921.72
"2026-04-15T17:06:00.000Z";"2026-04-15T17:09:00.000Z";1949.75
"2026-04-15T17:09:00.000Z";"2026-04-15T17:12:00.000Z";2010.93
"2026-04-15T17:12:00.000Z";"2026-04-15T17:15:00.000Z";2028.33
"2026-04-15T17:15:00.000Z";"2026-04-15T17:18:00.000Z";2026.94
"2026-04-15T17:18:00.000Z";"2026-04-15T17:21:00.000Z";2028.28
"2026-04-15T17:21:00.000Z";"2026-04-15T17:24:00.000Z";2030.28
"2026-04-15T17:24:00.000Z";"2026-04-15T17:27:00.000Z";2033.78
"2026-04-15T17:27:00.000Z";"2026-04-15T17:30:00.000Z";2029.78
"2026-04-15T17:30:00.000Z";"2026-04-15T17:33:00.000Z";2022.89
"2026-04-15T17:33:00.000Z";"2026-04-15T17:36:00.000Z";2018.28
"2026-04-15T17:36:00.000Z";"2026-04-15T17:39:00.000Z";2014.72
"2026-04-15T17:39:00.000Z";"2026-04-15T17:42:00.000Z";2017.56
"2026-04-15T17:42:00.000Z";"2026-04-15T17:45:00.000Z";2020.67
"2026-04-15T17:45:00.000Z";"2026-04-15T17:48:00.000Z";2020.11
"2026-04-15T17:48:00.000Z";"2026-04-15T17:51:00.000Z";2017.94
"2026-04-15T17:51:00.000Z";"2026-04-15T17:54:00.000Z";2032.49
"2026-04-15T17:54:00.000Z";"2026-04-15T17:57:00.000Z";2038.67
"2026-04-15T17:57:00.000Z";"2026-04-15T18:00:00.000Z";2038.67
"2026-04-15T18:00:00.000Z";"2026-04-15T18:03:00.000Z";2036.61
"2026-04-15T18:03:00.000Z";"2026-04-15T18:06:00.000Z";2031.17
"2026-04-15T18:06:00.000Z";"2026-04-15T18:09:00.000Z";2027.78
"2026-04-15T18:09:00.000Z";"2026-04-15T18:12:00.000Z";2032.33
"2026-04-15T18:12:00.000Z";"2026-04-15T18:15:00.000Z";2034.72
"2026-04-15T18:15:00.000Z";"2026-04-15T18:18:00.000Z";2035.11
"2026-04-15T18:18:00.000Z";"2026-04-15T18:21:00.000Z";2035.28
"2026-04-15T18:21:00.000Z";"2026-04-15T18:24:00.000Z";2029.28
"2026-04-15T18:24:00.000Z";"2026-04-15T18:27:00.000Z";2022.4
"2026-04-15T18:27:00.000Z";"2026-04-15T18:30:00.000Z";2017.45
"2026-04-15T18:30:00.000Z";"2026-04-15T18:33:00.000Z";2019.94
"2026-04-15T18:33:00.000Z";"2026-04-15T18:36:00.000Z";2032.28
"2026-04-15T18:36:00.000Z";"2026-04-15T18:39:00.000Z";2029.89
"2026-04-15T18:39:00.000Z";"2026-04-15T18:42:00.000Z";2032.94
"2026-04-15T18:42:00.000Z";"2026-04-15T18:45:00.000Z";2031.17
"2026-04-15T18:45:00.000Z";"2026-04-15T18:48:00.000Z";2031.39
"2026-04-15T18:48:00.000Z";"2026-04-15T18:51:00.000Z";2036.27
"2026-04-15T18:51:00.000Z";"2026-04-15T18:54:00.000Z";2033.22
"2026-04-15T18:54:00.000Z";"2026-04-15T18:57:00.000Z";2033.06
"2026-04-15T18:57:00.000Z";"2026-04-15T19:00:00.000Z";2034.5
"2026-04-15T19:00:00.000Z";"2026-04-15T19:03:00.000Z";2029.56
"2026-04-15T19:03:00.000Z";"2026-04-15T19:06:00.000Z";2025.61
"2026-04-15T19:06:00.000Z";"2026-04-15T19:09:00.000Z";2020.28
"2026-04-15T19:09:00.000Z";"2026-04-15T19:12:00.000Z";2027.55
"2026-04-15T19:12:00.000Z";"2026-04-15T19:15:00.000Z";2034.39
"2026-04-15T19:15:00.000Z";"2026-04-15T19:18:00.000Z";2021.91
"2026-04-15T19:18:00.000Z";"2026-04-15T19:21:00.000Z";1960.51
"2026-04-15T19:21:00.000Z";"2026-04-15T19:24:00.000Z";1937.82
"2026-04-15T19:24:00.000Z";"2026-04-15T19:27:00.000Z";1903.9
"2026-04-15T19:27:00.000Z";"2026-04-15T19:30:00.000Z";1884.5
"2026-04-15T19:30:00.000Z";"2026-04-15T19:33:00.000Z";1883.17
"2026-04-15T19:33:00.000Z";"2026-04-15T19:36:00.000Z";1884.78
"2026-04-15T19:36:00.000Z";"2026-04-15T19:39:00.000Z";1873.73
"2026-04-15T19:39:00.000Z";"2026-04-15T19:42:00.000Z";1865.39
"2026-04-15T19:42:00.000Z";"2026-04-15T19:45:00.000Z";1856.22
"2026-04-15T19:45:00.000Z";"2026-04-15T19:48:00.000Z";1853.28
"2026-04-15T19:48:00.000Z";"2026-04-15T19:51:00.000Z";1840.17
"2026-04-15T19:51:00.000Z";"2026-04-15T19:54:00.000Z";1833.61
"2026-04-15T19:54:00.000Z";"2026-04-15T19:57:00.000Z";1836.66
"2026-04-15T19:57:00.000Z";"2026-04-15T20:00:00.000Z";1838.22
"2026-04-15T20:00:00.000Z";"2026-04-15T20:03:00.000Z";1811.73
"2026-04-15T20:03:00.000Z";"2026-04-15T20:06:00.000Z";1797.11
"2026-04-15T20:06:00.000Z";"2026-04-15T20:09:00.000Z";1783.28
"2026-04-15T20:09:00.000Z";"2026-04-15T20:12:00.000Z";1778.39
"2026-04-15T20:12:00.000Z";"2026-04-15T20:15:00.000Z";1775.22
"2026-04-15T20:15:00.000Z";"2026-04-15T20:18:00.000Z";1774.06
"2026-04-15T20:18:00.000Z";"2026-04-15T20:21:00.000Z";1776.5
"2026-04-15T20:21:00.000Z";"2026-04-15T20:24:00.000Z";1775.67
"2026-04-15T20:24:00.000Z";"2026-04-15T20:27:00.000Z";1773.44
"2026-04-15T20:27:00.000Z";"2026-04-15T20:30:00.000Z";1772.22
"2026-04-15T20:30:00.000Z";"2026-04-15T20:33:00.000Z";1760.07
"2026-04-15T20:33:00.000Z";"2026-04-15T20:36:00.000Z";1739.56
"2026-04-15T20:36:00.000Z";"2026-04-15T20:39:00.000Z";1714.51
"2026-04-15T20:39:00.000Z";"2026-04-15T20:42:00.000Z";1692.24
"2026-04-15T20:42:00.000Z";"2026-04-15T20:45:00.000Z";1690.27
"2026-04-15T20:45:00.000Z";"2026-04-15T20:48:00.000Z";1695.72
"2026-04-15T20:48:00.000Z";"2026-04-15T20:51:00.000Z";1698.33
"2026-04-15T20:51:00.000Z";"2026-04-15T20:54:00.000Z";1693.67
"2026-04-15T20:54:00.000Z";"2026-04-15T20:57:00.000Z";1672.84
"2026-04-15T20:57:00.000Z";"2026-04-15T21:00:00.000Z";1638.49
"2026-04-15T21:00:00.000Z";"2026-04-15T21:03:00.000Z";1551.13
"2026-04-15T21:03:00.000Z";"2026-04-15T21:06:00.000Z";1493.85
"2026-04-15T21:06:00.000Z";"2026-04-15T21:09:00.000Z";1468.79
"2026-04-15T21:09:00.000Z";"2026-04-15T21:12:00.000Z";1466.33
"2026-04-15T21:12:00.000Z";"2026-04-15T21:15:00.000Z";1458.33
"2026-04-15T21:15:00.000Z";"2026-04-15T21:18:00.000Z";1463.33
"2026-04-15T21:18:00.000Z";"2026-04-15T21:21:00.000Z";1470.17
"2026-04-15T21:21:00.000Z";"2026-04-15T21:24:00.000Z";1466.34
"2026-04-15T21:24:00.000Z";"2026-04-15T21:27:00.000Z";1455.45
"2026-04-15T21:27:00.000Z";"2026-04-15T21:30:00.000Z";1449.39
"2026-04-15T21:30:00.000Z";"2026-04-15T21:33:00.000Z";1450.61
"2026-04-15T21:33:00.000Z";"2026-04-15T21:36:00.000Z";1450
"2026-04-15T21:36:00.000Z";"2026-04-15T21:39:00.000Z";1453.61
"2026-04-15T21:39:00.000Z";"2026-04-15T21:42:00.000Z";1442.61
"2026-04-15T21:42:00.000Z";"2026-04-15T21:45:00.000Z";1442.17
"2026-04-15T21:45:00.000Z";"2026-04-15T21:48:00.000Z";1446.6
"2026-04-15T21:48:00.000Z";"2026-04-15T21:51:00.000Z";1473.59
"2026-04-15T21:51:00.000Z";"2026-04-15T21:54:00.000Z";1467.67
"2026-04-15T21:54:00.000Z";"2026-04-15T21:57:00.000Z";1459.29
"2026-04-15T21:57:00.000Z";"2026-04-15T22:00:00.000Z";1445.28
"2026-04-15T22:00:00.000Z";"2026-04-15T22:03:00.000Z";1419.06
"2026-04-15T22:03:00.000Z";"2026-04-15T22:06:00.000Z";1416.61
"2026-04-15T22:06:00.000Z";"2026-04-15T22:09:00.000Z";1413.78
"2026-04-15T22:09:00.000Z";"2026-04-15T22:12:00.000Z";1415.56
"2026-04-15T22:12:00.000Z";"2026-04-15T22:15:00.000Z";1400.56
"2026-04-15T22:15:00.000Z";"2026-04-15T22:18:00.000Z";1409.55
"2026-04-15T22:18:00.000Z";"2026-04-15T22:21:00.000Z";1447.49
"2026-04-15T22:21:00.000Z";"2026-04-15T22:24:00.000Z";1451.06
"2026-04-15T22:24:00.000Z";"2026-04-15T22:27:00.000Z";1461.94
"2026-04-15T22:27:00.000Z";"2026-04-15T22:30:00.000Z";1480.82
"2026-04-15T22:30:00.000Z";"2026-04-15T22:33:00.000Z";1508.22
"2026-04-15T22:33:00.000Z";"2026-04-15T22:36:00.000Z";1522.27
"2026-04-15T22:36:00.000Z";"2026-04-15T22:39:00.000Z";1534.78
"2026-04-15T22:39:00.000Z";"2026-04-15T22:42:00.000Z";1531.45
"2026-04-15T22:42:00.000Z";"2026-04-15T22:45:00.000Z";1549.15
"2026-04-15T22:45:00.000Z";"2026-04-15T22:48:00.000Z";1565.94
"2026-04-15T22:48:00.000Z";"2026-04-15T22:51:00.000Z";1572.89
"2026-04-15T22:51:00.000Z";"2026-04-15T22:54:00.000Z";1579.78
"2026-04-15T22:54:00.000Z";"2026-04-15T22:57:00.000Z";1573.22
"2026-04-15T22:57:00.000Z";"2026-04-15T23:00:00.000Z";1563.29
"2026-04-15T23:00:00.000Z";"2026-04-15T23:03:00.000Z";1544.95
"2026-04-15T23:03:00.000Z";"2026-04-15T23:06:00.000Z";1550.89
"2026-04-15T23:06:00.000Z";"2026-04-15T23:09:00.000Z";1546.89
"2026-04-15T23:09:00.000Z";"2026-04-15T23:12:00.000Z";1549.84
"2026-04-15T23:12:00.000Z";"2026-04-15T23:15:00.000Z";1549.17
"2026-04-15T23:15:00.000Z";"2026-04-15T23:18:00.000Z";1549.89
"2026-04-15T23:18:00.000Z";"2026-04-15T23:21:00.000Z";1549
"2026-04-15T23:21:00.000Z";"2026-04-15T23:24:00.000Z";1546.22
"2026-04-15T23:24:00.000Z";"2026-04-15T23:27:00.000Z";1546.94
"2026-04-15T23:27:00.000Z";"2026-04-15T23:30:00.000Z";1547.23
"2026-04-15T23:30:00.000Z";"2026-04-15T23:33:00.000Z";1545.22
"2026-04-15T23:33:00.000Z";"2026-04-15T23:36:00.000Z";1548.83
"2026-04-15T23:36:00.000Z";"2026-04-15T23:39:00.000Z";1556.28
"2026-04-15T23:39:00.000Z";"2026-04-15T23:42:00.000Z";1554.56
"2026-04-15T23:42:00.000Z";"2026-04-15T23:45:00.000Z";1550.78
"2026-04-15T23:45:00.000Z";"2026-04-15T23:48:00.000Z";1552.44
"2026-04-15T23:48:00.000Z";"2026-04-15T23:51:00.000Z";1550.78
"2026-04-15T23:51:00.000Z";"2026-04-15T23:54:00.000Z";1550.83
"2026-04-15T23:54:00.000Z";"2026-04-15T23:57:00.000Z";1545.83
"2026-04-15T23:57:00.000Z";"2026-04-16T00:00:00.000Z";1543.22
"2026-04-16T00:00:00.000Z";"2026-04-16T00:03:00.000Z";1550.11
"2026-04-16T00:03:00.000Z";"2026-04-16T00:06:00.000Z";1550.01
"2026-04-16T00:06:00.000Z";"2026-04-16T00:09:00.000Z";1546.5
"2026-04-16T00:09:00.000Z";"2026-04-16T00:12:00.000Z";1551.33
"2026-04-16T00:12:00.000Z";"2026-04-16T00:15:00.000Z";1549
"2026-04-16T00:15:00.000Z";"2026-04-16T00:18:00.000Z";1538.73
"2026-04-16T00:18:00.000Z";"2026-04-16T00:21:00.000Z";1527.17
"2026-04-16T00:21:00.000Z";"2026-04-16T00:24:00.000Z";1522.06
"2026-04-16T00:24:00.000Z";"2026-04-16T00:27:00.000Z";1515.67
"2026-04-16T00:27:00.000Z";"2026-04-16T00:30:00.000Z";1505.89
"2026-04-16T00:30:00.000Z";"2026-04-16T00:33:00.000Z";1509.27
"2026-04-16T00:33:00.000Z";"2026-04-16T00:36:00.000Z";1511.67
"2026-04-16T00:36:00.000Z";"2026-04-16T00:39:00.000Z";1506.45
"2026-04-16T00:39:00.000Z";"2026-04-16T00:42:00.000Z";1507.05
"2026-04-16T00:42:00.000Z";"2026-04-16T00:45:00.000Z";1511.89
"2026-04-16T00:45:00.000Z";"2026-04-16T00:48:00.000Z";1510.55
"2026-04-16T00:48:00.000Z";"2026-04-16T00:51:00.000Z";1502.07
"2026-04-16T00:51:00.000Z";"2026-04-16T00:54:00.000Z";1477.56
"2026-04-16T00:54:00.000Z";"2026-04-16T00:57:00.000Z";1481.78
"2026-04-16T00:57:00.000Z";"2026-04-16T01:00:00.000Z";1487.93
"2026-04-16T01:00:00.000Z";"2026-04-16T01:03:00.000Z";1509.54
"2026-04-16T01:03:00.000Z";"2026-04-16T01:06:00.000Z";1522.99
"2026-04-16T01:06:00.000Z";"2026-04-16T01:09:00.000Z";1540.77
"2026-04-16T01:09:00.000Z";"2026-04-16T01:12:00.000Z";1552.89
"2026-04-16T01:12:00.000Z";"2026-04-16T01:15:00.000Z";1545.67
"2026-04-16T01:15:00.000Z";"2026-04-16T01:18:00.000Z";1535.45
"2026-04-16T01:18:00.000Z";"2026-04-16T01:21:00.000Z";1512.95
"2026-04-16T01:21:00.000Z";"2026-04-16T01:24:00.000Z";1491.17
"2026-04-16T01:24:00.000Z";"2026-04-16T01:27:00.000Z";1488.55
"2026-04-16T01:27:00.000Z";"2026-04-16T01:30:00.000Z";1489
"2026-04-16T01:30:00.000Z";"2026-04-16T01:33:00.000Z";1488.28
"2026-04-16T01:33:00.000Z";"2026-04-16T01:36:00.000Z";1489.17
"2026-04-16T01:36:00.000Z";"2026-04-16T01:39:00.000Z";1496.17
"2026-04-16T01:39:00.000Z";"2026-04-16T01:42:00.000Z";1500.99
"2026-04-16T01:42:00.000Z";"2026-04-16T01:45:00.000Z";1504.67
"2026-04-16T01:45:00.000Z";"2026-04-16T01:48:00.000Z";1506.27
"2026-04-16T01:48:00.000Z";"2026-04-16T01:51:00.000Z";1506.45
"2026-04-16T01:51:00.000Z";"2026-04-16T01:54:00.000Z";1507.94
"2026-04-16T01:54:00.000Z";"2026-04-16T01:57:00.000Z";1504.73
"2026-04-16T01:57:00.000Z";"2026-04-16T02:00:00.000Z";1496.33
"2026-04-16T02:00:00.000Z";"2026-04-16T02:03:00.000Z";1513.66
"2026-04-16T02:03:00.000Z";"2026-04-16T02:06:00.000Z";1530.22
"2026-04-16T02:06:00.000Z";"2026-04-16T02:09:00.000Z";1522.39
"2026-04-16T02:09:00.000Z";"2026-04-16T02:12:00.000Z";1519.33
"2026-04-16T02:12:00.000Z";"2026-04-16T02:15:00.000Z";1536.16
"2026-04-16T02:15:00.000Z";"2026-04-16T02:18:00.000Z";1535.45
"2026-04-16T02:18:00.000Z";"2026-04-16T02:21:00.000Z";1547.39
"2026-04-16T02:21:00.000Z";"2026-04-16T02:24:00.000Z";1555.83
"2026-04-16T02:24:00.000Z";"2026-04-16T02:27:00.000Z";1555.94
"2026-04-16T02:27:00.000Z";"2026-04-16T02:30:00.000Z";1565.61
"2026-04-16T02:30:00.000Z";"2026-04-16T02:33:00.000Z";1581.11
"2026-04-16T02:33:00.000Z";"2026-04-16T02:36:00.000Z";1588.11
"2026-04-16T02:36:00.000Z";"2026-04-16T02:39:00.000Z";1594.94
"2026-04-16T02:39:00.000Z";"2026-04-16T02:42:00.000Z";1594.94
"2026-04-16T02:42:00.000Z";"2026-04-16T02:45:00.000Z";1587.84
"2026-04-16T02:45:00.000Z";"2026-04-16T02:48:00.000Z";1563.78
"2026-04-16T02:48:00.000Z";"2026-04-16T02:51:00.000Z";1553.84
"2026-04-16T02:51:00.000Z";"2026-04-16T02:54:00.000Z";1551.08
"2026-04-16T02:54:00.000Z";"2026-04-16T02:57:00.000Z";1591.93
"2026-04-16T02:57:00.000Z";"2026-04-16T03:00:00.000Z";1634.83
"2026-04-16T03:00:00.000Z";"2026-04-16T03:03:00.000Z";1665.98
"2026-04-16T03:03:00.000Z";"2026-04-16T03:06:00.000Z";1698.55
"2026-04-16T03:06:00.000Z";"2026-04-16T03:09:00.000Z";1713.16
"2026-04-16T03:09:00.000Z";"2026-04-16T03:12:00.000Z";1723.28
"2026-04-16T03:12:00.000Z";"2026-04-16T03:15:00.000Z";1719.72
"2026-04-16T03:15:00.000Z";"2026-04-16T03:18:00.000Z";1720.28
"2026-04-16T03:18:00.000Z";"2026-04-16T03:21:00.000Z";1711.06
"2026-04-16T03:21:00.000Z";"2026-04-16T03:24:00.000Z";1719.61
"2026-04-16T03:24:00.000Z";"2026-04-16T03:27:00.000Z";1725.49
"2026-04-16T03:27:00.000Z";"2026-04-16T03:30:00.000Z";1747.32
"2026-04-16T03:30:00.000Z";"2026-04-16T03:33:00.000Z";1866.11
"2026-04-16T03:33:00.000Z";"2026-04-16T03:36:00.000Z";1908.92
"2026-04-16T03:36:00.000Z";"2026-04-16T03:39:00.000Z";1919.39
"2026-04-16T03:39:00.000Z";"2026-04-16T03:42:00.000Z";1909.56
"2026-04-16T03:42:00.000Z";"2026-04-16T03:45:00.000Z";1913.33
"2026-04-16T03:45:00.000Z";"2026-04-16T03:48:00.000Z";1914.11
"2026-04-16T03:48:00.000Z";"2026-04-16T03:51:00.000Z";1914.89
"2026-04-16T03:51:00.000Z";"2026-04-16T03:54:00.000Z";1895.95
"2026-04-16T03:54:00.000Z";"2026-04-16T03:57:00.000Z";1872.28
"2026-04-16T03:57:00.000Z";"2026-04-16T04:00:00.000Z";1887.44
"2026-04-16T04:00:00.000Z";"2026-04-16T04:03:00.000Z";1900.56
"2026-04-16T04:03:00.000Z";"2026-04-16T04:06:00.000Z";1897.11
"2026-04-16T04:06:00.000Z";"2026-04-16T04:09:00.000Z";1881.61
"2026-04-16T04:09:00.000Z";"2026-04-16T04:12:00.000Z";1882.11
"2026-04-16T04:12:00.000Z";"2026-04-16T04:15:00.000Z";1848.73
"2026-04-16T04:15:00.000Z";"2026-04-16T04:18:00.000Z";1849
"2026-04-16T04:18:00.000Z";"2026-04-16T04:21:00.000Z";1848.95
"2026-04-16T04:21:00.000Z";"2026-04-16T04:24:00.000Z";1844.56
"2026-04-16T04:24:00.000Z";"2026-04-16T04:27:00.000Z";1843.78
"2026-04-16T04:27:00.000Z";"2026-04-16T04:30:00.000Z";1844.28
"2026-04-16T04:30:00.000Z";"2026-04-16T04:33:00.000Z";1841.17
"2026-04-16T04:33:00.000Z";"2026-04-16T04:36:00.000Z";1836.22
"2026-04-16T04:36:00.000Z";"2026-04-16T04:39:00.000Z";1834.06
"2026-04-16T04:39:00.000Z";"2026-04-16T04:42:00.000Z";1834.89
"2026-04-16T04:42:00.000Z";"2026-04-16T04:45:00.000Z";1838.94
"2026-04-16T04:45:00.000Z";"2026-04-16T04:48:00.000Z";1837.11
"2026-04-16T04:48:00.000Z";"2026-04-16T04:51:00.000Z";1837.94
"2026-04-16T04:51:00.000Z";"2026-04-16T04:54:00.000Z";1837.06
"2026-04-16T04:54:00.000Z";"2026-04-16T04:57:00.000Z";1839.33
"2026-04-16T04:57:00.000Z";"2026-04-16T05:00:00.000Z";1836.23
"2026-04-16T05:00:00.000Z";"2026-04-16T05:03:00.000Z";1831
"2026-04-16T05:03:00.000Z";"2026-04-16T05:06:00.000Z";1827.72
"2026-04-16T05:06:00.000Z";"2026-04-16T05:09:00.000Z";1840.61
"2026-04-16T05:09:00.000Z";"2026-04-16T05:12:00.000Z";1846.11
"2026-04-16T05:12:00.000Z";"2026-04-16T05:15:00.000Z";1843.61
"2026-04-16T05:15:00.000Z";"2026-04-16T05:18:00.000Z";1860.87
"2026-04-16T05:18:00.000Z";"2026-04-16T05:21:00.000Z";1870.5
"2026-04-16T05:21:00.000Z";"2026-04-16T05:24:00.000Z";1878.44
"2026-04-16T05:24:00.000Z";"2026-04-16T05:27:00.000Z";1878.61
"2026-04-16T05:27:00.000Z";"2026-04-16T05:30:00.000Z";1871.96
"2026-04-16T05:30:00.000Z";"2026-04-16T05:33:00.000Z";1855.56
"2026-04-16T05:33:00.000Z";"2026-04-16T05:36:00.000Z";1856.83
"2026-04-16T05:36:00.000Z";"2026-04-16T05:39:00.000Z";1864.61
"2026-04-16T05:39:00.000Z";"2026-04-16T05:42:00.000Z";1867.34
"2026-04-16T05:42:00.000Z";"2026-04-16T05:45:00.000Z";1859.9
"2026-04-16T05:45:00.000Z";"2026-04-16T05:48:00.000Z";1851.56
"2026-04-16T05:48:00.000Z";"2026-04-16T05:51:00.000Z";1843.83
"2026-04-16T05:51:00.000Z";"2026-04-16T05:54:00.000Z";1844
"2026-04-16T05:54:00.000Z";"2026-04-16T05:57:00.000Z";1851.11
"2026-04-16T05:57:00.000Z";"2026-04-16T06:00:00.000Z";1851.01
"2026-04-16T06:00:00.000Z";"2026-04-16T06:03:00.000Z";1834.63
"2026-04-16T06:03:00.000Z";"2026-04-16T06:06:00.000Z";1841.83
"2026-04-16T06:06:00.000Z";"2026-04-16T06:09:00.000Z";1847.94
"2026-04-16T06:09:00.000Z";"2026-04-16T06:12:00.000Z";1846.94
"2026-04-16T06:12:00.000Z";"2026-04-16T06:15:00.000Z";1848.06
"2026-04-16T06:15:00.000Z";"2026-04-16T06:18:00.000Z";1848.56
"2026-04-16T06:18:00.000Z";"2026-04-16T06:21:00.000Z";1847.22
"2026-04-16T06:21:00.000Z";"2026-04-16T06:24:00.000Z";1847.28
"2026-04-16T06:24:00.000Z";"2026-04-16T06:27:00.000Z";1847.61
"2026-04-16T06:27:00.000Z";"2026-04-16T06:30:00.000Z";1847.61
"2026-04-16T06:30:00.000Z";"2026-04-16T06:33:00.000Z";1849.33
"2026-04-16T06:33:00.000Z";"2026-04-16T06:36:00.000Z";1850.56
"2026-04-16T06:36:00.000Z";"2026-04-16T06:39:00.000Z";1847.22
"2026-04-16T06:39:00.000Z";"2026-04-16T06:42:00.000Z";1842.17
"2026-04-16T06:42:00.000Z";"2026-04-16T06:45:00.000Z";1844.94
"2026-04-16T06:45:00.000Z";"2026-04-16T06:48:00.000Z";1847.44
"2026-04-16T06:48:00.000Z";"2026-04-16T06:51:00.000Z";1859.6
"2026-04-16T06:51:00.000Z";"2026-04-16T06:54:00.000Z";1857.62
"2026-04-16T06:54:00.000Z";"2026-04-16T06:57:00.000Z";1844.28
"2026-04-16T06:57:00.000Z";"2026-04-16T07:00:00.000Z";1837.51
"2026-04-16T07:00:00.000Z";"2026-04-16T07:03:00.000Z";1820.79
"2026-04-16T07:03:00.000Z";"2026-04-16T07:06:00.000Z";1810.44
"2026-04-16T07:06:00.000Z";"2026-04-16T07:09:00.000Z";1803.28
"2026-04-16T07:09:00.000Z";"2026-04-16T07:12:00.000Z";1772
"2026-04-16T07:12:00.000Z";"2026-04-16T07:15:00.000Z";1747.51
"2026-04-16T07:15:00.000Z";"2026-04-16T07:18:00.000Z";1755.33
"2026-04-16T07:18:00.000Z";"2026-04-16T07:21:00.000Z";1757.28
"2026-04-16T07:21:00.000Z";"2026-04-16T07:24:00.000Z";1749.57
"2026-04-16T07:24:00.000Z";"2026-04-16T07:27:00.000Z";1744.67
"2026-04-16T07:27:00.000Z";"2026-04-16T07:30:00.000Z";1737.89
"2026-04-16T07:30:00.000Z";"2026-04-16T07:33:00.000Z";1727.45
"2026-04-16T07:33:00.000Z";"2026-04-16T07:36:00.000Z";1739.15
"2026-04-16T07:36:00.000Z";"2026-04-16T07:39:00.000Z";1714.13
"2026-04-16T07:39:00.000Z";"2026-04-16T07:42:00.000Z";1694.62
"2026-04-16T07:42:00.000Z";"2026-04-16T07:45:00.000Z";1686.56
"2026-04-16T07:45:00.000Z";"2026-04-16T07:48:00.000Z";1681.28
"2026-04-16T07:48:00.000Z";"2026-04-16T07:51:00.000Z";1681.01
"2026-04-16T07:51:00.000Z";"2026-04-16T07:54:00.000Z";1673.78
"2026-04-16T07:54:00.000Z";"2026-04-16T07:57:00.000Z";1672.44
"2026-04-16T07:57:00.000Z";"2026-04-16T08:00:00.000Z";1682.22
"2026-04-16T08:00:00.000Z";"2026-04-16T08:03:00.000Z";1662.02
"2026-04-16T08:03:00.000Z";"2026-04-16T08:06:00.000Z";1622.35
"2026-04-16T08:06:00.000Z";"2026-04-16T08:09:00.000Z";1617.39
"2026-04-16T08:09:00.000Z";"2026-04-16T08:12:00.000Z";1611.01
"2026-04-16T08:12:00.000Z";"2026-04-16T08:15:00.000Z";1582.58
"2026-04-16T08:15:00.000Z";"2026-04-16T08:18:00.000Z";1557.18
"2026-04-16T08:18:00.000Z";"2026-04-16T08:21:00.000Z";1530.78
"2026-04-16T08:21:00.000Z";"2026-04-16T08:24:00.000Z";1533.33
"2026-04-16T08:24:00.000Z";"2026-04-16T08:27:00.000Z";1532.45
"2026-04-16T08:27:00.000Z";"2026-04-16T08:30:00.000Z";1524.62
"2026-04-16T08:30:00.000Z";"2026-04-16T08:33:00.000Z";1501.01
"2026-04-16T08:33:00.000Z";"2026-04-16T08:36:00.000Z";1491.83
"2026-04-16T08:36:00.000Z";"2026-04-16T08:39:00.000Z";1481
"2026-04-16T08:39:00.000Z";"2026-04-16T08:42:00.000Z";1488.83
"2026-04-16T08:42:00.000Z";"2026-04-16T08:45:00.000Z";1489.3
"2026-04-16T08:45:00.000Z";"2026-04-16T08:48:00.000Z";1472.56
"2026-04-16T08:48:00.000Z";"2026-04-16T08:51:00.000Z";1450.03
"2026-04-16T08:51:00.000Z";"2026-04-16T08:54:00.000Z";1421.67
"2026-04-16T08:54:00.000Z";"2026-04-16T08:57:00.000Z";1417.33
"2026-04-16T08:57:00.000Z";"2026-04-16T09:00:00.000Z";1437.27
"2026-04-16T09:00:00.000Z";"2026-04-16T09:03:00.000Z";1424.03
"2026-04-16T09:03:00.000Z";"2026-04-16T09:06:00.000Z";1385.79
"2026-04-16T09:06:00.000Z";"2026-04-16T09:09:00.000Z";1377.33
"2026-04-16T09:09:00.000Z";"2026-04-16T09:12:00.000Z";1377.83
"2026-04-16T09:12:00.000Z";"2026-04-16T09:15:00.000Z";1379.33
"2026-04-16T09:15:00.000Z";"2026-04-16T09:18:00.000Z";1382.56
"2026-04-16T09:18:00.000Z";"2026-04-16T09:21:00.000Z";1361.19
"2026-04-16T09:21:00.000Z";"2026-04-16T09:24:00.000Z";1335.95
"2026-04-16T09:24:00.000Z";"2026-04-16T09:27:00.000Z";1327.22
"2026-04-16T09:27:00.000Z";"2026-04-16T09:30:00.000Z";1317.28
"2026-04-16T09:30:00.000Z";"2026-04-16T09:33:00.000Z";1320.94
"2026-04-16T09:33:00.000Z";"2026-04-16T09:36:00.000Z";1320.33
"2026-04-16T09:36:00.000Z";"2026-04-16T09:39:00.000Z";1303.79
"2026-04-16T09:39:00.000Z";"2026-04-16T09:42:00.000Z";1291.56
"2026-04-16T09:42:00.000Z";"2026-04-16T09:45:00.000Z";1280.56
"2026-04-16T09:45:00.000Z";"2026-04-16T09:48:00.000Z";1287.44
"2026-04-16T09:48:00.000Z";"2026-04-16T09:51:00.000Z";1291.78
"2026-04-16T09:51:00.000Z";"2026-04-16T09:54:00.000Z";1293.72
"2026-04-16T09:54:00.000Z";"2026-04-16T09:57:00.000Z";1290.61
"2026-04-16T09:57:00.000Z";"2026-04-16T10:00:00.000Z";1291.33
"2026-04-16T10:00:00.000Z";"2026-04-16T10:03:00.000Z";1291.78
"2026-04-16T10:03:00.000Z";"2026-04-16T10:06:00.000Z";1288.83
"2026-04-16T10:06:00.000Z";"2026-04-16T10:09:00.000Z";1289.83
"2026-04-16T10:09:00.000Z";"2026-04-16T10:12:00.000Z";1279.56
"2026-04-16T10:12:00.000Z";"2026-04-16T10:15:00.000Z";1276.45
"2026-04-16T10:15:00.000Z";"2026-04-16T10:18:00.000Z";1273.77
"2026-04-16T10:18:00.000Z";"2026-04-16T10:21:00.000Z";1274.5
"2026-04-16T10:21:00.000Z";"2026-04-16T10:24:00.000Z";1278.16
"2026-04-16T10:24:00.000Z";"2026-04-16T10:27:00.000Z";1275.12
"2026-04-16T10:27:00.000Z";"2026-04-16T10:30:00.000Z";1272.22
"2026-04-16T10:30:00.000Z";"2026-04-16T10:33:00.000Z";1278.09
"2026-04-16T10:33:00.000Z";"2026-04-16T10:36:00.000Z";1284.28
"2026-04-16T10:36:00.000Z";"2026-04-16T10:39:00.000Z";1281.89
"2026-04-16T10:39:00.000Z";"2026-04-16T10:42:00.000Z";1278.23
"2026-04-16T10:42:00.000Z";"2026-04-16T10:45:00.000Z";1270.89
"2026-04-16T10:45:00.000Z";"2026-04-16T10:48:00.000Z";1260.9
"2026-04-16T10:48:00.000Z";"2026-04-16T10:51:00.000Z";1229.56
"2026-04-16T10:51:00.000Z";"2026-04-16T10:54:00.000Z";1214.17
"2026-04-16T10:54:00.000Z";"2026-04-16T10:57:00.000Z";1217.83
"2026-04-16T10:57:00.000Z";"2026-04-16T11:00:00.000Z";1214.39
"2026-04-16T11:00:00.000Z";"2026-04-16T11:03:00.000Z";1211.83
"2026-04-16T11:03:00.000Z";"2026-04-16T11:06:00.000Z";1213.28
"2026-04-16T11:06:00.000Z";"2026-04-16T11:09:00.000Z";1210.94
"2026-04-16T11:09:00.000Z";"2026-04-16T11:12:00.000Z";1204.67
"2026-04-16T11:12:00.000Z";"2026-04-16T11:15:00.000Z";1209.11
"2026-04-16T11:15:00.000Z";"2026-04-16T11:18:00.000Z";1211.23
"2026-04-16T11:18:00.000Z";"2026-04-16T11:21:00.000Z";1211.67
"2026-04-16T11:21:00.000Z";"2026-04-16T11:24:00.000Z";1206.56
"2026-04-16T11:24:00.000Z";"2026-04-16T11:27:00.000Z";1204.94
"2026-04-16T11:27:00.000Z";"2026-04-16T11:30:00.000Z";1206.78
"2026-04-16T11:30:00.000Z";"2026-04-16T11:33:00.000Z";1203.89
"2026-04-16T11:33:00.000Z";"2026-04-16T11:36:00.000Z";1203.22
"2026-04-16T11:36:00.000Z";"2026-04-16T11:39:00.000Z";1204.45
"2026-04-16T11:39:00.000Z";"2026-04-16T11:42:00.000Z";1202.94
"2026-04-16T11:42:00.000Z";"2026-04-16T11:45:00.000Z";1200.89
"2026-04-16T11:45:00.000Z";"2026-04-16T11:48:00.000Z";1204.16
"2026-04-16T11:48:00.000Z";"2026-04-16T11:51:00.000Z";1207.22
"2026-04-16T11:51:00.000Z";"2026-04-16T11:54:00.000Z";1199.21
"2026-04-16T11:54:00.000Z";"2026-04-16T11:57:00.000Z";1210.61
"2026-04-16T11:57:00.000Z";"2026-04-16T12:00:00.000Z";1214.32
"2026-04-16T12:00:00.000Z";"2026-04-16T12:03:00.000Z";1217.11
"2026-04-16T12:03:00.000Z";"2026-04-16T12:06:00.000Z";1221.38
"2026-04-16T12:06:00.000Z";"2026-04-16T12:09:00.000Z";1220.34
"2026-04-16T12:09:00.000Z";"2026-04-16T12:12:00.000Z";1219.5
"2026-04-16T12:12:00.000Z";"2026-04-16T12:15:00.000Z";1221.28
"2026-04-16T12:15:00.000Z";"2026-04-16T12:18:00.000Z";1220.89
"2026-04-16T12:18:00.000Z";"2026-04-16T12:21:00.000Z";1219.83
"2026-04-16T12:21:00.000Z";"2026-04-16T12:24:00.000Z";1221.5
"2026-04-16T12:24:00.000Z";"2026-04-16T12:27:00.000Z";1221.28
"2026-04-16T12:27:00.000Z";"2026-04-16T12:30:00.000Z";1212.29
"2026-04-16T12:30:00.000Z";"2026-04-16T12:33:00.000Z";1202.05
"2026-04-16T12:33:00.000Z";"2026-04-16T12:36:00.000Z";1204.39
"2026-04-16T12:36:00.000Z";"2026-04-16T12:39:00.000Z";1198.39
"2026-04-16T12:39:00.000Z";"2026-04-16T12:42:00.000Z";1201.5
"2026-04-16T12:42:00.000Z";"2026-04-16T12:45:00.000Z";1210.11
"2026-04-16T12:45:00.000Z";"2026-04-16T12:48:00.000Z";1213.99
"2026-04-16T12:48:00.000Z";"2026-04-16T12:51:00.000Z";1211.06
"2026-04-16T12:51:00.000Z";"2026-04-16T12:54:00.000Z";1207.22
"2026-04-16T12:54:00.000Z";"2026-04-16T12:57:00.000Z";1193.68
"2026-04-16T12:57:00.000Z";"2026-04-16T13:00:00.000Z";1189.88
"2026-04-16T13:00:00.000Z";"2026-04-16T13:03:00.000Z";1226.31
"2026-04-16T13:03:00.000Z";"2026-04-16T13:06:00.000Z";1226.29
"2026-04-16T13:06:00.000Z";"2026-04-16T13:09:00.000Z";1223.83
"2026-04-16T13:09:00.000Z";"2026-04-16T13:12:00.000Z";1221.44
"2026-04-16T13:12:00.000Z";"2026-04-16T13:15:00.000Z";1227.67
"2026-04-16T13:15:00.000Z";"2026-04-16T13:18:00.000Z";1236.55
"2026-04-16T13:18:00.000Z";"2026-04-16T13:21:00.000Z";1282.2
"2026-04-16T13:21:00.000Z";"2026-04-16T13:24:00.000Z";1290.17
"2026-04-16T13:24:00.000Z";"2026-04-16T13:27:00.000Z";1293.38
"2026-04-16T13:27:00.000Z";"2026-04-16T13:30:00.000Z";1298.39
"2026-04-16T13:30:00.000Z";"2026-04-16T13:33:00.000Z";1289.62
"2026-04-16T13:33:00.000Z";"2026-04-16T13:36:00.000Z";1282.78
"2026-04-16T13:36:00.000Z";"2026-04-16T13:39:00.000Z";1280.78
"2026-04-16T13:39:00.000Z";"2026-04-16T13:42:00.000Z";1294.25
"2026-04-16T13:42:00.000Z";"2026-04-16T13:45:00.000Z";1345.66
"2026-04-16T13:45:00.000Z";"2026-04-16T13:48:00.000Z";1352.34
"2026-04-16T13:48:00.000Z";"2026-04-16T13:51:00.000Z";1353.11
"2026-04-16T13:51:00.000Z";"2026-04-16T13:54:00.000Z";1344.34
"2026-04-16T13:54:00.000Z";"2026-04-16T13:57:00.000Z";1344.72
"2026-04-16T13:57:00.000Z";"2026-04-16T14:00:00.000Z";1352.28
"2026-04-16T14:00:00.000Z";"2026-04-16T14:03:00.000Z";1377.54
"2026-04-16T14:03:00.000Z";"2026-04-16T14:06:00.000Z";1375.83
"2026-04-16T14:06:00.000Z";"2026-04-16T14:09:00.000Z";1380.66
"2026-04-16T14:09:00.000Z";"2026-04-16T14:12:00.000Z";1381.39
"2026-04-16T14:12:00.000Z";"2026-04-16T14:15:00.000Z";1414.19
"2026-04-16T14:15:00.000Z";"2026-04-16T14:18:00.000Z";1478.76
"2026-04-16T14:18:00.000Z";"2026-04-16T14:21:00.000Z";1507.6
"2026-04-16T14:21:00.000Z";"2026-04-16T14:24:00.000Z";1520.55
"2026-04-16T14:24:00.000Z";"2026-04-16T14:27:00.000Z";1524.44
"2026-04-16T14:27:00.000Z";"2026-04-16T14:30:00.000Z";1522.61
"2026-04-16T14:30:00.000Z";"2026-04-16T14:33:00.000Z";1525.44
"2026-04-16T14:33:00.000Z";"2026-04-16T14:36:00.000Z";1522.89
"2026-04-16T14:36:00.000Z";"2026-04-16T14:39:00.000Z";1513.39
"2026-04-16T14:39:00.000Z";"2026-04-16T14:42:00.000Z";1512.88
"2026-04-16T14:42:00.000Z";"2026-04-16T14:45:00.000Z";1522.94
"2026-04-16T14:45:00.000Z";"2026-04-16T14:48:00.000Z";1524.67
"2026-04-16T14:48:00.000Z";"2026-04-16T14:51:00.000Z";1517.95
"2026-04-16T14:51:00.000Z";"2026-04-16T14:54:00.000Z";1514.28
"2026-04-16T14:54:00.000Z";"2026-04-16T14:57:00.000Z";1522.11
"2026-04-16T14:57:00.000Z";"2026-04-16T15:00:00.000Z";1541.82
"2026-04-16T15:00:00.000Z";"2026-04-16T15:03:00.000Z";1534.73
"2026-04-16T15:03:00.000Z";"2026-04-16T15:06:00.000Z";1523.5
"2026-04-16T15:06:00.000Z";"2026-04-16T15:09:00.000Z";1525.78
"2026-04-16T15:09:00.000Z";"2026-04-16T15:12:00.000Z";1527.28
"2026-04-16T15:12:00.000Z";"2026-04-16T15:15:00.000Z";1529.66
"2026-04-16T15:15:00.000Z";"2026-04-16T15:18:00.000Z";1514.3
"2026-04-16T15:18:00.000Z";"2026-04-16T15:21:00.000Z";1508
"2026-04-16T15:21:00.000Z";"2026-04-16T15:24:00.000Z";1511
"2026-04-16T15:24:00.000Z";"2026-04-16T15:27:00.000Z";1513.78
"2026-04-16T15:27:00.000Z";"2026-04-16T15:30:00.000Z";1506.06
"2026-04-16T15:30:00.000Z";"2026-04-16T15:33:00.000Z";1508.22
"2026-04-16T15:33:00.000Z";"2026-04-16T15:36:00.000Z";1507.39
"2026-04-16T15:36:00.000Z";"2026-04-16T15:39:00.000Z";1513.6
"2026-04-16T15:39:00.000Z";"2026-04-16T15:42:00.000Z";1514.99
"2026-04-16T15:42:00.000Z";"2026-04-16T15:45:00.000Z";1508.34
"2026-04-16T15:45:00.000Z";"2026-04-16T15:48:00.000Z";1495.5
"2026-04-16T15:48:00.000Z";"2026-04-16T15:51:00.000Z";1499.94
"2026-04-16T15:51:00.000Z";"2026-04-16T15:54:00.000Z";1497.39
"2026-04-16T15:54:00.000Z";"2026-04-16T15:57:00.000Z";1501.99
"2026-04-16T15:57:00.000Z";"2026-04-16T16:00:00.000Z";1511.66
"2026-04-16T16:00:00.000Z";"2026-04-16T16:03:00.000Z";1554.64
"2026-04-16T16:03:00.000Z";"2026-04-16T16:06:00.000Z";1585.71
"2026-04-16T16:06:00.000Z";"2026-04-16T16:09:00.000Z";1600
"2026-04-16T16:09:00.000Z";"2026-04-16T16:12:00.000Z";1577.11
"2026-04-16T16:12:00.000Z";"2026-04-16T16:15:00.000Z";1596.04
"2026-04-16T16:18:00.000Z";"2026-04-16T16:21:00.000Z";1603.17
"2026-04-16T16:21:00.000Z";"2026-04-16T16:24:00.000Z";1616.21
"2026-04-16T16:24:00.000Z";"2026-04-16T16:27:00.000Z";1615.73
"2026-04-16T16:27:00.000Z";"2026-04-16T16:30:00.000Z";1616.49
"2026-04-16T16:30:00.000Z";"2026-04-16T16:33:00.000Z";1616.95
"2026-04-16T16:33:00.000Z";"2026-04-16T16:36:00.000Z";1611.73
"2026-04-16T16:36:00.000Z";"2026-04-16T16:39:00.000Z";1612.44
"2026-04-16T16:39:00.000Z";"2026-04-16T16:42:00.000Z";1619.88
"2026-04-16T16:42:00.000Z";"2026-04-16T16:45:00.000Z";1618.51
"2026-04-16T16:45:00.000Z";"2026-04-16T16:48:00.000Z";1604.78
"2026-04-16T16:48:00.000Z";"2026-04-16T16:51:00.000Z";1600
"2026-04-16T16:51:00.000Z";"2026-04-16T16:54:00.000Z";1597.78
"2026-04-16T16:54:00.000Z";"2026-04-16T16:57:00.000Z";1591.73
"2026-04-16T16:57:00.000Z";"2026-04-16T17:00:00.000Z";1600.21
"2026-04-16T17:00:00.000Z";"2026-04-16T17:03:00.000Z";1602.29
"2026-04-16T17:03:00.000Z";"2026-04-16T17:06:00.000Z";1582.56
"2026-04-16T17:06:00.000Z";"2026-04-16T17:09:00.000Z";1582
"2026-04-16T17:09:00.000Z";"2026-04-16T17:12:00.000Z";1582.06
"2026-04-16T17:12:00.000Z";"2026-04-16T17:15:00.000Z";1582.94
"2026-04-16T17:15:00.000Z";"2026-04-16T17:18:00.000Z";1583.67
"2026-04-16T17:18:00.000Z";"2026-04-16T17:21:00.000Z";1583.83
"2026-04-16T17:21:00.000Z";"2026-04-16T17:24:00.000Z";1578.5
"2026-04-16T17:24:00.000Z";"2026-04-16T17:27:00.000Z";1573.67
"2026-04-16T17:30:00.000Z";"2026-04-16T17:33:00.000Z";1576.84
"2026-04-16T17:33:00.000Z";"2026-04-16T17:36:00.000Z";1569.67
"2026-04-16T17:36:00.000Z";"2026-04-16T17:39:00.000Z";1566.73
"2026-04-16T17:39:00.000Z";"2026-04-16T17:42:00.000Z";1563.39
"2026-04-16T17:42:00.000Z";"2026-04-16T17:45:00.000Z";1566
"2026-04-16T17:45:00.000Z";"2026-04-16T17:48:00.000Z";1568.56
"2026-04-16T17:48:00.000Z";"2026-04-16T17:51:00.000Z";1551.12
"2026-04-16T17:54:00.000Z";"2026-04-16T17:57:00.000Z";1548.66
"2026-04-16T17:57:00.000Z";"2026-04-16T18:00:00.000Z";1557.44
"2026-04-16T18:00:00.000Z";"2026-04-16T18:03:00.000Z";1552.56
"2026-04-16T18:03:00.000Z";"2026-04-16T18:06:00.000Z";1567.33
"2026-04-16T18:06:00.000Z";"2026-04-16T18:09:00.000Z";1573.72
"2026-04-16T18:09:00.000Z";"2026-04-16T18:12:00.000Z";1570.17
"2026-04-16T18:12:00.000Z";"2026-04-16T18:15:00.000Z";1541.75
"2026-04-16T18:15:00.000Z";"2026-04-16T18:18:00.000Z";1507.68
"2026-04-16T18:18:00.000Z";"2026-04-16T18:21:00.000Z";1489.56
"2026-04-16T18:21:00.000Z";"2026-04-16T18:24:00.000Z";1478.34
"2026-04-16T18:24:00.000Z";"2026-04-16T18:27:00.000Z";1469.28
"2026-04-16T18:27:00.000Z";"2026-04-16T18:30:00.000Z";1440.76
"2026-04-16T18:30:00.000Z";"2026-04-16T18:33:00.000Z";1435.83
"2026-04-16T18:33:00.000Z";"2026-04-16T18:36:00.000Z";1431.67
"2026-04-16T18:36:00.000Z";"2026-04-16T18:39:00.000Z";1429.94
"2026-04-16T18:39:00.000Z";"2026-04-16T18:42:00.000Z";1432.17
"2026-04-16T18:42:00.000Z";"2026-04-16T18:45:00.000Z";1428.22
"2026-04-16T18:45:00.000Z";"2026-04-16T18:48:00.000Z";1433.66
"2026-04-16T18:48:00.000Z";"2026-04-16T18:51:00.000Z";1436.83
"2026-04-16T18:51:00.000Z";"2026-04-16T18:54:00.000Z";1437.94
"2026-04-16T18:54:00.000Z";"2026-04-16T18:57:00.000Z";1443.5
"2026-04-16T18:57:00.000Z";"2026-04-16T19:00:00.000Z";1435.45
"2026-04-16T19:00:00.000Z";"2026-04-16T19:03:00.000Z";1431.17
"2026-04-16T19:03:00.000Z";"2026-04-16T19:06:00.000Z";1411.84
"2026-04-16T19:06:00.000Z";"2026-04-16T19:09:00.000Z";1356.57
"2026-04-16T19:09:00.000Z";"2026-04-16T19:12:00.000Z";1344.72
"2026-04-16T19:12:00.000Z";"2026-04-16T19:15:00.000Z";1341.89
"2026-04-16T19:15:00.000Z";"2026-04-16T19:18:00.000Z";1326.13
"2026-04-16T19:18:00.000Z";"2026-04-16T19:21:00.000Z";1314.22
"2026-04-16T19:21:00.000Z";"2026-04-16T19:24:00.000Z";1304.67
"2026-04-16T19:24:00.000Z";"2026-04-16T19:27:00.000Z";1297.61
"2026-04-16T19:27:00.000Z";"2026-04-16T19:30:00.000Z";1286.06
"2026-04-16T19:30:00.000Z";"2026-04-16T19:33:00.000Z";1278.23
"2026-04-16T19:33:00.000Z";"2026-04-16T19:36:00.000Z";1271.39
"2026-04-16T19:36:00.000Z";"2026-04-16T19:39:00.000Z";1266.06
"2026-04-16T19:39:00.000Z";"2026-04-16T19:42:00.000Z";1257.56
"2026-04-16T19:42:00.000Z";"2026-04-16T19:45:00.000Z";1245.4
"2026-04-16T19:45:00.000Z";"2026-04-16T19:48:00.000Z";1251.38
"2026-04-16T19:48:00.000Z";"2026-04-16T19:51:00.000Z";1262.78
"2026-04-16T19:51:00.000Z";"2026-04-16T19:54:00.000Z";1254.23
"2026-04-16T19:54:00.000Z";"2026-04-16T19:57:00.000Z";1249.56
"2026-04-16T19:57:00.000Z";"2026-04-16T20:00:00.000Z";1301.32
"2026-04-16T20:00:00.000Z";"2026-04-16T20:03:00.000Z";1338.05
"2026-04-16T20:03:00.000Z";"2026-04-16T20:06:00.000Z";1337.61
"2026-04-16T20:06:00.000Z";"2026-04-16T20:09:00.000Z";1327.22
"2026-04-16T20:09:00.000Z";"2026-04-16T20:12:00.000Z";1324.78
"2026-04-16T20:12:00.000Z";"2026-04-16T20:15:00.000Z";1329.72
"2026-04-16T20:15:00.000Z";"2026-04-16T20:18:00.000Z";1325.28
"2026-04-16T20:18:00.000Z";"2026-04-16T20:21:00.000Z";1321.23
"2026-04-16T20:21:00.000Z";"2026-04-16T20:24:00.000Z";1323.33
"2026-04-16T20:24:00.000Z";"2026-04-16T20:27:00.000Z";1326.22
"2026-04-16T20:27:00.000Z";"2026-04-16T20:30:00.000Z";1328.11
"2026-04-16T20:30:00.000Z";"2026-04-16T20:33:00.000Z";1324.44
"2026-04-16T20:33:00.000Z";"2026-04-16T20:36:00.000Z";1320.89
"2026-04-16T20:36:00.000Z";"2026-04-16T20:39:00.000Z";1322.28
"2026-04-16T20:39:00.000Z";"2026-04-16T20:42:00.000Z";1319.83
"2026-04-16T20:42:00.000Z";"2026-04-16T20:45:00.000Z";1317.39
"2026-04-16T20:45:00.000Z";"2026-04-16T20:48:00.000Z";1310.11
"2026-04-16T20:48:00.000Z";"2026-04-16T20:51:00.000Z";1310.39
"2026-04-16T20:51:00.000Z";"2026-04-16T20:54:00.000Z";1302.95
"2026-04-16T20:54:00.000Z";"2026-04-16T20:57:00.000Z";1292.23
"2026-04-16T20:57:00.000Z";"2026-04-16T21:00:00.000Z";1261.64
"2026-04-16T21:00:00.000Z";"2026-04-16T21:03:00.000Z";1243.95
"2026-04-16T21:03:00.000Z";"2026-04-16T21:06:00.000Z";1243.56
"2026-04-16T21:06:00.000Z";"2026-04-16T21:09:00.000Z";1226.12
"2026-04-16T21:09:00.000Z";"2026-04-16T21:12:00.000Z";1182.35
"2026-04-16T21:12:00.000Z";"2026-04-16T21:15:00.000Z";1132.01
"2026-04-16T21:15:00.000Z";"2026-04-16T21:18:00.000Z";1143.94
"2026-04-16T21:18:00.000Z";"2026-04-16T21:21:00.000Z";1145.78
"2026-04-16T21:21:00.000Z";"2026-04-16T21:24:00.000Z";1130.73
"2026-04-16T21:24:00.000Z";"2026-04-16T21:27:00.000Z";1124.95
"2026-04-16T21:27:00.000Z";"2026-04-16T21:30:00.000Z";1112.68
"2026-04-16T21:30:00.000Z";"2026-04-16T21:33:00.000Z";1111.33
"2026-04-16T21:33:00.000Z";"2026-04-16T21:36:00.000Z";1118.06
"2026-04-16T21:36:00.000Z";"2026-04-16T21:39:00.000Z";1112.5
"2026-04-16T21:39:00.000Z";"2026-04-16T21:42:00.000Z";1114.5
"2026-04-16T21:42:00.000Z";"2026-04-16T21:45:00.000Z";1108.84
"2026-04-16T21:45:00.000Z";"2026-04-16T21:48:00.000Z";1110.83
"2026-04-16T21:48:00.000Z";"2026-04-16T21:51:00.000Z";1115.83
"2026-04-16T21:51:00.000Z";"2026-04-16T21:54:00.000Z";1116.67
"2026-04-16T21:54:00.000Z";"2026-04-16T21:57:00.000Z";1113.78
"2026-04-16T21:57:00.000Z";"2026-04-16T22:00:00.000Z";1116.56
"2026-04-16T22:00:00.000Z";"2026-04-16T22:03:00.000Z";1116.83
"2026-04-16T22:03:00.000Z";"2026-04-16T22:06:00.000Z";1126.05
"2026-04-16T22:06:00.000Z";"2026-04-16T22:09:00.000Z";1137.55
"2026-04-16T22:09:00.000Z";"2026-04-16T22:12:00.000Z";1131.06
"2026-04-16T22:12:00.000Z";"2026-04-16T22:15:00.000Z";1124.89
"2026-04-16T22:15:00.000Z";"2026-04-16T22:18:00.000Z";1124.33
"2026-04-16T22:18:00.000Z";"2026-04-16T22:21:00.000Z";1124.5
"2026-04-16T22:21:00.000Z";"2026-04-16T22:24:00.000Z";1136.05
"2026-04-16T22:24:00.000Z";"2026-04-16T22:27:00.000Z";1150
"2026-04-16T22:27:00.000Z";"2026-04-16T22:30:00.000Z";1150.95
"2026-04-16T22:30:00.000Z";"2026-04-16T22:33:00.000Z";1148.43
"2026-04-16T22:33:00.000Z";"2026-04-16T22:36:00.000Z";1157.94
"2026-04-16T22:36:00.000Z";"2026-04-16T22:39:00.000Z";1154.83
"2026-04-16T22:39:00.000Z";"2026-04-16T22:42:00.000Z";1156.05
"2026-04-16T22:42:00.000Z";"2026-04-16T22:45:00.000Z";1160.11
"2026-04-16T22:45:00.000Z";"2026-04-16T22:48:00.000Z";1155.5
"2026-04-16T22:48:00.000Z";"2026-04-16T22:51:00.000Z";1157.93
"2026-04-16T22:51:00.000Z";"2026-04-16T22:54:00.000Z";1159.33
"2026-04-16T22:54:00.000Z";"2026-04-16T22:57:00.000Z";1141.12
"2026-04-16T22:57:00.000Z";"2026-04-16T23:00:00.000Z";1128.84
"2026-04-16T23:00:00.000Z";"2026-04-16T23:03:00.000Z";1126.61
"2026-04-16T23:03:00.000Z";"2026-04-16T23:06:00.000Z";1127.61
"2026-04-16T23:06:00.000Z";"2026-04-16T23:09:00.000Z";1122.06
"2026-04-16T23:09:00.000Z";"2026-04-16T23:12:00.000Z";1123
"2026-04-16T23:12:00.000Z";"2026-04-16T23:15:00.000Z";1124.78
"2026-04-16T23:15:00.000Z";"2026-04-16T23:18:00.000Z";1128.33
"2026-04-16T23:18:00.000Z";"2026-04-16T23:21:00.000Z";1127.67
"2026-04-16T23:21:00.000Z";"2026-04-16T23:24:00.000Z";1125.06
"2026-04-16T23:24:00.000Z";"2026-04-16T23:27:00.000Z";1124.72
"2026-04-16T23:27:00.000Z";"2026-04-16T23:30:00.000Z";1109.51
"2026-04-16T23:30:00.000Z";"2026-04-16T23:33:00.000Z";1111.33
"2026-04-16T23:33:00.000Z";"2026-04-16T23:36:00.000Z";1120.33
"2026-04-16T23:36:00.000Z";"2026-04-16T23:39:00.000Z";1121.61
"2026-04-16T23:39:00.000Z";"2026-04-16T23:42:00.000Z";1123.94
"2026-04-16T23:42:00.000Z";"2026-04-16T23:45:00.000Z";1127.11
"2026-04-16T23:45:00.000Z";"2026-04-16T23:48:00.000Z";1135.83
"2026-04-16T23:48:00.000Z";"2026-04-16T23:51:00.000Z";1148.99
"2026-04-16T23:51:00.000Z";"2026-04-16T23:54:00.000Z";1150.44
"2026-04-16T23:54:00.000Z";"2026-04-16T23:57:00.000Z";1151.17
"2026-04-16T23:57:00.000Z";"2026-04-17T00:00:00.000Z";1143.78
"2026-04-17T00:00:00.000Z";"2026-04-17T00:03:00.000Z";1142.72
"2026-04-17T00:03:00.000Z";"2026-04-17T00:06:00.000Z";1156.39
"2026-04-17T00:06:00.000Z";"2026-04-17T00:09:00.000Z";1155.06
"2026-04-17T00:09:00.000Z";"2026-04-17T00:12:00.000Z";1152.9
"2026-04-17T00:12:00.000Z";"2026-04-17T00:15:00.000Z";1149.44
"2026-04-17T00:15:00.000Z";"2026-04-17T00:18:00.000Z";1147.83
"2026-04-17T00:18:00.000Z";"2026-04-17T00:21:00.000Z";1150.78
"2026-04-17T00:21:00.000Z";"2026-04-17T00:24:00.000Z";1149.33
"2026-04-17T00:24:00.000Z";"2026-04-17T00:27:00.000Z";1149.17
"2026-04-17T00:27:00.000Z";"2026-04-17T00:30:00.000Z";1150.22
"2026-04-17T00:30:00.000Z";"2026-04-17T00:33:00.000Z";1149.89
"2026-04-17T00:33:00.000Z";"2026-04-17T00:36:00.000Z";1147.61
"2026-04-17T00:36:00.000Z";"2026-04-17T00:39:00.000Z";1150
"2026-04-17T00:39:00.000Z";"2026-04-17T00:42:00.000Z";1146.05
"2026-04-17T00:42:00.000Z";"2026-04-17T00:45:00.000Z";1146.33
"2026-04-17T00:45:00.000Z";"2026-04-17T00:48:00.000Z";1145.56
"2026-04-17T00:48:00.000Z";"2026-04-17T00:51:00.000Z";1144.39
"2026-04-17T00:51:00.000Z";"2026-04-17T00:54:00.000Z";1146.66
"2026-04-17T00:54:00.000Z";"2026-04-17T00:57:00.000Z";1148.28
"2026-04-17T00:57:00.000Z";"2026-04-17T01:00:00.000Z";1143.89
"2026-04-17T01:00:00.000Z";"2026-04-17T01:03:00.000Z";1145.16
"2026-04-17T01:03:00.000Z";"2026-04-17T01:06:00.000Z";1147.72
"2026-04-17T01:06:00.000Z";"2026-04-17T01:09:00.000Z";1148.94
"2026-04-17T01:09:00.000Z";"2026-04-17T01:12:00.000Z";1145.22
"2026-04-17T01:12:00.000Z";"2026-04-17T01:15:00.000Z";1156.15
"2026-04-17T01:15:00.000Z";"2026-04-17T01:18:00.000Z";1191.94
"2026-04-17T01:18:00.000Z";"2026-04-17T01:21:00.000Z";1180.23
"2026-04-17T01:21:00.000Z";"2026-04-17T01:24:00.000Z";1179.38
"2026-04-17T01:24:00.000Z";"2026-04-17T01:27:00.000Z";1190.67
"2026-04-17T01:27:00.000Z";"2026-04-17T01:30:00.000Z";1186.06
"2026-04-17T01:30:00.000Z";"2026-04-17T01:33:00.000Z";1188.77
"2026-04-17T01:33:00.000Z";"2026-04-17T01:36:00.000Z";1194.5
"2026-04-17T01:36:00.000Z";"2026-04-17T01:39:00.000Z";1199.28
"2026-04-17T01:39:00.000Z";"2026-04-17T01:42:00.000Z";1200.72
"2026-04-17T01:42:00.000Z";"2026-04-17T01:45:00.000Z";1181.79
"2026-04-17T01:45:00.000Z";"2026-04-17T01:48:00.000Z";1154.39
"2026-04-17T01:48:00.000Z";"2026-04-17T01:51:00.000Z";1147.28
"2026-04-17T01:51:00.000Z";"2026-04-17T01:54:00.000Z";1148.61
"2026-04-17T01:54:00.000Z";"2026-04-17T01:57:00.000Z";1147
"2026-04-17T01:57:00.000Z";"2026-04-17T02:00:00.000Z";1164.32
"2026-04-17T02:00:00.000Z";"2026-04-17T02:03:00.000Z";1182.21
"2026-04-17T02:03:00.000Z";"2026-04-17T02:06:00.000Z";1189.39
"2026-04-17T02:06:00.000Z";"2026-04-17T02:09:00.000Z";1197.27
"2026-04-17T02:09:00.000Z";"2026-04-17T02:12:00.000Z";1198.33
"2026-04-17T02:12:00.000Z";"2026-04-17T02:15:00.000Z";1202.11
"2026-04-17T02:15:00.000Z";"2026-04-17T02:18:00.000Z";1179.34
"2026-04-17T02:18:00.000Z";"2026-04-17T02:21:00.000Z";1171.45
"2026-04-17T02:21:00.000Z";"2026-04-17T02:24:00.000Z";1169.94
"2026-04-17T02:24:00.000Z";"2026-04-17T02:27:00.000Z";1175.66
"2026-04-17T02:27:00.000Z";"2026-04-17T02:30:00.000Z";1172.34
"2026-04-17T02:30:00.000Z";"2026-04-17T02:33:00.000Z";1174.61
"2026-04-17T02:33:00.000Z";"2026-04-17T02:36:00.000Z";1174.73
"2026-04-17T02:36:00.000Z";"2026-04-17T02:39:00.000Z";1172.83
"2026-04-17T02:39:00.000Z";"2026-04-17T02:42:00.000Z";1173.89
"2026-04-17T02:42:00.000Z";"2026-04-17T02:45:00.000Z";1180
"2026-04-17T02:45:00.000Z";"2026-04-17T02:48:00.000Z";1174.28
"2026-04-17T02:48:00.000Z";"2026-04-17T02:51:00.000Z";1167.67
"2026-04-17T02:51:00.000Z";"2026-04-17T02:54:00.000Z";1162.39
"2026-04-17T02:54:00.000Z";"2026-04-17T02:57:00.000Z";1168.05
"2026-04-17T02:57:00.000Z";"2026-04-17T03:00:00.000Z";1194.54
"2026-04-17T03:00:00.000Z";"2026-04-17T03:03:00.000Z";1294.03
"2026-04-17T03:03:00.000Z";"2026-04-17T03:06:00.000Z";1311.27
"2026-04-17T03:06:00.000Z";"2026-04-17T03:09:00.000Z";1321.83
"2026-04-17T03:09:00.000Z";"2026-04-17T03:12:00.000Z";1333.66
"2026-04-17T03:12:00.000Z";"2026-04-17T03:15:00.000Z";1339.61
"2026-04-17T03:15:00.000Z";"2026-04-17T03:18:00.000Z";1348.77
"2026-04-17T03:18:00.000Z";"2026-04-17T03:21:00.000Z";1359.72
"2026-04-17T03:21:00.000Z";"2026-04-17T03:24:00.000Z";1364.72
"2026-04-17T03:24:00.000Z";"2026-04-17T03:27:00.000Z";1369.06
"2026-04-17T03:27:00.000Z";"2026-04-17T03:30:00.000Z";1370.17
"2026-04-17T03:30:00.000Z";"2026-04-17T03:33:00.000Z";1361.4
"2026-04-17T03:33:00.000Z";"2026-04-17T03:36:00.000Z";1363.33
"2026-04-17T03:36:00.000Z";"2026-04-17T03:39:00.000Z";1365.94
"2026-04-17T03:39:00.000Z";"2026-04-17T03:42:00.000Z";1368.39
"2026-04-17T03:42:00.000Z";"2026-04-17T03:45:00.000Z";1368.94
"2026-04-17T03:45:00.000Z";"2026-04-17T03:48:00.000Z";1379.61
"2026-04-17T03:48:00.000Z";"2026-04-17T03:51:00.000Z";1381.5
"2026-04-17T03:51:00.000Z";"2026-04-17T03:54:00.000Z";1394.59
"2026-04-17T03:54:00.000Z";"2026-04-17T03:57:00.000Z";1452.32
"2026-04-17T03:57:00.000Z";"2026-04-17T04:00:00.000Z";1462.78
"2026-04-17T04:00:00.000Z";"2026-04-17T04:03:00.000Z";1492.78
"2026-04-17T04:03:00.000Z";"2026-04-17T04:06:00.000Z";1509.32
"2026-04-17T04:06:00.000Z";"2026-04-17T04:09:00.000Z";1517.22
"2026-04-17T04:09:00.000Z";"2026-04-17T04:12:00.000Z";1518.05
"2026-04-17T04:12:00.000Z";"2026-04-17T04:15:00.000Z";1523.66
"2026-04-17T04:15:00.000Z";"2026-04-17T04:18:00.000Z";1517.67
"2026-04-17T04:18:00.000Z";"2026-04-17T04:21:00.000Z";1513.56
"2026-04-17T04:21:00.000Z";"2026-04-17T04:24:00.000Z";1536.43
"2026-04-17T04:24:00.000Z";"2026-04-17T04:27:00.000Z";1544.67
"2026-04-17T04:27:00.000Z";"2026-04-17T04:30:00.000Z";1571.76
"2026-04-17T04:30:00.000Z";"2026-04-17T04:33:00.000Z";1568.06
"2026-04-17T04:33:00.000Z";"2026-04-17T04:36:00.000Z";1575.49
"2026-04-17T04:36:00.000Z";"2026-04-17T04:39:00.000Z";1628.65
"2026-04-17T04:39:00.000Z";"2026-04-17T04:42:00.000Z";1640.22
"2026-04-17T04:42:00.000Z";"2026-04-17T04:45:00.000Z";1641.67
"2026-04-17T04:45:00.000Z";"2026-04-17T04:48:00.000Z";1633.73
"2026-04-17T04:48:00.000Z";"2026-04-17T04:51:00.000Z";1633.28
"2026-04-17T04:51:00.000Z";"2026-04-17T04:54:00.000Z";1634.72
"2026-04-17T04:54:00.000Z";"2026-04-17T04:57:00.000Z";1640.33
"2026-04-17T04:57:00.000Z";"2026-04-17T05:00:00.000Z";1635.11
"2026-04-17T05:00:00.000Z";"2026-04-17T05:03:00.000Z";1618.79
"2026-04-17T05:03:00.000Z";"2026-04-17T05:06:00.000Z";1612.5
"2026-04-17T05:06:00.000Z";"2026-04-17T05:09:00.000Z";1627.38
"2026-04-17T05:09:00.000Z";"2026-04-17T05:12:00.000Z";1638.67
"2026-04-17T05:12:00.000Z";"2026-04-17T05:15:00.000Z";1642.87
"2026-04-17T05:15:00.000Z";"2026-04-17T05:18:00.000Z";1648.83
"2026-04-17T05:18:00.000Z";"2026-04-17T05:21:00.000Z";1658.99
"2026-04-17T05:21:00.000Z";"2026-04-17T05:24:00.000Z";1663.67
"2026-04-17T05:24:00.000Z";"2026-04-17T05:27:00.000Z";1667.39
"2026-04-17T05:27:00.000Z";"2026-04-17T05:30:00.000Z";1674.78
"2026-04-17T05:30:00.000Z";"2026-04-17T05:33:00.000Z";1683.05
"2026-04-17T05:33:00.000Z";"2026-04-17T05:36:00.000Z";1692.5
"2026-04-17T05:36:00.000Z";"2026-04-17T05:39:00.000Z";1699.83
"2026-04-17T05:39:00.000Z";"2026-04-17T05:42:00.000Z";1703.5
"2026-04-17T05:42:00.000Z";"2026-04-17T05:45:00.000Z";1698.95
"2026-04-17T05:45:00.000Z";"2026-04-17T05:48:00.000Z";1700.22
"2026-04-17T05:48:00.000Z";"2026-04-17T05:51:00.000Z";1700
"2026-04-17T05:51:00.000Z";"2026-04-17T05:54:00.000Z";1690.28
"2026-04-17T05:54:00.000Z";"2026-04-17T05:57:00.000Z";1717.92
"2026-04-17T05:57:00.000Z";"2026-04-17T06:00:00.000Z";1730.11
"2026-04-17T06:00:00.000Z";"2026-04-17T06:03:00.000Z";1735.05
"2026-04-17T06:03:00.000Z";"2026-04-17T06:06:00.000Z";1750.05
"2026-04-17T06:06:00.000Z";"2026-04-17T06:09:00.000Z";1752.28
"2026-04-17T06:09:00.000Z";"2026-04-17T06:12:00.000Z";1746.9
"2026-04-17T06:12:00.000Z";"2026-04-17T06:15:00.000Z";1725.01
"2026-04-17T06:15:00.000Z";"2026-04-17T06:18:00.000Z";1746.82
"2026-04-17T06:18:00.000Z";"2026-04-17T06:21:00.000Z";1809.46
"2026-04-17T06:21:00.000Z";"2026-04-17T06:24:00.000Z";1830.11
"2026-04-17T06:24:00.000Z";"2026-04-17T06:27:00.000Z";1814.96
"2026-04-17T06:27:00.000Z";"2026-04-17T06:30:00.000Z";1799.78
"2026-04-17T06:30:00.000Z";"2026-04-17T06:33:00.000Z";1796
"2026-04-17T06:33:00.000Z";"2026-04-17T06:36:00.000Z";1795.44
"2026-04-17T06:36:00.000Z";"2026-04-17T06:39:00.000Z";1793.17
"2026-04-17T06:39:00.000Z";"2026-04-17T06:42:00.000Z";1798.39
"2026-04-17T06:42:00.000Z";"2026-04-17T06:45:00.000Z";1788.9
"2026-04-17T06:45:00.000Z";"2026-04-17T06:48:00.000Z";1782.61
"2026-04-17T06:48:00.000Z";"2026-04-17T06:51:00.000Z";1779.39
"2026-04-17T06:51:00.000Z";"2026-04-17T06:54:00.000Z";1748.68
"2026-04-17T06:54:00.000Z";"2026-04-17T06:57:00.000Z";1748.11
"2026-04-17T06:57:00.000Z";"2026-04-17T07:00:00.000Z";1731.62
"2026-04-17T07:00:00.000Z";"2026-04-17T07:03:00.000Z";1669
"2026-04-17T07:03:00.000Z";"2026-04-17T07:06:00.000Z";1609.23
"2026-04-17T07:06:00.000Z";"2026-04-17T07:09:00.000Z";1577.72
"2026-04-17T07:09:00.000Z";"2026-04-17T07:12:00.000Z";1576.78
"2026-04-17T07:12:00.000Z";"2026-04-17T07:15:00.000Z";1575.33
"2026-04-17T07:15:00.000Z";"2026-04-17T07:18:00.000Z";1572.39
"2026-04-17T07:18:00.000Z";"2026-04-17T07:21:00.000Z";1572.44
"2026-04-17T07:21:00.000Z";"2026-04-17T07:24:00.000Z";1562.45
"2026-04-17T07:24:00.000Z";"2026-04-17T07:27:00.000Z";1556.89
"2026-04-17T07:27:00.000Z";"2026-04-17T07:30:00.000Z";1553.72
"2026-04-17T07:30:00.000Z";"2026-04-17T07:33:00.000Z";1547.4
"2026-04-17T07:33:00.000Z";"2026-04-17T07:36:00.000Z";1563.44
"2026-04-17T07:36:00.000Z";"2026-04-17T07:39:00.000Z";1562.28
"2026-04-17T07:39:00.000Z";"2026-04-17T07:42:00.000Z";1562.73
"2026-04-17T07:42:00.000Z";"2026-04-17T07:45:00.000Z";1528.19
"2026-04-17T07:45:00.000Z";"2026-04-17T07:48:00.000Z";1483.16
"2026-04-17T07:48:00.000Z";"2026-04-17T07:51:00.000Z";1486.94
"2026-04-17T07:51:00.000Z";"2026-04-17T07:54:00.000Z";1474.23
"2026-04-17T07:54:00.000Z";"2026-04-17T07:57:00.000Z";1468.33
"2026-04-17T07:57:00.000Z";"2026-04-17T08:00:00.000Z";1476.94
"2026-04-17T08:00:00.000Z";"2026-04-17T08:03:00.000Z";1444.57
"2026-04-17T08:03:00.000Z";"2026-04-17T08:06:00.000Z";1426.6
"2026-04-17T08:06:00.000Z";"2026-04-17T08:09:00.000Z";1433.88
"2026-04-17T08:09:00.000Z";"2026-04-17T08:12:00.000Z";1427.28
"2026-04-17T08:12:00.000Z";"2026-04-17T08:15:00.000Z";1425.56
"2026-04-17T08:15:00.000Z";"2026-04-17T08:18:00.000Z";1434.54
"2026-04-17T08:18:00.000Z";"2026-04-17T08:21:00.000Z";1448.23
"2026-04-17T08:21:00.000Z";"2026-04-17T08:24:00.000Z";1439.44
"2026-04-17T08:24:00.000Z";"2026-04-17T08:27:00.000Z";1426.9
"2026-04-17T08:27:00.000Z";"2026-04-17T08:30:00.000Z";1413.84
"2026-04-17T08:30:00.000Z";"2026-04-17T08:33:00.000Z";1394.51
"2026-04-17T08:33:00.000Z";"2026-04-17T08:36:00.000Z";1376.63
"2026-04-17T08:36:00.000Z";"2026-04-17T08:39:00.000Z";1361
"2026-04-17T08:39:00.000Z";"2026-04-17T08:42:00.000Z";1366.66
"2026-04-17T08:42:00.000Z";"2026-04-17T08:45:00.000Z";1354.68
"2026-04-17T08:45:00.000Z";"2026-04-17T08:48:00.000Z";1336.84
"2026-04-17T08:48:00.000Z";"2026-04-17T08:51:00.000Z";1347.16
"2026-04-17T08:51:00.000Z";"2026-04-17T08:54:00.000Z";1340.45
"2026-04-17T08:54:00.000Z";"2026-04-17T08:57:00.000Z";1330.94
"2026-04-17T08:57:00.000Z";"2026-04-17T09:00:00.000Z";1346.76
"2026-04-17T09:00:00.000Z";"2026-04-17T09:03:00.000Z";1342.04
"2026-04-17T09:03:00.000Z";"2026-04-17T09:06:00.000Z";1328.11
"2026-04-17T09:06:00.000Z";"2026-04-17T09:09:00.000Z";1335
"2026-04-17T09:09:00.000Z";"2026-04-17T09:12:00.000Z";1333.28
"2026-04-17T09:12:00.000Z";"2026-04-17T09:15:00.000Z";1327.89
"2026-04-17T09:15:00.000Z";"2026-04-17T09:18:00.000Z";1327.83
"2026-04-17T09:18:00.000Z";"2026-04-17T09:21:00.000Z";1335.67
"2026-04-17T09:21:00.000Z";"2026-04-17T09:24:00.000Z";1324.23
"2026-04-17T09:24:00.000Z";"2026-04-17T09:27:00.000Z";1304.4
"2026-04-17T09:27:00.000Z";"2026-04-17T09:30:00.000Z";1283.12
"2026-04-17T09:30:00.000Z";"2026-04-17T09:33:00.000Z";1278.88
"2026-04-17T09:33:00.000Z";"2026-04-17T09:36:00.000Z";1288.99
"2026-04-17T09:36:00.000Z";"2026-04-17T09:39:00.000Z";1294.61
"2026-04-17T09:39:00.000Z";"2026-04-17T09:42:00.000Z";1291.89
"2026-04-17T09:42:00.000Z";"2026-04-17T09:45:00.000Z";1293.11
"2026-04-17T09:45:00.000Z";"2026-04-17T09:48:00.000Z";1295.22
"2026-04-17T09:48:00.000Z";"2026-04-17T09:51:00.000Z";1291.85
"2026-04-17T09:51:00.000Z";"2026-04-17T09:54:00.000Z";1282.06
"2026-04-17T09:54:00.000Z";"2026-04-17T09:57:00.000Z";1276.89
"2026-04-17T09:57:00.000Z";"2026-04-17T10:00:00.000Z";1258.14
"2026-04-17T10:00:00.000Z";"2026-04-17T10:03:00.000Z";1213.46
"2026-04-17T10:03:00.000Z";"2026-04-17T10:06:00.000Z";1198.29
"2026-04-17T10:06:00.000Z";"2026-04-17T10:09:00.000Z";1194.67
"2026-04-17T10:09:00.000Z";"2026-04-17T10:12:00.000Z";1190.62
"2026-04-17T10:12:00.000Z";"2026-04-17T10:15:00.000Z";1186.39
"2026-04-17T10:15:00.000Z";"2026-04-17T10:18:00.000Z";1192.05
"2026-04-17T10:18:00.000Z";"2026-04-17T10:21:00.000Z";1191.17
"2026-04-17T10:21:00.000Z";"2026-04-17T10:24:00.000Z";1187.84
"2026-04-17T10:24:00.000Z";"2026-04-17T10:27:00.000Z";1185.83
"2026-04-17T10:27:00.000Z";"2026-04-17T10:30:00.000Z";1184
"2026-04-17T10:30:00.000Z";"2026-04-17T10:33:00.000Z";1185.39
"2026-04-17T10:33:00.000Z";"2026-04-17T10:36:00.000Z";1195
"2026-04-17T10:36:00.000Z";"2026-04-17T10:39:00.000Z";1189.72
"2026-04-17T10:39:00.000Z";"2026-04-17T10:42:00.000Z";1192.72
"2026-04-17T10:42:00.000Z";"2026-04-17T10:45:00.000Z";1179.79
"2026-04-17T10:45:00.000Z";"2026-04-17T10:48:00.000Z";1182.33
"2026-04-17T10:48:00.000Z";"2026-04-17T10:51:00.000Z";1187.39
"2026-04-17T10:51:00.000Z";"2026-04-17T10:54:00.000Z";1178.84
"2026-04-17T10:54:00.000Z";"2026-04-17T10:57:00.000Z";1177.33
"2026-04-17T10:57:00.000Z";"2026-04-17T11:00:00.000Z";1174.17
"2026-04-17T11:00:00.000Z";"2026-04-17T11:03:00.000Z";1177.71
"2026-04-17T11:03:00.000Z";"2026-04-17T11:06:00.000Z";1198.88
"2026-04-17T11:06:00.000Z";"2026-04-17T11:09:00.000Z";1195.28
"2026-04-17T11:09:00.000Z";"2026-04-17T11:12:00.000Z";1201.11
"2026-04-17T11:12:00.000Z";"2026-04-17T11:15:00.000Z";1190.39
"2026-04-17T11:15:00.000Z";"2026-04-17T11:18:00.000Z";1192.11
"2026-04-17T11:18:00.000Z";"2026-04-17T11:21:00.000Z";1199.05
"2026-04-17T11:21:00.000Z";"2026-04-17T11:24:00.000Z";1193
"2026-04-17T11:24:00.000Z";"2026-04-17T11:27:00.000Z";1191.5
"2026-04-17T11:27:00.000Z";"2026-04-17T11:30:00.000Z";1190
"2026-04-17T11:30:00.000Z";"2026-04-17T11:33:00.000Z";1192.05
"2026-04-17T11:33:00.000Z";"2026-04-17T11:36:00.000Z";1192
"2026-04-17T11:36:00.000Z";"2026-04-17T11:39:00.000Z";1186.89
"2026-04-17T11:39:00.000Z";"2026-04-17T11:42:00.000Z";1188.39
"2026-04-17T11:42:00.000Z";"2026-04-17T11:45:00.000Z";1188.44
"2026-04-17T11:45:00.000Z";"2026-04-17T11:48:00.000Z";1183.22
"2026-04-17T11:48:00.000Z";"2026-04-17T11:51:00.000Z";1188.56
"2026-04-17T11:51:00.000Z";"2026-04-17T11:54:00.000Z";1182.06
"2026-04-17T11:54:00.000Z";"2026-04-17T11:57:00.000Z";1184.06
"2026-04-17T11:57:00.000Z";"2026-04-17T12:00:00.000Z";1179.95
"2026-04-17T12:00:00.000Z";"2026-04-17T12:03:00.000Z";1173.28
"2026-04-17T12:03:00.000Z";"2026-04-17T12:06:00.000Z";1184.28
"2026-04-17T12:06:00.000Z";"2026-04-17T12:09:00.000Z";1175.66
"2026-04-17T12:09:00.000Z";"2026-04-17T12:12:00.000Z";1184
"2026-04-17T12:12:00.000Z";"2026-04-17T12:15:00.000Z";1179
"2026-04-17T12:15:00.000Z";"2026-04-17T12:18:00.000Z";1181.38
"2026-04-17T12:18:00.000Z";"2026-04-17T12:21:00.000Z";1184.22
"2026-04-17T12:21:00.000Z";"2026-04-17T12:24:00.000Z";1190.05
"2026-04-17T12:24:00.000Z";"2026-04-17T12:27:00.000Z";1188.95
"2026-04-17T12:27:00.000Z";"2026-04-17T12:30:00.000Z";1181.28
"2026-04-17T12:30:00.000Z";"2026-04-17T12:33:00.000Z";1177.67
"2026-04-17T12:33:00.000Z";"2026-04-17T12:36:00.000Z";1183.44
"2026-04-17T12:36:00.000Z";"2026-04-17T12:39:00.000Z";1182.78
"2026-04-17T12:39:00.000Z";"2026-04-17T12:42:00.000Z";1184.72
"2026-04-17T12:42:00.000Z";"2026-04-17T12:45:00.000Z";1181.83
"2026-04-17T12:45:00.000Z";"2026-04-17T12:48:00.000Z";1181.33
"2026-04-17T12:48:00.000Z";"2026-04-17T12:51:00.000Z";1182.67
"2026-04-17T12:51:00.000Z";"2026-04-17T12:54:00.000Z";1179.28
"2026-04-17T12:54:00.000Z";"2026-04-17T12:57:00.000Z";1189.44
"2026-04-17T12:57:00.000Z";"2026-04-17T13:00:00.000Z";1178.28
"2026-04-17T13:00:00.000Z";"2026-04-17T13:03:00.000Z";1205.77
"2026-04-17T13:03:00.000Z";"2026-04-17T13:06:00.000Z";1220.44
"2026-04-17T13:06:00.000Z";"2026-04-17T13:09:00.000Z";1219.28
"2026-04-17T13:09:00.000Z";"2026-04-17T13:12:00.000Z";1220.11
"2026-04-17T13:12:00.000Z";"2026-04-17T13:15:00.000Z";1238.15
"2026-04-17T13:15:00.000Z";"2026-04-17T13:18:00.000Z";1243.22
"2026-04-17T13:18:00.000Z";"2026-04-17T13:21:00.000Z";1241.16
"2026-04-17T13:21:00.000Z";"2026-04-17T13:24:00.000Z";1260.25
"2026-04-17T13:24:00.000Z";"2026-04-17T13:27:00.000Z";1269.61
"2026-04-17T13:27:00.000Z";"2026-04-17T13:30:00.000Z";1273.83
"2026-04-17T13:30:00.000Z";"2026-04-17T13:33:00.000Z";1265.9
"2026-04-17T13:33:00.000Z";"2026-04-17T13:36:00.000Z";1260
"2026-04-17T13:36:00.000Z";"2026-04-17T13:39:00.000Z";1270.88
"2026-04-17T13:39:00.000Z";"2026-04-17T13:42:00.000Z";1268.28
"2026-04-17T13:42:00.000Z";"2026-04-17T13:45:00.000Z";1264.28
"2026-04-17T13:45:00.000Z";"2026-04-17T13:48:00.000Z";1267.44
"2026-04-17T13:48:00.000Z";"2026-04-17T13:51:00.000Z";1261.95
"2026-04-17T13:51:00.000Z";"2026-04-17T13:54:00.000Z";1268.16
"2026-04-17T13:54:00.000Z";"2026-04-17T13:57:00.000Z";1271.28
"2026-04-17T13:57:00.000Z";"2026-04-17T14:00:00.000Z";1267.34
"2026-04-17T14:00:00.000Z";"2026-04-17T14:03:00.000Z";1273.88
"2026-04-17T14:03:00.000Z";"2026-04-17T14:06:00.000Z";1289
"2026-04-17T14:06:00.000Z";"2026-04-17T14:09:00.000Z";1290.28
"2026-04-17T14:09:00.000Z";"2026-04-17T14:12:00.000Z";1294.94
"2026-04-17T14:12:00.000Z";"2026-04-17T14:15:00.000Z";1296.78
"2026-04-17T14:15:00.000Z";"2026-04-17T14:18:00.000Z";1289.45
"2026-04-17T14:18:00.000Z";"2026-04-17T14:21:00.000Z";1298.77
"2026-04-17T14:21:00.000Z";"2026-04-17T14:24:00.000Z";1337.66
"2026-04-17T14:24:00.000Z";"2026-04-17T14:27:00.000Z";1343.17
"2026-04-17T14:27:00.000Z";"2026-04-17T14:30:00.000Z";1354.88
"2026-04-17T14:30:00.000Z";"2026-04-17T14:33:00.000Z";1351.56
"2026-04-17T14:33:00.000Z";"2026-04-17T14:36:00.000Z";1338.34
"2026-04-17T14:36:00.000Z";"2026-04-17T14:39:00.000Z";1336.61
"2026-04-17T14:39:00.000Z";"2026-04-17T14:42:00.000Z";1344.83
"2026-04-17T14:42:00.000Z";"2026-04-17T14:45:00.000Z";1347.83
"2026-04-17T14:45:00.000Z";"2026-04-17T14:48:00.000Z";1346.22
"2026-04-17T14:48:00.000Z";"2026-04-17T14:51:00.000Z";1335.73
"2026-04-17T14:51:00.000Z";"2026-04-17T14:54:00.000Z";1346.55
"2026-04-17T14:54:00.000Z";"2026-04-17T14:57:00.000Z";1343.17
"2026-04-17T14:57:00.000Z";"2026-04-17T15:00:00.000Z";1335.06
"2026-04-17T15:00:00.000Z";"2026-04-17T15:03:00.000Z";1325.96
"2026-04-17T15:03:00.000Z";"2026-04-17T15:06:00.000Z";1301.22
"2026-04-17T15:06:00.000Z";"2026-04-17T15:09:00.000Z";1303.38
"2026-04-17T15:09:00.000Z";"2026-04-17T15:12:00.000Z";1310.45
"2026-04-17T15:12:00.000Z";"2026-04-17T15:15:00.000Z";1309.67
"2026-04-17T15:15:00.000Z";"2026-04-17T15:18:00.000Z";1315.77
"2026-04-17T15:18:00.000Z";"2026-04-17T15:21:00.000Z";1314.89
"2026-04-17T15:21:00.000Z";"2026-04-17T15:24:00.000Z";1319.44
"2026-04-17T15:24:00.000Z";"2026-04-17T15:27:00.000Z";1324.05
"2026-04-17T15:27:00.000Z";"2026-04-17T15:30:00.000Z";1332.11
"2026-04-17T15:30:00.000Z";"2026-04-17T15:33:00.000Z";1353.27
"2026-04-17T15:33:00.000Z";"2026-04-17T15:36:00.000Z";1368.98
"2026-04-17T15:36:00.000Z";"2026-04-17T15:39:00.000Z";1386.88
"2026-04-17T15:39:00.000Z";"2026-04-17T15:42:00.000Z";1386.67
"2026-04-17T15:42:00.000Z";"2026-04-17T15:45:00.000Z";1379.84
"2026-04-17T15:45:00.000Z";"2026-04-17T15:48:00.000Z";1355.91
"2026-04-17T15:48:00.000Z";"2026-04-17T15:51:00.000Z";1346.05
"2026-04-17T15:51:00.000Z";"2026-04-17T15:54:00.000Z";1331.07
"2026-04-17T15:54:00.000Z";"2026-04-17T15:57:00.000Z";1343.36
"2026-04-17T15:57:00.000Z";"2026-04-17T16:00:00.000Z";1402.37
"2026-04-17T16:00:00.000Z";"2026-04-17T16:03:00.000Z";1436.1
"2026-04-17T16:03:00.000Z";"2026-04-17T16:06:00.000Z";1470.35
"2026-04-17T16:06:00.000Z";"2026-04-17T16:09:00.000Z";1499.77
"2026-04-17T16:09:00.000Z";"2026-04-17T16:12:00.000Z";1521.6
"2026-04-17T16:12:00.000Z";"2026-04-17T16:15:00.000Z";1546.2
"2026-04-17T16:15:00.000Z";"2026-04-17T16:18:00.000Z";1575.6
"2026-04-17T16:18:00.000Z";"2026-04-17T16:21:00.000Z";1582.61
"2026-04-17T16:21:00.000Z";"2026-04-17T16:24:00.000Z";1585.33
"2026-04-17T16:24:00.000Z";"2026-04-17T16:27:00.000Z";1594.95
"2026-04-17T16:27:00.000Z";"2026-04-17T16:30:00.000Z";1586.23
"2026-04-17T16:30:00.000Z";"2026-04-17T16:33:00.000Z";1584.56
"2026-04-17T16:33:00.000Z";"2026-04-17T16:36:00.000Z";1588.17
"2026-04-17T16:36:00.000Z";"2026-04-17T16:39:00.000Z";1588.94
"2026-04-17T16:39:00.000Z";"2026-04-17T16:42:00.000Z";1584.39
"2026-04-17T16:42:00.000Z";"2026-04-17T16:45:00.000Z";1573.06
"2026-04-17T16:45:00.000Z";"2026-04-17T16:48:00.000Z";1563.84
"2026-04-17T16:48:00.000Z";"2026-04-17T16:51:00.000Z";1531.51
"2026-04-17T16:51:00.000Z";"2026-04-17T16:54:00.000Z";1513.84
"2026-04-17T16:54:00.000Z";"2026-04-17T16:57:00.000Z";1509.44
"2026-04-17T16:57:00.000Z";"2026-04-17T17:00:00.000Z";1501
"2026-04-17T17:00:00.000Z";"2026-04-17T17:03:00.000Z";1499.56
"2026-04-17T17:03:00.000Z";"2026-04-17T17:06:00.000Z";1489.61
"2026-04-17T17:06:00.000Z";"2026-04-17T17:09:00.000Z";1499.16
"2026-04-17T17:09:00.000Z";"2026-04-17T17:12:00.000Z";1517.16
"2026-04-17T17:12:00.000Z";"2026-04-17T17:15:00.000Z";1517.06
"2026-04-17T17:15:00.000Z";"2026-04-17T17:18:00.000Z";1518.05
"2026-04-17T17:18:00.000Z";"2026-04-17T17:21:00.000Z";1519.11
"2026-04-17T17:21:00.000Z";"2026-04-17T17:24:00.000Z";1512.17
"2026-04-17T17:24:00.000Z";"2026-04-17T17:27:00.000Z";1511.17
"2026-04-17T17:27:00.000Z";"2026-04-17T17:30:00.000Z";1506.17
"2026-04-17T17:30:00.000Z";"2026-04-17T17:33:00.000Z";1507.94
"2026-04-17T17:33:00.000Z";"2026-04-17T17:36:00.000Z";1512.39
"2026-04-17T17:36:00.000Z";"2026-04-17T17:39:00.000Z";1513.5
"2026-04-17T17:39:00.000Z";"2026-04-17T17:42:00.000Z";1514
"2026-04-17T17:42:00.000Z";"2026-04-17T17:45:00.000Z";1523.05
"2026-04-17T17:45:00.000Z";"2026-04-17T17:48:00.000Z";1534.78
"2026-04-17T17:48:00.000Z";"2026-04-17T17:51:00.000Z";1542.38
"2026-04-17T17:51:00.000Z";"2026-04-17T17:54:00.000Z";1546.06
"2026-04-17T17:54:00.000Z";"2026-04-17T17:57:00.000Z";1544.56
"2026-04-17T17:57:00.000Z";"2026-04-17T18:00:00.000Z";1541.83
"2026-04-17T18:00:00.000Z";"2026-04-17T18:03:00.000Z";1526.12
"2026-04-17T18:03:00.000Z";"2026-04-17T18:06:00.000Z";1484.07
"2026-04-17T18:06:00.000Z";"2026-04-17T18:09:00.000Z";1461.56
"2026-04-17T18:09:00.000Z";"2026-04-17T18:12:00.000Z";1458.39
"2026-04-17T18:12:00.000Z";"2026-04-17T18:15:00.000Z";1456.5
"2026-04-17T18:15:00.000Z";"2026-04-17T18:18:00.000Z";1459.33
"2026-04-17T18:18:00.000Z";"2026-04-17T18:21:00.000Z";1461.72
"2026-04-17T18:21:00.000Z";"2026-04-17T18:24:00.000Z";1459.06
"2026-04-17T18:24:00.000Z";"2026-04-17T18:27:00.000Z";1456.56
"2026-04-17T18:27:00.000Z";"2026-04-17T18:30:00.000Z";1457.72
"2026-04-17T18:30:00.000Z";"2026-04-17T18:33:00.000Z";1461.39
"2026-04-17T18:33:00.000Z";"2026-04-17T18:36:00.000Z";1425.82
"2026-04-17T18:36:00.000Z";"2026-04-17T18:39:00.000Z";1404.55
"2026-04-17T18:39:00.000Z";"2026-04-17T18:42:00.000Z";1405.11
"2026-04-17T18:42:00.000Z";"2026-04-17T18:45:00.000Z";1403.22
"2026-04-17T18:45:00.000Z";"2026-04-17T18:48:00.000Z";1409.55
"2026-04-17T18:48:00.000Z";"2026-04-17T18:51:00.000Z";1407.95
"2026-04-17T18:51:00.000Z";"2026-04-17T18:54:00.000Z";1387.35
"2026-04-17T18:54:00.000Z";"2026-04-17T18:57:00.000Z";1380.17
"2026-04-17T18:57:00.000Z";"2026-04-17T19:00:00.000Z";1379.39
"2026-04-17T19:00:00.000Z";"2026-04-17T19:03:00.000Z";1383.55
"2026-04-17T19:03:00.000Z";"2026-04-17T19:06:00.000Z";1387.44
"2026-04-17T19:06:00.000Z";"2026-04-17T19:09:00.000Z";1387.67
"2026-04-17T19:09:00.000Z";"2026-04-17T19:12:00.000Z";1377.62
"2026-04-17T19:12:00.000Z";"2026-04-17T19:15:00.000Z";1361
"2026-04-17T19:15:00.000Z";"2026-04-17T19:18:00.000Z";1356.5
"2026-04-17T19:18:00.000Z";"2026-04-17T19:21:00.000Z";1353.78
"2026-04-17T19:21:00.000Z";"2026-04-17T19:24:00.000Z";1353.28
"2026-04-17T19:24:00.000Z";"2026-04-17T19:27:00.000Z";1352.11
"2026-04-17T19:27:00.000Z";"2026-04-17T19:30:00.000Z";1349.61
"2026-04-17T19:30:00.000Z";"2026-04-17T19:33:00.000Z";1335.73
"2026-04-17T19:33:00.000Z";"2026-04-17T19:36:00.000Z";1332.05
"2026-04-17T19:36:00.000Z";"2026-04-17T19:39:00.000Z";1334.89
"2026-04-17T19:39:00.000Z";"2026-04-17T19:42:00.000Z";1332.72
"2026-04-17T19:42:00.000Z";"2026-04-17T19:45:00.000Z";1326.39
"2026-04-17T19:45:00.000Z";"2026-04-17T19:48:00.000Z";1297.03
"2026-04-17T19:48:00.000Z";"2026-04-17T19:51:00.000Z";1269.83
"2026-04-17T19:51:00.000Z";"2026-04-17T19:54:00.000Z";1257.63
"2026-04-17T19:54:00.000Z";"2026-04-17T19:57:00.000Z";1233.57
"2026-04-17T19:57:00.000Z";"2026-04-17T20:00:00.000Z";1198.46
"2026-04-17T20:00:00.000Z";"2026-04-17T20:03:00.000Z";1185.22
"2026-04-17T20:03:00.000Z";"2026-04-17T20:06:00.000Z";1197.33
"2026-04-17T20:06:00.000Z";"2026-04-17T20:09:00.000Z";1200.33
"2026-04-17T20:09:00.000Z";"2026-04-17T20:12:00.000Z";1198.89
"2026-04-17T20:12:00.000Z";"2026-04-17T20:15:00.000Z";1195.44
"2026-04-17T20:15:00.000Z";"2026-04-17T20:18:00.000Z";1204.66
"2026-04-17T20:18:00.000Z";"2026-04-17T20:21:00.000Z";1216.5
"2026-04-17T20:21:00.000Z";"2026-04-17T20:24:00.000Z";1212.28
"2026-04-17T20:24:00.000Z";"2026-04-17T20:27:00.000Z";1208.5
"2026-04-17T20:27:00.000Z";"2026-04-17T20:30:00.000Z";1200.9
"2026-04-17T20:30:00.000Z";"2026-04-17T20:33:00.000Z";1181.62
"2026-04-17T20:33:00.000Z";"2026-04-17T20:36:00.000Z";1173.78
"2026-04-17T20:36:00.000Z";"2026-04-17T20:39:00.000Z";1149.46
"2026-04-17T20:39:00.000Z";"2026-04-17T20:42:00.000Z";1141.16
"2026-04-17T20:42:00.000Z";"2026-04-17T20:45:00.000Z";1130.51
"2026-04-17T20:45:00.000Z";"2026-04-17T20:48:00.000Z";1114.61
"2026-04-17T20:48:00.000Z";"2026-04-17T20:51:00.000Z";1117.78
"2026-04-17T20:51:00.000Z";"2026-04-17T20:54:00.000Z";1112.06
"2026-04-17T20:54:00.000Z";"2026-04-17T20:57:00.000Z";1097.34
"2026-04-17T20:57:00.000Z";"2026-04-17T21:00:00.000Z";1105.04
"2026-04-17T21:00:00.000Z";"2026-04-17T21:03:00.000Z";1158.49
"2026-04-17T21:03:00.000Z";"2026-04-17T21:06:00.000Z";1157.95
"2026-04-17T21:06:00.000Z";"2026-04-17T21:09:00.000Z";1154.13
"2026-04-17T21:09:00.000Z";"2026-04-17T21:12:00.000Z";1124.63
"2026-04-17T21:12:00.000Z";"2026-04-17T21:15:00.000Z";1136.81
"2026-04-17T21:15:00.000Z";"2026-04-17T21:18:00.000Z";1179.39
"2026-04-17T21:18:00.000Z";"2026-04-17T21:21:00.000Z";1175.78
"2026-04-17T21:21:00.000Z";"2026-04-17T21:24:00.000Z";1174.61
"2026-04-17T21:24:00.000Z";"2026-04-17T21:27:00.000Z";1170.61
"2026-04-17T21:27:00.000Z";"2026-04-17T21:30:00.000Z";1169.01
"2026-04-17T21:30:00.000Z";"2026-04-17T21:33:00.000Z";1169.33
"2026-04-17T21:33:00.000Z";"2026-04-17T21:36:00.000Z";1179.28
"2026-04-17T21:36:00.000Z";"2026-04-17T21:39:00.000Z";1189.94
"2026-04-17T21:39:00.000Z";"2026-04-17T21:42:00.000Z";1204.94
"2026-04-17T21:42:00.000Z";"2026-04-17T21:45:00.000Z";1208.72
"2026-04-17T21:45:00.000Z";"2026-04-17T21:48:00.000Z";1213.11
"2026-04-17T21:48:00.000Z";"2026-04-17T21:51:00.000Z";1212.83
"2026-04-17T21:51:00.000Z";"2026-04-17T21:54:00.000Z";1211.06
"2026-04-17T21:54:00.000Z";"2026-04-17T21:57:00.000Z";1211.94
"2026-04-17T21:57:00.000Z";"2026-04-17T22:00:00.000Z";1213.16
"2026-04-17T22:00:00.000Z";"2026-04-17T22:03:00.000Z";1222.61
"2026-04-17T22:03:00.000Z";"2026-04-17T22:06:00.000Z";1229.94
"2026-04-17T22:06:00.000Z";"2026-04-17T22:09:00.000Z";1244.55
"2026-04-17T22:09:00.000Z";"2026-04-17T22:12:00.000Z";1229.79
"2026-04-17T22:12:00.000Z";"2026-04-17T22:15:00.000Z";1212.96
"2026-04-17T22:15:00.000Z";"2026-04-17T22:18:00.000Z";1197.45
"2026-04-17T22:18:00.000Z";"2026-04-17T22:21:00.000Z";1163.06
"2026-04-17T22:21:00.000Z";"2026-04-17T22:24:00.000Z";1149.9
"2026-04-17T22:24:00.000Z";"2026-04-17T22:27:00.000Z";1142.17
"2026-04-17T22:27:00.000Z";"2026-04-17T22:30:00.000Z";1143.39
"2026-04-17T22:30:00.000Z";"2026-04-17T22:33:00.000Z";1135.23
"2026-04-17T22:33:00.000Z";"2026-04-17T22:36:00.000Z";1131.99
"2026-04-17T22:36:00.000Z";"2026-04-17T22:39:00.000Z";1145.23
"2026-04-17T22:39:00.000Z";"2026-04-17T22:42:00.000Z";1128.95
"2026-04-17T22:42:00.000Z";"2026-04-17T22:45:00.000Z";1129.22
"2026-04-17T22:45:00.000Z";"2026-04-17T22:48:00.000Z";1131.28
"2026-04-17T22:48:00.000Z";"2026-04-17T22:51:00.000Z";1131.56
"2026-04-17T22:51:00.000Z";"2026-04-17T22:54:00.000Z";1133
"2026-04-17T22:54:00.000Z";"2026-04-17T22:57:00.000Z";1132.89
"2026-04-17T22:57:00.000Z";"2026-04-17T23:00:00.000Z";1134.11
"2026-04-17T23:00:00.000Z";"2026-04-17T23:03:00.000Z";1158.43
"2026-04-17T23:03:00.000Z";"2026-04-17T23:06:00.000Z";1162.45
"2026-04-17T23:06:00.000Z";"2026-04-17T23:09:00.000Z";1160.44
"2026-04-17T23:09:00.000Z";"2026-04-17T23:12:00.000Z";1161.5
"2026-04-17T23:12:00.000Z";"2026-04-17T23:15:00.000Z";1160.61
"2026-04-17T23:15:00.000Z";"2026-04-17T23:18:00.000Z";1153.28
"2026-04-17T23:18:00.000Z";"2026-04-17T23:21:00.000Z";1149.17
"2026-04-17T23:21:00.000Z";"2026-04-17T23:24:00.000Z";1148.72
"2026-04-17T23:24:00.000Z";"2026-04-17T23:27:00.000Z";1157.67
"2026-04-17T23:27:00.000Z";"2026-04-17T23:30:00.000Z";1165.33
"2026-04-17T23:30:00.000Z";"2026-04-17T23:33:00.000Z";1169.39
"2026-04-17T23:33:00.000Z";"2026-04-17T23:36:00.000Z";1165.22
"2026-04-17T23:36:00.000Z";"2026-04-17T23:39:00.000Z";1163.17
"2026-04-17T23:39:00.000Z";"2026-04-17T23:42:00.000Z";1162.89
"2026-04-17T23:42:00.000Z";"2026-04-17T23:45:00.000Z";1164
"2026-04-17T23:45:00.000Z";"2026-04-17T23:48:00.000Z";1164.67
"2026-04-17T23:48:00.000Z";"2026-04-17T23:51:00.000Z";1164.28
"2026-04-17T23:51:00.000Z";"2026-04-17T23:54:00.000Z";1162.5
"2026-04-17T23:54:00.000Z";"2026-04-17T23:57:00.000Z";1164.44
"2026-04-17T23:57:00.000Z";"2026-04-18T00:00:00.000Z";1166.45
"2026-04-18T00:00:00.000Z";"2026-04-18T00:03:00.000Z";1159.51
"2026-04-18T00:03:00.000Z";"2026-04-18T00:06:00.000Z";1141.45
"2026-04-18T00:06:00.000Z";"2026-04-18T00:09:00.000Z";1132.56
"2026-04-18T00:09:00.000Z";"2026-04-18T00:12:00.000Z";1135.11
"2026-04-18T00:12:00.000Z";"2026-04-18T00:15:00.000Z";1135.72
"2026-04-18T00:15:00.000Z";"2026-04-18T00:18:00.000Z";1144.55
"2026-04-18T00:18:00.000Z";"2026-04-18T00:21:00.000Z";1159.88
"2026-04-18T00:21:00.000Z";"2026-04-18T00:24:00.000Z";1171.72
"2026-04-18T00:24:00.000Z";"2026-04-18T00:27:00.000Z";1174.22
"2026-04-18T00:27:00.000Z";"2026-04-18T00:30:00.000Z";1174.11
"2026-04-18T00:30:00.000Z";"2026-04-18T00:33:00.000Z";1169.89
"2026-04-18T00:33:00.000Z";"2026-04-18T00:36:00.000Z";1153.3
"2026-04-18T00:36:00.000Z";"2026-04-18T00:39:00.000Z";1140
"2026-04-18T00:39:00.000Z";"2026-04-18T00:42:00.000Z";1141.67
"2026-04-18T00:42:00.000Z";"2026-04-18T00:45:00.000Z";1160.5
"2026-04-18T00:45:00.000Z";"2026-04-18T00:48:00.000Z";1162.11
"2026-04-18T00:48:00.000Z";"2026-04-18T00:51:00.000Z";1171.94
"2026-04-18T00:51:00.000Z";"2026-04-18T00:54:00.000Z";1179.17
"2026-04-18T00:54:00.000Z";"2026-04-18T00:57:00.000Z";1177
"2026-04-18T00:57:00.000Z";"2026-04-18T01:00:00.000Z";1174.67
"2026-04-18T01:00:00.000Z";"2026-04-18T01:03:00.000Z";1180.27
"2026-04-18T01:03:00.000Z";"2026-04-18T01:06:00.000Z";1192.44
"2026-04-18T01:06:00.000Z";"2026-04-18T01:09:00.000Z";1206.27
"2026-04-18T01:09:00.000Z";"2026-04-18T01:12:00.000Z";1232.6
"2026-04-18T01:12:00.000Z";"2026-04-18T01:15:00.000Z";1232.28
"2026-04-18T01:15:00.000Z";"2026-04-18T01:18:00.000Z";1233.11
"2026-04-18T01:18:00.000Z";"2026-04-18T01:21:00.000Z";1247.93
"2026-04-18T01:21:00.000Z";"2026-04-18T01:24:00.000Z";1251
"2026-04-18T01:24:00.000Z";"2026-04-18T01:27:00.000Z";1262.33
"2026-04-18T01:27:00.000Z";"2026-04-18T01:30:00.000Z";1266.67
"2026-04-18T01:30:00.000Z";"2026-04-18T01:33:00.000Z";1265.61
"2026-04-18T01:33:00.000Z";"2026-04-18T01:36:00.000Z";1267.94
"2026-04-18T01:36:00.000Z";"2026-04-18T01:39:00.000Z";1266.44
"2026-04-18T01:39:00.000Z";"2026-04-18T01:42:00.000Z";1269.66
"2026-04-18T01:42:00.000Z";"2026-04-18T01:45:00.000Z";1270.17
"2026-04-18T01:45:00.000Z";"2026-04-18T01:48:00.000Z";1268.33
"2026-04-18T01:48:00.000Z";"2026-04-18T01:51:00.000Z";1269.61
"2026-04-18T01:51:00.000Z";"2026-04-18T01:54:00.000Z";1268.78
"2026-04-18T01:54:00.000Z";"2026-04-18T01:57:00.000Z";1268.33
"2026-04-18T01:57:00.000Z";"2026-04-18T02:00:00.000Z";1268.94
"2026-04-18T02:00:00.000Z";"2026-04-18T02:03:00.000Z";1268.78
"2026-04-18T02:03:00.000Z";"2026-04-18T02:06:00.000Z";1267.17
"2026-04-18T02:06:00.000Z";"2026-04-18T02:09:00.000Z";1272.28
"2026-04-18T02:09:00.000Z";"2026-04-18T02:12:00.000Z";1268.5
"2026-04-18T02:12:00.000Z";"2026-04-18T02:15:00.000Z";1268.06
"2026-04-18T02:15:00.000Z";"2026-04-18T02:18:00.000Z";1267
"2026-04-18T02:18:00.000Z";"2026-04-18T02:21:00.000Z";1269.44
"2026-04-18T02:21:00.000Z";"2026-04-18T02:24:00.000Z";1268.5
"2026-04-18T02:24:00.000Z";"2026-04-18T02:27:00.000Z";1268.33
"2026-04-18T02:27:00.000Z";"2026-04-18T02:30:00.000Z";1267
"2026-04-18T02:30:00.000Z";"2026-04-18T02:33:00.000Z";1268.56
"2026-04-18T02:33:00.000Z";"2026-04-18T02:36:00.000Z";1269.39
"2026-04-18T02:36:00.000Z";"2026-04-18T02:39:00.000Z";1267.45
"2026-04-18T02:39:00.000Z";"2026-04-18T02:42:00.000Z";1266.67
"2026-04-18T02:42:00.000Z";"2026-04-18T02:45:00.000Z";1267.33
"2026-04-18T02:45:00.000Z";"2026-04-18T02:48:00.000Z";1267
"2026-04-18T02:48:00.000Z";"2026-04-18T02:51:00.000Z";1267.06
"2026-04-18T02:51:00.000Z";"2026-04-18T02:54:00.000Z";1271.44
"2026-04-18T02:54:00.000Z";"2026-04-18T02:57:00.000Z";1300.05
"2026-04-18T02:57:00.000Z";"2026-04-18T03:00:00.000Z";1302.84
"2026-04-18T03:00:00.000Z";"2026-04-18T03:03:00.000Z";1299.28
"2026-04-18T03:03:00.000Z";"2026-04-18T03:06:00.000Z";1314.93
"2026-04-18T03:06:00.000Z";"2026-04-18T03:09:00.000Z";1324.89
"2026-04-18T03:09:00.000Z";"2026-04-18T03:12:00.000Z";1326
"2026-04-18T03:12:00.000Z";"2026-04-18T03:15:00.000Z";1324.28
"2026-04-18T03:15:00.000Z";"2026-04-18T03:18:00.000Z";1325.56
"2026-04-18T03:18:00.000Z";"2026-04-18T03:21:00.000Z";1329.22
"2026-04-18T03:21:00.000Z";"2026-04-18T03:24:00.000Z";1326.83
"2026-04-18T03:24:00.000Z";"2026-04-18T03:27:00.000Z";1324.06
"2026-04-18T03:27:00.000Z";"2026-04-18T03:30:00.000Z";1324.11
"2026-04-18T03:30:00.000Z";"2026-04-18T03:33:00.000Z";1321.83
"2026-04-18T03:33:00.000Z";"2026-04-18T03:36:00.000Z";1320
"2026-04-18T03:36:00.000Z";"2026-04-18T03:39:00.000Z";1322.17
"2026-04-18T03:39:00.000Z";"2026-04-18T03:42:00.000Z";1321.39
"2026-04-18T03:42:00.000Z";"2026-04-18T03:45:00.000Z";1323.61
"2026-04-18T03:45:00.000Z";"2026-04-18T03:48:00.000Z";1319.84
"2026-04-18T03:48:00.000Z";"2026-04-18T03:51:00.000Z";1321.61
"2026-04-18T03:51:00.000Z";"2026-04-18T03:54:00.000Z";1320.39
"2026-04-18T03:54:00.000Z";"2026-04-18T03:57:00.000Z";1318.72
"2026-04-18T03:57:00.000Z";"2026-04-18T04:00:00.000Z";1318.17
"2026-04-18T04:00:00.000Z";"2026-04-18T04:03:00.000Z";1309.73
"2026-04-18T04:03:00.000Z";"2026-04-18T04:06:00.000Z";1307.78
"2026-04-18T04:06:00.000Z";"2026-04-18T04:09:00.000Z";1300.67
"2026-04-18T04:09:00.000Z";"2026-04-18T04:12:00.000Z";1302.55
"2026-04-18T04:12:00.000Z";"2026-04-18T04:15:00.000Z";1309.61
"2026-04-18T04:15:00.000Z";"2026-04-18T04:18:00.000Z";1307.83
"2026-04-18T04:18:00.000Z";"2026-04-18T04:21:00.000Z";1305.78
"2026-04-18T04:21:00.000Z";"2026-04-18T04:24:00.000Z";1305.67
"2026-04-18T04:24:00.000Z";"2026-04-18T04:27:00.000Z";1303.22
"2026-04-18T04:27:00.000Z";"2026-04-18T04:30:00.000Z";1299.72
"2026-04-18T04:30:00.000Z";"2026-04-18T04:33:00.000Z";1300.06
"2026-04-18T04:33:00.000Z";"2026-04-18T04:36:00.000Z";1288.84
"2026-04-18T04:36:00.000Z";"2026-04-18T04:39:00.000Z";1285.56
"2026-04-18T04:39:00.000Z";"2026-04-18T04:42:00.000Z";1283.56
"2026-04-18T04:42:00.000Z";"2026-04-18T04:45:00.000Z";1280.78
"2026-04-18T04:45:00.000Z";"2026-04-18T04:48:00.000Z";1277.33
"2026-04-18T04:48:00.000Z";"2026-04-18T04:51:00.000Z";1279.67
"2026-04-18T04:51:00.000Z";"2026-04-18T04:54:00.000Z";1281.44
"2026-04-18T04:54:00.000Z";"2026-04-18T04:57:00.000Z";1283.83
"2026-04-18T04:57:00.000Z";"2026-04-18T05:00:00.000Z";1282.11
"2026-04-18T05:00:00.000Z";"2026-04-18T05:03:00.000Z";1263.74
"2026-04-18T05:03:00.000Z";"2026-04-18T05:06:00.000Z";1247.28
"2026-04-18T05:06:00.000Z";"2026-04-18T05:09:00.000Z";1250.78
"2026-04-18T05:09:00.000Z";"2026-04-18T05:12:00.000Z";1253.94
"2026-04-18T05:12:00.000Z";"2026-04-18T05:15:00.000Z";1252.11
"2026-04-18T05:15:00.000Z";"2026-04-18T05:18:00.000Z";1254.16
"2026-04-18T05:18:00.000Z";"2026-04-18T05:21:00.000Z";1257.11
"2026-04-18T05:21:00.000Z";"2026-04-18T05:24:00.000Z";1256.22
"2026-04-18T05:24:00.000Z";"2026-04-18T05:27:00.000Z";1258.39
"2026-04-18T05:27:00.000Z";"2026-04-18T05:30:00.000Z";1258.5
"2026-04-18T05:30:00.000Z";"2026-04-18T05:33:00.000Z";1257.61
"2026-04-18T05:33:00.000Z";"2026-04-18T05:36:00.000Z";1261.94
"2026-04-18T05:36:00.000Z";"2026-04-18T05:39:00.000Z";1262.5
"2026-04-18T05:39:00.000Z";"2026-04-18T05:42:00.000Z";1263.61
"2026-04-18T05:42:00.000Z";"2026-04-18T05:45:00.000Z";1261.44
"2026-04-18T05:45:00.000Z";"2026-04-18T05:48:00.000Z";1260.5
"2026-04-18T05:48:00.000Z";"2026-04-18T05:51:00.000Z";1254.56
"2026-04-18T05:51:00.000Z";"2026-04-18T05:54:00.000Z";1259.55
"2026-04-18T05:54:00.000Z";"2026-04-18T05:57:00.000Z";1262.67
"2026-04-18T05:57:00.000Z";"2026-04-18T06:00:00.000Z";1257.73
"2026-04-18T06:00:00.000Z";"2026-04-18T06:03:00.000Z";1254.72
"2026-04-18T06:03:00.000Z";"2026-04-18T06:06:00.000Z";1254.06
"2026-04-18T06:06:00.000Z";"2026-04-18T06:09:00.000Z";1248.9
"2026-04-18T06:09:00.000Z";"2026-04-18T06:12:00.000Z";1249.83
"2026-04-18T06:12:00.000Z";"2026-04-18T06:15:00.000Z";1256.44
"2026-04-18T06:15:00.000Z";"2026-04-18T06:18:00.000Z";1266.5
"2026-04-18T06:18:00.000Z";"2026-04-18T06:21:00.000Z";1266.71
"2026-04-18T06:21:00.000Z";"2026-04-18T06:24:00.000Z";1278.17
"2026-04-18T06:24:00.000Z";"2026-04-18T06:27:00.000Z";1281.11
"2026-04-18T06:27:00.000Z";"2026-04-18T06:30:00.000Z";1284.83
"2026-04-18T06:30:00.000Z";"2026-04-18T06:33:00.000Z";1285.78
"2026-04-18T06:33:00.000Z";"2026-04-18T06:36:00.000Z";1285.22
"2026-04-18T06:36:00.000Z";"2026-04-18T06:39:00.000Z";1284.11
"2026-04-18T06:39:00.000Z";"2026-04-18T06:42:00.000Z";1284.39
"2026-04-18T06:42:00.000Z";"2026-04-18T06:45:00.000Z";1276.78
"2026-04-18T06:45:00.000Z";"2026-04-18T06:48:00.000Z";1275.89
"2026-04-18T06:48:00.000Z";"2026-04-18T06:51:00.000Z";1275.22
"2026-04-18T06:51:00.000Z";"2026-04-18T06:54:00.000Z";1273.5
"2026-04-18T06:54:00.000Z";"2026-04-18T06:57:00.000Z";1277.22
"2026-04-18T06:57:00.000Z";"2026-04-18T07:00:00.000Z";1280.5
"2026-04-18T07:00:00.000Z";"2026-04-18T07:03:00.000Z";1265.12
"2026-04-18T07:03:00.000Z";"2026-04-18T07:06:00.000Z";1242.78
"2026-04-18T07:06:00.000Z";"2026-04-18T07:09:00.000Z";1238.83
"2026-04-18T07:09:00.000Z";"2026-04-18T07:12:00.000Z";1240.17
"2026-04-18T07:12:00.000Z";"2026-04-18T07:15:00.000Z";1228.45
"2026-04-18T07:15:00.000Z";"2026-04-18T07:18:00.000Z";1222.17
"2026-04-18T07:18:00.000Z";"2026-04-18T07:21:00.000Z";1222.78
"2026-04-18T07:21:00.000Z";"2026-04-18T07:24:00.000Z";1227
"2026-04-18T07:24:00.000Z";"2026-04-18T07:27:00.000Z";1230.83
"2026-04-18T07:27:00.000Z";"2026-04-18T07:30:00.000Z";1224.01
"2026-04-18T07:30:00.000Z";"2026-04-18T07:33:00.000Z";1220.39
"2026-04-18T07:33:00.000Z";"2026-04-18T07:36:00.000Z";1227.17
"2026-04-18T07:36:00.000Z";"2026-04-18T07:39:00.000Z";1228.5
"2026-04-18T07:39:00.000Z";"2026-04-18T07:42:00.000Z";1228.22
"2026-04-18T07:42:00.000Z";"2026-04-18T07:45:00.000Z";1225.72
"2026-04-18T07:45:00.000Z";"2026-04-18T07:48:00.000Z";1227.17
"2026-04-18T07:48:00.000Z";"2026-04-18T07:51:00.000Z";1228.39
"2026-04-18T07:51:00.000Z";"2026-04-18T07:54:00.000Z";1224.56
"2026-04-18T07:54:00.000Z";"2026-04-18T07:57:00.000Z";1225.72
"2026-04-18T07:57:00.000Z";"2026-04-18T08:00:00.000Z";1227.67
"2026-04-18T08:00:00.000Z";"2026-04-18T08:03:00.000Z";1226.45
"2026-04-18T08:03:00.000Z";"2026-04-18T08:06:00.000Z";1225.39
"2026-04-18T08:06:00.000Z";"2026-04-18T08:09:00.000Z";1219.45
"2026-04-18T08:09:00.000Z";"2026-04-18T08:12:00.000Z";1209.95
"2026-04-18T08:12:00.000Z";"2026-04-18T08:15:00.000Z";1204.17
"2026-04-18T08:15:00.000Z";"2026-04-18T08:18:00.000Z";1208.28
"2026-04-18T08:18:00.000Z";"2026-04-18T08:21:00.000Z";1211.67
"2026-04-18T08:21:00.000Z";"2026-04-18T08:24:00.000Z";1213.39
"2026-04-18T08:24:00.000Z";"2026-04-18T08:27:00.000Z";1213
"2026-04-18T08:27:00.000Z";"2026-04-18T08:30:00.000Z";1217.11
"2026-04-18T08:30:00.000Z";"2026-04-18T08:33:00.000Z";1216.44
"2026-04-18T08:33:00.000Z";"2026-04-18T08:36:00.000Z";1221.05
"2026-04-18T08:36:00.000Z";"2026-04-18T08:39:00.000Z";1221.94
"2026-04-18T08:39:00.000Z";"2026-04-18T08:42:00.000Z";1219.89
"2026-04-18T08:42:00.000Z";"2026-04-18T08:45:00.000Z";1216.44
"2026-04-18T08:45:00.000Z";"2026-04-18T08:48:00.000Z";1218.83
"2026-04-18T08:48:00.000Z";"2026-04-18T08:51:00.000Z";1220
"2026-04-18T08:51:00.000Z";"2026-04-18T08:54:00.000Z";1217.56
"2026-04-18T08:54:00.000Z";"2026-04-18T08:57:00.000Z";1213.44
"2026-04-18T08:57:00.000Z";"2026-04-18T09:00:00.000Z";1216.17
"2026-04-18T09:00:00.000Z";"2026-04-18T09:03:00.000Z";1219.22
"2026-04-18T09:03:00.000Z";"2026-04-18T09:06:00.000Z";1219.06
"2026-04-18T09:06:00.000Z";"2026-04-18T09:09:00.000Z";1217.66
"2026-04-18T09:09:00.000Z";"2026-04-18T09:12:00.000Z";1215.72
"2026-04-18T09:12:00.000Z";"2026-04-18T09:15:00.000Z";1218.83
"2026-04-18T09:15:00.000Z";"2026-04-18T09:18:00.000Z";1221.5
"2026-04-18T09:18:00.000Z";"2026-04-18T09:21:00.000Z";1221.83
"2026-04-18T09:21:00.000Z";"2026-04-18T09:24:00.000Z";1215.28
"2026-04-18T09:24:00.000Z";"2026-04-18T09:27:00.000Z";1210.89
"2026-04-18T09:27:00.000Z";"2026-04-18T09:30:00.000Z";1213.72
"2026-04-18T09:30:00.000Z";"2026-04-18T09:33:00.000Z";1214.67
"2026-04-18T09:33:00.000Z";"2026-04-18T09:36:00.000Z";1215.78
"2026-04-18T09:36:00.000Z";"2026-04-18T09:39:00.000Z";1211.5
"2026-04-18T09:39:00.000Z";"2026-04-18T09:42:00.000Z";1207.89
"2026-04-18T09:42:00.000Z";"2026-04-18T09:45:00.000Z";1205.44
"2026-04-18T09:45:00.000Z";"2026-04-18T09:48:00.000Z";1206.28
"2026-04-18T09:48:00.000Z";"2026-04-18T09:51:00.000Z";1209.5
"2026-04-18T09:51:00.000Z";"2026-04-18T09:54:00.000Z";1205.89
"2026-04-18T09:54:00.000Z";"2026-04-18T09:57:00.000Z";1209.22
"2026-04-18T09:57:00.000Z";"2026-04-18T10:00:00.000Z";1217.05
"2026-04-18T10:00:00.000Z";"2026-04-18T10:03:00.000Z";1218.22
"2026-04-18T10:03:00.000Z";"2026-04-18T10:06:00.000Z";1231.1
"2026-04-18T10:06:00.000Z";"2026-04-18T10:09:00.000Z";1232.89
"2026-04-18T10:09:00.000Z";"2026-04-18T10:12:00.000Z";1232.33
"2026-04-18T10:12:00.000Z";"2026-04-18T10:15:00.000Z";1233.56
"2026-04-18T10:15:00.000Z";"2026-04-18T10:18:00.000Z";1239.17
"2026-04-18T10:18:00.000Z";"2026-04-18T10:21:00.000Z";1237.28
"2026-04-18T10:21:00.000Z";"2026-04-18T10:24:00.000Z";1233.56
"2026-04-18T10:24:00.000Z";"2026-04-18T10:27:00.000Z";1231.44
"2026-04-18T10:27:00.000Z";"2026-04-18T10:30:00.000Z";1230.67
"2026-04-18T10:30:00.000Z";"2026-04-18T10:33:00.000Z";1230.44
"2026-04-18T10:33:00.000Z";"2026-04-18T10:36:00.000Z";1230.89
"2026-04-18T10:36:00.000Z";"2026-04-18T10:39:00.000Z";1230.11
"2026-04-18T10:39:00.000Z";"2026-04-18T10:42:00.000Z";1228.78
"2026-04-18T10:42:00.000Z";"2026-04-18T10:45:00.000Z";1228.22
"2026-04-18T10:45:00.000Z";"2026-04-18T10:48:00.000Z";1229.83
"2026-04-18T10:48:00.000Z";"2026-04-18T10:51:00.000Z";1228.17
"2026-04-18T10:51:00.000Z";"2026-04-18T10:54:00.000Z";1227.83
"2026-04-18T10:54:00.000Z";"2026-04-18T10:57:00.000Z";1226.94
"2026-04-18T10:57:00.000Z";"2026-04-18T11:00:00.000Z";1229.17
"2026-04-18T11:00:00.000Z";"2026-04-18T11:03:00.000Z";1240.1
"2026-04-18T11:03:00.000Z";"2026-04-18T11:06:00.000Z";1242.28
"2026-04-18T11:06:00.000Z";"2026-04-18T11:09:00.000Z";1240.72
"2026-04-18T11:09:00.000Z";"2026-04-18T11:12:00.000Z";1239.67
"2026-04-18T11:12:00.000Z";"2026-04-18T11:15:00.000Z";1241
"2026-04-18T11:15:00.000Z";"2026-04-18T11:18:00.000Z";1239.34
"2026-04-18T11:18:00.000Z";"2026-04-18T11:21:00.000Z";1230.84
"2026-04-18T11:21:00.000Z";"2026-04-18T11:24:00.000Z";1234.72
"2026-04-18T11:24:00.000Z";"2026-04-18T11:27:00.000Z";1237.89
"2026-04-18T11:27:00.000Z";"2026-04-18T11:30:00.000Z";1237.72
"2026-04-18T11:30:00.000Z";"2026-04-18T11:33:00.000Z";1237.84
"2026-04-18T11:33:00.000Z";"2026-04-18T11:36:00.000Z";1233.22
"2026-04-18T11:36:00.000Z";"2026-04-18T11:39:00.000Z";1230.33
"2026-04-18T11:39:00.000Z";"2026-04-18T11:42:00.000Z";1230.78
"2026-04-18T11:42:00.000Z";"2026-04-18T11:45:00.000Z";1229.56
"2026-04-18T11:45:00.000Z";"2026-04-18T11:48:00.000Z";1228.56
"2026-04-18T11:48:00.000Z";"2026-04-18T11:51:00.000Z";1224.83
"2026-04-18T11:51:00.000Z";"2026-04-18T11:54:00.000Z";1224.22
"2026-04-18T11:54:00.000Z";"2026-04-18T11:57:00.000Z";1233.33
"2026-04-18T11:57:00.000Z";"2026-04-18T12:00:00.000Z";1236.23
"2026-04-18T12:00:00.000Z";"2026-04-18T12:03:00.000Z";1234.44
"2026-04-18T12:03:00.000Z";"2026-04-18T12:06:00.000Z";1239.39
"2026-04-18T12:06:00.000Z";"2026-04-18T12:09:00.000Z";1244.83
"2026-04-18T12:09:00.000Z";"2026-04-18T12:12:00.000Z";1246.39
"2026-04-18T12:12:00.000Z";"2026-04-18T12:15:00.000Z";1243.94
"2026-04-18T12:15:00.000Z";"2026-04-18T12:18:00.000Z";1247.94
"2026-04-18T12:18:00.000Z";"2026-04-18T12:21:00.000Z";1246.06
"2026-04-18T12:21:00.000Z";"2026-04-18T12:24:00.000Z";1247.89
"2026-04-18T12:24:00.000Z";"2026-04-18T12:27:00.000Z";1246.11
"2026-04-18T12:27:00.000Z";"2026-04-18T12:30:00.000Z";1247.22
"2026-04-18T12:30:00.000Z";"2026-04-18T12:33:00.000Z";1243.28
"2026-04-18T12:33:00.000Z";"2026-04-18T12:36:00.000Z";1242.94
"2026-04-18T12:36:00.000Z";"2026-04-18T12:39:00.000Z";1245.5
"2026-04-18T12:39:00.000Z";"2026-04-18T12:42:00.000Z";1246.44
"2026-04-18T12:42:00.000Z";"2026-04-18T12:45:00.000Z";1241.89
"2026-04-18T12:45:00.000Z";"2026-04-18T12:48:00.000Z";1241.89
"2026-04-18T12:48:00.000Z";"2026-04-18T12:51:00.000Z";1244.55
"2026-04-18T12:51:00.000Z";"2026-04-18T12:54:00.000Z";1244.67
"2026-04-18T12:54:00.000Z";"2026-04-18T12:57:00.000Z";1244.27
"2026-04-18T12:57:00.000Z";"2026-04-18T13:00:00.000Z";1273.49
"2026-04-18T13:00:00.000Z";"2026-04-18T13:03:00.000Z";1299.49
"2026-04-18T13:03:00.000Z";"2026-04-18T13:06:00.000Z";1319.55
"2026-04-18T13:06:00.000Z";"2026-04-18T13:09:00.000Z";1334.1
"2026-04-18T13:09:00.000Z";"2026-04-18T13:12:00.000Z";1341.94
"2026-04-18T13:12:00.000Z";"2026-04-18T13:15:00.000Z";1342.72
"2026-04-18T13:15:00.000Z";"2026-04-18T13:18:00.000Z";1338.89
"2026-04-18T13:18:00.000Z";"2026-04-18T13:21:00.000Z";1336.83
"2026-04-18T13:21:00.000Z";"2026-04-18T13:24:00.000Z";1335.28
"2026-04-18T13:24:00.000Z";"2026-04-18T13:27:00.000Z";1331.56
"2026-04-18T13:27:00.000Z";"2026-04-18T13:30:00.000Z";1335.56
"2026-04-18T13:30:00.000Z";"2026-04-18T13:33:00.000Z";1328.22
"2026-04-18T13:33:00.000Z";"2026-04-18T13:36:00.000Z";1320.11
"2026-04-18T13:36:00.000Z";"2026-04-18T13:39:00.000Z";1310.78
"2026-04-18T13:39:00.000Z";"2026-04-18T13:42:00.000Z";1307.61
"2026-04-18T13:42:00.000Z";"2026-04-18T13:45:00.000Z";1308.67
"2026-04-18T13:45:00.000Z";"2026-04-18T13:48:00.000Z";1310.83
"2026-04-18T13:48:00.000Z";"2026-04-18T13:51:00.000Z";1312.33
"2026-04-18T13:51:00.000Z";"2026-04-18T13:54:00.000Z";1311.67
"2026-04-18T13:54:00.000Z";"2026-04-18T13:57:00.000Z";1316
"2026-04-18T13:57:00.000Z";"2026-04-18T14:00:00.000Z";1319.89
"2026-04-18T14:00:00.000Z";"2026-04-18T14:03:00.000Z";1332.1
"2026-04-18T14:03:00.000Z";"2026-04-18T14:06:00.000Z";1365.43
"2026-04-18T14:06:00.000Z";"2026-04-18T14:09:00.000Z";1371.17
"2026-04-18T14:09:00.000Z";"2026-04-18T14:12:00.000Z";1376.11
"2026-04-18T14:12:00.000Z";"2026-04-18T14:15:00.000Z";1382.05
"2026-04-18T14:15:00.000Z";"2026-04-18T14:18:00.000Z";1406.17
"2026-04-18T14:18:00.000Z";"2026-04-18T14:21:00.000Z";1420.99
"2026-04-18T14:21:00.000Z";"2026-04-18T14:24:00.000Z";1424.67
"2026-04-18T14:24:00.000Z";"2026-04-18T14:27:00.000Z";1429.28
"2026-04-18T14:27:00.000Z";"2026-04-18T14:30:00.000Z";1431.44
"2026-04-18T14:30:00.000Z";"2026-04-18T14:33:00.000Z";1447.5
"2026-04-18T14:33:00.000Z";"2026-04-18T14:36:00.000Z";1436.56
"2026-04-18T14:36:00.000Z";"2026-04-18T14:39:00.000Z";1433.83
"2026-04-18T14:39:00.000Z";"2026-04-18T14:42:00.000Z";1433.61
"2026-04-18T14:42:00.000Z";"2026-04-18T14:45:00.000Z";1436.22
"2026-04-18T14:45:00.000Z";"2026-04-18T14:48:00.000Z";1435.39
"2026-04-18T14:48:00.000Z";"2026-04-18T14:51:00.000Z";1429.28
"2026-04-18T14:51:00.000Z";"2026-04-18T14:54:00.000Z";1423.11
"2026-04-18T14:54:00.000Z";"2026-04-18T14:57:00.000Z";1422.83
"2026-04-18T14:57:00.000Z";"2026-04-18T15:00:00.000Z";1428.72
"2026-04-18T15:00:00.000Z";"2026-04-18T15:03:00.000Z";1429.95
"2026-04-18T15:03:00.000Z";"2026-04-18T15:06:00.000Z";1426.77
"2026-04-18T15:06:00.000Z";"2026-04-18T15:09:00.000Z";1436.72
"2026-04-18T15:09:00.000Z";"2026-04-18T15:12:00.000Z";1445.27
"2026-04-18T15:12:00.000Z";"2026-04-18T15:15:00.000Z";1446.83
"2026-04-18T15:15:00.000Z";"2026-04-18T15:18:00.000Z";1443.11
"2026-04-18T15:18:00.000Z";"2026-04-18T15:21:00.000Z";1445.44
"2026-04-18T15:21:00.000Z";"2026-04-18T15:24:00.000Z";1444.95
"2026-04-18T15:24:00.000Z";"2026-04-18T15:27:00.000Z";1442.22
"2026-04-18T15:27:00.000Z";"2026-04-18T15:30:00.000Z";1454.94
"2026-04-18T15:30:00.000Z";"2026-04-18T15:33:00.000Z";1467.17
"2026-04-18T15:33:00.000Z";"2026-04-18T15:36:00.000Z";1466.22
"2026-04-18T15:36:00.000Z";"2026-04-18T15:39:00.000Z";1468.11
"2026-04-18T15:39:00.000Z";"2026-04-18T15:42:00.000Z";1468.5
"2026-04-18T15:42:00.000Z";"2026-04-18T15:45:00.000Z";1471.05
"2026-04-18T15:45:00.000Z";"2026-04-18T15:48:00.000Z";1466.57
"2026-04-18T15:48:00.000Z";"2026-04-18T15:51:00.000Z";1464.44
"2026-04-18T15:51:00.000Z";"2026-04-18T15:54:00.000Z";1469.28
"2026-04-18T15:54:00.000Z";"2026-04-18T15:57:00.000Z";1474.27
"2026-04-18T15:57:00.000Z";"2026-04-18T16:00:00.000Z";1488.83
"2026-04-18T16:00:00.000Z";"2026-04-18T16:03:00.000Z";1486.17
"2026-04-18T16:03:00.000Z";"2026-04-18T16:06:00.000Z";1482.5
"2026-04-18T16:06:00.000Z";"2026-04-18T16:09:00.000Z";1484.83
"2026-04-18T16:09:00.000Z";"2026-04-18T16:12:00.000Z";1487.17
"2026-04-18T16:12:00.000Z";"2026-04-18T16:15:00.000Z";1485.89
"2026-04-18T16:15:00.000Z";"2026-04-18T16:18:00.000Z";1483.06
"2026-04-18T16:18:00.000Z";"2026-04-18T16:21:00.000Z";1481.61
"2026-04-18T16:21:00.000Z";"2026-04-18T16:24:00.000Z";1479.44
"2026-04-18T16:24:00.000Z";"2026-04-18T16:27:00.000Z";1473.95
"2026-04-18T16:27:00.000Z";"2026-04-18T16:30:00.000Z";1479
"2026-04-18T16:30:00.000Z";"2026-04-18T16:33:00.000Z";1486.05
"2026-04-18T16:33:00.000Z";"2026-04-18T16:36:00.000Z";1489.94
"2026-04-18T16:36:00.000Z";"2026-04-18T16:39:00.000Z";1492.83
"2026-04-18T16:39:00.000Z";"2026-04-18T16:42:00.000Z";1475.4
"2026-04-18T16:42:00.000Z";"2026-04-18T16:45:00.000Z";1477.5
"2026-04-18T16:45:00.000Z";"2026-04-18T16:48:00.000Z";1472.96
"2026-04-18T16:48:00.000Z";"2026-04-18T16:51:00.000Z";1455.74
"2026-04-18T16:51:00.000Z";"2026-04-18T16:54:00.000Z";1454.17
"2026-04-18T16:54:00.000Z";"2026-04-18T16:57:00.000Z";1442.56
"2026-04-18T16:57:00.000Z";"2026-04-18T17:00:00.000Z";1444.66
"2026-04-18T17:00:00.000Z";"2026-04-18T17:03:00.000Z";1442.95
"2026-04-18T17:03:00.000Z";"2026-04-18T17:06:00.000Z";1431.72
"2026-04-18T17:06:00.000Z";"2026-04-18T17:09:00.000Z";1429.72
"2026-04-18T17:09:00.000Z";"2026-04-18T17:12:00.000Z";1428.83
"2026-04-18T17:12:00.000Z";"2026-04-18T17:15:00.000Z";1437.61
"2026-04-18T17:15:00.000Z";"2026-04-18T17:18:00.000Z";1440.94
"2026-04-18T17:18:00.000Z";"2026-04-18T17:21:00.000Z";1427.84
"2026-04-18T17:21:00.000Z";"2026-04-18T17:24:00.000Z";1424.39
"2026-04-18T17:24:00.000Z";"2026-04-18T17:27:00.000Z";1421.22
"2026-04-18T17:27:00.000Z";"2026-04-18T17:30:00.000Z";1420.39
"2026-04-18T17:30:00.000Z";"2026-04-18T17:33:00.000Z";1423.22
"2026-04-18T17:33:00.000Z";"2026-04-18T17:36:00.000Z";1428.89
"2026-04-18T17:36:00.000Z";"2026-04-18T17:39:00.000Z";1431.17
"2026-04-18T17:39:00.000Z";"2026-04-18T17:42:00.000Z";1430.45
"2026-04-18T17:42:00.000Z";"2026-04-18T17:45:00.000Z";1423.84
"2026-04-18T17:45:00.000Z";"2026-04-18T17:48:00.000Z";1415.12
"2026-04-18T17:48:00.000Z";"2026-04-18T17:51:00.000Z";1412.45
"2026-04-18T17:51:00.000Z";"2026-04-18T17:54:00.000Z";1408.78
"2026-04-18T17:54:00.000Z";"2026-04-18T17:57:00.000Z";1399.23
"2026-04-18T17:57:00.000Z";"2026-04-18T18:00:00.000Z";1392.72
"2026-04-18T18:00:00.000Z";"2026-04-18T18:03:00.000Z";1383.06
"2026-04-18T18:03:00.000Z";"2026-04-18T18:06:00.000Z";1364.57
"2026-04-18T18:06:00.000Z";"2026-04-18T18:09:00.000Z";1344.34
"2026-04-18T18:09:00.000Z";"2026-04-18T18:12:00.000Z";1337.78
"2026-04-18T18:12:00.000Z";"2026-04-18T18:15:00.000Z";1339.56
"2026-04-18T18:15:00.000Z";"2026-04-18T18:18:00.000Z";1307.48
"2026-04-18T18:18:00.000Z";"2026-04-18T18:21:00.000Z";1270.84
"2026-04-18T18:21:00.000Z";"2026-04-18T18:24:00.000Z";1267.06
"2026-04-18T18:24:00.000Z";"2026-04-18T18:27:00.000Z";1264.44
"2026-04-18T18:27:00.000Z";"2026-04-18T18:30:00.000Z";1262.22
"2026-04-18T18:30:00.000Z";"2026-04-18T18:33:00.000Z";1244.68
"2026-04-18T18:33:00.000Z";"2026-04-18T18:36:00.000Z";1230.17
"2026-04-18T18:36:00.000Z";"2026-04-18T18:39:00.000Z";1223.89
"2026-04-18T18:39:00.000Z";"2026-04-18T18:42:00.000Z";1219.06
"2026-04-18T18:42:00.000Z";"2026-04-18T18:45:00.000Z";1216.11
"2026-04-18T18:45:00.000Z";"2026-04-18T18:48:00.000Z";1217.94
"2026-04-18T18:48:00.000Z";"2026-04-18T18:51:00.000Z";1220.39
"2026-04-18T18:51:00.000Z";"2026-04-18T18:54:00.000Z";1214.11
"2026-04-18T18:54:00.000Z";"2026-04-18T18:57:00.000Z";1211.56
"2026-04-18T18:57:00.000Z";"2026-04-18T19:00:00.000Z";1216.49
"2026-04-18T19:00:00.000Z";"2026-04-18T19:03:00.000Z";1223.83
"2026-04-18T19:03:00.000Z";"2026-04-18T19:06:00.000Z";1212.56
"2026-04-18T19:06:00.000Z";"2026-04-18T19:09:00.000Z";1202.45
"2026-04-18T19:09:00.000Z";"2026-04-18T19:12:00.000Z";1198
"2026-04-18T19:12:00.000Z";"2026-04-18T19:15:00.000Z";1191.39
"2026-04-18T19:15:00.000Z";"2026-04-18T19:18:00.000Z";1177.91
"2026-04-18T19:18:00.000Z";"2026-04-18T19:21:00.000Z";1166.62
"2026-04-18T19:21:00.000Z";"2026-04-18T19:24:00.000Z";1160.84
"2026-04-18T19:24:00.000Z";"2026-04-18T19:27:00.000Z";1156.11
"2026-04-18T19:27:00.000Z";"2026-04-18T19:30:00.000Z";1151.56
"2026-04-18T19:30:00.000Z";"2026-04-18T19:33:00.000Z";1152.38
"2026-04-18T19:33:00.000Z";"2026-04-18T19:36:00.000Z";1158.33
"2026-04-18T19:36:00.000Z";"2026-04-18T19:39:00.000Z";1157.67
"2026-04-18T19:39:00.000Z";"2026-04-18T19:42:00.000Z";1157
"2026-04-18T19:42:00.000Z";"2026-04-18T19:45:00.000Z";1153.95
"2026-04-18T19:45:00.000Z";"2026-04-18T19:48:00.000Z";1154
"2026-04-18T19:48:00.000Z";"2026-04-18T19:51:00.000Z";1155.28
"2026-04-18T19:51:00.000Z";"2026-04-18T19:54:00.000Z";1156.55
"2026-04-18T19:54:00.000Z";"2026-04-18T19:57:00.000Z";1158.66
"2026-04-18T19:57:00.000Z";"2026-04-18T20:00:00.000Z";1175.43
"2026-04-18T20:00:00.000Z";"2026-04-18T20:03:00.000Z";1203.77
"2026-04-18T20:03:00.000Z";"2026-04-18T20:06:00.000Z";1201.28
"2026-04-18T20:06:00.000Z";"2026-04-18T20:09:00.000Z";1202.06
"2026-04-18T20:09:00.000Z";"2026-04-18T20:12:00.000Z";1195.67
"2026-04-18T20:12:00.000Z";"2026-04-18T20:15:00.000Z";1177.29
"2026-04-18T20:15:00.000Z";"2026-04-18T20:18:00.000Z";1166.45
"2026-04-18T20:18:00.000Z";"2026-04-18T20:21:00.000Z";1161.73
"2026-04-18T20:21:00.000Z";"2026-04-18T20:24:00.000Z";1142.02
"2026-04-18T20:24:00.000Z";"2026-04-18T20:27:00.000Z";1123.56
"2026-04-18T20:27:00.000Z";"2026-04-18T20:30:00.000Z";1113.06
"2026-04-18T20:30:00.000Z";"2026-04-18T20:33:00.000Z";1108.93
"2026-04-18T20:33:00.000Z";"2026-04-18T20:36:00.000Z";1112.39
"2026-04-18T20:36:00.000Z";"2026-04-18T20:39:00.000Z";1109.72
"2026-04-18T20:39:00.000Z";"2026-04-18T20:42:00.000Z";1100.29
"2026-04-18T20:42:00.000Z";"2026-04-18T20:45:00.000Z";1096.06
"2026-04-18T20:45:00.000Z";"2026-04-18T20:48:00.000Z";1089.61
"2026-04-18T20:48:00.000Z";"2026-04-18T20:51:00.000Z";1087.39
"2026-04-18T20:51:00.000Z";"2026-04-18T20:54:00.000Z";1086.28
"2026-04-18T20:54:00.000Z";"2026-04-18T20:57:00.000Z";1081.28
"2026-04-18T20:57:00.000Z";"2026-04-18T21:00:00.000Z";1080.11
"2026-04-18T21:00:00.000Z";"2026-04-18T21:03:00.000Z";1090.22
"2026-04-18T21:03:00.000Z";"2026-04-18T21:06:00.000Z";1096.44
"2026-04-18T21:06:00.000Z";"2026-04-18T21:09:00.000Z";1098
"2026-04-18T21:09:00.000Z";"2026-04-18T21:12:00.000Z";1096.17
"2026-04-18T21:12:00.000Z";"2026-04-18T21:15:00.000Z";1090.33
"2026-04-18T21:15:00.000Z";"2026-04-18T21:18:00.000Z";1092.16
"2026-04-18T21:18:00.000Z";"2026-04-18T21:21:00.000Z";1095.78
"2026-04-18T21:21:00.000Z";"2026-04-18T21:24:00.000Z";1095.28
"2026-04-18T21:24:00.000Z";"2026-04-18T21:27:00.000Z";1095
"2026-04-18T21:27:00.000Z";"2026-04-18T21:30:00.000Z";1095.44
"2026-04-18T21:30:00.000Z";"2026-04-18T21:33:00.000Z";1093.33
"2026-04-18T21:33:00.000Z";"2026-04-18T21:36:00.000Z";1100.22
"2026-04-18T21:36:00.000Z";"2026-04-18T21:39:00.000Z";1099.11
"2026-04-18T21:39:00.000Z";"2026-04-18T21:42:00.000Z";1099.11
"2026-04-18T21:42:00.000Z";"2026-04-18T21:45:00.000Z";1093.11
"2026-04-18T21:45:00.000Z";"2026-04-18T21:48:00.000Z";1096.11
"2026-04-18T21:48:00.000Z";"2026-04-18T21:51:00.000Z";1103.56
"2026-04-18T21:51:00.000Z";"2026-04-18T21:54:00.000Z";1103.45
"2026-04-18T21:54:00.000Z";"2026-04-18T21:57:00.000Z";1096.28
"2026-04-18T21:57:00.000Z";"2026-04-18T22:00:00.000Z";1099.72
"2026-04-18T22:00:00.000Z";"2026-04-18T22:03:00.000Z";1110.82
"2026-04-18T22:03:00.000Z";"2026-04-18T22:06:00.000Z";1142.77
"2026-04-18T22:06:00.000Z";"2026-04-18T22:09:00.000Z";1180.43
"2026-04-18T22:09:00.000Z";"2026-04-18T22:12:00.000Z";1228.88
"2026-04-18T22:12:00.000Z";"2026-04-18T22:15:00.000Z";1238.83
"2026-04-18T22:15:00.000Z";"2026-04-18T22:18:00.000Z";1233.72
"2026-04-18T22:18:00.000Z";"2026-04-18T22:21:00.000Z";1244.5
"2026-04-18T22:21:00.000Z";"2026-04-18T22:24:00.000Z";1241.11
"2026-04-18T22:24:00.000Z";"2026-04-18T22:27:00.000Z";1238.06
"2026-04-18T22:27:00.000Z";"2026-04-18T22:30:00.000Z";1243.61
"2026-04-18T22:30:00.000Z";"2026-04-18T22:33:00.000Z";1254.72
"2026-04-18T22:33:00.000Z";"2026-04-18T22:36:00.000Z";1268.22
"2026-04-18T22:36:00.000Z";"2026-04-18T22:39:00.000Z";1264.95
"2026-04-18T22:39:00.000Z";"2026-04-18T22:42:00.000Z";1261.17
"2026-04-18T22:42:00.000Z";"2026-04-18T22:45:00.000Z";1251.95
"2026-04-18T22:45:00.000Z";"2026-04-18T22:48:00.000Z";1254.11
"2026-04-18T22:48:00.000Z";"2026-04-18T22:51:00.000Z";1248.39
"2026-04-18T22:51:00.000Z";"2026-04-18T22:54:00.000Z";1252.78
"2026-04-18T22:54:00.000Z";"2026-04-18T22:57:00.000Z";1254.94
"2026-04-18T22:57:00.000Z";"2026-04-18T23:00:00.000Z";1252.22
"2026-04-18T23:00:00.000Z";"2026-04-18T23:03:00.000Z";1254.55
"2026-04-18T23:03:00.000Z";"2026-04-18T23:06:00.000Z";1281.71
"2026-04-18T23:06:00.000Z";"2026-04-18T23:09:00.000Z";1301.27
"2026-04-18T23:09:00.000Z";"2026-04-18T23:12:00.000Z";1309.11
"2026-04-18T23:12:00.000Z";"2026-04-18T23:15:00.000Z";1311.61
"2026-04-18T23:15:00.000Z";"2026-04-18T23:18:00.000Z";1313.67
"2026-04-18T23:18:00.000Z";"2026-04-18T23:21:00.000Z";1309.67
"2026-04-18T23:21:00.000Z";"2026-04-18T23:24:00.000Z";1309.11
"2026-04-18T23:24:00.000Z";"2026-04-18T23:27:00.000Z";1308.78
"2026-04-18T23:27:00.000Z";"2026-04-18T23:30:00.000Z";1306.56
"2026-04-18T23:30:00.000Z";"2026-04-18T23:33:00.000Z";1303.67
"2026-04-18T23:33:00.000Z";"2026-04-18T23:36:00.000Z";1300.61
"2026-04-18T23:36:00.000Z";"2026-04-18T23:39:00.000Z";1301.44
"2026-04-18T23:39:00.000Z";"2026-04-18T23:42:00.000Z";1299
"2026-04-18T23:42:00.000Z";"2026-04-18T23:45:00.000Z";1305.61
"2026-04-18T23:45:00.000Z";"2026-04-18T23:48:00.000Z";1311.72
"2026-04-18T23:48:00.000Z";"2026-04-18T23:51:00.000Z";1305.67
"2026-04-18T23:51:00.000Z";"2026-04-18T23:54:00.000Z";1302.44
"2026-04-18T23:54:00.000Z";"2026-04-18T23:57:00.000Z";1303.56
"2026-04-18T23:57:00.000Z";"2026-04-19T00:00:00.000Z";1305.33
"2026-04-19T00:00:00.000Z";"2026-04-19T00:03:00.000Z";1295.73
"2026-04-19T00:03:00.000Z";"2026-04-19T00:06:00.000Z";1286.33
"2026-04-19T00:06:00.000Z";"2026-04-19T00:09:00.000Z";1280.5
"2026-04-19T00:09:00.000Z";"2026-04-19T00:12:00.000Z";1283.83
"2026-04-19T00:12:00.000Z";"2026-04-19T00:15:00.000Z";1282.28
"2026-04-19T00:15:00.000Z";"2026-04-19T00:18:00.000Z";1289.27
"2026-04-19T00:18:00.000Z";"2026-04-19T00:21:00.000Z";1286
"2026-04-19T00:21:00.000Z";"2026-04-19T00:24:00.000Z";1288.61
"2026-04-19T00:24:00.000Z";"2026-04-19T00:27:00.000Z";1291.5
"2026-04-19T00:27:00.000Z";"2026-04-19T00:30:00.000Z";1292.05
"2026-04-19T00:30:00.000Z";"2026-04-19T00:33:00.000Z";1288.78
"2026-04-19T00:33:00.000Z";"2026-04-19T00:36:00.000Z";1281.72
"2026-04-19T00:36:00.000Z";"2026-04-19T00:39:00.000Z";1281.78
"2026-04-19T00:39:00.000Z";"2026-04-19T00:42:00.000Z";1288.49
"2026-04-19T00:42:00.000Z";"2026-04-19T00:45:00.000Z";1296.56
"2026-04-19T00:45:00.000Z";"2026-04-19T00:48:00.000Z";1293.34
"2026-04-19T00:48:00.000Z";"2026-04-19T00:51:00.000Z";1280
"2026-04-19T00:51:00.000Z";"2026-04-19T00:54:00.000Z";1276.89
"2026-04-19T00:54:00.000Z";"2026-04-19T00:57:00.000Z";1279.56
"2026-04-19T00:57:00.000Z";"2026-04-19T01:00:00.000Z";1284.33
"2026-04-19T01:00:00.000Z";"2026-04-19T01:03:00.000Z";1291.28
"2026-04-19T01:03:00.000Z";"2026-04-19T01:06:00.000Z";1285.78
"2026-04-19T01:06:00.000Z";"2026-04-19T01:09:00.000Z";1280.56
"2026-04-19T01:09:00.000Z";"2026-04-19T01:12:00.000Z";1284.83
"2026-04-19T01:12:00.000Z";"2026-04-19T01:15:00.000Z";1284.72
"2026-04-19T01:15:00.000Z";"2026-04-19T01:18:00.000Z";1280.73
"2026-04-19T01:18:00.000Z";"2026-04-19T01:21:00.000Z";1281.27
"2026-04-19T01:21:00.000Z";"2026-04-19T01:24:00.000Z";1282.89
"2026-04-19T01:24:00.000Z";"2026-04-19T01:27:00.000Z";1283.11
"2026-04-19T01:27:00.000Z";"2026-04-19T01:30:00.000Z";1283.61
"2026-04-19T01:30:00.000Z";"2026-04-19T01:33:00.000Z";1271.45
"2026-04-19T01:33:00.000Z";"2026-04-19T01:36:00.000Z";1271
"2026-04-19T01:36:00.000Z";"2026-04-19T01:39:00.000Z";1269.5
"2026-04-19T01:39:00.000Z";"2026-04-19T01:42:00.000Z";1271.33
"2026-04-19T01:42:00.000Z";"2026-04-19T01:45:00.000Z";1274.61
"2026-04-19T01:45:00.000Z";"2026-04-19T01:48:00.000Z";1278.33
"2026-04-19T01:48:00.000Z";"2026-04-19T01:51:00.000Z";1281.94
"2026-04-19T01:51:00.000Z";"2026-04-19T01:54:00.000Z";1281.56
"2026-04-19T01:54:00.000Z";"2026-04-19T01:57:00.000Z";1281.05
"2026-04-19T01:57:00.000Z";"2026-04-19T02:00:00.000Z";1283.94
"2026-04-19T02:00:00.000Z";"2026-04-19T02:03:00.000Z";1300.26
"2026-04-19T02:03:00.000Z";"2026-04-19T02:06:00.000Z";1324.71
"2026-04-19T02:06:00.000Z";"2026-04-19T02:09:00.000Z";1322.78
"2026-04-19T02:09:00.000Z";"2026-04-19T02:12:00.000Z";1319.28
"2026-04-19T02:12:00.000Z";"2026-04-19T02:15:00.000Z";1318.39
"2026-04-19T02:15:00.000Z";"2026-04-19T02:18:00.000Z";1319.11
"2026-04-19T02:18:00.000Z";"2026-04-19T02:21:00.000Z";1320.89
"2026-04-19T02:21:00.000Z";"2026-04-19T02:24:00.000Z";1320.44
"2026-04-19T02:24:00.000Z";"2026-04-19T02:27:00.000Z";1333.05
"2026-04-19T02:27:00.000Z";"2026-04-19T02:30:00.000Z";1340.33
"2026-04-19T02:30:00.000Z";"2026-04-19T02:33:00.000Z";1340
"2026-04-19T02:33:00.000Z";"2026-04-19T02:36:00.000Z";1336.22
"2026-04-19T02:36:00.000Z";"2026-04-19T02:39:00.000Z";1336.89
"2026-04-19T02:39:00.000Z";"2026-04-19T02:42:00.000Z";1338.17
"2026-04-19T02:42:00.000Z";"2026-04-19T02:45:00.000Z";1340.33
"2026-04-19T02:45:00.000Z";"2026-04-19T02:48:00.000Z";1339.06
"2026-04-19T02:48:00.000Z";"2026-04-19T02:51:00.000Z";1334.34
"2026-04-19T02:51:00.000Z";"2026-04-19T02:54:00.000Z";1335.22
"2026-04-19T02:54:00.000Z";"2026-04-19T02:57:00.000Z";1326.12
"2026-04-19T02:57:00.000Z";"2026-04-19T03:00:00.000Z";1326.67
"2026-04-19T03:00:00.000Z";"2026-04-19T03:03:00.000Z";1331.89
"2026-04-19T03:03:00.000Z";"2026-04-19T03:06:00.000Z";1338.99
"2026-04-19T03:06:00.000Z";"2026-04-19T03:09:00.000Z";1344.78
"2026-04-19T03:09:00.000Z";"2026-04-19T03:12:00.000Z";1347.22
"2026-04-19T03:12:00.000Z";"2026-04-19T03:15:00.000Z";1347.39
"2026-04-19T03:15:00.000Z";"2026-04-19T03:18:00.000Z";1347.17
"2026-04-19T03:18:00.000Z";"2026-04-19T03:21:00.000Z";1352.94
"2026-04-19T03:21:00.000Z";"2026-04-19T03:24:00.000Z";1348.5
"2026-04-19T03:24:00.000Z";"2026-04-19T03:27:00.000Z";1356.72
"2026-04-19T03:27:00.000Z";"2026-04-19T03:30:00.000Z";1356.17
"2026-04-19T03:30:00.000Z";"2026-04-19T03:33:00.000Z";1354.67
"2026-04-19T03:33:00.000Z";"2026-04-19T03:36:00.000Z";1351.78
"2026-04-19T03:36:00.000Z";"2026-04-19T03:39:00.000Z";1353.33
"2026-04-19T03:39:00.000Z";"2026-04-19T03:42:00.000Z";1348.22
"2026-04-19T03:42:00.000Z";"2026-04-19T03:45:00.000Z";1348.39
"2026-04-19T03:45:00.000Z";"2026-04-19T03:48:00.000Z";1345.95
"2026-04-19T03:48:00.000Z";"2026-04-19T03:51:00.000Z";1343
"2026-04-19T03:51:00.000Z";"2026-04-19T03:54:00.000Z";1340.83
"2026-04-19T03:54:00.000Z";"2026-04-19T03:57:00.000Z";1339
"2026-04-19T03:57:00.000Z";"2026-04-19T04:00:00.000Z";1339.5
"2026-04-19T04:00:00.000Z";"2026-04-19T04:03:00.000Z";1336.95
"2026-04-19T04:03:00.000Z";"2026-04-19T04:06:00.000Z";1341.32
"2026-04-19T04:06:00.000Z";"2026-04-19T04:09:00.000Z";1355
"2026-04-19T04:09:00.000Z";"2026-04-19T04:12:00.000Z";1355.33
"2026-04-19T04:12:00.000Z";"2026-04-19T04:15:00.000Z";1357.89
"2026-04-19T04:15:00.000Z";"2026-04-19T04:18:00.000Z";1354.44
"2026-04-19T04:18:00.000Z";"2026-04-19T04:21:00.000Z";1361.99
"2026-04-19T04:21:00.000Z";"2026-04-19T04:24:00.000Z";1364.56
"2026-04-19T04:24:00.000Z";"2026-04-19T04:27:00.000Z";1364.94
"2026-04-19T04:27:00.000Z";"2026-04-19T04:30:00.000Z";1364
"2026-04-19T04:30:00.000Z";"2026-04-19T04:33:00.000Z";1364.39
"2026-04-19T04:33:00.000Z";"2026-04-19T04:36:00.000Z";1357.29
"2026-04-19T04:36:00.000Z";"2026-04-19T04:39:00.000Z";1347.28
"2026-04-19T04:39:00.000Z";"2026-04-19T04:42:00.000Z";1347.94
"2026-04-19T04:42:00.000Z";"2026-04-19T04:45:00.000Z";1346.61
"2026-04-19T04:45:00.000Z";"2026-04-19T04:48:00.000Z";1341.83
"2026-04-19T04:48:00.000Z";"2026-04-19T04:51:00.000Z";1343.44
"2026-04-19T04:51:00.000Z";"2026-04-19T04:54:00.000Z";1345.89
"2026-04-19T04:54:00.000Z";"2026-04-19T04:57:00.000Z";1346.67
"2026-04-19T04:57:00.000Z";"2026-04-19T05:00:00.000Z";1344.78
"2026-04-19T05:00:00.000Z";"2026-04-19T05:03:00.000Z";1347.67
"2026-04-19T05:03:00.000Z";"2026-04-19T05:06:00.000Z";1357.05
"2026-04-19T05:06:00.000Z";"2026-04-19T05:09:00.000Z";1359.89
"2026-04-19T05:09:00.000Z";"2026-04-19T05:12:00.000Z";1360.16
"2026-04-19T05:12:00.000Z";"2026-04-19T05:15:00.000Z";1358.11
"2026-04-19T05:15:00.000Z";"2026-04-19T05:18:00.000Z";1359.89
"2026-04-19T05:18:00.000Z";"2026-04-19T05:21:00.000Z";1361.28
"2026-04-19T05:21:00.000Z";"2026-04-19T05:24:00.000Z";1363.17
"2026-04-19T05:24:00.000Z";"2026-04-19T05:27:00.000Z";1367.83
"2026-04-19T05:27:00.000Z";"2026-04-19T05:30:00.000Z";1354.34
"2026-04-19T05:30:00.000Z";"2026-04-19T05:33:00.000Z";1342.22
"2026-04-19T05:33:00.000Z";"2026-04-19T05:36:00.000Z";1331.78
"2026-04-19T05:36:00.000Z";"2026-04-19T05:39:00.000Z";1331.67
"2026-04-19T05:39:00.000Z";"2026-04-19T05:42:00.000Z";1334.67
"2026-04-19T05:42:00.000Z";"2026-04-19T05:45:00.000Z";1336.83
"2026-04-19T05:45:00.000Z";"2026-04-19T05:48:00.000Z";1331.34
"2026-04-19T05:48:00.000Z";"2026-04-19T05:51:00.000Z";1325.84
"2026-04-19T05:51:00.000Z";"2026-04-19T05:54:00.000Z";1329.11
"2026-04-19T05:54:00.000Z";"2026-04-19T05:57:00.000Z";1331.28
"2026-04-19T05:57:00.000Z";"2026-04-19T06:00:00.000Z";1329.33
"2026-04-19T06:00:00.000Z";"2026-04-19T06:03:00.000Z";1312.53
"2026-04-19T06:03:00.000Z";"2026-04-19T06:06:00.000Z";1312.55
"2026-04-19T06:06:00.000Z";"2026-04-19T06:09:00.000Z";1312.89
"2026-04-19T06:09:00.000Z";"2026-04-19T06:12:00.000Z";1317.33
"2026-04-19T06:12:00.000Z";"2026-04-19T06:15:00.000Z";1317.17
"2026-04-19T06:15:00.000Z";"2026-04-19T06:18:00.000Z";1315.83
"2026-04-19T06:18:00.000Z";"2026-04-19T06:21:00.000Z";1314.5
"2026-04-19T06:21:00.000Z";"2026-04-19T06:24:00.000Z";1318.83
"2026-04-19T06:24:00.000Z";"2026-04-19T06:27:00.000Z";1323.99
"2026-04-19T06:27:00.000Z";"2026-04-19T06:30:00.000Z";1327.78
"2026-04-19T06:30:00.000Z";"2026-04-19T06:33:00.000Z";1333.05
"2026-04-19T06:33:00.000Z";"2026-04-19T06:36:00.000Z";1333.78
"2026-04-19T06:36:00.000Z";"2026-04-19T06:39:00.000Z";1341.82
"2026-04-19T06:39:00.000Z";"2026-04-19T06:42:00.000Z";1369.27
"2026-04-19T06:42:00.000Z";"2026-04-19T06:45:00.000Z";1372.5
"2026-04-19T06:45:00.000Z";"2026-04-19T06:48:00.000Z";1371.78
"2026-04-19T06:48:00.000Z";"2026-04-19T06:51:00.000Z";1369.39
"2026-04-19T06:51:00.000Z";"2026-04-19T06:54:00.000Z";1371
"2026-04-19T06:54:00.000Z";"2026-04-19T06:57:00.000Z";1370.5
"2026-04-19T06:57:00.000Z";"2026-04-19T07:00:00.000Z";1374.39
"2026-04-19T07:00:00.000Z";"2026-04-19T07:03:00.000Z";1376.17
"2026-04-19T07:03:00.000Z";"2026-04-19T07:06:00.000Z";1378.56
"2026-04-19T07:06:00.000Z";"2026-04-19T07:09:00.000Z";1374.67
"2026-04-19T07:09:00.000Z";"2026-04-19T07:12:00.000Z";1365.52
"2026-04-19T07:12:00.000Z";"2026-04-19T07:15:00.000Z";1345.73
"2026-04-19T07:15:00.000Z";"2026-04-19T07:18:00.000Z";1336.11
"2026-04-19T07:18:00.000Z";"2026-04-19T07:21:00.000Z";1344.67
"2026-04-19T07:21:00.000Z";"2026-04-19T07:24:00.000Z";1341.56
"2026-04-19T07:24:00.000Z";"2026-04-19T07:27:00.000Z";1339.28
"2026-04-19T07:27:00.000Z";"2026-04-19T07:30:00.000Z";1338.61
"2026-04-19T07:30:00.000Z";"2026-04-19T07:33:00.000Z";1333.5
"2026-04-19T07:33:00.000Z";"2026-04-19T07:36:00.000Z";1326.23
"2026-04-19T07:36:00.000Z";"2026-04-19T07:39:00.000Z";1307.57
"2026-04-19T07:39:00.000Z";"2026-04-19T07:42:00.000Z";1304.39
"2026-04-19T07:42:00.000Z";"2026-04-19T07:45:00.000Z";1303.61
"2026-04-19T07:45:00.000Z";"2026-04-19T07:48:00.000Z";1294.51
"2026-04-19T07:48:00.000Z";"2026-04-19T07:51:00.000Z";1304.98
"2026-04-19T07:51:00.000Z";"2026-04-19T07:54:00.000Z";1303.89
"2026-04-19T07:54:00.000Z";"2026-04-19T07:57:00.000Z";1298.56
"2026-04-19T07:57:00.000Z";"2026-04-19T08:00:00.000Z";1294.11
"2026-04-19T08:00:00.000Z";"2026-04-19T08:03:00.000Z";1290.11
"2026-04-19T08:03:00.000Z";"2026-04-19T08:06:00.000Z";1292.94
"2026-04-19T08:06:00.000Z";"2026-04-19T08:09:00.000Z";1296
"2026-04-19T08:09:00.000Z";"2026-04-19T08:12:00.000Z";1293.06
"2026-04-19T08:12:00.000Z";"2026-04-19T08:15:00.000Z";1286.39
"2026-04-19T08:15:00.000Z";"2026-04-19T08:18:00.000Z";1280.73
"2026-04-19T08:18:00.000Z";"2026-04-19T08:21:00.000Z";1283.05
"2026-04-19T08:21:00.000Z";"2026-04-19T08:24:00.000Z";1282.33
"2026-04-19T08:24:00.000Z";"2026-04-19T08:27:00.000Z";1278.28
"2026-04-19T08:27:00.000Z";"2026-04-19T08:30:00.000Z";1272.79
"2026-04-19T08:30:00.000Z";"2026-04-19T08:33:00.000Z";1278.6
"2026-04-19T08:33:00.000Z";"2026-04-19T08:36:00.000Z";1291.67
"2026-04-19T08:36:00.000Z";"2026-04-19T08:39:00.000Z";1281.84
"2026-04-19T08:39:00.000Z";"2026-04-19T08:42:00.000Z";1275.78
"2026-04-19T08:42:00.000Z";"2026-04-19T08:45:00.000Z";1268.34
"2026-04-19T08:45:00.000Z";"2026-04-19T08:48:00.000Z";1270.27
"2026-04-19T08:48:00.000Z";"2026-04-19T08:51:00.000Z";1273.33
"2026-04-19T08:51:00.000Z";"2026-04-19T08:54:00.000Z";1268.11
"2026-04-19T08:54:00.000Z";"2026-04-19T08:57:00.000Z";1270.44
"2026-04-19T08:57:00.000Z";"2026-04-19T09:00:00.000Z";1280.1
"2026-04-19T09:00:00.000Z";"2026-04-19T09:03:00.000Z";1286.28
"2026-04-19T09:03:00.000Z";"2026-04-19T09:06:00.000Z";1282.61
"2026-04-19T09:06:00.000Z";"2026-04-19T09:09:00.000Z";1278.23
"2026-04-19T09:09:00.000Z";"2026-04-19T09:12:00.000Z";1268.83
"2026-04-19T09:12:00.000Z";"2026-04-19T09:15:00.000Z";1272.83
"2026-04-19T09:15:00.000Z";"2026-04-19T09:18:00.000Z";1270.72
"2026-04-19T09:18:00.000Z";"2026-04-19T09:21:00.000Z";1269.72
"2026-04-19T09:21:00.000Z";"2026-04-19T09:24:00.000Z";1267.89
"2026-04-19T09:24:00.000Z";"2026-04-19T09:27:00.000Z";1266.22
"2026-04-19T09:27:00.000Z";"2026-04-19T09:30:00.000Z";1267.94
"2026-04-19T09:30:00.000Z";"2026-04-19T09:33:00.000Z";1277.16
"2026-04-19T09:33:00.000Z";"2026-04-19T09:36:00.000Z";1289.67
"2026-04-19T09:36:00.000Z";"2026-04-19T09:39:00.000Z";1288.94
"2026-04-19T09:39:00.000Z";"2026-04-19T09:42:00.000Z";1291.67
"2026-04-19T09:42:00.000Z";"2026-04-19T09:45:00.000Z";1284.23
"2026-04-19T09:45:00.000Z";"2026-04-19T09:48:00.000Z";1290.89
"2026-04-19T09:48:00.000Z";"2026-04-19T09:51:00.000Z";1292.28
"2026-04-19T09:51:00.000Z";"2026-04-19T09:54:00.000Z";1288.89
"2026-04-19T09:54:00.000Z";"2026-04-19T09:57:00.000Z";1297.16
"2026-04-19T09:57:00.000Z";"2026-04-19T10:00:00.000Z";1303.72
"2026-04-19T10:00:00.000Z";"2026-04-19T10:03:00.000Z";1295.95
"2026-04-19T10:03:00.000Z";"2026-04-19T10:06:00.000Z";1285.06
"2026-04-19T10:06:00.000Z";"2026-04-19T10:09:00.000Z";1286.5
"2026-04-19T10:09:00.000Z";"2026-04-19T10:12:00.000Z";1285.22
"2026-04-19T10:12:00.000Z";"2026-04-19T10:15:00.000Z";1292.94
"2026-04-19T10:15:00.000Z";"2026-04-19T10:18:00.000Z";1292.11
"2026-04-19T10:18:00.000Z";"2026-04-19T10:21:00.000Z";1287.34
"2026-04-19T10:21:00.000Z";"2026-04-19T10:24:00.000Z";1283.44
"2026-04-19T10:24:00.000Z";"2026-04-19T10:27:00.000Z";1285.5
"2026-04-19T10:27:00.000Z";"2026-04-19T10:30:00.000Z";1290.99
"2026-04-19T10:30:00.000Z";"2026-04-19T10:33:00.000Z";1299.05
"2026-04-19T10:33:00.000Z";"2026-04-19T10:36:00.000Z";1303.06
"2026-04-19T10:36:00.000Z";"2026-04-19T10:39:00.000Z";1300.17
"2026-04-19T10:39:00.000Z";"2026-04-19T10:42:00.000Z";1297.11
"2026-04-19T10:42:00.000Z";"2026-04-19T10:45:00.000Z";1299.82
"2026-04-19T10:45:00.000Z";"2026-04-19T10:48:00.000Z";1318.93
"2026-04-19T10:48:00.000Z";"2026-04-19T10:51:00.000Z";1323.78
"2026-04-19T10:51:00.000Z";"2026-04-19T10:54:00.000Z";1323.28
"2026-04-19T10:54:00.000Z";"2026-04-19T10:57:00.000Z";1324.61
"2026-04-19T10:57:00.000Z";"2026-04-19T11:00:00.000Z";1323.72
"2026-04-19T11:00:00.000Z";"2026-04-19T11:03:00.000Z";1327.44
"2026-04-19T11:03:00.000Z";"2026-04-19T11:06:00.000Z";1328.61
"2026-04-19T11:06:00.000Z";"2026-04-19T11:09:00.000Z";1325.89
"2026-04-19T11:09:00.000Z";"2026-04-19T11:12:00.000Z";1327.72
"2026-04-19T11:12:00.000Z";"2026-04-19T11:15:00.000Z";1325.11
"2026-04-19T11:15:00.000Z";"2026-04-19T11:18:00.000Z";1320.55
"2026-04-19T11:18:00.000Z";"2026-04-19T11:21:00.000Z";1318.62
"2026-04-19T11:21:00.000Z";"2026-04-19T11:24:00.000Z";1313.17
"2026-04-19T11:24:00.000Z";"2026-04-19T11:27:00.000Z";1315.67
"2026-04-19T11:27:00.000Z";"2026-04-19T11:30:00.000Z";1315.94
"2026-04-19T11:30:00.000Z";"2026-04-19T11:33:00.000Z";1317.17
"2026-04-19T11:33:00.000Z";"2026-04-19T11:36:00.000Z";1322.11
"2026-04-19T11:36:00.000Z";"2026-04-19T11:39:00.000Z";1324.55
"2026-04-19T11:39:00.000Z";"2026-04-19T11:42:00.000Z";1324.34
"2026-04-19T11:42:00.000Z";"2026-04-19T11:45:00.000Z";1324.61
"2026-04-19T11:45:00.000Z";"2026-04-19T11:48:00.000Z";1322.95
"2026-04-19T11:48:00.000Z";"2026-04-19T11:51:00.000Z";1322.33
"2026-04-19T11:51:00.000Z";"2026-04-19T11:54:00.000Z";1320.94
"2026-04-19T11:54:00.000Z";"2026-04-19T11:57:00.000Z";1323.67
"2026-04-19T11:57:00.000Z";"2026-04-19T12:00:00.000Z";1317.89
"2026-04-19T12:00:00.000Z";"2026-04-19T12:03:00.000Z";1315.55
"2026-04-19T12:03:00.000Z";"2026-04-19T12:06:00.000Z";1327.11
"2026-04-19T12:06:00.000Z";"2026-04-19T12:09:00.000Z";1302.41
"2026-04-19T12:09:00.000Z";"2026-04-19T12:12:00.000Z";1279.72
"2026-04-19T12:12:00.000Z";"2026-04-19T12:15:00.000Z";1277.72
"2026-04-19T12:15:00.000Z";"2026-04-19T12:18:00.000Z";1274.17
"2026-04-19T12:18:00.000Z";"2026-04-19T12:21:00.000Z";1277.67
"2026-04-19T12:21:00.000Z";"2026-04-19T12:24:00.000Z";1274.33
"2026-04-19T12:24:00.000Z";"2026-04-19T12:27:00.000Z";1277
"2026-04-19T12:27:00.000Z";"2026-04-19T12:30:00.000Z";1276.33
"2026-04-19T12:30:00.000Z";"2026-04-19T12:33:00.000Z";1276
"2026-04-19T12:33:00.000Z";"2026-04-19T12:36:00.000Z";1273.23
"2026-04-19T12:36:00.000Z";"2026-04-19T12:39:00.000Z";1271.78
"2026-04-19T12:39:00.000Z";"2026-04-19T12:42:00.000Z";1267.67
"2026-04-19T12:42:00.000Z";"2026-04-19T12:45:00.000Z";1265.22
"2026-04-19T12:45:00.000Z";"2026-04-19T12:48:00.000Z";1264.61
"2026-04-19T12:48:00.000Z";"2026-04-19T12:51:00.000Z";1260.94
"2026-04-19T12:51:00.000Z";"2026-04-19T12:54:00.000Z";1265.16
"2026-04-19T12:54:00.000Z";"2026-04-19T12:57:00.000Z";1268.72
"2026-04-19T12:57:00.000Z";"2026-04-19T13:00:00.000Z";1265.5
"2026-04-19T13:00:00.000Z";"2026-04-19T13:03:00.000Z";1263.61
"2026-04-19T13:03:00.000Z";"2026-04-19T13:06:00.000Z";1262.45
"2026-04-19T13:06:00.000Z";"2026-04-19T13:09:00.000Z";1267.99
"2026-04-19T13:09:00.000Z";"2026-04-19T13:12:00.000Z";1273.67
"2026-04-19T13:12:00.000Z";"2026-04-19T13:15:00.000Z";1271.17
"2026-04-19T13:15:00.000Z";"2026-04-19T13:18:00.000Z";1265.45
"2026-04-19T13:18:00.000Z";"2026-04-19T13:21:00.000Z";1263.28
"2026-04-19T13:21:00.000Z";"2026-04-19T13:24:00.000Z";1272.27
"2026-04-19T13:24:00.000Z";"2026-04-19T13:27:00.000Z";1280.11
"2026-04-19T13:27:00.000Z";"2026-04-19T13:30:00.000Z";1285.27
"2026-04-19T13:30:00.000Z";"2026-04-19T13:33:00.000Z";1279.28
"2026-04-19T13:33:00.000Z";"2026-04-19T13:36:00.000Z";1275.39
"2026-04-19T13:36:00.000Z";"2026-04-19T13:39:00.000Z";1279.72
"2026-04-19T13:39:00.000Z";"2026-04-19T13:42:00.000Z";1278.44
"2026-04-19T13:42:00.000Z";"2026-04-19T13:45:00.000Z";1269.9
"2026-04-19T13:45:00.000Z";"2026-04-19T13:48:00.000Z";1263.5
"2026-04-19T13:48:00.000Z";"2026-04-19T13:51:00.000Z";1259.22
"2026-04-19T13:51:00.000Z";"2026-04-19T13:54:00.000Z";1258.17
"2026-04-19T13:54:00.000Z";"2026-04-19T13:57:00.000Z";1261.39
"2026-04-19T13:57:00.000Z";"2026-04-19T14:00:00.000Z";1267.39
"2026-04-19T14:00:00.000Z";"2026-04-19T14:03:00.000Z";1269.06
"2026-04-19T14:03:00.000Z";"2026-04-19T14:06:00.000Z";1268.83
"2026-04-19T14:06:00.000Z";"2026-04-19T14:09:00.000Z";1268.67
"2026-04-19T14:09:00.000Z";"2026-04-19T14:12:00.000Z";1270.22
"2026-04-19T14:12:00.000Z";"2026-04-19T14:15:00.000Z";1272
"2026-04-19T14:15:00.000Z";"2026-04-19T14:18:00.000Z";1259.68
"2026-04-19T14:18:00.000Z";"2026-04-19T14:21:00.000Z";1253.45
"2026-04-19T14:21:00.000Z";"2026-04-19T14:24:00.000Z";1253.22
"2026-04-19T14:24:00.000Z";"2026-04-19T14:27:00.000Z";1255.11
"2026-04-19T14:27:00.000Z";"2026-04-19T14:30:00.000Z";1265.66
"2026-04-19T14:30:00.000Z";"2026-04-19T14:33:00.000Z";1272.17
"2026-04-19T14:33:00.000Z";"2026-04-19T14:36:00.000Z";1268.61
"2026-04-19T14:36:00.000Z";"2026-04-19T14:39:00.000Z";1270.22
"2026-04-19T14:39:00.000Z";"2026-04-19T14:42:00.000Z";1276.22
"2026-04-19T14:42:00.000Z";"2026-04-19T14:45:00.000Z";1287.1
"2026-04-19T14:45:00.000Z";"2026-04-19T14:48:00.000Z";1293.67
"2026-04-19T14:48:00.000Z";"2026-04-19T14:51:00.000Z";1290.66
"2026-04-19T14:51:00.000Z";"2026-04-19T14:54:00.000Z";1300.33
"2026-04-19T14:54:00.000Z";"2026-04-19T14:57:00.000Z";1298.33
"2026-04-19T14:57:00.000Z";"2026-04-19T15:00:00.000Z";1303.89
"2026-04-19T15:00:00.000Z";"2026-04-19T15:03:00.000Z";1318.43
"2026-04-19T15:03:00.000Z";"2026-04-19T15:06:00.000Z";1331.16
"2026-04-19T15:06:00.000Z";"2026-04-19T15:09:00.000Z";1341.6
"2026-04-19T15:09:00.000Z";"2026-04-19T15:12:00.000Z";1363.26
"2026-04-19T15:12:00.000Z";"2026-04-19T15:15:00.000Z";1375.49
"2026-04-19T15:15:00.000Z";"2026-04-19T15:18:00.000Z";1377.73
"2026-04-19T15:18:00.000Z";"2026-04-19T15:21:00.000Z";1378.5
"2026-04-19T15:21:00.000Z";"2026-04-19T15:24:00.000Z";1386.05
"2026-04-19T15:24:00.000Z";"2026-04-19T15:27:00.000Z";1404.15
"2026-04-19T15:27:00.000Z";"2026-04-19T15:30:00.000Z";1425.61
"2026-04-19T15:30:00.000Z";"2026-04-19T15:33:00.000Z";1412.96
"2026-04-19T15:33:00.000Z";"2026-04-19T15:36:00.000Z";1382.68
"2026-04-19T15:36:00.000Z";"2026-04-19T15:39:00.000Z";1373.94
"2026-04-19T15:39:00.000Z";"2026-04-19T15:42:00.000Z";1399.88
"2026-04-19T15:42:00.000Z";"2026-04-19T15:45:00.000Z";1405.5
"2026-04-19T15:45:00.000Z";"2026-04-19T15:48:00.000Z";1401.5
"2026-04-19T15:48:00.000Z";"2026-04-19T15:51:00.000Z";1377.41
"2026-04-19T15:51:00.000Z";"2026-04-19T15:54:00.000Z";1373.22
"2026-04-19T15:54:00.000Z";"2026-04-19T15:57:00.000Z";1377.33
"2026-04-19T15:57:00.000Z";"2026-04-19T16:00:00.000Z";1377.28
"2026-04-19T16:00:00.000Z";"2026-04-19T16:03:00.000Z";1389.61
"2026-04-19T16:03:00.000Z";"2026-04-19T16:06:00.000Z";1411.98
"2026-04-19T16:06:00.000Z";"2026-04-19T16:09:00.000Z";1425.39
"2026-04-19T16:09:00.000Z";"2026-04-19T16:12:00.000Z";1430
"2026-04-19T16:12:00.000Z";"2026-04-19T16:15:00.000Z";1433.22
"2026-04-19T16:15:00.000Z";"2026-04-19T16:18:00.000Z";1438.66
"2026-04-19T16:18:00.000Z";"2026-04-19T16:21:00.000Z";1437.44
"2026-04-19T16:21:00.000Z";"2026-04-19T16:24:00.000Z";1436.89
"2026-04-19T16:24:00.000Z";"2026-04-19T16:27:00.000Z";1444.72
"2026-04-19T16:27:00.000Z";"2026-04-19T16:30:00.000Z";1458.99
"2026-04-19T16:30:00.000Z";"2026-04-19T16:33:00.000Z";1458.34
"2026-04-19T16:33:00.000Z";"2026-04-19T16:36:00.000Z";1446.56
"2026-04-19T16:36:00.000Z";"2026-04-19T16:39:00.000Z";1437.39
"2026-04-19T16:39:00.000Z";"2026-04-19T16:42:00.000Z";1435.83
"2026-04-19T16:42:00.000Z";"2026-04-19T16:45:00.000Z";1439.94
"2026-04-19T16:45:00.000Z";"2026-04-19T16:48:00.000Z";1444.88
"2026-04-19T16:48:00.000Z";"2026-04-19T16:51:00.000Z";1478.97
"2026-04-19T16:51:00.000Z";"2026-04-19T16:54:00.000Z";1477.28
"2026-04-19T16:54:00.000Z";"2026-04-19T16:57:00.000Z";1485.88
"2026-04-19T16:57:00.000Z";"2026-04-19T17:00:00.000Z";1493.28
"2026-04-19T17:00:00.000Z";"2026-04-19T17:03:00.000Z";1524.65
"2026-04-19T17:03:00.000Z";"2026-04-19T17:06:00.000Z";1573.52
"2026-04-19T17:06:00.000Z";"2026-04-19T17:09:00.000Z";1596.44
"2026-04-19T17:09:00.000Z";"2026-04-19T17:12:00.000Z";1624.09
"2026-04-19T17:12:00.000Z";"2026-04-19T17:15:00.000Z";1641.44
"2026-04-19T17:15:00.000Z";"2026-04-19T17:18:00.000Z";1639
"2026-04-19T17:18:00.000Z";"2026-04-19T17:21:00.000Z";1628.9
"2026-04-19T17:21:00.000Z";"2026-04-19T17:24:00.000Z";1623.89
"2026-04-19T17:24:00.000Z";"2026-04-19T17:27:00.000Z";1624.67
"2026-04-19T17:27:00.000Z";"2026-04-19T17:30:00.000Z";1627.33
"2026-04-19T17:30:00.000Z";"2026-04-19T17:33:00.000Z";1625.56
"2026-04-19T17:33:00.000Z";"2026-04-19T17:36:00.000Z";1617.17
"2026-04-19T17:36:00.000Z";"2026-04-19T17:39:00.000Z";1621.5
"2026-04-19T17:39:00.000Z";"2026-04-19T17:42:00.000Z";1618.78
"2026-04-19T17:42:00.000Z";"2026-04-19T17:45:00.000Z";1619
"2026-04-19T17:45:00.000Z";"2026-04-19T17:48:00.000Z";1616.72
"2026-04-19T17:48:00.000Z";"2026-04-19T17:51:00.000Z";1616.39
"2026-04-19T17:51:00.000Z";"2026-04-19T17:54:00.000Z";1616.72
"2026-04-19T17:54:00.000Z";"2026-04-19T17:57:00.000Z";1614.01
"2026-04-19T17:57:00.000Z";"2026-04-19T18:00:00.000Z";1601.24
"2026-04-19T18:00:00.000Z";"2026-04-19T18:03:00.000Z";1581.51
"2026-04-19T18:03:00.000Z";"2026-04-19T18:06:00.000Z";1565.56
"2026-04-19T18:06:00.000Z";"2026-04-19T18:09:00.000Z";1556.23
"2026-04-19T18:09:00.000Z";"2026-04-19T18:12:00.000Z";1555.56
"2026-04-19T18:12:00.000Z";"2026-04-19T18:15:00.000Z";1552.11
"2026-04-19T18:15:00.000Z";"2026-04-19T18:18:00.000Z";1553.78
"2026-04-19T18:18:00.000Z";"2026-04-19T18:21:00.000Z";1556.61
"2026-04-19T18:21:00.000Z";"2026-04-19T18:24:00.000Z";1557.67
"2026-04-19T18:24:00.000Z";"2026-04-19T18:27:00.000Z";1556.83
"2026-04-19T18:27:00.000Z";"2026-04-19T18:30:00.000Z";1556.55
"2026-04-19T18:30:00.000Z";"2026-04-19T18:33:00.000Z";1558.22
"2026-04-19T18:33:00.000Z";"2026-04-19T18:36:00.000Z";1556.17
"2026-04-19T18:36:00.000Z";"2026-04-19T18:39:00.000Z";1557.33
"2026-04-19T18:39:00.000Z";"2026-04-19T18:42:00.000Z";1555.06
"2026-04-19T18:42:00.000Z";"2026-04-19T18:45:00.000Z";1552.11
"2026-04-19T18:45:00.000Z";"2026-04-19T18:48:00.000Z";1555.78
"2026-04-19T18:48:00.000Z";"2026-04-19T18:51:00.000Z";1556.72
"2026-04-19T18:51:00.000Z";"2026-04-19T18:54:00.000Z";1556.5
"2026-04-19T18:54:00.000Z";"2026-04-19T18:57:00.000Z";1555.89
"2026-04-19T18:57:00.000Z";"2026-04-19T19:00:00.000Z";1553.06
"2026-04-19T19:00:00.000Z";"2026-04-19T19:03:00.000Z";1558.66
"2026-04-19T19:03:00.000Z";"2026-04-19T19:06:00.000Z";1553.34
"2026-04-19T19:06:00.000Z";"2026-04-19T19:09:00.000Z";1555.22
"2026-04-19T19:09:00.000Z";"2026-04-19T19:12:00.000Z";1546.96
"2026-04-19T19:12:00.000Z";"2026-04-19T19:15:00.000Z";1535.06
"2026-04-19T19:15:00.000Z";"2026-04-19T19:18:00.000Z";1527.34
"2026-04-19T19:18:00.000Z";"2026-04-19T19:21:00.000Z";1524.4
"2026-04-19T19:21:00.000Z";"2026-04-19T19:24:00.000Z";1511.23
"2026-04-19T19:24:00.000Z";"2026-04-19T19:27:00.000Z";1510.33
"2026-04-19T19:27:00.000Z";"2026-04-19T19:30:00.000Z";1508.45
"2026-04-19T19:30:00.000Z";"2026-04-19T19:33:00.000Z";1508.89
"2026-04-19T19:33:00.000Z";"2026-04-19T19:36:00.000Z";1505.5
"2026-04-19T19:36:00.000Z";"2026-04-19T19:39:00.000Z";1504.66
"2026-04-19T19:39:00.000Z";"2026-04-19T19:42:00.000Z";1514.28
"2026-04-19T19:42:00.000Z";"2026-04-19T19:45:00.000Z";1509.95
"2026-04-19T19:45:00.000Z";"2026-04-19T19:48:00.000Z";1513.83
"2026-04-19T19:48:00.000Z";"2026-04-19T19:51:00.000Z";1517.39
"2026-04-19T19:51:00.000Z";"2026-04-19T19:54:00.000Z";1516.06
"2026-04-19T19:54:00.000Z";"2026-04-19T19:57:00.000Z";1513.28
"2026-04-19T19:57:00.000Z";"2026-04-19T20:00:00.000Z";1510
"2026-04-19T20:00:00.000Z";"2026-04-19T20:03:00.000Z";1504.73
"2026-04-19T20:03:00.000Z";"2026-04-19T20:06:00.000Z";1504
"2026-04-19T20:06:00.000Z";"2026-04-19T20:09:00.000Z";1498.78
"2026-04-19T20:09:00.000Z";"2026-04-19T20:12:00.000Z";1501.94
"2026-04-19T20:12:00.000Z";"2026-04-19T20:15:00.000Z";1500.11
"2026-04-19T20:15:00.000Z";"2026-04-19T20:18:00.000Z";1501.44
"2026-04-19T20:18:00.000Z";"2026-04-19T20:21:00.000Z";1503.67
"2026-04-19T20:21:00.000Z";"2026-04-19T20:24:00.000Z";1501.55
"2026-04-19T20:24:00.000Z";"2026-04-19T20:27:00.000Z";1503.67
"2026-04-19T20:27:00.000Z";"2026-04-19T20:30:00.000Z";1506.06
"2026-04-19T20:30:00.000Z";"2026-04-19T20:33:00.000Z";1504.55
"2026-04-19T20:33:00.000Z";"2026-04-19T20:36:00.000Z";1505.5
"2026-04-19T20:36:00.000Z";"2026-04-19T20:39:00.000Z";1504.55
"2026-04-19T20:39:00.000Z";"2026-04-19T20:42:00.000Z";1504.39
"2026-04-19T20:42:00.000Z";"2026-04-19T20:45:00.000Z";1504.22
"2026-04-19T20:45:00.000Z";"2026-04-19T20:48:00.000Z";1509.16
"2026-04-19T20:48:00.000Z";"2026-04-19T20:51:00.000Z";1512.78
"2026-04-19T20:51:00.000Z";"2026-04-19T20:54:00.000Z";1509.45
"2026-04-19T20:54:00.000Z";"2026-04-19T20:57:00.000Z";1502.62
"2026-04-19T20:57:00.000Z";"2026-04-19T21:00:00.000Z";1493.83
"2026-04-19T21:00:00.000Z";"2026-04-19T21:03:00.000Z";1474.35
"2026-04-19T21:03:00.000Z";"2026-04-19T21:06:00.000Z";1462.33
"2026-04-19T21:06:00.000Z";"2026-04-19T21:09:00.000Z";1456.28
"2026-04-19T21:09:00.000Z";"2026-04-19T21:12:00.000Z";1438.67
"2026-04-19T21:12:00.000Z";"2026-04-19T21:15:00.000Z";1417.73
"2026-04-19T21:15:00.000Z";"2026-04-19T21:18:00.000Z";1413.11
"2026-04-19T21:18:00.000Z";"2026-04-19T21:21:00.000Z";1409.78
"2026-04-19T21:21:00.000Z";"2026-04-19T21:24:00.000Z";1409.39
"2026-04-19T21:24:00.000Z";"2026-04-19T21:27:00.000Z";1406.61
"2026-04-19T21:27:00.000Z";"2026-04-19T21:30:00.000Z";1399.06
"2026-04-19T21:30:00.000Z";"2026-04-19T21:33:00.000Z";1399.44
"2026-04-19T21:33:00.000Z";"2026-04-19T21:36:00.000Z";1401.94
"2026-04-19T21:36:00.000Z";"2026-04-19T21:39:00.000Z";1403.83
"2026-04-19T21:39:00.000Z";"2026-04-19T21:42:00.000Z";1402.61
"2026-04-19T21:42:00.000Z";"2026-04-19T21:45:00.000Z";1401.5
"2026-04-19T21:45:00.000Z";"2026-04-19T21:48:00.000Z";1390.74
"2026-04-19T21:48:00.000Z";"2026-04-19T21:51:00.000Z";1372.28
"2026-04-19T21:51:00.000Z";"2026-04-19T21:54:00.000Z";1373.11
"2026-04-19T21:54:00.000Z";"2026-04-19T21:57:00.000Z";1366.39
"2026-04-19T21:57:00.000Z";"2026-04-19T22:00:00.000Z";1364.5
"2026-04-19T22:00:00.000Z";"2026-04-19T22:03:00.000Z";1363.17
"2026-04-19T22:03:00.000Z";"2026-04-19T22:06:00.000Z";1346.89
"2026-04-19T22:06:00.000Z";"2026-04-19T22:09:00.000Z";1359.55
"2026-04-19T22:09:00.000Z";"2026-04-19T22:12:00.000Z";1342.45
"2026-04-19T22:12:00.000Z";"2026-04-19T22:15:00.000Z";1344.17
"2026-04-19T22:15:00.000Z";"2026-04-19T22:18:00.000Z";1346.17
"2026-04-19T22:18:00.000Z";"2026-04-19T22:21:00.000Z";1356.6
"2026-04-19T22:21:00.000Z";"2026-04-19T22:24:00.000Z";1360.61
"2026-04-19T22:24:00.000Z";"2026-04-19T22:27:00.000Z";1362.56
"2026-04-19T22:27:00.000Z";"2026-04-19T22:30:00.000Z";1349.51
"2026-04-19T22:30:00.000Z";"2026-04-19T22:33:00.000Z";1371.32
"2026-04-19T22:33:00.000Z";"2026-04-19T22:36:00.000Z";1380.28
"2026-04-19T22:36:00.000Z";"2026-04-19T22:39:00.000Z";1376.4
"2026-04-19T22:39:00.000Z";"2026-04-19T22:42:00.000Z";1376.11
"2026-04-19T22:42:00.000Z";"2026-04-19T22:45:00.000Z";1376.72
"2026-04-19T22:45:00.000Z";"2026-04-19T22:48:00.000Z";1376.17
"2026-04-19T22:48:00.000Z";"2026-04-19T22:51:00.000Z";1377.89
"2026-04-19T22:51:00.000Z";"2026-04-19T22:54:00.000Z";1370.5
"2026-04-19T22:54:00.000Z";"2026-04-19T22:57:00.000Z";1380.5
"2026-04-19T22:57:00.000Z";"2026-04-19T23:00:00.000Z";1380.33
"2026-04-19T23:00:00.000Z";"2026-04-19T23:03:00.000Z";1386.61
"2026-04-19T23:03:00.000Z";"2026-04-19T23:06:00.000Z";1385.22
"2026-04-19T23:06:00.000Z";"2026-04-19T23:09:00.000Z";1386.72
"2026-04-19T23:09:00.000Z";"2026-04-19T23:12:00.000Z";1389.94
"2026-04-19T23:12:00.000Z";"2026-04-19T23:15:00.000Z";1391.16
"2026-04-19T23:15:00.000Z";"2026-04-19T23:18:00.000Z";1394.22
"2026-04-19T23:18:00.000Z";"2026-04-19T23:21:00.000Z";1394
"2026-04-19T23:21:00.000Z";"2026-04-19T23:24:00.000Z";1395
"2026-04-19T23:24:00.000Z";"2026-04-19T23:27:00.000Z";1392.95
"2026-04-19T23:27:00.000Z";"2026-04-19T23:30:00.000Z";1388.72
"2026-04-19T23:30:00.000Z";"2026-04-19T23:33:00.000Z";1385.06
"2026-04-19T23:33:00.000Z";"2026-04-19T23:36:00.000Z";1383
"2026-04-19T23:36:00.000Z";"2026-04-19T23:39:00.000Z";1377.5
"2026-04-19T23:39:00.000Z";"2026-04-19T23:42:00.000Z";1386.66
"2026-04-19T23:42:00.000Z";"2026-04-19T23:45:00.000Z";1389.78
"2026-04-19T23:45:00.000Z";"2026-04-19T23:48:00.000Z";1388.78
"2026-04-19T23:48:00.000Z";"2026-04-19T23:51:00.000Z";1396.11
"2026-04-19T23:51:00.000Z";"2026-04-19T23:54:00.000Z";1407.61
"2026-04-19T23:54:00.000Z";"2026-04-19T23:57:00.000Z";1431.82
"2026-04-19T23:57:00.000Z";"2026-04-20T00:00:00.000Z";1464.42
"2026-04-20T00:00:00.000Z";"2026-04-20T00:03:00.000Z";1497.44
"2026-04-20T00:03:00.000Z";"2026-04-20T00:06:00.000Z";1510.5
"2026-04-20T00:06:00.000Z";"2026-04-20T00:09:00.000Z";1517.39
"2026-04-20T00:09:00.000Z";"2026-04-20T00:12:00.000Z";1517.34
"2026-04-20T00:12:00.000Z";"2026-04-20T00:15:00.000Z";1497.84
"2026-04-20T00:15:00.000Z";"2026-04-20T00:18:00.000Z";1474.18
"2026-04-20T00:18:00.000Z";"2026-04-20T00:21:00.000Z";1471.06
"2026-04-20T00:21:00.000Z";"2026-04-20T00:24:00.000Z";1476.27
"2026-04-20T00:24:00.000Z";"2026-04-20T00:27:00.000Z";1480.17
"2026-04-20T00:27:00.000Z";"2026-04-20T00:30:00.000Z";1476.67
"2026-04-20T00:30:00.000Z";"2026-04-20T00:33:00.000Z";1474.28
"2026-04-20T00:33:00.000Z";"2026-04-20T00:36:00.000Z";1474.89
"2026-04-20T00:36:00.000Z";"2026-04-20T00:39:00.000Z";1474.5
"2026-04-20T00:39:00.000Z";"2026-04-20T00:42:00.000Z";1472.61
"2026-04-20T00:42:00.000Z";"2026-04-20T00:45:00.000Z";1490.26
"2026-04-20T00:45:00.000Z";"2026-04-20T00:48:00.000Z";1554.42
"2026-04-20T00:48:00.000Z";"2026-04-20T00:51:00.000Z";1592.82
"2026-04-20T00:51:00.000Z";"2026-04-20T00:54:00.000Z";1600.61
"2026-04-20T00:54:00.000Z";"2026-04-20T00:57:00.000Z";1608.44
"2026-04-20T00:57:00.000Z";"2026-04-20T01:00:00.000Z";1616.44
"2026-04-20T01:00:00.000Z";"2026-04-20T01:03:00.000Z";1616.67
"2026-04-20T01:03:00.000Z";"2026-04-20T01:06:00.000Z";1637.54
"2026-04-20T01:06:00.000Z";"2026-04-20T01:09:00.000Z";1650.84
"2026-04-20T01:09:00.000Z";"2026-04-20T01:12:00.000Z";1637.56
"2026-04-20T01:12:00.000Z";"2026-04-20T01:15:00.000Z";1638.72
"2026-04-20T01:15:00.000Z";"2026-04-20T01:18:00.000Z";1647.66
"2026-04-20T01:18:00.000Z";"2026-04-20T01:21:00.000Z";1642.89
"2026-04-20T01:21:00.000Z";"2026-04-20T01:24:00.000Z";1647.28
"2026-04-20T01:24:00.000Z";"2026-04-20T01:27:00.000Z";1645.45
"2026-04-20T01:27:00.000Z";"2026-04-20T01:30:00.000Z";1642.67
"2026-04-20T01:30:00.000Z";"2026-04-20T01:33:00.000Z";1641.83
"2026-04-20T01:33:00.000Z";"2026-04-20T01:36:00.000Z";1629.68
"2026-04-20T01:36:00.000Z";"2026-04-20T01:39:00.000Z";1620.17
"2026-04-20T01:39:00.000Z";"2026-04-20T01:42:00.000Z";1624.83
"2026-04-20T01:42:00.000Z";"2026-04-20T01:45:00.000Z";1628.61
"2026-04-20T01:45:00.000Z";"2026-04-20T01:48:00.000Z";1630.61
"2026-04-20T01:48:00.000Z";"2026-04-20T01:51:00.000Z";1629.39
"2026-04-20T01:51:00.000Z";"2026-04-20T01:54:00.000Z";1626.78
"2026-04-20T01:54:00.000Z";"2026-04-20T01:57:00.000Z";1629.77
"2026-04-20T01:57:00.000Z";"2026-04-20T02:00:00.000Z";1630.22
"2026-04-20T02:00:00.000Z";"2026-04-20T02:03:00.000Z";1648.6
"2026-04-20T02:03:00.000Z";"2026-04-20T02:06:00.000Z";1650.45
"2026-04-20T02:06:00.000Z";"2026-04-20T02:09:00.000Z";1644.17
"2026-04-20T02:09:00.000Z";"2026-04-20T02:12:00.000Z";1645.72
"2026-04-20T02:12:00.000Z";"2026-04-20T02:15:00.000Z";1641.28
"2026-04-20T02:15:00.000Z";"2026-04-20T02:18:00.000Z";1637.89
"2026-04-20T02:18:00.000Z";"2026-04-20T02:21:00.000Z";1616.29
"2026-04-20T02:21:00.000Z";"2026-04-20T02:24:00.000Z";1606.83
"2026-04-20T02:24:00.000Z";"2026-04-20T02:27:00.000Z";1623.43
"2026-04-20T02:27:00.000Z";"2026-04-20T02:30:00.000Z";1629.44
"2026-04-20T02:30:00.000Z";"2026-04-20T02:33:00.000Z";1633.83
"2026-04-20T02:33:00.000Z";"2026-04-20T02:36:00.000Z";1629.61
"2026-04-20T02:36:00.000Z";"2026-04-20T02:39:00.000Z";1630.83
"2026-04-20T02:39:00.000Z";"2026-04-20T02:42:00.000Z";1633.67
"2026-04-20T02:42:00.000Z";"2026-04-20T02:45:00.000Z";1622.95
"2026-04-20T02:45:00.000Z";"2026-04-20T02:48:00.000Z";1605.56
"2026-04-20T02:48:00.000Z";"2026-04-20T02:51:00.000Z";1605.94
"2026-04-20T02:51:00.000Z";"2026-04-20T02:54:00.000Z";1607.55
"2026-04-20T02:54:00.000Z";"2026-04-20T02:57:00.000Z";1605.23
"2026-04-20T02:57:00.000Z";"2026-04-20T03:00:00.000Z";1608.72
"2026-04-20T03:00:00.000Z";"2026-04-20T03:03:00.000Z";1629.49
"2026-04-20T03:03:00.000Z";"2026-04-20T03:06:00.000Z";1605.84
"2026-04-20T03:06:00.000Z";"2026-04-20T03:09:00.000Z";1619.53
"2026-04-20T03:09:00.000Z";"2026-04-20T03:12:00.000Z";1647.88
"2026-04-20T03:12:00.000Z";"2026-04-20T03:15:00.000Z";1671.15
"2026-04-20T03:15:00.000Z";"2026-04-20T03:18:00.000Z";1689.6
"2026-04-20T03:18:00.000Z";"2026-04-20T03:21:00.000Z";1689
"2026-04-20T03:21:00.000Z";"2026-04-20T03:24:00.000Z";1689.17
"2026-04-20T03:24:00.000Z";"2026-04-20T03:27:00.000Z";1693.56
"2026-04-20T03:27:00.000Z";"2026-04-20T03:30:00.000Z";1704.39
"2026-04-20T03:30:00.000Z";"2026-04-20T03:33:00.000Z";1697.95
"2026-04-20T03:33:00.000Z";"2026-04-20T03:36:00.000Z";1663.35
"2026-04-20T03:36:00.000Z";"2026-04-20T03:39:00.000Z";1651
"2026-04-20T03:39:00.000Z";"2026-04-20T03:42:00.000Z";1648.72
"2026-04-20T03:42:00.000Z";"2026-04-20T03:45:00.000Z";1656.99
"2026-04-20T03:45:00.000Z";"2026-04-20T03:48:00.000Z";1671.88
"2026-04-20T03:48:00.000Z";"2026-04-20T03:51:00.000Z";1680.33
"2026-04-20T03:51:00.000Z";"2026-04-20T03:54:00.000Z";1681.33
"2026-04-20T03:54:00.000Z";"2026-04-20T03:57:00.000Z";1685.5
"2026-04-20T03:57:00.000Z";"2026-04-20T04:00:00.000Z";1687.99
"2026-04-20T04:00:00.000Z";"2026-04-20T04:03:00.000Z";1708.34
"2026-04-20T04:03:00.000Z";"2026-04-20T04:06:00.000Z";1658
"2026-04-20T04:06:00.000Z";"2026-04-20T04:09:00.000Z";1652.66
"2026-04-20T04:09:00.000Z";"2026-04-20T04:12:00.000Z";1650.61
"2026-04-20T04:12:00.000Z";"2026-04-20T04:15:00.000Z";1678.48
"2026-04-20T04:15:00.000Z";"2026-04-20T04:18:00.000Z";1691.94
"2026-04-20T04:18:00.000Z";"2026-04-20T04:21:00.000Z";1687.51
"2026-04-20T04:21:00.000Z";"2026-04-20T04:24:00.000Z";1679.22
"2026-04-20T04:24:00.000Z";"2026-04-20T04:27:00.000Z";1684.61
"2026-04-20T04:27:00.000Z";"2026-04-20T04:30:00.000Z";1679.17
"2026-04-20T04:30:00.000Z";"2026-04-20T04:33:00.000Z";1673.95
"2026-04-20T04:33:00.000Z";"2026-04-20T04:36:00.000Z";1669.17
"2026-04-20T04:36:00.000Z";"2026-04-20T04:39:00.000Z";1671.5
"2026-04-20T04:39:00.000Z";"2026-04-20T04:42:00.000Z";1673.22
"2026-04-20T04:42:00.000Z";"2026-04-20T04:45:00.000Z";1677.6
"2026-04-20T04:45:00.000Z";"2026-04-20T04:48:00.000Z";1682.61
"2026-04-20T04:48:00.000Z";"2026-04-20T04:51:00.000Z";1689.11
"2026-04-20T04:51:00.000Z";"2026-04-20T04:54:00.000Z";1695.83
"2026-04-20T04:54:00.000Z";"2026-04-20T04:57:00.000Z";1696.44
"2026-04-20T04:57:00.000Z";"2026-04-20T05:00:00.000Z";1679.12
"2026-04-20T05:00:00.000Z";"2026-04-20T05:03:00.000Z";1632.02
"2026-04-20T05:03:00.000Z";"2026-04-20T05:06:00.000Z";1610.59
"2026-04-20T05:06:00.000Z";"2026-04-20T05:09:00.000Z";1599.94
"2026-04-20T05:09:00.000Z";"2026-04-20T05:12:00.000Z";1611.05
"2026-04-20T05:12:00.000Z";"2026-04-20T05:15:00.000Z";1622.55
"2026-04-20T05:15:00.000Z";"2026-04-20T05:18:00.000Z";1624.22
"2026-04-20T05:18:00.000Z";"2026-04-20T05:21:00.000Z";1631.49
"2026-04-20T05:21:00.000Z";"2026-04-20T05:24:00.000Z";1633.11
"2026-04-20T05:24:00.000Z";"2026-04-20T05:27:00.000Z";1635.17
"2026-04-20T05:27:00.000Z";"2026-04-20T05:30:00.000Z";1632.39
"2026-04-20T05:30:00.000Z";"2026-04-20T05:33:00.000Z";1617.29
"2026-04-20T05:33:00.000Z";"2026-04-20T05:36:00.000Z";1603.9
"2026-04-20T05:36:00.000Z";"2026-04-20T05:39:00.000Z";1582.45
"2026-04-20T05:39:00.000Z";"2026-04-20T05:42:00.000Z";1580.94
"2026-04-20T05:42:00.000Z";"2026-04-20T05:45:00.000Z";1589.11
"2026-04-20T05:45:00.000Z";"2026-04-20T05:48:00.000Z";1585.39
"2026-04-20T05:48:00.000Z";"2026-04-20T05:51:00.000Z";1578.28
"2026-04-20T05:51:00.000Z";"2026-04-20T05:54:00.000Z";1572.39
"2026-04-20T05:54:00.000Z";"2026-04-20T05:57:00.000Z";1579.39
"2026-04-20T05:57:00.000Z";"2026-04-20T06:00:00.000Z";1574.41
"2026-04-20T06:00:00.000Z";"2026-04-20T06:03:00.000Z";1508.27
"2026-04-20T06:03:00.000Z";"2026-04-20T06:06:00.000Z";1412.69
"2026-04-20T06:06:00.000Z";"2026-04-20T06:09:00.000Z";1400
"2026-04-20T06:09:00.000Z";"2026-04-20T06:12:00.000Z";1400.55
"2026-04-20T06:12:00.000Z";"2026-04-20T06:15:00.000Z";1398.34
"2026-04-20T06:15:00.000Z";"2026-04-20T06:18:00.000Z";1392.95
"2026-04-20T06:18:00.000Z";"2026-04-20T06:21:00.000Z";1389.56
"2026-04-20T06:21:00.000Z";"2026-04-20T06:24:00.000Z";1382.33
"2026-04-20T06:24:00.000Z";"2026-04-20T06:27:00.000Z";1379.67
"2026-04-20T06:27:00.000Z";"2026-04-20T06:30:00.000Z";1377.28
"2026-04-20T06:30:00.000Z";"2026-04-20T06:33:00.000Z";1375.06
"2026-04-20T06:33:00.000Z";"2026-04-20T06:36:00.000Z";1372.39
"2026-04-20T06:36:00.000Z";"2026-04-20T06:39:00.000Z";1363.28
"2026-04-20T06:39:00.000Z";"2026-04-20T06:42:00.000Z";1356.06
"2026-04-20T06:42:00.000Z";"2026-04-20T06:45:00.000Z";1347.06
"2026-04-20T06:45:00.000Z";"2026-04-20T06:48:00.000Z";1358.76
"2026-04-20T06:48:00.000Z";"2026-04-20T06:51:00.000Z";1369.39
"2026-04-20T06:51:00.000Z";"2026-04-20T06:54:00.000Z";1368
"2026-04-20T06:54:00.000Z";"2026-04-20T06:57:00.000Z";1366.17
"2026-04-20T06:57:00.000Z";"2026-04-20T07:00:00.000Z";1350.89
"2026-04-20T07:00:00.000Z";"2026-04-20T07:03:00.000Z";1317.9
"2026-04-20T07:03:00.000Z";"2026-04-20T07:06:00.000Z";1290.24
"2026-04-20T07:06:00.000Z";"2026-04-20T07:09:00.000Z";1277.12
"2026-04-20T07:09:00.000Z";"2026-04-20T07:12:00.000Z";1267.84
"2026-04-20T07:12:00.000Z";"2026-04-20T07:15:00.000Z";1255.22
"2026-04-20T07:15:00.000Z";"2026-04-20T07:18:00.000Z";1255.33
"2026-04-20T07:18:00.000Z";"2026-04-20T07:21:00.000Z";1254.94
"2026-04-20T07:21:00.000Z";"2026-04-20T07:24:00.000Z";1256.39
"2026-04-20T07:24:00.000Z";"2026-04-20T07:27:00.000Z";1257.67
"2026-04-20T07:27:00.000Z";"2026-04-20T07:30:00.000Z";1246.29
"2026-04-20T07:30:00.000Z";"2026-04-20T07:33:00.000Z";1263.21
"2026-04-20T07:33:00.000Z";"2026-04-20T07:36:00.000Z";1286.6
"2026-04-20T07:36:00.000Z";"2026-04-20T07:39:00.000Z";1300.11
"2026-04-20T07:39:00.000Z";"2026-04-20T07:42:00.000Z";1307.89
"2026-04-20T07:42:00.000Z";"2026-04-20T07:45:00.000Z";1303
"2026-04-20T07:45:00.000Z";"2026-04-20T07:48:00.000Z";1299.11
"2026-04-20T07:48:00.000Z";"2026-04-20T07:51:00.000Z";1304.05
"2026-04-20T07:51:00.000Z";"2026-04-20T07:54:00.000Z";1309.94
"2026-04-20T07:54:00.000Z";"2026-04-20T07:57:00.000Z";1343.21
"2026-04-20T07:57:00.000Z";"2026-04-20T08:00:00.000Z";1367.5
"2026-04-20T08:00:00.000Z";"2026-04-20T08:03:00.000Z";1359.35
"2026-04-20T08:03:00.000Z";"2026-04-20T08:06:00.000Z";1343.44
"2026-04-20T08:06:00.000Z";"2026-04-20T08:09:00.000Z";1349
"2026-04-20T08:09:00.000Z";"2026-04-20T08:12:00.000Z";1320.96
"2026-04-20T08:12:00.000Z";"2026-04-20T08:15:00.000Z";1293.19
"2026-04-20T08:15:00.000Z";"2026-04-20T08:18:00.000Z";1278.66
"2026-04-20T08:18:00.000Z";"2026-04-20T08:21:00.000Z";1278.22
"2026-04-20T08:21:00.000Z";"2026-04-20T08:24:00.000Z";1280.89
"2026-04-20T08:24:00.000Z";"2026-04-20T08:27:00.000Z";1275.06
"2026-04-20T08:27:00.000Z";"2026-04-20T08:30:00.000Z";1273.44
"2026-04-20T08:30:00.000Z";"2026-04-20T08:33:00.000Z";1272.17
"2026-04-20T08:33:00.000Z";"2026-04-20T08:36:00.000Z";1278.94
"2026-04-20T08:36:00.000Z";"2026-04-20T08:39:00.000Z";1277.39
"2026-04-20T08:39:00.000Z";"2026-04-20T08:42:00.000Z";1271.11
"2026-04-20T08:42:00.000Z";"2026-04-20T08:45:00.000Z";1273.56
"2026-04-20T08:45:00.000Z";"2026-04-20T08:48:00.000Z";1277.66
"2026-04-20T08:48:00.000Z";"2026-04-20T08:51:00.000Z";1281.33
"2026-04-20T08:51:00.000Z";"2026-04-20T08:54:00.000Z";1271.12
"2026-04-20T08:54:00.000Z";"2026-04-20T08:57:00.000Z";1234.4
"2026-04-20T08:57:00.000Z";"2026-04-20T09:00:00.000Z";1237.94
"2026-04-20T09:00:00.000Z";"2026-04-20T09:03:00.000Z";1240.05
"2026-04-20T09:03:00.000Z";"2026-04-20T09:06:00.000Z";1259.28
"2026-04-20T09:06:00.000Z";"2026-04-20T09:09:00.000Z";1256.16
"2026-04-20T09:09:00.000Z";"2026-04-20T09:12:00.000Z";1260.44
"2026-04-20T09:12:00.000Z";"2026-04-20T09:15:00.000Z";1260.67
"2026-04-20T09:15:00.000Z";"2026-04-20T09:18:00.000Z";1260.61
"2026-04-20T09:18:00.000Z";"2026-04-20T09:21:00.000Z";1232.42
"2026-04-20T09:21:00.000Z";"2026-04-20T09:24:00.000Z";1202.34
"2026-04-20T09:24:00.000Z";"2026-04-20T09:27:00.000Z";1192.61
"2026-04-20T09:27:00.000Z";"2026-04-20T09:30:00.000Z";1186
"2026-04-20T09:30:00.000Z";"2026-04-20T09:33:00.000Z";1186
"2026-04-20T09:33:00.000Z";"2026-04-20T09:36:00.000Z";1191.78
"2026-04-20T09:36:00.000Z";"2026-04-20T09:39:00.000Z";1188.39
"2026-04-20T09:39:00.000Z";"2026-04-20T09:42:00.000Z";1193.17
"2026-04-20T09:42:00.000Z";"2026-04-20T09:45:00.000Z";1187.61
"2026-04-20T09:45:00.000Z";"2026-04-20T09:48:00.000Z";1186.83
"2026-04-20T09:48:00.000Z";"2026-04-20T09:51:00.000Z";1194.28
"2026-04-20T09:51:00.000Z";"2026-04-20T09:54:00.000Z";1195.33
"2026-04-20T09:54:00.000Z";"2026-04-20T09:57:00.000Z";1194.67
"2026-04-20T09:57:00.000Z";"2026-04-20T10:00:00.000Z";1181.7
"2026-04-20T10:00:00.000Z";"2026-04-20T10:03:00.000Z";1124.2
"2026-04-20T10:03:00.000Z";"2026-04-20T10:06:00.000Z";1110.94
"2026-04-20T10:06:00.000Z";"2026-04-20T10:09:00.000Z";1104.34
"2026-04-20T10:09:00.000Z";"2026-04-20T10:12:00.000Z";1093.61
"2026-04-20T10:12:00.000Z";"2026-04-20T10:15:00.000Z";1084.17
"2026-04-20T10:15:00.000Z";"2026-04-20T10:18:00.000Z";1087.94
"2026-04-20T10:18:00.000Z";"2026-04-20T10:21:00.000Z";1083.56
"2026-04-20T10:21:00.000Z";"2026-04-20T10:24:00.000Z";1079.44
"2026-04-20T10:24:00.000Z";"2026-04-20T10:27:00.000Z";1081.44
"2026-04-20T10:27:00.000Z";"2026-04-20T10:30:00.000Z";1091.94
"2026-04-20T10:30:00.000Z";"2026-04-20T10:33:00.000Z";1097.17
"2026-04-20T10:33:00.000Z";"2026-04-20T10:36:00.000Z";1097.89
"2026-04-20T10:36:00.000Z";"2026-04-20T10:39:00.000Z";1091.89
"2026-04-20T10:39:00.000Z";"2026-04-20T10:42:00.000Z";1091.39
"2026-04-20T10:42:00.000Z";"2026-04-20T10:45:00.000Z";1089.77
"2026-04-20T10:45:00.000Z";"2026-04-20T10:48:00.000Z";1094.94
"2026-04-20T10:48:00.000Z";"2026-04-20T10:51:00.000Z";1093.61
"2026-04-20T10:51:00.000Z";"2026-04-20T10:54:00.000Z";1082.9
"2026-04-20T10:54:00.000Z";"2026-04-20T10:57:00.000Z";1076.39
"2026-04-20T10:57:00.000Z";"2026-04-20T11:00:00.000Z";1085.77
"2026-04-20T11:00:00.000Z";"2026-04-20T11:03:00.000Z";1094.22
"2026-04-20T11:03:00.000Z";"2026-04-20T11:06:00.000Z";1097.78
"2026-04-20T11:06:00.000Z";"2026-04-20T11:09:00.000Z";1104.78
"2026-04-20T11:09:00.000Z";"2026-04-20T11:12:00.000Z";1099.89
"2026-04-20T11:12:00.000Z";"2026-04-20T11:15:00.000Z";1095.06
"2026-04-20T11:15:00.000Z";"2026-04-20T11:18:00.000Z";1094.34
"2026-04-20T11:18:00.000Z";"2026-04-20T11:21:00.000Z";1097.66
"2026-04-20T11:21:00.000Z";"2026-04-20T11:24:00.000Z";1100.45
"2026-04-20T11:24:00.000Z";"2026-04-20T11:27:00.000Z";1093.45
"2026-04-20T11:27:00.000Z";"2026-04-20T11:30:00.000Z";1091
"2026-04-20T11:30:00.000Z";"2026-04-20T11:33:00.000Z";1078.56
"2026-04-20T11:33:00.000Z";"2026-04-20T11:36:00.000Z";1064.72
"2026-04-20T11:36:00.000Z";"2026-04-20T11:39:00.000Z";1060.17
"2026-04-20T11:39:00.000Z";"2026-04-20T11:42:00.000Z";1055.78
"2026-04-20T11:42:00.000Z";"2026-04-20T11:45:00.000Z";1051.61
"2026-04-20T11:45:00.000Z";"2026-04-20T11:48:00.000Z";1073.65
"2026-04-20T11:48:00.000Z";"2026-04-20T11:51:00.000Z";1088.22
"2026-04-20T11:51:00.000Z";"2026-04-20T11:54:00.000Z";1088.33
"2026-04-20T11:54:00.000Z";"2026-04-20T11:57:00.000Z";1090.61
"2026-04-20T11:57:00.000Z";"2026-04-20T12:00:00.000Z";1154.81
"2026-04-20T12:00:00.000Z";"2026-04-20T12:03:00.000Z";1232.75
"2026-04-20T12:03:00.000Z";"2026-04-20T12:06:00.000Z";1235.84
"2026-04-20T12:06:00.000Z";"2026-04-20T12:09:00.000Z";1238.05
"2026-04-20T12:09:00.000Z";"2026-04-20T12:12:00.000Z";1248.49
"2026-04-20T12:12:00.000Z";"2026-04-20T12:15:00.000Z";1255.44
"2026-04-20T12:15:00.000Z";"2026-04-20T12:18:00.000Z";1260.55
"2026-04-20T12:18:00.000Z";"2026-04-20T12:21:00.000Z";1262.89
"2026-04-20T12:21:00.000Z";"2026-04-20T12:24:00.000Z";1268.83
"2026-04-20T12:24:00.000Z";"2026-04-20T12:27:00.000Z";1271.83
"2026-04-20T12:27:00.000Z";"2026-04-20T12:30:00.000Z";1269.28
"2026-04-20T12:30:00.000Z";"2026-04-20T12:33:00.000Z";1254.29
"2026-04-20T12:33:00.000Z";"2026-04-20T12:36:00.000Z";1245.89
"2026-04-20T12:36:00.000Z";"2026-04-20T12:39:00.000Z";1241.95
"2026-04-20T12:39:00.000Z";"2026-04-20T12:42:00.000Z";1243.89
"2026-04-20T12:42:00.000Z";"2026-04-20T12:45:00.000Z";1240.33
"2026-04-20T12:45:00.000Z";"2026-04-20T12:48:00.000Z";1255.16
"2026-04-20T12:48:00.000Z";"2026-04-20T12:51:00.000Z";1260.51
"2026-04-20T12:51:00.000Z";"2026-04-20T12:54:00.000Z";1256.83
"2026-04-20T12:54:00.000Z";"2026-04-20T12:57:00.000Z";1257
"2026-04-20T12:57:00.000Z";"2026-04-20T13:00:00.000Z";1257.39
"2026-04-20T13:00:00.000Z";"2026-04-20T13:03:00.000Z";1243.45
"2026-04-20T13:03:00.000Z";"2026-04-20T13:06:00.000Z";1230.56
"2026-04-20T13:06:00.000Z";"2026-04-20T13:09:00.000Z";1227.78
"2026-04-20T13:09:00.000Z";"2026-04-20T13:12:00.000Z";1233.55
"2026-04-20T13:12:00.000Z";"2026-04-20T13:15:00.000Z";1230.94
"2026-04-20T13:15:00.000Z";"2026-04-20T13:18:00.000Z";1227.78
"2026-04-20T13:18:00.000Z";"2026-04-20T13:21:00.000Z";1220.28
"2026-04-20T13:21:00.000Z";"2026-04-20T13:24:00.000Z";1218.89
"2026-04-20T13:24:00.000Z";"2026-04-20T13:27:00.000Z";1205.73
"2026-04-20T13:27:00.000Z";"2026-04-20T13:30:00.000Z";1196.17
"2026-04-20T13:30:00.000Z";"2026-04-20T13:33:00.000Z";1197.89
"2026-04-20T13:33:00.000Z";"2026-04-20T13:36:00.000Z";1186.4
"2026-04-20T13:36:00.000Z";"2026-04-20T13:39:00.000Z";1188.44
"2026-04-20T13:39:00.000Z";"2026-04-20T13:42:00.000Z";1171.51
"2026-04-20T13:42:00.000Z";"2026-04-20T13:45:00.000Z";1161.78
"2026-04-20T13:45:00.000Z";"2026-04-20T13:48:00.000Z";1158.17
"2026-04-20T13:48:00.000Z";"2026-04-20T13:51:00.000Z";1151.89
"2026-04-20T13:51:00.000Z";"2026-04-20T13:54:00.000Z";1154.22
"2026-04-20T13:54:00.000Z";"2026-04-20T13:57:00.000Z";1160.38
"2026-04-20T13:57:00.000Z";"2026-04-20T14:00:00.000Z";1168.17
"2026-04-20T14:00:00.000Z";"2026-04-20T14:03:00.000Z";1131.85
"2026-04-20T14:03:00.000Z";"2026-04-20T14:06:00.000Z";1089.12
"2026-04-20T14:06:00.000Z";"2026-04-20T14:09:00.000Z";1081.5
"2026-04-20T14:09:00.000Z";"2026-04-20T14:12:00.000Z";1079.39
"2026-04-20T14:12:00.000Z";"2026-04-20T14:15:00.000Z";1096.43
"2026-04-20T14:15:00.000Z";"2026-04-20T14:18:00.000Z";1103.33
"2026-04-20T14:18:00.000Z";"2026-04-20T14:21:00.000Z";1115.15
"2026-04-20T14:21:00.000Z";"2026-04-20T14:24:00.000Z";1122.72
"2026-04-20T14:24:00.000Z";"2026-04-20T14:27:00.000Z";1121.78
"2026-04-20T14:27:00.000Z";"2026-04-20T14:30:00.000Z";1128.88
"2026-04-20T14:30:00.000Z";"2026-04-20T14:33:00.000Z";1136.01
"2026-04-20T14:33:00.000Z";"2026-04-20T14:36:00.000Z";1125.17
"2026-04-20T14:36:00.000Z";"2026-04-20T14:39:00.000Z";1121.22
"2026-04-20T14:39:00.000Z";"2026-04-20T14:42:00.000Z";1127
"2026-04-20T14:42:00.000Z";"2026-04-20T14:45:00.000Z";1134.71
"2026-04-20T14:45:00.000Z";"2026-04-20T14:48:00.000Z";1131.46
"2026-04-20T14:48:00.000Z";"2026-04-20T14:51:00.000Z";1105.06
"2026-04-20T14:51:00.000Z";"2026-04-20T14:54:00.000Z";1106.11
"2026-04-20T14:54:00.000Z";"2026-04-20T14:57:00.000Z";1120.1
"2026-04-20T14:57:00.000Z";"2026-04-20T15:00:00.000Z";1139.72
"2026-04-20T15:00:00.000Z";"2026-04-20T15:03:00.000Z";1139.01
"2026-04-20T15:03:00.000Z";"2026-04-20T15:06:00.000Z";1124.49
"2026-04-20T15:06:00.000Z";"2026-04-20T15:09:00.000Z";1127.28
"2026-04-20T15:09:00.000Z";"2026-04-20T15:12:00.000Z";1136.89
"2026-04-20T15:12:00.000Z";"2026-04-20T15:15:00.000Z";1142.33
"2026-04-20T15:15:00.000Z";"2026-04-20T15:18:00.000Z";1158.44
"2026-04-20T15:18:00.000Z";"2026-04-20T15:21:00.000Z";1163.22
"2026-04-20T15:21:00.000Z";"2026-04-20T15:24:00.000Z";1167.06
"2026-04-20T15:24:00.000Z";"2026-04-20T15:27:00.000Z";1204.26
"2026-04-20T15:27:00.000Z";"2026-04-20T15:30:00.000Z";1262.19
"2026-04-20T15:30:00.000Z";"2026-04-20T15:33:00.000Z";1308.82
"2026-04-20T15:33:00.000Z";"2026-04-20T15:36:00.000Z";1325.94
"2026-04-20T15:36:00.000Z";"2026-04-20T15:39:00.000Z";1323.5
"2026-04-20T15:39:00.000Z";"2026-04-20T15:42:00.000Z";1318.45
"2026-04-20T15:42:00.000Z";"2026-04-20T15:45:00.000Z";1334.76
"2026-04-20T15:45:00.000Z";"2026-04-20T15:48:00.000Z";1360.83
"2026-04-20T15:48:00.000Z";"2026-04-20T15:51:00.000Z";1357.85
"2026-04-20T15:51:00.000Z";"2026-04-20T15:54:00.000Z";1305.29
"2026-04-20T15:54:00.000Z";"2026-04-20T15:57:00.000Z";1272.57
"2026-04-20T15:57:00.000Z";"2026-04-20T16:00:00.000Z";1283.88
"2026-04-20T16:00:00.000Z";"2026-04-20T16:03:00.000Z";1348.46
"2026-04-20T16:03:00.000Z";"2026-04-20T16:06:00.000Z";1393.22
"2026-04-20T16:06:00.000Z";"2026-04-20T16:09:00.000Z";1419.49
"2026-04-20T16:09:00.000Z";"2026-04-20T16:12:00.000Z";1429.83
"2026-04-20T16:12:00.000Z";"2026-04-20T16:15:00.000Z";1432.83
"2026-04-20T16:15:00.000Z";"2026-04-20T16:18:00.000Z";1434.11
"2026-04-20T16:18:00.000Z";"2026-04-20T16:21:00.000Z";1433.33
"2026-04-20T16:21:00.000Z";"2026-04-20T16:24:00.000Z";1437.72
"2026-04-20T16:24:00.000Z";"2026-04-20T16:27:00.000Z";1445.28
"2026-04-20T16:27:00.000Z";"2026-04-20T16:30:00.000Z";1444
"2026-04-20T16:30:00.000Z";"2026-04-20T16:33:00.000Z";1428.34
"2026-04-20T16:33:00.000Z";"2026-04-20T16:36:00.000Z";1383.29
"2026-04-20T16:36:00.000Z";"2026-04-20T16:39:00.000Z";1385.72
"2026-04-20T16:39:00.000Z";"2026-04-20T16:42:00.000Z";1397.43
"2026-04-20T16:42:00.000Z";"2026-04-20T16:45:00.000Z";1415.38
"2026-04-20T16:45:00.000Z";"2026-04-20T16:48:00.000Z";1412.39
"2026-04-20T16:48:00.000Z";"2026-04-20T16:51:00.000Z";1391.23
"2026-04-20T16:51:00.000Z";"2026-04-20T16:54:00.000Z";1376.11
"2026-04-20T16:54:00.000Z";"2026-04-20T16:57:00.000Z";1398.38
"2026-04-20T16:57:00.000Z";"2026-04-20T17:00:00.000Z";1408.99
"2026-04-20T17:00:00.000Z";"2026-04-20T17:03:00.000Z";1441.93
"2026-04-20T17:03:00.000Z";"2026-04-20T17:06:00.000Z";1492.66
"2026-04-20T17:06:00.000Z";"2026-04-20T17:09:00.000Z";1539.94
"2026-04-20T17:09:00.000Z";"2026-04-20T17:12:00.000Z";1542.61
"2026-04-20T17:12:00.000Z";"2026-04-20T17:15:00.000Z";1541.22
"2026-04-20T17:15:00.000Z";"2026-04-20T17:18:00.000Z";1534.45
"2026-04-20T17:18:00.000Z";"2026-04-20T17:21:00.000Z";1541.55
"2026-04-20T17:21:00.000Z";"2026-04-20T17:24:00.000Z";1538.44
"2026-04-20T17:24:00.000Z";"2026-04-20T17:27:00.000Z";1543.61
"2026-04-20T17:27:00.000Z";"2026-04-20T17:30:00.000Z";1543.33
"2026-04-20T17:30:00.000Z";"2026-04-20T17:33:00.000Z";1535.72
"2026-04-20T17:33:00.000Z";"2026-04-20T17:36:00.000Z";1530.94
"2026-04-20T17:36:00.000Z";"2026-04-20T17:39:00.000Z";1536.83
"2026-04-20T17:39:00.000Z";"2026-04-20T17:42:00.000Z";1533.67
"2026-04-20T17:42:00.000Z";"2026-04-20T17:45:00.000Z";1528.83
"2026-04-20T17:45:00.000Z";"2026-04-20T17:48:00.000Z";1531.39
"2026-04-20T17:48:00.000Z";"2026-04-20T17:51:00.000Z";1519.96
"2026-04-20T17:51:00.000Z";"2026-04-20T17:54:00.000Z";1524.71
"2026-04-20T17:54:00.000Z";"2026-04-20T17:57:00.000Z";1533.73
"2026-04-20T17:57:00.000Z";"2026-04-20T18:00:00.000Z";1531.33
"2026-04-20T18:00:00.000Z";"2026-04-20T18:03:00.000Z";1532.67
"2026-04-20T18:03:00.000Z";"2026-04-20T18:06:00.000Z";1526.05
"2026-04-20T18:06:00.000Z";"2026-04-20T18:09:00.000Z";1532.56
"2026-04-20T18:09:00.000Z";"2026-04-20T18:12:00.000Z";1532
"2026-04-20T18:12:00.000Z";"2026-04-20T18:15:00.000Z";1516.23
"2026-04-20T18:15:00.000Z";"2026-04-20T18:18:00.000Z";1502.89
"2026-04-20T18:18:00.000Z";"2026-04-20T18:21:00.000Z";1485.18
"2026-04-20T18:21:00.000Z";"2026-04-20T18:24:00.000Z";1472.83
"2026-04-20T18:24:00.000Z";"2026-04-20T18:27:00.000Z";1469.61
"2026-04-20T18:27:00.000Z";"2026-04-20T18:30:00.000Z";1470.65
"2026-04-20T18:30:00.000Z";"2026-04-20T18:33:00.000Z";1472.63
"2026-04-20T18:33:00.000Z";"2026-04-20T18:36:00.000Z";1474.22
"2026-04-20T18:36:00.000Z";"2026-04-20T18:39:00.000Z";1475.44
"2026-04-20T18:39:00.000Z";"2026-04-20T18:42:00.000Z";1468.73
"2026-04-20T18:42:00.000Z";"2026-04-20T18:45:00.000Z";1456.57
"2026-04-20T18:45:00.000Z";"2026-04-20T18:48:00.000Z";1461.88
"2026-04-20T18:48:00.000Z";"2026-04-20T18:51:00.000Z";1489.11
"2026-04-20T18:51:00.000Z";"2026-04-20T18:54:00.000Z";1486.78
"2026-04-20T18:54:00.000Z";"2026-04-20T18:57:00.000Z";1485.89
"2026-04-20T18:57:00.000Z";"2026-04-20T19:00:00.000Z";1483.83
"2026-04-20T19:00:00.000Z";"2026-04-20T19:03:00.000Z";1466.69
"2026-04-20T19:03:00.000Z";"2026-04-20T19:06:00.000Z";1436.07
"2026-04-20T19:06:00.000Z";"2026-04-20T19:09:00.000Z";1428.11
"2026-04-20T19:09:00.000Z";"2026-04-20T19:12:00.000Z";1425.89
"2026-04-20T19:12:00.000Z";"2026-04-20T19:15:00.000Z";1422.5
"2026-04-20T19:15:00.000Z";"2026-04-20T19:18:00.000Z";1422.89
"2026-04-20T19:18:00.000Z";"2026-04-20T19:21:00.000Z";1422.22
"2026-04-20T19:21:00.000Z";"2026-04-20T19:24:00.000Z";1421.39
"2026-04-20T19:24:00.000Z";"2026-04-20T19:27:00.000Z";1421.11
"2026-04-20T19:27:00.000Z";"2026-04-20T19:30:00.000Z";1401.62
"2026-04-20T19:30:00.000Z";"2026-04-20T19:33:00.000Z";1381.78
"2026-04-20T19:33:00.000Z";"2026-04-20T19:36:00.000Z";1373.45
"2026-04-20T19:36:00.000Z";"2026-04-20T19:39:00.000Z";1355.01
"2026-04-20T19:39:00.000Z";"2026-04-20T19:42:00.000Z";1346.61
"2026-04-20T19:42:00.000Z";"2026-04-20T19:45:00.000Z";1337.56
"2026-04-20T19:45:00.000Z";"2026-04-20T19:48:00.000Z";1335.5
"2026-04-20T19:48:00.000Z";"2026-04-20T19:51:00.000Z";1330.45
"2026-04-20T19:51:00.000Z";"2026-04-20T19:54:00.000Z";1334.44
"2026-04-20T19:54:00.000Z";"2026-04-20T19:57:00.000Z";1335.67
"2026-04-20T19:57:00.000Z";"2026-04-20T20:00:00.000Z";1339.77
"2026-04-20T20:00:00.000Z";"2026-04-20T20:03:00.000Z";1368.21
"2026-04-20T20:03:00.000Z";"2026-04-20T20:06:00.000Z";1390.72
"2026-04-20T20:06:00.000Z";"2026-04-20T20:09:00.000Z";1408.99
"2026-04-20T20:09:00.000Z";"2026-04-20T20:12:00.000Z";1407.23
"2026-04-20T20:12:00.000Z";"2026-04-20T20:15:00.000Z";1398.56
"2026-04-20T20:15:00.000Z";"2026-04-20T20:18:00.000Z";1410.77
"2026-04-20T20:18:00.000Z";"2026-04-20T20:21:00.000Z";1410.45
"2026-04-20T20:21:00.000Z";"2026-04-20T20:24:00.000Z";1399.39
"2026-04-20T20:24:00.000Z";"2026-04-20T20:27:00.000Z";1383.68
"2026-04-20T20:27:00.000Z";"2026-04-20T20:30:00.000Z";1368.45
"2026-04-20T20:30:00.000Z";"2026-04-20T20:33:00.000Z";1368.28
"2026-04-20T20:33:00.000Z";"2026-04-20T20:36:00.000Z";1364.06
"2026-04-20T20:36:00.000Z";"2026-04-20T20:39:00.000Z";1344.95
"2026-04-20T20:39:00.000Z";"2026-04-20T20:42:00.000Z";1335.5
"2026-04-20T20:42:00.000Z";"2026-04-20T20:45:00.000Z";1332
"2026-04-20T20:45:00.000Z";"2026-04-20T20:48:00.000Z";1318.95
"2026-04-20T20:48:00.000Z";"2026-04-20T20:51:00.000Z";1313
"2026-04-20T20:51:00.000Z";"2026-04-20T20:54:00.000Z";1315.39
"2026-04-20T20:54:00.000Z";"2026-04-20T20:57:00.000Z";1314.06
"2026-04-20T20:57:00.000Z";"2026-04-20T21:00:00.000Z";1302.45
"2026-04-20T21:00:00.000Z";"2026-04-20T21:03:00.000Z";1273.07
"2026-04-20T21:03:00.000Z";"2026-04-20T21:06:00.000Z";1260.78
"2026-04-20T21:06:00.000Z";"2026-04-20T21:09:00.000Z";1249.73
"2026-04-20T21:09:00.000Z";"2026-04-20T21:12:00.000Z";1232.47
"2026-04-20T21:12:00.000Z";"2026-04-20T21:15:00.000Z";1181.79
"2026-04-20T21:15:00.000Z";"2026-04-20T21:18:00.000Z";1179.78
"2026-04-20T21:18:00.000Z";"2026-04-20T21:21:00.000Z";1177.44
"2026-04-20T21:21:00.000Z";"2026-04-20T21:24:00.000Z";1179.44
"2026-04-20T21:24:00.000Z";"2026-04-20T21:27:00.000Z";1177.67
"2026-04-20T21:27:00.000Z";"2026-04-20T21:30:00.000Z";1173.28
"2026-04-20T21:30:00.000Z";"2026-04-20T21:33:00.000Z";1174.05
"2026-04-20T21:33:00.000Z";"2026-04-20T21:36:00.000Z";1181.89
"2026-04-20T21:36:00.000Z";"2026-04-20T21:39:00.000Z";1192.37
"2026-04-20T21:39:00.000Z";"2026-04-20T21:42:00.000Z";1193.67
"2026-04-20T21:42:00.000Z";"2026-04-20T21:45:00.000Z";1191.99
"2026-04-20T21:45:00.000Z";"2026-04-20T21:48:00.000Z";1200.83
"2026-04-20T21:48:00.000Z";"2026-04-20T21:51:00.000Z";1224.78
"2026-04-20T21:51:00.000Z";"2026-04-20T21:54:00.000Z";1222.78
"2026-04-20T21:54:00.000Z";"2026-04-20T21:57:00.000Z";1221.72
"2026-04-20T21:57:00.000Z";"2026-04-20T22:00:00.000Z";1217.06
"2026-04-20T22:00:00.000Z";"2026-04-20T22:03:00.000Z";1211.39
"2026-04-20T22:03:00.000Z";"2026-04-20T22:06:00.000Z";1214.18
"2026-04-20T22:06:00.000Z";"2026-04-20T22:09:00.000Z";1209.61
"2026-04-20T22:09:00.000Z";"2026-04-20T22:12:00.000Z";1209.84
"2026-04-20T22:12:00.000Z";"2026-04-20T22:15:00.000Z";1212.33
"2026-04-20T22:15:00.000Z";"2026-04-20T22:18:00.000Z";1213.45
"2026-04-20T22:18:00.000Z";"2026-04-20T22:21:00.000Z";1217.66
"2026-04-20T22:21:00.000Z";"2026-04-20T22:24:00.000Z";1220.89
"2026-04-20T22:24:00.000Z";"2026-04-20T22:27:00.000Z";1222.22
"2026-04-20T22:27:00.000Z";"2026-04-20T22:30:00.000Z";1220.06
"2026-04-20T22:30:00.000Z";"2026-04-20T22:33:00.000Z";1216.11
"2026-04-20T22:33:00.000Z";"2026-04-20T22:36:00.000Z";1220.83
"2026-04-20T22:36:00.000Z";"2026-04-20T22:39:00.000Z";1218.73
"2026-04-20T22:39:00.000Z";"2026-04-20T22:42:00.000Z";1216.72
"2026-04-20T22:42:00.000Z";"2026-04-20T22:45:00.000Z";1217.22
"2026-04-20T22:45:00.000Z";"2026-04-20T22:48:00.000Z";1217.5
"2026-04-20T22:48:00.000Z";"2026-04-20T22:51:00.000Z";1222.94
"2026-04-20T22:51:00.000Z";"2026-04-20T22:54:00.000Z";1222.78
"2026-04-20T22:54:00.000Z";"2026-04-20T22:57:00.000Z";1224.06
"2026-04-20T22:57:00.000Z";"2026-04-20T23:00:00.000Z";1212.73
"2026-04-20T23:00:00.000Z";"2026-04-20T23:03:00.000Z";1215.6
"2026-04-20T23:03:00.000Z";"2026-04-20T23:06:00.000Z";1225.5
"2026-04-20T23:06:00.000Z";"2026-04-20T23:09:00.000Z";1230.61
"2026-04-20T23:09:00.000Z";"2026-04-20T23:12:00.000Z";1231.28
"2026-04-20T23:12:00.000Z";"2026-04-20T23:15:00.000Z";1228.39
"2026-04-20T23:15:00.000Z";"2026-04-20T23:18:00.000Z";1229.17
"2026-04-20T23:18:00.000Z";"2026-04-20T23:21:00.000Z";1231.94
"2026-04-20T23:21:00.000Z";"2026-04-20T23:24:00.000Z";1233.89
"2026-04-20T23:24:00.000Z";"2026-04-20T23:27:00.000Z";1257.65
"2026-04-20T23:27:00.000Z";"2026-04-20T23:30:00.000Z";1290.26
"2026-04-20T23:30:00.000Z";"2026-04-20T23:33:00.000Z";1277.84
"2026-04-20T23:33:00.000Z";"2026-04-20T23:36:00.000Z";1285.1
"2026-04-20T23:36:00.000Z";"2026-04-20T23:39:00.000Z";1287.45
"2026-04-20T23:39:00.000Z";"2026-04-20T23:42:00.000Z";1289.83
"2026-04-20T23:42:00.000Z";"2026-04-20T23:45:00.000Z";1292.56
"2026-04-20T23:45:00.000Z";"2026-04-20T23:48:00.000Z";1291.72
"2026-04-20T23:48:00.000Z";"2026-04-20T23:51:00.000Z";1288.56
"2026-04-20T23:51:00.000Z";"2026-04-20T23:54:00.000Z";1287.44
"2026-04-20T23:54:00.000Z";"2026-04-20T23:57:00.000Z";1287.5
"2026-04-20T23:57:00.000Z";"2026-04-21T00:00:00.000Z";1286.34
"2026-04-21T00:00:00.000Z";"2026-04-21T00:03:00.000Z";1282.22
"2026-04-21T00:03:00.000Z";"2026-04-21T00:06:00.000Z";1287.22
"2026-04-21T00:06:00.000Z";"2026-04-21T00:09:00.000Z";1287
"2026-04-21T00:09:00.000Z";"2026-04-21T00:12:00.000Z";1287.33
"2026-04-21T00:12:00.000Z";"2026-04-21T00:15:00.000Z";1288.89
"2026-04-21T00:15:00.000Z";"2026-04-21T00:18:00.000Z";1287.22
"2026-04-21T00:18:00.000Z";"2026-04-21T00:21:00.000Z";1282.89
"2026-04-21T00:21:00.000Z";"2026-04-21T00:24:00.000Z";1281.94
"2026-04-21T00:24:00.000Z";"2026-04-21T00:27:00.000Z";1285.39
"2026-04-21T00:27:00.000Z";"2026-04-21T00:30:00.000Z";1287.61
"2026-04-21T00:30:00.000Z";"2026-04-21T00:33:00.000Z";1284.95
"2026-04-21T00:33:00.000Z";"2026-04-21T00:36:00.000Z";1282
"2026-04-21T00:36:00.000Z";"2026-04-21T00:39:00.000Z";1282.67
"2026-04-21T00:39:00.000Z";"2026-04-21T00:42:00.000Z";1282.72
"2026-04-21T00:42:00.000Z";"2026-04-21T00:45:00.000Z";1281.94
"2026-04-21T00:45:00.000Z";"2026-04-21T00:48:00.000Z";1287.33
"2026-04-21T00:48:00.000Z";"2026-04-21T00:51:00.000Z";1287.78
"2026-04-21T00:51:00.000Z";"2026-04-21T00:54:00.000Z";1281.83
"2026-04-21T00:54:00.000Z";"2026-04-21T00:57:00.000Z";1278.61
"2026-04-21T00:57:00.000Z";"2026-04-21T01:00:00.000Z";1292.82
"2026-04-21T01:00:00.000Z";"2026-04-21T01:03:00.000Z";1306.16
"2026-04-21T01:03:00.000Z";"2026-04-21T01:06:00.000Z";1338.65
"2026-04-21T01:06:00.000Z";"2026-04-21T01:09:00.000Z";1352.95
"2026-04-21T01:09:00.000Z";"2026-04-21T01:12:00.000Z";1354.44
"2026-04-21T01:12:00.000Z";"2026-04-21T01:15:00.000Z";1354.5
"2026-04-21T01:15:00.000Z";"2026-04-21T01:18:00.000Z";1351.39
"2026-04-21T01:18:00.000Z";"2026-04-21T01:21:00.000Z";1353.78
"2026-04-21T01:21:00.000Z";"2026-04-21T01:24:00.000Z";1355.5
"2026-04-21T01:24:00.000Z";"2026-04-21T01:27:00.000Z";1355.11
"2026-04-21T01:27:00.000Z";"2026-04-21T01:30:00.000Z";1355.17
"2026-04-21T01:30:00.000Z";"2026-04-21T01:33:00.000Z";1351.56
"2026-04-21T01:33:00.000Z";"2026-04-21T01:36:00.000Z";1350.56
"2026-04-21T01:36:00.000Z";"2026-04-21T01:39:00.000Z";1352.89
"2026-04-21T01:39:00.000Z";"2026-04-21T01:42:00.000Z";1354.06
"2026-04-21T01:42:00.000Z";"2026-04-21T01:45:00.000Z";1354.67
"2026-04-21T01:45:00.000Z";"2026-04-21T01:48:00.000Z";1350.34
"2026-04-21T01:48:00.000Z";"2026-04-21T01:51:00.000Z";1348.22
"2026-04-21T01:51:00.000Z";"2026-04-21T01:54:00.000Z";1349.94
"2026-04-21T01:54:00.000Z";"2026-04-21T01:57:00.000Z";1350
"2026-04-21T01:57:00.000Z";"2026-04-21T02:00:00.000Z";1348.44
"2026-04-21T02:00:00.000Z";"2026-04-21T02:03:00.000Z";1348.83
"2026-04-21T02:03:00.000Z";"2026-04-21T02:06:00.000Z";1359.6
"2026-04-21T02:06:00.000Z";"2026-04-21T02:09:00.000Z";1363.28
"2026-04-21T02:09:00.000Z";"2026-04-21T02:12:00.000Z";1364.33
"2026-04-21T02:12:00.000Z";"2026-04-21T02:15:00.000Z";1361.5
"2026-04-21T02:15:00.000Z";"2026-04-21T02:18:00.000Z";1365.55
"2026-04-21T02:18:00.000Z";"2026-04-21T02:21:00.000Z";1367.56
"2026-04-21T02:21:00.000Z";"2026-04-21T02:24:00.000Z";1364.39
"2026-04-21T02:24:00.000Z";"2026-04-21T02:27:00.000Z";1364.39
"2026-04-21T02:27:00.000Z";"2026-04-21T02:30:00.000Z";1361.67
"2026-04-21T02:30:00.000Z";"2026-04-21T02:33:00.000Z";1356.84
"2026-04-21T02:33:00.000Z";"2026-04-21T02:36:00.000Z";1355.11
"2026-04-21T02:36:00.000Z";"2026-04-21T02:39:00.000Z";1351.33
"2026-04-21T02:39:00.000Z";"2026-04-21T02:42:00.000Z";1353.06
"2026-04-21T02:42:00.000Z";"2026-04-21T02:45:00.000Z";1354.17
"2026-04-21T02:45:00.000Z";"2026-04-21T02:48:00.000Z";1352.28
"2026-04-21T02:48:00.000Z";"2026-04-21T02:51:00.000Z";1353.11
"2026-04-21T02:51:00.000Z";"2026-04-21T02:54:00.000Z";1355.5
"2026-04-21T02:54:00.000Z";"2026-04-21T02:57:00.000Z";1360
"2026-04-21T02:57:00.000Z";"2026-04-21T03:00:00.000Z";1369.38
"2026-04-21T03:00:00.000Z";"2026-04-21T03:03:00.000Z";1411.26
"2026-04-21T03:03:00.000Z";"2026-04-21T03:06:00.000Z";1439
"2026-04-21T03:06:00.000Z";"2026-04-21T03:09:00.000Z";1445.66
"2026-04-21T03:09:00.000Z";"2026-04-21T03:12:00.000Z";1455.94
"2026-04-21T03:12:00.000Z";"2026-04-21T03:15:00.000Z";1447.67
"2026-04-21T03:15:00.000Z";"2026-04-21T03:18:00.000Z";1445.66
"2026-04-21T03:18:00.000Z";"2026-04-21T03:21:00.000Z";1443.29
"2026-04-21T03:21:00.000Z";"2026-04-21T03:24:00.000Z";1434.39
"2026-04-21T03:24:00.000Z";"2026-04-21T03:27:00.000Z";1434.5
"2026-04-21T03:27:00.000Z";"2026-04-21T03:30:00.000Z";1466.14
"2026-04-21T03:30:00.000Z";"2026-04-21T03:33:00.000Z";1520.49
"2026-04-21T03:33:00.000Z";"2026-04-21T03:36:00.000Z";1550.32
"2026-04-21T03:36:00.000Z";"2026-04-21T03:39:00.000Z";1585.82
"2026-04-21T03:39:00.000Z";"2026-04-21T03:42:00.000Z";1624.6
"2026-04-21T03:42:00.000Z";"2026-04-21T03:45:00.000Z";1633.56
"2026-04-21T03:45:00.000Z";"2026-04-21T03:48:00.000Z";1628.45
"2026-04-21T03:48:00.000Z";"2026-04-21T03:51:00.000Z";1627.5
"2026-04-21T03:51:00.000Z";"2026-04-21T03:54:00.000Z";1622.28
"2026-04-21T03:54:00.000Z";"2026-04-21T03:57:00.000Z";1622.28
"2026-04-21T03:57:00.000Z";"2026-04-21T04:00:00.000Z";1625.44
"2026-04-21T04:00:00.000Z";"2026-04-21T04:03:00.000Z";1643.16
"2026-04-21T04:03:00.000Z";"2026-04-21T04:06:00.000Z";1645.33
"2026-04-21T04:06:00.000Z";"2026-04-21T04:09:00.000Z";1665.48
"2026-04-21T04:09:00.000Z";"2026-04-21T04:12:00.000Z";1696.38
"2026-04-21T04:12:00.000Z";"2026-04-21T04:15:00.000Z";1722.39
"2026-04-21T04:15:00.000Z";"2026-04-21T04:18:00.000Z";1724.22
"2026-04-21T04:18:00.000Z";"2026-04-21T04:21:00.000Z";1722.67
"2026-04-21T04:21:00.000Z";"2026-04-21T04:24:00.000Z";1716.28
"2026-04-21T04:24:00.000Z";"2026-04-21T04:27:00.000Z";1710.94
"2026-04-21T04:27:00.000Z";"2026-04-21T04:30:00.000Z";1718.66
"2026-04-21T04:30:00.000Z";"2026-04-21T04:33:00.000Z";1738.16
"2026-04-21T04:33:00.000Z";"2026-04-21T04:36:00.000Z";1756.99
"2026-04-21T04:36:00.000Z";"2026-04-21T04:39:00.000Z";1765
"2026-04-21T04:39:00.000Z";"2026-04-21T04:42:00.000Z";1769.89
"2026-04-21T04:42:00.000Z";"2026-04-21T04:45:00.000Z";1773.28
"2026-04-21T04:45:00.000Z";"2026-04-21T04:48:00.000Z";1772.83
"2026-04-21T04:48:00.000Z";"2026-04-21T04:51:00.000Z";1774.39
"2026-04-21T04:51:00.000Z";"2026-04-21T04:54:00.000Z";1769.95
"2026-04-21T04:54:00.000Z";"2026-04-21T04:57:00.000Z";1775.88
"2026-04-21T04:57:00.000Z";"2026-04-21T05:00:00.000Z";1777.17
"2026-04-21T05:00:00.000Z";"2026-04-21T05:03:00.000Z";1750.09
"2026-04-21T05:03:00.000Z";"2026-04-21T05:06:00.000Z";1727.39
"2026-04-21T05:06:00.000Z";"2026-04-21T05:09:00.000Z";1724.72
"2026-04-21T05:09:00.000Z";"2026-04-21T05:12:00.000Z";1729.5
"2026-04-21T05:12:00.000Z";"2026-04-21T05:15:00.000Z";1720.95
"2026-04-21T05:15:00.000Z";"2026-04-21T05:18:00.000Z";1707.73
"2026-04-21T05:18:00.000Z";"2026-04-21T05:21:00.000Z";1692.29
"2026-04-21T05:21:00.000Z";"2026-04-21T05:24:00.000Z";1680.23
"2026-04-21T05:24:00.000Z";"2026-04-21T05:27:00.000Z";1689.77
"2026-04-21T05:27:00.000Z";"2026-04-21T05:30:00.000Z";1683.18
"2026-04-21T05:30:00.000Z";"2026-04-21T05:33:00.000Z";1669.28
"2026-04-21T05:33:00.000Z";"2026-04-21T05:36:00.000Z";1667
"2026-04-21T05:36:00.000Z";"2026-04-21T05:39:00.000Z";1668.11
"2026-04-21T05:39:00.000Z";"2026-04-21T05:42:00.000Z";1668
"2026-04-21T05:42:00.000Z";"2026-04-21T05:45:00.000Z";1663.96
"2026-04-21T05:45:00.000Z";"2026-04-21T05:48:00.000Z";1636.23
"2026-04-21T05:48:00.000Z";"2026-04-21T05:51:00.000Z";1620.17
"2026-04-21T05:51:00.000Z";"2026-04-21T05:54:00.000Z";1611.78
"2026-04-21T05:54:00.000Z";"2026-04-21T05:57:00.000Z";1609.44
"2026-04-21T05:57:00.000Z";"2026-04-21T06:00:00.000Z";1606.5
"2026-04-21T06:00:00.000Z";"2026-04-21T06:03:00.000Z";1588.23
"2026-04-21T06:03:00.000Z";"2026-04-21T06:06:00.000Z";1534.97
"2026-04-21T06:06:00.000Z";"2026-04-21T06:09:00.000Z";1485.7
"2026-04-21T06:09:00.000Z";"2026-04-21T06:12:00.000Z";1468.39
"2026-04-21T06:12:00.000Z";"2026-04-21T06:15:00.000Z";1436.74
"2026-04-21T06:15:00.000Z";"2026-04-21T06:18:00.000Z";1407.29
"2026-04-21T06:18:00.000Z";"2026-04-21T06:21:00.000Z";1395.56
"2026-04-21T06:21:00.000Z";"2026-04-21T06:24:00.000Z";1398.17
"2026-04-21T06:24:00.000Z";"2026-04-21T06:27:00.000Z";1397.67
"2026-04-21T06:27:00.000Z";"2026-04-21T06:30:00.000Z";1397.72
"2026-04-21T06:30:00.000Z";"2026-04-21T06:33:00.000Z";1401.72
"2026-04-21T06:33:00.000Z";"2026-04-21T06:36:00.000Z";1402.17
"2026-04-21T06:36:00.000Z";"2026-04-21T06:39:00.000Z";1405.99
"2026-04-21T06:39:00.000Z";"2026-04-21T06:42:00.000Z";1413.33
"2026-04-21T06:42:00.000Z";"2026-04-21T06:45:00.000Z";1406.23
"2026-04-21T06:45:00.000Z";"2026-04-21T06:48:00.000Z";1393.45
"2026-04-21T06:48:00.000Z";"2026-04-21T06:51:00.000Z";1391.39
"2026-04-21T06:51:00.000Z";"2026-04-21T06:54:00.000Z";1389.89
"2026-04-21T06:54:00.000Z";"2026-04-21T06:57:00.000Z";1385.9
"2026-04-21T06:57:00.000Z";"2026-04-21T07:00:00.000Z";1380.78
"2026-04-21T07:00:00.000Z";"2026-04-21T07:03:00.000Z";1367.12
"2026-04-21T07:03:00.000Z";"2026-04-21T07:06:00.000Z";1343.51
"2026-04-21T07:06:00.000Z";"2026-04-21T07:09:00.000Z";1326.12
"2026-04-21T07:09:00.000Z";"2026-04-21T07:12:00.000Z";1288.05
"2026-04-21T07:12:00.000Z";"2026-04-21T07:15:00.000Z";1252.17
"2026-04-21T07:15:00.000Z";"2026-04-21T07:18:00.000Z";1252.67
"2026-04-21T07:18:00.000Z";"2026-04-21T07:21:00.000Z";1250.39
"2026-04-21T07:21:00.000Z";"2026-04-21T07:24:00.000Z";1248.11
"2026-04-21T07:24:00.000Z";"2026-04-21T07:27:00.000Z";1254.05
"2026-04-21T07:27:00.000Z";"2026-04-21T07:30:00.000Z";1255.39
"2026-04-21T07:30:00.000Z";"2026-04-21T07:33:00.000Z";1241.9
"2026-04-21T07:33:00.000Z";"2026-04-21T07:36:00.000Z";1242
"2026-04-21T07:36:00.000Z";"2026-04-21T07:39:00.000Z";1240.5
"2026-04-21T07:39:00.000Z";"2026-04-21T07:42:00.000Z";1237.39
"2026-04-21T07:42:00.000Z";"2026-04-21T07:45:00.000Z";1228.67
"2026-04-21T07:45:00.000Z";"2026-04-21T07:48:00.000Z";1233.6
"2026-04-21T07:48:00.000Z";"2026-04-21T07:51:00.000Z";1247.94
"2026-04-21T07:51:00.000Z";"2026-04-21T07:54:00.000Z";1240.56
"2026-04-21T07:54:00.000Z";"2026-04-21T07:57:00.000Z";1233.17
"2026-04-21T07:57:00.000Z";"2026-04-21T08:00:00.000Z";1227.28
"2026-04-21T08:00:00.000Z";"2026-04-21T08:03:00.000Z";1234.12
"2026-04-21T08:03:00.000Z";"2026-04-21T08:06:00.000Z";1231.83
"2026-04-21T08:06:00.000Z";"2026-04-21T08:09:00.000Z";1228.73
"2026-04-21T08:09:00.000Z";"2026-04-21T08:12:00.000Z";1210.9
"2026-04-21T08:12:00.000Z";"2026-04-21T08:15:00.000Z";1210.44
"2026-04-21T08:15:00.000Z";"2026-04-21T08:18:00.000Z";1208.83
"2026-04-21T08:18:00.000Z";"2026-04-21T08:21:00.000Z";1221.55
"2026-04-21T08:21:00.000Z";"2026-04-21T08:24:00.000Z";1216.61
"2026-04-21T08:24:00.000Z";"2026-04-21T08:27:00.000Z";1206.51
"2026-04-21T08:27:00.000Z";"2026-04-21T08:30:00.000Z";1175.4
"2026-04-21T08:30:00.000Z";"2026-04-21T08:33:00.000Z";1153.96
"2026-04-21T08:33:00.000Z";"2026-04-21T08:36:00.000Z";1147.39
"2026-04-21T08:36:00.000Z";"2026-04-21T08:39:00.000Z";1141.89
"2026-04-21T08:39:00.000Z";"2026-04-21T08:42:00.000Z";1144.66
"2026-04-21T08:42:00.000Z";"2026-04-21T08:45:00.000Z";1140.84
"2026-04-21T08:45:00.000Z";"2026-04-21T08:48:00.000Z";1141.67
"2026-04-21T08:48:00.000Z";"2026-04-21T08:51:00.000Z";1140.44
"2026-04-21T08:51:00.000Z";"2026-04-21T08:54:00.000Z";1141.78
"2026-04-21T08:54:00.000Z";"2026-04-21T08:57:00.000Z";1132.72
"2026-04-21T08:57:00.000Z";"2026-04-21T09:00:00.000Z";1139.61
"2026-04-21T09:00:00.000Z";"2026-04-21T09:03:00.000Z";1140.78
"2026-04-21T09:03:00.000Z";"2026-04-21T09:06:00.000Z";1147.78
"2026-04-21T09:06:00.000Z";"2026-04-21T09:09:00.000Z";1154.72
"2026-04-21T09:09:00.000Z";"2026-04-21T09:12:00.000Z";1145.17
"2026-04-21T09:12:00.000Z";"2026-04-21T09:15:00.000Z";1138.17
"2026-04-21T09:15:00.000Z";"2026-04-21T09:18:00.000Z";1140.5
"2026-04-21T09:18:00.000Z";"2026-04-21T09:21:00.000Z";1142.39
"2026-04-21T09:21:00.000Z";"2026-04-21T09:24:00.000Z";1129.4
"2026-04-21T09:24:00.000Z";"2026-04-21T09:27:00.000Z";1124.5
"2026-04-21T09:27:00.000Z";"2026-04-21T09:30:00.000Z";1120.06
"2026-04-21T09:30:00.000Z";"2026-04-21T09:33:00.000Z";1127.1
"2026-04-21T09:33:00.000Z";"2026-04-21T09:36:00.000Z";1141.44
"2026-04-21T09:36:00.000Z";"2026-04-21T09:39:00.000Z";1130.67
"2026-04-21T09:39:00.000Z";"2026-04-21T09:42:00.000Z";1130.95
"2026-04-21T09:42:00.000Z";"2026-04-21T09:45:00.000Z";1127.66
"2026-04-21T09:45:00.000Z";"2026-04-21T09:48:00.000Z";1133.83
"2026-04-21T09:48:00.000Z";"2026-04-21T09:51:00.000Z";1131.5
"2026-04-21T09:51:00.000Z";"2026-04-21T09:54:00.000Z";1127.72
"2026-04-21T09:54:00.000Z";"2026-04-21T09:57:00.000Z";1124.17
"2026-04-21T09:57:00.000Z";"2026-04-21T10:00:00.000Z";1130.83
"2026-04-21T10:00:00.000Z";"2026-04-21T10:03:00.000Z";1141
"2026-04-21T10:03:00.000Z";"2026-04-21T10:06:00.000Z";1127.34
"2026-04-21T10:06:00.000Z";"2026-04-21T10:09:00.000Z";1105.73
"2026-04-21T10:09:00.000Z";"2026-04-21T10:12:00.000Z";1105.33
"2026-04-21T10:12:00.000Z";"2026-04-21T10:15:00.000Z";1108.94
"2026-04-21T10:15:00.000Z";"2026-04-21T10:18:00.000Z";1113.33
"2026-04-21T10:18:00.000Z";"2026-04-21T10:21:00.000Z";1111
"2026-04-21T10:21:00.000Z";"2026-04-21T10:24:00.000Z";1108.56
"2026-04-21T10:24:00.000Z";"2026-04-21T10:27:00.000Z";1104.73
"2026-04-21T10:27:00.000Z";"2026-04-21T10:30:00.000Z";1096.11
"2026-04-21T10:30:00.000Z";"2026-04-21T10:33:00.000Z";1092.27
"2026-04-21T10:33:00.000Z";"2026-04-21T10:36:00.000Z";1104.66
"2026-04-21T10:36:00.000Z";"2026-04-21T10:39:00.000Z";1106.5
"2026-04-21T10:39:00.000Z";"2026-04-21T10:42:00.000Z";1099.72
"2026-04-21T10:42:00.000Z";"2026-04-21T10:45:00.000Z";1097.61
"2026-04-21T10:45:00.000Z";"2026-04-21T10:48:00.000Z";1101.28
"2026-04-21T10:48:00.000Z";"2026-04-21T10:51:00.000Z";1103.34
"2026-04-21T10:51:00.000Z";"2026-04-21T10:54:00.000Z";1094.61
"2026-04-21T10:54:00.000Z";"2026-04-21T10:57:00.000Z";1095.5
"2026-04-21T10:57:00.000Z";"2026-04-21T11:00:00.000Z";1100.78
"2026-04-21T11:00:00.000Z";"2026-04-21T11:03:00.000Z";1108.99
"2026-04-21T11:03:00.000Z";"2026-04-21T11:06:00.000Z";1105.56
"2026-04-21T11:06:00.000Z";"2026-04-21T11:09:00.000Z";1101.39
"2026-04-21T11:09:00.000Z";"2026-04-21T11:12:00.000Z";1102
"2026-04-21T11:12:00.000Z";"2026-04-21T11:15:00.000Z";1105.72
"2026-04-21T11:15:00.000Z";"2026-04-21T11:18:00.000Z";1103.22
"2026-04-21T11:18:00.000Z";"2026-04-21T11:21:00.000Z";1099.67
"2026-04-21T11:21:00.000Z";"2026-04-21T11:24:00.000Z";1094.5
"2026-04-21T11:24:00.000Z";"2026-04-21T11:27:00.000Z";1092.72
"2026-04-21T11:27:00.000Z";"2026-04-21T11:30:00.000Z";1091.28
"2026-04-21T11:30:00.000Z";"2026-04-21T11:33:00.000Z";1094.6
"2026-04-21T11:33:00.000Z";"2026-04-21T11:36:00.000Z";1102.39
"2026-04-21T11:36:00.000Z";"2026-04-21T11:39:00.000Z";1101.56
"2026-04-21T11:39:00.000Z";"2026-04-21T11:42:00.000Z";1101.45
"2026-04-21T11:42:00.000Z";"2026-04-21T11:45:00.000Z";1104.78
"2026-04-21T11:45:00.000Z";"2026-04-21T11:48:00.000Z";1093.78
"2026-04-21T11:48:00.000Z";"2026-04-21T11:51:00.000Z";1088.12
"2026-04-21T11:51:00.000Z";"2026-04-21T11:54:00.000Z";1081.56
"2026-04-21T11:54:00.000Z";"2026-04-21T11:57:00.000Z";1084.28
"2026-04-21T11:57:00.000Z";"2026-04-21T12:00:00.000Z";1082.06
"2026-04-21T12:00:00.000Z";"2026-04-21T12:03:00.000Z";1071.18
"2026-04-21T12:03:00.000Z";"2026-04-21T12:06:00.000Z";1054.5
"2026-04-21T12:06:00.000Z";"2026-04-21T12:09:00.000Z";1052.89
"2026-04-21T12:09:00.000Z";"2026-04-21T12:12:00.000Z";1061.61
"2026-04-21T12:12:00.000Z";"2026-04-21T12:15:00.000Z";1067.17
"2026-04-21T12:15:00.000Z";"2026-04-21T12:18:00.000Z";1070.11
"2026-04-21T12:18:00.000Z";"2026-04-21T12:21:00.000Z";1060.17
"2026-04-21T12:21:00.000Z";"2026-04-21T12:24:00.000Z";1061.45
"2026-04-21T12:24:00.000Z";"2026-04-21T12:27:00.000Z";1056.78
"2026-04-21T12:27:00.000Z";"2026-04-21T12:30:00.000Z";1060.39
"2026-04-21T12:30:00.000Z";"2026-04-21T12:33:00.000Z";1069.6
"2026-04-21T12:33:00.000Z";"2026-04-21T12:36:00.000Z";1073.01
"2026-04-21T12:36:00.000Z";"2026-04-21T12:39:00.000Z";1068.67
"2026-04-21T12:39:00.000Z";"2026-04-21T12:42:00.000Z";1073.78
"2026-04-21T12:42:00.000Z";"2026-04-21T12:45:00.000Z";1080.22
"2026-04-21T12:45:00.000Z";"2026-04-21T12:48:00.000Z";1070.4
"2026-04-21T12:48:00.000Z";"2026-04-21T12:51:00.000Z";1063.66
"2026-04-21T12:51:00.000Z";"2026-04-21T12:54:00.000Z";1067
"2026-04-21T12:54:00.000Z";"2026-04-21T12:57:00.000Z";1074.22
"2026-04-21T12:57:00.000Z";"2026-04-21T13:00:00.000Z";1076.61
"2026-04-21T13:00:00.000Z";"2026-04-21T13:03:00.000Z";1086.5
"2026-04-21T13:03:00.000Z";"2026-04-21T13:06:00.000Z";1091.73
"2026-04-21T13:06:00.000Z";"2026-04-21T13:09:00.000Z";1066.12
"2026-04-21T13:09:00.000Z";"2026-04-21T13:12:00.000Z";1064.16
"2026-04-21T13:12:00.000Z";"2026-04-21T13:15:00.000Z";1095.44
"2026-04-21T13:15:00.000Z";"2026-04-21T13:18:00.000Z";1108.05
"2026-04-21T13:18:00.000Z";"2026-04-21T13:21:00.000Z";1141.2
"2026-04-21T13:21:00.000Z";"2026-04-21T13:24:00.000Z";1148.61
"2026-04-21T13:24:00.000Z";"2026-04-21T13:27:00.000Z";1144.45
"2026-04-21T13:27:00.000Z";"2026-04-21T13:30:00.000Z";1145.22
"2026-04-21T13:30:00.000Z";"2026-04-21T13:33:00.000Z";1146.39
"2026-04-21T13:33:00.000Z";"2026-04-21T13:36:00.000Z";1145.06
"2026-04-21T13:36:00.000Z";"2026-04-21T13:39:00.000Z";1136.72
"2026-04-21T13:39:00.000Z";"2026-04-21T13:42:00.000Z";1142.27
"2026-04-21T13:42:00.000Z";"2026-04-21T13:45:00.000Z";1140.22
"2026-04-21T13:45:00.000Z";"2026-04-21T13:48:00.000Z";1137.95
"2026-04-21T13:48:00.000Z";"2026-04-21T13:51:00.000Z";1135.33
"2026-04-21T13:51:00.000Z";"2026-04-21T13:54:00.000Z";1139.11
"2026-04-21T13:54:00.000Z";"2026-04-21T13:57:00.000Z";1135.83
"2026-04-21T13:57:00.000Z";"2026-04-21T14:00:00.000Z";1135.67
"2026-04-21T14:00:00.000Z";"2026-04-21T14:03:00.000Z";1142.49
"2026-04-21T14:03:00.000Z";"2026-04-21T14:06:00.000Z";1142.39
"2026-04-21T14:06:00.000Z";"2026-04-21T14:09:00.000Z";1126.56
"2026-04-21T14:09:00.000Z";"2026-04-21T14:12:00.000Z";1124.5
"2026-04-21T14:12:00.000Z";"2026-04-21T14:15:00.000Z";1128.5
"2026-04-21T14:15:00.000Z";"2026-04-21T14:18:00.000Z";1134.72
"2026-04-21T14:18:00.000Z";"2026-04-21T14:21:00.000Z";1137.16
"2026-04-21T14:21:00.000Z";"2026-04-21T14:24:00.000Z";1140.61
"2026-04-21T14:24:00.000Z";"2026-04-21T14:27:00.000Z";1142.39
"2026-04-21T14:27:00.000Z";"2026-04-21T14:30:00.000Z";1140.17
"2026-04-21T14:30:00.000Z";"2026-04-21T14:33:00.000Z";1142.22
"2026-04-21T14:33:00.000Z";"2026-04-21T14:36:00.000Z";1125.46
"2026-04-21T14:36:00.000Z";"2026-04-21T14:39:00.000Z";1115.05
"2026-04-21T14:39:00.000Z";"2026-04-21T14:42:00.000Z";1129.11
"2026-04-21T14:42:00.000Z";"2026-04-21T14:45:00.000Z";1130.28
"2026-04-21T14:45:00.000Z";"2026-04-21T14:48:00.000Z";1129.51
"2026-04-21T14:48:00.000Z";"2026-04-21T14:51:00.000Z";1110.4
"2026-04-21T14:51:00.000Z";"2026-04-21T14:54:00.000Z";1113.55
"2026-04-21T14:54:00.000Z";"2026-04-21T14:57:00.000Z";1125.99
"2026-04-21T14:57:00.000Z";"2026-04-21T15:00:00.000Z";1134.72
"2026-04-21T15:00:00.000Z";"2026-04-21T15:03:00.000Z";1134.07
"2026-04-21T15:03:00.000Z";"2026-04-21T15:06:00.000Z";1138.05
"2026-04-21T15:06:00.000Z";"2026-04-21T15:09:00.000Z";1147.22
"2026-04-21T15:09:00.000Z";"2026-04-21T15:12:00.000Z";1139.45
"2026-04-21T15:12:00.000Z";"2026-04-21T15:15:00.000Z";1138.33
"2026-04-21T15:15:00.000Z";"2026-04-21T15:18:00.000Z";1131.67
"2026-04-21T15:18:00.000Z";"2026-04-21T15:21:00.000Z";1135.11
"2026-04-21T15:21:00.000Z";"2026-04-21T15:24:00.000Z";1139.66
"2026-04-21T15:24:00.000Z";"2026-04-21T15:27:00.000Z";1141.83
"2026-04-21T15:27:00.000Z";"2026-04-21T15:30:00.000Z";1142.61
"2026-04-21T15:30:00.000Z";"2026-04-21T15:33:00.000Z";1138.96
"2026-04-21T15:33:00.000Z";"2026-04-21T15:36:00.000Z";1125.45
"2026-04-21T15:36:00.000Z";"2026-04-21T15:39:00.000Z";1132.11
"2026-04-21T15:39:00.000Z";"2026-04-21T15:42:00.000Z";1138.56
"2026-04-21T15:42:00.000Z";"2026-04-21T15:45:00.000Z";1153.37
"2026-04-21T15:45:00.000Z";"2026-04-21T15:48:00.000Z";1153.62
"2026-04-21T15:48:00.000Z";"2026-04-21T15:51:00.000Z";1147.28
"2026-04-21T15:51:00.000Z";"2026-04-21T15:54:00.000Z";1140.34
"2026-04-21T15:54:00.000Z";"2026-04-21T15:57:00.000Z";1143.33
"2026-04-21T15:57:00.000Z";"2026-04-21T16:00:00.000Z";1159.33
"2026-04-21T16:00:00.000Z";"2026-04-21T16:03:00.000Z";1153.5
"2026-04-21T16:03:00.000Z";"2026-04-21T16:06:00.000Z";1153.16
"2026-04-21T16:06:00.000Z";"2026-04-21T16:09:00.000Z";1167.49
"2026-04-21T16:09:00.000Z";"2026-04-21T16:12:00.000Z";1171.67
"2026-04-21T16:12:00.000Z";"2026-04-21T16:15:00.000Z";1175.39
"2026-04-21T16:15:00.000Z";"2026-04-21T16:18:00.000Z";1180.83
"2026-04-21T16:18:00.000Z";"2026-04-21T16:21:00.000Z";1190.77
"2026-04-21T16:21:00.000Z";"2026-04-21T16:24:00.000Z";1197.11
"2026-04-21T16:24:00.000Z";"2026-04-21T16:27:00.000Z";1203.71
"2026-04-21T16:27:00.000Z";"2026-04-21T16:30:00.000Z";1213.5
"2026-04-21T16:30:00.000Z";"2026-04-21T16:33:00.000Z";1201.56
"2026-04-21T16:33:00.000Z";"2026-04-21T16:36:00.000Z";1196.94
"2026-04-21T16:36:00.000Z";"2026-04-21T16:39:00.000Z";1198.45
"2026-04-21T16:39:00.000Z";"2026-04-21T16:42:00.000Z";1196.39
"2026-04-21T16:42:00.000Z";"2026-04-21T16:45:00.000Z";1195.72
"2026-04-21T16:45:00.000Z";"2026-04-21T16:48:00.000Z";1196.78
"2026-04-21T16:48:00.000Z";"2026-04-21T16:51:00.000Z";1211.67
"2026-04-21T16:51:00.000Z";"2026-04-21T16:54:00.000Z";1206.33
"2026-04-21T16:54:00.000Z";"2026-04-21T16:57:00.000Z";1207.83
"2026-04-21T16:57:00.000Z";"2026-04-21T17:00:00.000Z";1213.11
"2026-04-21T17:00:00.000Z";"2026-04-21T17:03:00.000Z";1209.11
"2026-04-21T17:03:00.000Z";"2026-04-21T17:06:00.000Z";1221.15
"2026-04-21T17:06:00.000Z";"2026-04-21T17:09:00.000Z";1247.88
"2026-04-21T17:09:00.000Z";"2026-04-21T17:12:00.000Z";1250.33
"2026-04-21T17:12:00.000Z";"2026-04-21T17:15:00.000Z";1249
"2026-04-21T17:15:00.000Z";"2026-04-21T17:18:00.000Z";1246.33
"2026-04-21T17:18:00.000Z";"2026-04-21T17:21:00.000Z";1254.71
"2026-04-21T17:21:00.000Z";"2026-04-21T17:24:00.000Z";1270.49
"2026-04-21T17:24:00.000Z";"2026-04-21T17:27:00.000Z";1281.39
"2026-04-21T17:27:00.000Z";"2026-04-21T17:30:00.000Z";1282.61
"2026-04-21T17:30:00.000Z";"2026-04-21T17:33:00.000Z";1281.44
"2026-04-21T17:33:00.000Z";"2026-04-21T17:36:00.000Z";1283.78
"2026-04-21T17:36:00.000Z";"2026-04-21T17:39:00.000Z";1287.78
"2026-04-21T17:39:00.000Z";"2026-04-21T17:42:00.000Z";1291.44
"2026-04-21T17:42:00.000Z";"2026-04-21T17:45:00.000Z";1292.72
"2026-04-21T17:45:00.000Z";"2026-04-21T17:48:00.000Z";1290.89
"2026-04-21T17:48:00.000Z";"2026-04-21T17:51:00.000Z";1290.28
"2026-04-21T17:51:00.000Z";"2026-04-21T17:54:00.000Z";1289.78
"2026-04-21T17:54:00.000Z";"2026-04-21T17:57:00.000Z";1288.55
"2026-04-21T17:57:00.000Z";"2026-04-21T18:00:00.000Z";1281.12
"2026-04-21T18:00:00.000Z";"2026-04-21T18:03:00.000Z";1270.45
"2026-04-21T18:03:00.000Z";"2026-04-21T18:06:00.000Z";1270.99
"2026-04-21T18:06:00.000Z";"2026-04-21T18:09:00.000Z";1275.5
"2026-04-21T18:09:00.000Z";"2026-04-21T18:12:00.000Z";1278.56
"2026-04-21T18:12:00.000Z";"2026-04-21T18:15:00.000Z";1278.39
"2026-04-21T18:15:00.000Z";"2026-04-21T18:18:00.000Z";1279.5
"2026-04-21T18:18:00.000Z";"2026-04-21T18:21:00.000Z";1284.05
"2026-04-21T18:21:00.000Z";"2026-04-21T18:24:00.000Z";1283.78
"2026-04-21T18:24:00.000Z";"2026-04-21T18:27:00.000Z";1288.33
"2026-04-21T18:27:00.000Z";"2026-04-21T18:30:00.000Z";1290
"2026-04-21T18:30:00.000Z";"2026-04-21T18:33:00.000Z";1294.16
"2026-04-21T18:33:00.000Z";"2026-04-21T18:36:00.000Z";1299.28
"2026-04-21T18:36:00.000Z";"2026-04-21T18:39:00.000Z";1300.55
"2026-04-21T18:39:00.000Z";"2026-04-21T18:42:00.000Z";1300.11
"2026-04-21T18:42:00.000Z";"2026-04-21T18:45:00.000Z";1298.45
"2026-04-21T18:45:00.000Z";"2026-04-21T18:48:00.000Z";1301.94
"2026-04-21T18:48:00.000Z";"2026-04-21T18:51:00.000Z";1305.89
"2026-04-21T18:51:00.000Z";"2026-04-21T18:54:00.000Z";1306.11
"2026-04-21T18:54:00.000Z";"2026-04-21T18:57:00.000Z";1308.5
"2026-04-21T18:57:00.000Z";"2026-04-21T19:00:00.000Z";1303.78
"2026-04-21T19:00:00.000Z";"2026-04-21T19:03:00.000Z";1295.06
"2026-04-21T19:03:00.000Z";"2026-04-21T19:06:00.000Z";1303.33
"2026-04-21T19:06:00.000Z";"2026-04-21T19:09:00.000Z";1311.11
"2026-04-21T19:09:00.000Z";"2026-04-21T19:12:00.000Z";1315.67
"2026-04-21T19:12:00.000Z";"2026-04-21T19:15:00.000Z";1311.67
"2026-04-21T19:15:00.000Z";"2026-04-21T19:18:00.000Z";1312.05
"2026-04-21T19:18:00.000Z";"2026-04-21T19:21:00.000Z";1318.11
"2026-04-21T19:21:00.000Z";"2026-04-21T19:24:00.000Z";1314.06
"2026-04-21T19:24:00.000Z";"2026-04-21T19:27:00.000Z";1274.24
"2026-04-21T19:27:00.000Z";"2026-04-21T19:30:00.000Z";1253.06
"2026-04-21T19:30:00.000Z";"2026-04-21T19:33:00.000Z";1243.01
"2026-04-21T19:33:00.000Z";"2026-04-21T19:36:00.000Z";1237.89
"2026-04-21T19:36:00.000Z";"2026-04-21T19:39:00.000Z";1234.61
"2026-04-21T19:39:00.000Z";"2026-04-21T19:42:00.000Z";1228.22
"2026-04-21T19:42:00.000Z";"2026-04-21T19:45:00.000Z";1230.17
"2026-04-21T19:45:00.000Z";"2026-04-21T19:48:00.000Z";1214.84
"2026-04-21T19:48:00.000Z";"2026-04-21T19:51:00.000Z";1221.33
"2026-04-21T19:51:00.000Z";"2026-04-21T19:54:00.000Z";1209.84
"2026-04-21T19:54:00.000Z";"2026-04-21T19:57:00.000Z";1200.11
"2026-04-21T19:57:00.000Z";"2026-04-21T20:00:00.000Z";1183.23
"2026-04-21T20:00:00.000Z";"2026-04-21T20:03:00.000Z";1191.43
"2026-04-21T20:03:00.000Z";"2026-04-21T20:06:00.000Z";1199.39
"2026-04-21T20:06:00.000Z";"2026-04-21T20:09:00.000Z";1189.29
"2026-04-21T20:09:00.000Z";"2026-04-21T20:12:00.000Z";1179.72
"2026-04-21T20:12:00.000Z";"2026-04-21T20:15:00.000Z";1161
"2026-04-21T20:15:00.000Z";"2026-04-21T20:18:00.000Z";1161.5
"2026-04-21T20:18:00.000Z";"2026-04-21T20:21:00.000Z";1167.72
"2026-04-21T20:21:00.000Z";"2026-04-21T20:24:00.000Z";1166.11
"2026-04-21T20:24:00.000Z";"2026-04-21T20:27:00.000Z";1159.56
"2026-04-21T20:27:00.000Z";"2026-04-21T20:30:00.000Z";1155.5
"2026-04-21T20:30:00.000Z";"2026-04-21T20:33:00.000Z";1151.44
"2026-04-21T20:33:00.000Z";"2026-04-21T20:36:00.000Z";1154.44
"2026-04-21T20:36:00.000Z";"2026-04-21T20:39:00.000Z";1154.23
"2026-04-21T20:39:00.000Z";"2026-04-21T20:42:00.000Z";1148
"2026-04-21T20:42:00.000Z";"2026-04-21T20:45:00.000Z";1142.89
"2026-04-21T20:45:00.000Z";"2026-04-21T20:48:00.000Z";1141.17
"2026-04-21T20:48:00.000Z";"2026-04-21T20:51:00.000Z";1143.72
"2026-04-21T20:51:00.000Z";"2026-04-21T20:54:00.000Z";1145.06
"2026-04-21T20:54:00.000Z";"2026-04-21T20:57:00.000Z";1134.4
"2026-04-21T20:57:00.000Z";"2026-04-21T21:00:00.000Z";1121.5
"2026-04-21T21:00:00.000Z";"2026-04-21T21:03:00.000Z";1128.04
"2026-04-21T21:03:00.000Z";"2026-04-21T21:06:00.000Z";1147.33
"2026-04-21T21:06:00.000Z";"2026-04-21T21:09:00.000Z";1144.06
"2026-04-21T21:09:00.000Z";"2026-04-21T21:12:00.000Z";1114.51
"2026-04-21T21:12:00.000Z";"2026-04-21T21:15:00.000Z";1087.34
"2026-04-21T21:15:00.000Z";"2026-04-21T21:18:00.000Z";1087.05
"2026-04-21T21:18:00.000Z";"2026-04-21T21:21:00.000Z";1087
"2026-04-21T21:21:00.000Z";"2026-04-21T21:24:00.000Z";1085.11
"2026-04-21T21:24:00.000Z";"2026-04-21T21:27:00.000Z";1083.17
"2026-04-21T21:27:00.000Z";"2026-04-21T21:30:00.000Z";1080.4
"2026-04-21T21:30:00.000Z";"2026-04-21T21:33:00.000Z";1081.99
"2026-04-21T21:33:00.000Z";"2026-04-21T21:36:00.000Z";1102.28
"2026-04-21T21:36:00.000Z";"2026-04-21T21:39:00.000Z";1107.28
"2026-04-21T21:39:00.000Z";"2026-04-21T21:42:00.000Z";1101.78
"2026-04-21T21:42:00.000Z";"2026-04-21T21:45:00.000Z";1107.38
"2026-04-21T21:45:00.000Z";"2026-04-21T21:48:00.000Z";1112.71
"2026-04-21T21:48:00.000Z";"2026-04-21T21:51:00.000Z";1112.33
"2026-04-21T21:51:00.000Z";"2026-04-21T21:54:00.000Z";1113.61
"2026-04-21T21:54:00.000Z";"2026-04-21T21:57:00.000Z";1108.28
"2026-04-21T21:57:00.000Z";"2026-04-21T22:00:00.000Z";1104.44
"2026-04-21T22:00:00.000Z";"2026-04-21T22:03:00.000Z";1108.41
"2026-04-21T22:03:00.000Z";"2026-04-21T22:06:00.000Z";1092
"2026-04-21T22:06:00.000Z";"2026-04-21T22:09:00.000Z";1081.06
"2026-04-21T22:09:00.000Z";"2026-04-21T22:12:00.000Z";1090.21
"2026-04-21T22:12:00.000Z";"2026-04-21T22:15:00.000Z";1097.05
"2026-04-21T22:15:00.000Z";"2026-04-21T22:18:00.000Z";1105.22
"2026-04-21T22:18:00.000Z";"2026-04-21T22:21:00.000Z";1110.33
"2026-04-21T22:21:00.000Z";"2026-04-21T22:24:00.000Z";1116.61
"2026-04-21T22:24:00.000Z";"2026-04-21T22:27:00.000Z";1126.17
"2026-04-21T22:27:00.000Z";"2026-04-21T22:30:00.000Z";1120.61
"2026-04-21T22:30:00.000Z";"2026-04-21T22:33:00.000Z";1116.22
"2026-04-21T22:33:00.000Z";"2026-04-21T22:36:00.000Z";1120.05
"2026-04-21T22:36:00.000Z";"2026-04-21T22:39:00.000Z";1127.33
"2026-04-21T22:39:00.000Z";"2026-04-21T22:42:00.000Z";1128.16
"2026-04-21T22:42:00.000Z";"2026-04-21T22:45:00.000Z";1125.89
"2026-04-21T22:45:00.000Z";"2026-04-21T22:48:00.000Z";1126.66
"2026-04-21T22:48:00.000Z";"2026-04-21T22:51:00.000Z";1132.39
"2026-04-21T22:51:00.000Z";"2026-04-21T22:54:00.000Z";1127.78
"2026-04-21T22:54:00.000Z";"2026-04-21T22:57:00.000Z";1129
"2026-04-21T22:57:00.000Z";"2026-04-21T23:00:00.000Z";1130.11
"2026-04-21T23:00:00.000Z";"2026-04-21T23:03:00.000Z";1127.34
"2026-04-21T23:03:00.000Z";"2026-04-21T23:06:00.000Z";1124.11
"2026-04-21T23:06:00.000Z";"2026-04-21T23:09:00.000Z";1136.65
"2026-04-21T23:09:00.000Z";"2026-04-21T23:12:00.000Z";1142.33
"2026-04-21T23:12:00.000Z";"2026-04-21T23:15:00.000Z";1138.56
"2026-04-21T23:15:00.000Z";"2026-04-21T23:18:00.000Z";1139.22
"2026-04-21T23:18:00.000Z";"2026-04-21T23:21:00.000Z";1142.56
"2026-04-21T23:21:00.000Z";"2026-04-21T23:24:00.000Z";1140.44
"2026-04-21T23:24:00.000Z";"2026-04-21T23:27:00.000Z";1136.67
"2026-04-21T23:27:00.000Z";"2026-04-21T23:30:00.000Z";1132.39
"2026-04-21T23:30:00.000Z";"2026-04-21T23:33:00.000Z";1138.77
"2026-04-21T23:33:00.000Z";"2026-04-21T23:36:00.000Z";1143.22
"2026-04-21T23:36:00.000Z";"2026-04-21T23:39:00.000Z";1142.83
"2026-04-21T23:39:00.000Z";"2026-04-21T23:42:00.000Z";1142.61
"2026-04-21T23:42:00.000Z";"2026-04-21T23:45:00.000Z";1145.77
"2026-04-21T23:45:00.000Z";"2026-04-21T23:48:00.000Z";1145.17
"2026-04-21T23:48:00.000Z";"2026-04-21T23:51:00.000Z";1146.56
"2026-04-21T23:51:00.000Z";"2026-04-21T23:54:00.000Z";1145.06
"2026-04-21T23:54:00.000Z";"2026-04-21T23:57:00.000Z";1145.39
"2026-04-21T23:57:00.000Z";"2026-04-22T00:00:00.000Z";1143.78
"2026-04-22T00:00:00.000Z";"2026-04-22T00:03:00.000Z";1139.72
"2026-04-22T00:03:00.000Z";"2026-04-22T00:06:00.000Z";1139.17
"2026-04-22T00:06:00.000Z";"2026-04-22T00:09:00.000Z";1137.5
"2026-04-22T00:09:00.000Z";"2026-04-22T00:12:00.000Z";1135.22
"2026-04-22T00:12:00.000Z";"2026-04-22T00:15:00.000Z";1138.5
"2026-04-22T00:15:00.000Z";"2026-04-22T00:18:00.000Z";1140.61
"2026-04-22T00:18:00.000Z";"2026-04-22T00:21:00.000Z";1140.67
"2026-04-22T00:21:00.000Z";"2026-04-22T00:24:00.000Z";1145.72
"2026-04-22T00:24:00.000Z";"2026-04-22T00:27:00.000Z";1144.34
"2026-04-22T00:27:00.000Z";"2026-04-22T00:30:00.000Z";1133.84
"2026-04-22T00:30:00.000Z";"2026-04-22T00:33:00.000Z";1135.55
"2026-04-22T00:33:00.000Z";"2026-04-22T00:36:00.000Z";1140.5
"2026-04-22T00:36:00.000Z";"2026-04-22T00:39:00.000Z";1142
"2026-04-22T00:39:00.000Z";"2026-04-22T00:42:00.000Z";1139.22
"2026-04-22T00:42:00.000Z";"2026-04-22T00:45:00.000Z";1138.67
"2026-04-22T00:45:00.000Z";"2026-04-22T00:48:00.000Z";1135.5
"2026-04-22T00:48:00.000Z";"2026-04-22T00:51:00.000Z";1140.16
"2026-04-22T00:51:00.000Z";"2026-04-22T00:54:00.000Z";1144
"2026-04-22T00:54:00.000Z";"2026-04-22T00:57:00.000Z";1138.73
"2026-04-22T00:57:00.000Z";"2026-04-22T01:00:00.000Z";1137
"2026-04-22T01:00:00.000Z";"2026-04-22T01:03:00.000Z";1142.49
"2026-04-22T01:03:00.000Z";"2026-04-22T01:06:00.000Z";1148.67
"2026-04-22T01:06:00.000Z";"2026-04-22T01:09:00.000Z";1146.33
"2026-04-22T01:09:00.000Z";"2026-04-22T01:12:00.000Z";1147.67
"2026-04-22T01:12:00.000Z";"2026-04-22T01:15:00.000Z";1145
"2026-04-22T01:15:00.000Z";"2026-04-22T01:18:00.000Z";1148.33
"2026-04-22T01:18:00.000Z";"2026-04-22T01:21:00.000Z";1152.67
"2026-04-22T01:21:00.000Z";"2026-04-22T01:24:00.000Z";1148.72
"2026-04-22T01:24:00.000Z";"2026-04-22T01:27:00.000Z";1147.05
"2026-04-22T01:27:00.000Z";"2026-04-22T01:30:00.000Z";1141.44
"2026-04-22T01:30:00.000Z";"2026-04-22T01:33:00.000Z";1142.94
"2026-04-22T01:33:00.000Z";"2026-04-22T01:36:00.000Z";1128.9
"2026-04-22T01:36:00.000Z";"2026-04-22T01:39:00.000Z";1123.56
"2026-04-22T01:39:00.000Z";"2026-04-22T01:42:00.000Z";1120.56
"2026-04-22T01:42:00.000Z";"2026-04-22T01:45:00.000Z";1117.72
"2026-04-22T01:45:00.000Z";"2026-04-22T01:48:00.000Z";1123.6
"2026-04-22T01:48:00.000Z";"2026-04-22T01:51:00.000Z";1137.61
"2026-04-22T01:51:00.000Z";"2026-04-22T01:54:00.000Z";1141.05
"2026-04-22T01:54:00.000Z";"2026-04-22T01:57:00.000Z";1149.22
"2026-04-22T01:57:00.000Z";"2026-04-22T02:00:00.000Z";1148.78
"2026-04-22T02:00:00.000Z";"2026-04-22T02:03:00.000Z";1159.43
"2026-04-22T02:03:00.000Z";"2026-04-22T02:06:00.000Z";1161.62
"2026-04-22T02:06:00.000Z";"2026-04-22T02:09:00.000Z";1160.89
"2026-04-22T02:09:00.000Z";"2026-04-22T02:12:00.000Z";1162.94
"2026-04-22T02:12:00.000Z";"2026-04-22T02:15:00.000Z";1163.67
"2026-04-22T02:15:00.000Z";"2026-04-22T02:18:00.000Z";1160.67
"2026-04-22T02:18:00.000Z";"2026-04-22T02:21:00.000Z";1155.56
"2026-04-22T02:21:00.000Z";"2026-04-22T02:24:00.000Z";1153.67
"2026-04-22T02:24:00.000Z";"2026-04-22T02:27:00.000Z";1154.56
"2026-04-22T02:27:00.000Z";"2026-04-22T02:30:00.000Z";1139.34
"2026-04-22T02:30:00.000Z";"2026-04-22T02:33:00.000Z";1138.22
"2026-04-22T02:33:00.000Z";"2026-04-22T02:36:00.000Z";1138.06
"2026-04-22T02:36:00.000Z";"2026-04-22T02:39:00.000Z";1137.83
"2026-04-22T02:39:00.000Z";"2026-04-22T02:42:00.000Z";1136.83
"2026-04-22T02:42:00.000Z";"2026-04-22T02:45:00.000Z";1131.78
"2026-04-22T02:45:00.000Z";"2026-04-22T02:48:00.000Z";1128.94
"2026-04-22T02:48:00.000Z";"2026-04-22T02:51:00.000Z";1125.45
"2026-04-22T02:51:00.000Z";"2026-04-22T02:54:00.000Z";1129.72
"2026-04-22T02:54:00.000Z";"2026-04-22T02:57:00.000Z";1137.55
"2026-04-22T02:57:00.000Z";"2026-04-22T03:00:00.000Z";1142.11
"2026-04-22T03:00:00.000Z";"2026-04-22T03:03:00.000Z";1143.49
"2026-04-22T03:03:00.000Z";"2026-04-22T03:06:00.000Z";1154.77
"2026-04-22T03:06:00.000Z";"2026-04-22T03:09:00.000Z";1171.7
"2026-04-22T03:09:00.000Z";"2026-04-22T03:12:00.000Z";1181.89
"2026-04-22T03:12:00.000Z";"2026-04-22T03:15:00.000Z";1184.56
"2026-04-22T03:15:00.000Z";"2026-04-22T03:18:00.000Z";1178.61
"2026-04-22T03:18:00.000Z";"2026-04-22T03:21:00.000Z";1176.5
"2026-04-22T03:21:00.000Z";"2026-04-22T03:24:00.000Z";1179.05
"2026-04-22T03:24:00.000Z";"2026-04-22T03:27:00.000Z";1182.61
"2026-04-22T03:27:00.000Z";"2026-04-22T03:30:00.000Z";1180.67
"2026-04-22T03:30:00.000Z";"2026-04-22T03:33:00.000Z";1175.67
"2026-04-22T03:33:00.000Z";"2026-04-22T03:36:00.000Z";1163.84
"2026-04-22T03:36:00.000Z";"2026-04-22T03:39:00.000Z";1156.77
"2026-04-22T03:39:00.000Z";"2026-04-22T03:42:00.000Z";1164.5
"2026-04-22T03:42:00.000Z";"2026-04-22T03:45:00.000Z";1160.34
"2026-04-22T03:45:00.000Z";"2026-04-22T03:48:00.000Z";1155.94
"2026-04-22T03:48:00.000Z";"2026-04-22T03:51:00.000Z";1152.11
"2026-04-22T03:51:00.000Z";"2026-04-22T03:54:00.000Z";1151.78
"2026-04-22T03:54:00.000Z";"2026-04-22T03:57:00.000Z";1155.94
"2026-04-22T03:57:00.000Z";"2026-04-22T04:00:00.000Z";1157.55
"2026-04-22T04:00:00.000Z";"2026-04-22T04:03:00.000Z";1177.32
"2026-04-22T04:03:00.000Z";"2026-04-22T04:06:00.000Z";1188.39
"2026-04-22T04:06:00.000Z";"2026-04-22T04:09:00.000Z";1211.33
"2026-04-22T04:09:00.000Z";"2026-04-22T04:12:00.000Z";1235.2
"2026-04-22T04:12:00.000Z";"2026-04-22T04:15:00.000Z";1275.26
"2026-04-22T04:15:00.000Z";"2026-04-22T04:18:00.000Z";1276.95
"2026-04-22T04:18:00.000Z";"2026-04-22T04:21:00.000Z";1271.72
"2026-04-22T04:21:00.000Z";"2026-04-22T04:24:00.000Z";1270.11
"2026-04-22T04:24:00.000Z";"2026-04-22T04:27:00.000Z";1275.33
"2026-04-22T04:27:00.000Z";"2026-04-22T04:30:00.000Z";1279.06
"2026-04-22T04:30:00.000Z";"2026-04-22T04:33:00.000Z";1276.89
"2026-04-22T04:33:00.000Z";"2026-04-22T04:36:00.000Z";1270.84
"2026-04-22T04:36:00.000Z";"2026-04-22T04:39:00.000Z";1273.44
"2026-04-22T04:39:00.000Z";"2026-04-22T04:42:00.000Z";1281.28
"2026-04-22T04:42:00.000Z";"2026-04-22T04:45:00.000Z";1281.5
"2026-04-22T04:45:00.000Z";"2026-04-22T04:48:00.000Z";1278.39
"2026-04-22T04:48:00.000Z";"2026-04-22T04:51:00.000Z";1276.22
"2026-04-22T04:51:00.000Z";"2026-04-22T04:54:00.000Z";1274.66
"2026-04-22T04:54:00.000Z";"2026-04-22T04:57:00.000Z";1284.33
"2026-04-22T04:57:00.000Z";"2026-04-22T05:00:00.000Z";1288.84
"2026-04-22T05:00:00.000Z";"2026-04-22T05:03:00.000Z";1278.23
"2026-04-22T05:03:00.000Z";"2026-04-22T05:06:00.000Z";1246.45
"2026-04-22T05:06:00.000Z";"2026-04-22T05:09:00.000Z";1246.89
"2026-04-22T05:09:00.000Z";"2026-04-22T05:12:00.000Z";1251
"2026-04-22T05:12:00.000Z";"2026-04-22T05:15:00.000Z";1258.5
"2026-04-22T05:15:00.000Z";"2026-04-22T05:18:00.000Z";1258.28
"2026-04-22T05:18:00.000Z";"2026-04-22T05:21:00.000Z";1253.12
"2026-04-22T05:21:00.000Z";"2026-04-22T05:24:00.000Z";1255.72
"2026-04-22T05:24:00.000Z";"2026-04-22T05:27:00.000Z";1262.17
"2026-04-22T05:27:00.000Z";"2026-04-22T05:30:00.000Z";1258.78
"2026-04-22T05:30:00.000Z";"2026-04-22T05:33:00.000Z";1250.34
"2026-04-22T05:33:00.000Z";"2026-04-22T05:36:00.000Z";1246.23
"2026-04-22T05:36:00.000Z";"2026-04-22T05:39:00.000Z";1234.95
"2026-04-22T05:39:00.000Z";"2026-04-22T05:42:00.000Z";1235.94
"2026-04-22T05:42:00.000Z";"2026-04-22T05:45:00.000Z";1236.06
"2026-04-22T05:45:00.000Z";"2026-04-22T05:48:00.000Z";1230.84
"2026-04-22T05:48:00.000Z";"2026-04-22T05:51:00.000Z";1227.72
"2026-04-22T05:51:00.000Z";"2026-04-22T05:54:00.000Z";1228.28
"2026-04-22T05:54:00.000Z";"2026-04-22T05:57:00.000Z";1230.78
"2026-04-22T05:57:00.000Z";"2026-04-22T06:00:00.000Z";1229.39
"2026-04-22T06:00:00.000Z";"2026-04-22T06:03:00.000Z";1227.56
"2026-04-22T06:03:00.000Z";"2026-04-22T06:06:00.000Z";1213.07
"2026-04-22T06:06:00.000Z";"2026-04-22T06:09:00.000Z";1192.12
"2026-04-22T06:09:00.000Z";"2026-04-22T06:12:00.000Z";1178.67
"2026-04-22T06:12:00.000Z";"2026-04-22T06:15:00.000Z";1155.45
"2026-04-22T06:15:00.000Z";"2026-04-22T06:18:00.000Z";1148.01
"2026-04-22T06:18:00.000Z";"2026-04-22T06:21:00.000Z";1156.66
"2026-04-22T06:21:00.000Z";"2026-04-22T06:24:00.000Z";1159.72
"2026-04-22T06:24:00.000Z";"2026-04-22T06:27:00.000Z";1155.56
"2026-04-22T06:27:00.000Z";"2026-04-22T06:30:00.000Z";1149.4
"2026-04-22T06:30:00.000Z";"2026-04-22T06:33:00.000Z";1149.89
"2026-04-22T06:33:00.000Z";"2026-04-22T06:36:00.000Z";1156.17
"2026-04-22T06:36:00.000Z";"2026-04-22T06:39:00.000Z";1156.17
"2026-04-22T06:39:00.000Z";"2026-04-22T06:42:00.000Z";1157.22
"2026-04-22T06:42:00.000Z";"2026-04-22T06:45:00.000Z";1151.12
"2026-04-22T06:45:00.000Z";"2026-04-22T06:48:00.000Z";1145.89
"2026-04-22T06:48:00.000Z";"2026-04-22T06:51:00.000Z";1145.17
"2026-04-22T06:51:00.000Z";"2026-04-22T06:54:00.000Z";1142.29
"2026-04-22T06:54:00.000Z";"2026-04-22T06:57:00.000Z";1132.29
"2026-04-22T06:57:00.000Z";"2026-04-22T07:00:00.000Z";1116.24
"2026-04-22T07:00:00.000Z";"2026-04-22T07:03:00.000Z";1067.52
"2026-04-22T07:03:00.000Z";"2026-04-22T07:06:00.000Z";1039.18
"2026-04-22T07:06:00.000Z";"2026-04-22T07:09:00.000Z";1028.06
"2026-04-22T07:09:00.000Z";"2026-04-22T07:12:00.000Z";1014.73
"2026-04-22T07:12:00.000Z";"2026-04-22T07:15:00.000Z";1000
"2026-04-22T07:15:00.000Z";"2026-04-22T07:18:00.000Z";1001.44
"2026-04-22T07:18:00.000Z";"2026-04-22T07:21:00.000Z";1006.78
"2026-04-22T07:21:00.000Z";"2026-04-22T07:24:00.000Z";1005.44
"2026-04-22T07:24:00.000Z";"2026-04-22T07:27:00.000Z";1011.61
"2026-04-22T07:27:00.000Z";"2026-04-22T07:30:00.000Z";1010.67
"2026-04-22T07:30:00.000Z";"2026-04-22T07:33:00.000Z";1011.66
"2026-04-22T07:33:00.000Z";"2026-04-22T07:36:00.000Z";1017.16
"2026-04-22T07:36:00.000Z";"2026-04-22T07:39:00.000Z";1019.11
"2026-04-22T07:39:00.000Z";"2026-04-22T07:42:00.000Z";1021.34
"2026-04-22T07:42:00.000Z";"2026-04-22T07:45:00.000Z";1017.28
"2026-04-22T07:45:00.000Z";"2026-04-22T07:48:00.000Z";1016.94
"2026-04-22T07:48:00.000Z";"2026-04-22T07:51:00.000Z";1022.28
"2026-04-22T07:51:00.000Z";"2026-04-22T07:54:00.000Z";1024.44
"2026-04-22T07:54:00.000Z";"2026-04-22T07:57:00.000Z";1018.95
"2026-04-22T07:57:00.000Z";"2026-04-22T08:00:00.000Z";1020.33
"2026-04-22T08:00:00.000Z";"2026-04-22T08:03:00.000Z";1015.51
"2026-04-22T08:03:00.000Z";"2026-04-22T08:06:00.000Z";999.061
"2026-04-22T08:06:00.000Z";"2026-04-22T08:09:00.000Z";997.998
"2026-04-22T08:09:00.000Z";"2026-04-22T08:12:00.000Z";997.891
"2026-04-22T08:12:00.000Z";"2026-04-22T08:15:00.000Z";993.223
"2026-04-22T08:15:00.000Z";"2026-04-22T08:18:00.000Z";995.665
"2026-04-22T08:18:00.000Z";"2026-04-22T08:21:00.000Z";998.333
"2026-04-22T08:21:00.000Z";"2026-04-22T08:24:00.000Z";995.175
"2026-04-22T08:24:00.000Z";"2026-04-22T08:27:00.000Z";997.221
"2026-04-22T08:27:00.000Z";"2026-04-22T08:30:00.000Z";997.554
"2026-04-22T08:30:00.000Z";"2026-04-22T08:33:00.000Z";1009.33
"2026-04-22T08:33:00.000Z";"2026-04-22T08:36:00.000Z";1007.12
"2026-04-22T08:36:00.000Z";"2026-04-22T08:39:00.000Z";1010.49
"2026-04-22T08:39:00.000Z";"2026-04-22T08:42:00.000Z";1026.67
"2026-04-22T08:42:00.000Z";"2026-04-22T08:45:00.000Z";1023.72
"2026-04-22T08:45:00.000Z";"2026-04-22T08:48:00.000Z";1029.72
"2026-04-22T08:48:00.000Z";"2026-04-22T08:51:00.000Z";1036.56
"2026-04-22T08:51:00.000Z";"2026-04-22T08:54:00.000Z";1033
"2026-04-22T08:54:00.000Z";"2026-04-22T08:57:00.000Z";1032.89
"2026-04-22T08:57:00.000Z";"2026-04-22T09:00:00.000Z";1026.45
"2026-04-22T09:00:00.000Z";"2026-04-22T09:03:00.000Z";1014.51
"2026-04-22T09:03:00.000Z";"2026-04-22T09:06:00.000Z";1019.77
"2026-04-22T09:06:00.000Z";"2026-04-22T09:09:00.000Z";1023.67
"2026-04-22T09:09:00.000Z";"2026-04-22T09:12:00.000Z";1017.17
"2026-04-22T09:12:00.000Z";"2026-04-22T09:15:00.000Z";1015.22
"2026-04-22T09:15:00.000Z";"2026-04-22T09:18:00.000Z";1022.38
"2026-04-22T09:18:00.000Z";"2026-04-22T09:21:00.000Z";1049.37
"2026-04-22T09:21:00.000Z";"2026-04-22T09:24:00.000Z";1060.06
"2026-04-22T09:24:00.000Z";"2026-04-22T09:27:00.000Z";1056.61
"2026-04-22T09:27:00.000Z";"2026-04-22T09:30:00.000Z";1048.83
"2026-04-22T09:30:00.000Z";"2026-04-22T09:33:00.000Z";1056.05
"2026-04-22T09:33:00.000Z";"2026-04-22T09:36:00.000Z";1075.16
"2026-04-22T09:36:00.000Z";"2026-04-22T09:39:00.000Z";1074.18
"2026-04-22T09:39:00.000Z";"2026-04-22T09:42:00.000Z";1064.78
"2026-04-22T09:42:00.000Z";"2026-04-22T09:45:00.000Z";1064.39
"2026-04-22T09:45:00.000Z";"2026-04-22T09:48:00.000Z";1063.17
"2026-04-22T09:48:00.000Z";"2026-04-22T09:51:00.000Z";1064.22
"2026-04-22T09:51:00.000Z";"2026-04-22T09:54:00.000Z";1070.83
"2026-04-22T09:54:00.000Z";"2026-04-22T09:57:00.000Z";1065.34
"2026-04-22T09:57:00.000Z";"2026-04-22T10:00:00.000Z";1057.61
"2026-04-22T10:00:00.000Z";"2026-04-22T10:03:00.000Z";1055.33
"2026-04-22T10:03:00.000Z";"2026-04-22T10:06:00.000Z";1036.18
"2026-04-22T10:06:00.000Z";"2026-04-22T10:09:00.000Z";1029.38
"2026-04-22T10:09:00.000Z";"2026-04-22T10:12:00.000Z";1036.5
"2026-04-22T10:12:00.000Z";"2026-04-22T10:15:00.000Z";1036.61
"2026-04-22T10:15:00.000Z";"2026-04-22T10:18:00.000Z";1040.55
"2026-04-22T10:18:00.000Z";"2026-04-22T10:21:00.000Z";1061.15
"2026-04-22T10:21:00.000Z";"2026-04-22T10:24:00.000Z";1072.56
"2026-04-22T10:24:00.000Z";"2026-04-22T10:27:00.000Z";1073.22
"2026-04-22T10:27:00.000Z";"2026-04-22T10:30:00.000Z";1074.78
"2026-04-22T10:30:00.000Z";"2026-04-22T10:33:00.000Z";1072.89
"2026-04-22T10:33:00.000Z";"2026-04-22T10:36:00.000Z";1082.77
"2026-04-22T10:36:00.000Z";"2026-04-22T10:39:00.000Z";1084.78
"2026-04-22T10:39:00.000Z";"2026-04-22T10:42:00.000Z";1082.67
"2026-04-22T10:42:00.000Z";"2026-04-22T10:45:00.000Z";1077.11
"2026-04-22T10:45:00.000Z";"2026-04-22T10:48:00.000Z";1084.99
"2026-04-22T10:48:00.000Z";"2026-04-22T10:51:00.000Z";1085.67
"2026-04-22T10:51:00.000Z";"2026-04-22T10:54:00.000Z";1080.34
"2026-04-22T10:54:00.000Z";"2026-04-22T10:57:00.000Z";1079.05
"2026-04-22T10:57:00.000Z";"2026-04-22T11:00:00.000Z";1074.17
"2026-04-22T11:00:00.000Z";"2026-04-22T11:03:00.000Z";1083.26
"2026-04-22T11:03:00.000Z";"2026-04-22T11:06:00.000Z";1092.73
"2026-04-22T11:06:00.000Z";"2026-04-22T11:09:00.000Z";1078.34
"2026-04-22T11:09:00.000Z";"2026-04-22T11:12:00.000Z";1078.06
"2026-04-22T11:12:00.000Z";"2026-04-22T11:15:00.000Z";1075.17
"2026-04-22T11:15:00.000Z";"2026-04-22T11:18:00.000Z";1080.44
"2026-04-22T11:18:00.000Z";"2026-04-22T11:21:00.000Z";1089.66
"2026-04-22T11:21:00.000Z";"2026-04-22T11:24:00.000Z";1089
"2026-04-22T11:24:00.000Z";"2026-04-22T11:27:00.000Z";1089.11
"2026-04-22T11:27:00.000Z";"2026-04-22T11:30:00.000Z";1092.05
"2026-04-22T11:30:00.000Z";"2026-04-22T11:33:00.000Z";1093.61
"2026-04-22T11:33:00.000Z";"2026-04-22T11:36:00.000Z";1091.5
"2026-04-22T11:36:00.000Z";"2026-04-22T11:39:00.000Z";1080.56
"2026-04-22T11:39:00.000Z";"2026-04-22T11:42:00.000Z";1074.9
"2026-04-22T11:42:00.000Z";"2026-04-22T11:45:00.000Z";1049.67
"2026-04-22T11:45:00.000Z";"2026-04-22T11:48:00.000Z";1049.05
"2026-04-22T11:48:00.000Z";"2026-04-22T11:51:00.000Z";1056.05
"2026-04-22T11:51:00.000Z";"2026-04-22T11:54:00.000Z";1048.45
"2026-04-22T11:54:00.000Z";"2026-04-22T11:57:00.000Z";1042.61
"2026-04-22T11:57:00.000Z";"2026-04-22T12:00:00.000Z";1045
"2026-04-22T12:00:00.000Z";"2026-04-22T12:03:00.000Z";1047.99
"2026-04-22T12:03:00.000Z";"2026-04-22T12:06:00.000Z";1054.39
"2026-04-22T12:06:00.000Z";"2026-04-22T12:09:00.000Z";1053.44
"2026-04-22T12:09:00.000Z";"2026-04-22T12:12:00.000Z";1053.89
"2026-04-22T12:12:00.000Z";"2026-04-22T12:15:00.000Z";1053.06
"2026-04-22T12:15:00.000Z";"2026-04-22T12:18:00.000Z";1053.28
"2026-04-22T12:18:00.000Z";"2026-04-22T12:21:00.000Z";1054.72
"2026-04-22T12:21:00.000Z";"2026-04-22T12:24:00.000Z";1044.12
"2026-04-22T12:24:00.000Z";"2026-04-22T12:27:00.000Z";1044.5
"2026-04-22T12:27:00.000Z";"2026-04-22T12:30:00.000Z";1049.94
"2026-04-22T12:30:00.000Z";"2026-04-22T12:33:00.000Z";1052.17
"2026-04-22T12:33:00.000Z";"2026-04-22T12:36:00.000Z";1049.61
"2026-04-22T12:36:00.000Z";"2026-04-22T12:39:00.000Z";1049.89
"2026-04-22T12:39:00.000Z";"2026-04-22T12:42:00.000Z";1052.83
"2026-04-22T12:42:00.000Z";"2026-04-22T12:45:00.000Z";1051.5
"2026-04-22T12:45:00.000Z";"2026-04-22T12:48:00.000Z";1046
"2026-04-22T12:48:00.000Z";"2026-04-22T12:51:00.000Z";1049.33
"2026-04-22T12:51:00.000Z";"2026-04-22T12:54:00.000Z";1047.28
"2026-04-22T12:54:00.000Z";"2026-04-22T12:57:00.000Z";1049.05
"2026-04-22T12:57:00.000Z";"2026-04-22T13:00:00.000Z";1048.23
"2026-04-22T13:00:00.000Z";"2026-04-22T13:03:00.000Z";1042.61
"2026-04-22T13:03:00.000Z";"2026-04-22T13:06:00.000Z";1050.88
"2026-04-22T13:06:00.000Z";"2026-04-22T13:09:00.000Z";1057.22
"2026-04-22T13:09:00.000Z";"2026-04-22T13:12:00.000Z";1058
"2026-04-22T13:12:00.000Z";"2026-04-22T13:15:00.000Z";1052.89
"2026-04-22T13:15:00.000Z";"2026-04-22T13:18:00.000Z";1051.55
"2026-04-22T13:18:00.000Z";"2026-04-22T13:21:00.000Z";1047.73
"2026-04-22T13:21:00.000Z";"2026-04-22T13:24:00.000Z";1041.22
"2026-04-22T13:24:00.000Z";"2026-04-22T13:27:00.000Z";1039.67
"2026-04-22T13:27:00.000Z";"2026-04-22T13:30:00.000Z";1039.33
"2026-04-22T13:30:00.000Z";"2026-04-22T13:33:00.000Z";1037.39
"2026-04-22T13:33:00.000Z";"2026-04-22T13:36:00.000Z";1042.89
"2026-04-22T13:36:00.000Z";"2026-04-22T13:39:00.000Z";1045.44
"2026-04-22T13:39:00.000Z";"2026-04-22T13:42:00.000Z";1048.78
"2026-04-22T13:42:00.000Z";"2026-04-22T13:45:00.000Z";1045.67
"2026-04-22T13:45:00.000Z";"2026-04-22T13:48:00.000Z";1051.39
"2026-04-22T13:48:00.000Z";"2026-04-22T13:51:00.000Z";1056.22
"2026-04-22T13:51:00.000Z";"2026-04-22T13:54:00.000Z";1059.44
"2026-04-22T13:54:00.000Z";"2026-04-22T13:57:00.000Z";1060.28
"2026-04-22T13:57:00.000Z";"2026-04-22T14:00:00.000Z";1058.39
"2026-04-22T14:00:00.000Z";"2026-04-22T14:03:00.000Z";1058.72
"2026-04-22T14:03:00.000Z";"2026-04-22T14:06:00.000Z";1061.34
"2026-04-22T14:06:00.000Z";"2026-04-22T14:09:00.000Z";1064.55
"2026-04-22T14:09:00.000Z";"2026-04-22T14:12:00.000Z";1079.5
"2026-04-22T14:12:00.000Z";"2026-04-22T14:15:00.000Z";1079.28
"2026-04-22T14:15:00.000Z";"2026-04-22T14:18:00.000Z";1081
"2026-04-22T14:18:00.000Z";"2026-04-22T14:21:00.000Z";1088.06
"2026-04-22T14:21:00.000Z";"2026-04-22T14:24:00.000Z";1084.83
"2026-04-22T14:24:00.000Z";"2026-04-22T14:27:00.000Z";1082.61
"2026-04-22T14:27:00.000Z";"2026-04-22T14:30:00.000Z";1087.78
"2026-04-22T14:30:00.000Z";"2026-04-22T14:33:00.000Z";1087.67
"2026-04-22T14:33:00.000Z";"2026-04-22T14:36:00.000Z";1070.06
"2026-04-22T14:36:00.000Z";"2026-04-22T14:39:00.000Z";1061.44
"2026-04-22T14:39:00.000Z";"2026-04-22T14:42:00.000Z";1077.59
"2026-04-22T14:42:00.000Z";"2026-04-22T14:45:00.000Z";1098.83
"2026-04-22T14:45:00.000Z";"2026-04-22T14:48:00.000Z";1095.45
"2026-04-22T14:48:00.000Z";"2026-04-22T14:51:00.000Z";1083
"2026-04-22T14:51:00.000Z";"2026-04-22T14:54:00.000Z";1087.11
"2026-04-22T14:54:00.000Z";"2026-04-22T14:57:00.000Z";1081.5
"2026-04-22T14:57:00.000Z";"2026-04-22T15:00:00.000Z";1076.55
"2026-04-22T15:00:00.000Z";"2026-04-22T15:03:00.000Z";1087.6
"2026-04-22T15:03:00.000Z";"2026-04-22T15:06:00.000Z";1085.23
"2026-04-22T15:06:00.000Z";"2026-04-22T15:09:00.000Z";1090.94
"2026-04-22T15:09:00.000Z";"2026-04-22T15:12:00.000Z";1097.94
"2026-04-22T15:12:00.000Z";"2026-04-22T15:15:00.000Z";1105.94
"2026-04-22T15:15:00.000Z";"2026-04-22T15:18:00.000Z";1104.67
"2026-04-22T15:18:00.000Z";"2026-04-22T15:21:00.000Z";1098.5
"2026-04-22T15:21:00.000Z";"2026-04-22T15:24:00.000Z";1103.94
"2026-04-22T15:24:00.000Z";"2026-04-22T15:27:00.000Z";1112.55
"2026-04-22T15:27:00.000Z";"2026-04-22T15:30:00.000Z";1118.77
"2026-04-22T15:30:00.000Z";"2026-04-22T15:33:00.000Z";1110.45
"2026-04-22T15:33:00.000Z";"2026-04-22T15:36:00.000Z";1105.32
"2026-04-22T15:36:00.000Z";"2026-04-22T15:39:00.000Z";1113.05
"2026-04-22T15:39:00.000Z";"2026-04-22T15:42:00.000Z";1112.61
"2026-04-22T15:42:00.000Z";"2026-04-22T15:45:00.000Z";1129.26
"2026-04-22T15:45:00.000Z";"2026-04-22T15:48:00.000Z";1145.6
"2026-04-22T15:48:00.000Z";"2026-04-22T15:51:00.000Z";1145.56
"2026-04-22T15:51:00.000Z";"2026-04-22T15:54:00.000Z";1142.11
"2026-04-22T15:54:00.000Z";"2026-04-22T15:57:00.000Z";1146.89
"2026-04-22T15:57:00.000Z";"2026-04-22T16:00:00.000Z";1144.45
"2026-04-22T16:00:00.000Z";"2026-04-22T16:03:00.000Z";1140.77
"2026-04-22T16:03:00.000Z";"2026-04-22T16:06:00.000Z";1146.33
"2026-04-22T16:06:00.000Z";"2026-04-22T16:09:00.000Z";1139.33
"2026-04-22T16:09:00.000Z";"2026-04-22T16:12:00.000Z";1145.16
"2026-04-22T16:12:00.000Z";"2026-04-22T16:15:00.000Z";1146.44
"2026-04-22T16:15:00.000Z";"2026-04-22T16:18:00.000Z";1134.62
"2026-04-22T16:18:00.000Z";"2026-04-22T16:21:00.000Z";1129.89
"2026-04-22T16:21:00.000Z";"2026-04-22T16:24:00.000Z";1130.83
"2026-04-22T16:24:00.000Z";"2026-04-22T16:27:00.000Z";1133.77
"2026-04-22T16:27:00.000Z";"2026-04-22T16:30:00.000Z";1143.61
"2026-04-22T16:30:00.000Z";"2026-04-22T16:33:00.000Z";1148.28
"2026-04-22T16:33:00.000Z";"2026-04-22T16:36:00.000Z";1145
"2026-04-22T16:36:00.000Z";"2026-04-22T16:39:00.000Z";1141.5
"2026-04-22T16:39:00.000Z";"2026-04-22T16:42:00.000Z";1142.5
"2026-04-22T16:42:00.000Z";"2026-04-22T16:45:00.000Z";1141.94
"2026-04-22T16:45:00.000Z";"2026-04-22T16:48:00.000Z";1136.89
"2026-04-22T16:48:00.000Z";"2026-04-22T16:51:00.000Z";1126.11
"2026-04-22T16:51:00.000Z";"2026-04-22T16:54:00.000Z";1136.27
"2026-04-22T16:54:00.000Z";"2026-04-22T16:57:00.000Z";1149.99
"2026-04-22T16:57:00.000Z";"2026-04-22T17:00:00.000Z";1162.22
"2026-04-22T17:00:00.000Z";"2026-04-22T17:03:00.000Z";1166.43
"2026-04-22T17:03:00.000Z";"2026-04-22T17:06:00.000Z";1179.55
"2026-04-22T17:06:00.000Z";"2026-04-22T17:09:00.000Z";1183.61
"2026-04-22T17:09:00.000Z";"2026-04-22T17:12:00.000Z";1184.05
"2026-04-22T17:12:00.000Z";"2026-04-22T17:15:00.000Z";1194.21
"2026-04-22T17:15:00.000Z";"2026-04-22T17:18:00.000Z";1210.99
"2026-04-22T17:18:00.000Z";"2026-04-22T17:21:00.000Z";1209.95
"2026-04-22T17:21:00.000Z";"2026-04-22T17:24:00.000Z";1209.28
"2026-04-22T17:24:00.000Z";"2026-04-22T17:27:00.000Z";1212.5
"2026-04-22T17:27:00.000Z";"2026-04-22T17:30:00.000Z";1218.1
"2026-04-22T17:30:00.000Z";"2026-04-22T17:33:00.000Z";1229.88
"2026-04-22T17:33:00.000Z";"2026-04-22T17:36:00.000Z";1243.05
"2026-04-22T17:36:00.000Z";"2026-04-22T17:39:00.000Z";1239.28
"2026-04-22T17:39:00.000Z";"2026-04-22T17:42:00.000Z";1236.78
"2026-04-22T17:42:00.000Z";"2026-04-22T17:45:00.000Z";1228.23
"2026-04-22T17:45:00.000Z";"2026-04-22T17:48:00.000Z";1219.78
"2026-04-22T17:48:00.000Z";"2026-04-22T17:51:00.000Z";1214.29
"2026-04-22T17:51:00.000Z";"2026-04-22T17:54:00.000Z";1198.84
"2026-04-22T17:54:00.000Z";"2026-04-22T17:57:00.000Z";1216.05
"2026-04-22T17:57:00.000Z";"2026-04-22T18:00:00.000Z";1215.61
"2026-04-22T18:00:00.000Z";"2026-04-22T18:03:00.000Z";1211.56
"2026-04-22T18:03:00.000Z";"2026-04-22T18:06:00.000Z";1224.04
"2026-04-22T18:06:00.000Z";"2026-04-22T18:09:00.000Z";1228.17
"2026-04-22T18:09:00.000Z";"2026-04-22T18:12:00.000Z";1229.94
"2026-04-22T18:12:00.000Z";"2026-04-22T18:15:00.000Z";1232.28
"2026-04-22T18:15:00.000Z";"2026-04-22T18:18:00.000Z";1234.11
"2026-04-22T18:18:00.000Z";"2026-04-22T18:21:00.000Z";1231
"2026-04-22T18:21:00.000Z";"2026-04-22T18:24:00.000Z";1231.83
"2026-04-22T18:24:00.000Z";"2026-04-22T18:27:00.000Z";1232.94
"2026-04-22T18:27:00.000Z";"2026-04-22T18:30:00.000Z";1237.05
"2026-04-22T18:30:00.000Z";"2026-04-22T18:33:00.000Z";1235.28
"2026-04-22T18:33:00.000Z";"2026-04-22T18:36:00.000Z";1236.22
"2026-04-22T18:36:00.000Z";"2026-04-22T18:39:00.000Z";1235.45
"2026-04-22T18:39:00.000Z";"2026-04-22T18:42:00.000Z";1238.44
"2026-04-22T18:42:00.000Z";"2026-04-22T18:45:00.000Z";1240.78
"2026-04-22T18:45:00.000Z";"2026-04-22T18:48:00.000Z";1247.44
"2026-04-22T18:48:00.000Z";"2026-04-22T18:51:00.000Z";1245.67
"2026-04-22T18:51:00.000Z";"2026-04-22T18:54:00.000Z";1239.62
"2026-04-22T18:54:00.000Z";"2026-04-22T18:57:00.000Z";1231.95
"2026-04-22T18:57:00.000Z";"2026-04-22T19:00:00.000Z";1231.89
"2026-04-22T19:00:00.000Z";"2026-04-22T19:03:00.000Z";1231.17
"2026-04-22T19:03:00.000Z";"2026-04-22T19:06:00.000Z";1234.83
"2026-04-22T19:06:00.000Z";"2026-04-22T19:09:00.000Z";1243.55
"2026-04-22T19:09:00.000Z";"2026-04-22T19:12:00.000Z";1241.61
"2026-04-22T19:12:00.000Z";"2026-04-22T19:15:00.000Z";1241.61
"2026-04-22T19:15:00.000Z";"2026-04-22T19:18:00.000Z";1242.67
"2026-04-22T19:18:00.000Z";"2026-04-22T19:21:00.000Z";1244.72
"2026-04-22T19:21:00.000Z";"2026-04-22T19:24:00.000Z";1249.83
"2026-04-22T19:24:00.000Z";"2026-04-22T19:27:00.000Z";1252.83
"2026-04-22T19:27:00.000Z";"2026-04-22T19:30:00.000Z";1252.78
"2026-04-22T19:30:00.000Z";"2026-04-22T19:33:00.000Z";1245.79
"2026-04-22T19:33:00.000Z";"2026-04-22T19:36:00.000Z";1240.61
"2026-04-22T19:36:00.000Z";"2026-04-22T19:39:00.000Z";1238.56
"2026-04-22T19:39:00.000Z";"2026-04-22T19:42:00.000Z";1240
"2026-04-22T19:42:00.000Z";"2026-04-22T19:45:00.000Z";1239.72
"2026-04-22T19:45:00.000Z";"2026-04-22T19:48:00.000Z";1235.17
"2026-04-22T19:48:00.000Z";"2026-04-22T19:51:00.000Z";1235.72
"2026-04-22T19:51:00.000Z";"2026-04-22T19:54:00.000Z";1233.39
"2026-04-22T19:54:00.000Z";"2026-04-22T19:57:00.000Z";1232.17
"2026-04-22T19:57:00.000Z";"2026-04-22T20:00:00.000Z";1229.5
"2026-04-22T20:00:00.000Z";"2026-04-22T20:03:00.000Z";1240.16
"2026-04-22T20:03:00.000Z";"2026-04-22T20:06:00.000Z";1258.39
"2026-04-22T20:06:00.000Z";"2026-04-22T20:09:00.000Z";1252.56
"2026-04-22T20:09:00.000Z";"2026-04-22T20:12:00.000Z";1244.89
"2026-04-22T20:12:00.000Z";"2026-04-22T20:15:00.000Z";1244.39
"2026-04-22T20:15:00.000Z";"2026-04-22T20:18:00.000Z";1244.33
"2026-04-22T20:18:00.000Z";"2026-04-22T20:21:00.000Z";1244.61
"2026-04-22T20:21:00.000Z";"2026-04-22T20:24:00.000Z";1252.06
"2026-04-22T20:24:00.000Z";"2026-04-22T20:27:00.000Z";1246
"2026-04-22T20:27:00.000Z";"2026-04-22T20:30:00.000Z";1239.79
"2026-04-22T20:30:00.000Z";"2026-04-22T20:33:00.000Z";1234.67
"2026-04-22T20:33:00.000Z";"2026-04-22T20:36:00.000Z";1232.28
"2026-04-22T20:36:00.000Z";"2026-04-22T20:39:00.000Z";1231.33
"2026-04-22T20:39:00.000Z";"2026-04-22T20:42:00.000Z";1233.5
"2026-04-22T20:42:00.000Z";"2026-04-22T20:45:00.000Z";1237.78
"2026-04-22T20:45:00.000Z";"2026-04-22T20:48:00.000Z";1244.88
"2026-04-22T20:48:00.000Z";"2026-04-22T20:51:00.000Z";1241.4
"2026-04-22T20:51:00.000Z";"2026-04-22T20:54:00.000Z";1217.73
"2026-04-22T20:54:00.000Z";"2026-04-22T20:57:00.000Z";1219.33
"2026-04-22T20:57:00.000Z";"2026-04-22T21:00:00.000Z";1221.88
"2026-04-22T21:00:00.000Z";"2026-04-22T21:03:00.000Z";1220.06
"2026-04-22T21:03:00.000Z";"2026-04-22T21:06:00.000Z";1214.72
"2026-04-22T21:06:00.000Z";"2026-04-22T21:09:00.000Z";1204.95
"2026-04-22T21:09:00.000Z";"2026-04-22T21:12:00.000Z";1201.67
"2026-04-22T21:12:00.000Z";"2026-04-22T21:15:00.000Z";1199.83
"2026-04-22T21:15:00.000Z";"2026-04-22T21:18:00.000Z";1206.44
"2026-04-22T21:18:00.000Z";"2026-04-22T21:21:00.000Z";1211.22
"2026-04-22T21:21:00.000Z";"2026-04-22T21:24:00.000Z";1203.67
"2026-04-22T21:24:00.000Z";"2026-04-22T21:27:00.000Z";1202.83
"2026-04-22T21:27:00.000Z";"2026-04-22T21:30:00.000Z";1206.61
"2026-04-22T21:30:00.000Z";"2026-04-22T21:33:00.000Z";1204.56
"2026-04-22T21:33:00.000Z";"2026-04-22T21:36:00.000Z";1208.78
"2026-04-22T21:36:00.000Z";"2026-04-22T21:39:00.000Z";1212.22
"2026-04-22T21:39:00.000Z";"2026-04-22T21:42:00.000Z";1207.67
"2026-04-22T21:42:00.000Z";"2026-04-22T21:45:00.000Z";1207.61
"2026-04-22T21:45:00.000Z";"2026-04-22T21:48:00.000Z";1209.33
"2026-04-22T21:48:00.000Z";"2026-04-22T21:51:00.000Z";1211.95
"2026-04-22T21:51:00.000Z";"2026-04-22T21:54:00.000Z";1205.67
"2026-04-22T21:54:00.000Z";"2026-04-22T21:57:00.000Z";1201.78
"2026-04-22T21:57:00.000Z";"2026-04-22T22:00:00.000Z";1204.44
"2026-04-22T22:00:00.000Z";"2026-04-22T22:03:00.000Z";1211.77
"2026-04-22T22:03:00.000Z";"2026-04-22T22:06:00.000Z";1219.89
"2026-04-22T22:06:00.000Z";"2026-04-22T22:09:00.000Z";1212.06
"2026-04-22T22:09:00.000Z";"2026-04-22T22:12:00.000Z";1201.46
"2026-04-22T22:12:00.000Z";"2026-04-22T22:15:00.000Z";1148.3
"2026-04-22T22:15:00.000Z";"2026-04-22T22:18:00.000Z";1141.39
"2026-04-22T22:18:00.000Z";"2026-04-22T22:21:00.000Z";1137.39
"2026-04-22T22:21:00.000Z";"2026-04-22T22:24:00.000Z";1133.22
"2026-04-22T22:24:00.000Z";"2026-04-22T22:27:00.000Z";1138.16
"2026-04-22T22:27:00.000Z";"2026-04-22T22:30:00.000Z";1142.11
"2026-04-22T22:30:00.000Z";"2026-04-22T22:33:00.000Z";1135.67
"2026-04-22T22:33:00.000Z";"2026-04-22T22:36:00.000Z";1131.45
"2026-04-22T22:36:00.000Z";"2026-04-22T22:39:00.000Z";1119.12
"2026-04-22T22:39:00.000Z";"2026-04-22T22:42:00.000Z";1115
"2026-04-22T22:42:00.000Z";"2026-04-22T22:45:00.000Z";1114.11
"2026-04-22T22:45:00.000Z";"2026-04-22T22:48:00.000Z";1129.67
"2026-04-22T22:48:00.000Z";"2026-04-22T22:51:00.000Z";1143.71
"2026-04-22T22:51:00.000Z";"2026-04-22T22:54:00.000Z";1155.33
"2026-04-22T22:54:00.000Z";"2026-04-22T22:57:00.000Z";1165.77
"2026-04-22T22:57:00.000Z";"2026-04-22T23:00:00.000Z";1183.32
"2026-04-22T23:00:00.000Z";"2026-04-22T23:03:00.000Z";1190.61
"2026-04-22T23:03:00.000Z";"2026-04-22T23:06:00.000Z";1204.88
"2026-04-22T23:06:00.000Z";"2026-04-22T23:09:00.000Z";1229.1
"2026-04-22T23:09:00.000Z";"2026-04-22T23:12:00.000Z";1233.33
"2026-04-22T23:12:00.000Z";"2026-04-22T23:15:00.000Z";1232.44
"2026-04-22T23:15:00.000Z";"2026-04-22T23:18:00.000Z";1229.45
"2026-04-22T23:18:00.000Z";"2026-04-22T23:21:00.000Z";1229.67
"2026-04-22T23:21:00.000Z";"2026-04-22T23:24:00.000Z";1226.5
"2026-04-22T23:24:00.000Z";"2026-04-22T23:27:00.000Z";1221.39
"2026-04-22T23:27:00.000Z";"2026-04-22T23:30:00.000Z";1217.61
"2026-04-22T23:30:00.000Z";"2026-04-22T23:33:00.000Z";1217.89
"2026-04-22T23:33:00.000Z";"2026-04-22T23:36:00.000Z";1208.73
"2026-04-22T23:36:00.000Z";"2026-04-22T23:39:00.000Z";1199.34
"2026-04-22T23:39:00.000Z";"2026-04-22T23:42:00.000Z";1196.28
"2026-04-22T23:42:00.000Z";"2026-04-22T23:45:00.000Z";1193.89
"2026-04-22T23:45:00.000Z";"2026-04-22T23:48:00.000Z";1201.49
"2026-04-22T23:48:00.000Z";"2026-04-22T23:51:00.000Z";1211.83
"2026-04-22T23:51:00.000Z";"2026-04-22T23:54:00.000Z";1212.83
"2026-04-22T23:54:00.000Z";"2026-04-22T23:57:00.000Z";1199.29
"2026-04-22T23:57:00.000Z";"2026-04-23T00:00:00.000Z";1192.83
"2026-04-23T00:00:00.000Z";"2026-04-23T00:03:00.000Z";1184.3
"2026-04-23T00:03:00.000Z";"2026-04-23T00:06:00.000Z";1188.1
"2026-04-23T00:06:00.000Z";"2026-04-23T00:09:00.000Z";1201.83
"2026-04-23T00:09:00.000Z";"2026-04-23T00:12:00.000Z";1201.45
"2026-04-23T00:12:00.000Z";"2026-04-23T00:15:00.000Z";1200.28
"2026-04-23T00:15:00.000Z";"2026-04-23T00:18:00.000Z";1197.34
"2026-04-23T00:18:00.000Z";"2026-04-23T00:21:00.000Z";1193.56
"2026-04-23T00:21:00.000Z";"2026-04-23T00:24:00.000Z";1188.28
"2026-04-23T00:24:00.000Z";"2026-04-23T00:27:00.000Z";1187.44
"2026-04-23T00:27:00.000Z";"2026-04-23T00:30:00.000Z";1188.06
"2026-04-23T00:30:00.000Z";"2026-04-23T00:33:00.000Z";1187.5
"2026-04-23T00:33:00.000Z";"2026-04-23T00:36:00.000Z";1177.06
"2026-04-23T00:36:00.000Z";"2026-04-23T00:39:00.000Z";1187.61
"2026-04-23T00:39:00.000Z";"2026-04-23T00:42:00.000Z";1184.23
"2026-04-23T00:42:00.000Z";"2026-04-23T00:45:00.000Z";1170.73
"2026-04-23T00:45:00.000Z";"2026-04-23T00:48:00.000Z";1164.18
"2026-04-23T00:48:00.000Z";"2026-04-23T00:51:00.000Z";1162.83
"2026-04-23T00:51:00.000Z";"2026-04-23T00:54:00.000Z";1163.28
"2026-04-23T00:54:00.000Z";"2026-04-23T00:57:00.000Z";1166.55
"2026-04-23T00:57:00.000Z";"2026-04-23T01:00:00.000Z";1180.66
"2026-04-23T01:00:00.000Z";"2026-04-23T01:03:00.000Z";1178.33
"2026-04-23T01:03:00.000Z";"2026-04-23T01:06:00.000Z";1174.22
"2026-04-23T01:06:00.000Z";"2026-04-23T01:09:00.000Z";1173.61
"2026-04-23T01:09:00.000Z";"2026-04-23T01:12:00.000Z";1175.56
"2026-04-23T01:12:00.000Z";"2026-04-23T01:15:00.000Z";1177.39
"2026-04-23T01:15:00.000Z";"2026-04-23T01:18:00.000Z";1175.33
"2026-04-23T01:18:00.000Z";"2026-04-23T01:21:00.000Z";1188.05
"2026-04-23T01:21:00.000Z";"2026-04-23T01:24:00.000Z";1186.33
"2026-04-23T01:24:00.000Z";"2026-04-23T01:27:00.000Z";1189.05
"2026-04-23T01:27:00.000Z";"2026-04-23T01:30:00.000Z";1191.67
"2026-04-23T01:30:00.000Z";"2026-04-23T01:33:00.000Z";1193.34
"2026-04-23T01:33:00.000Z";"2026-04-23T01:36:00.000Z";1180.11
"2026-04-23T01:36:00.000Z";"2026-04-23T01:39:00.000Z";1180.66
"2026-04-23T01:39:00.000Z";"2026-04-23T01:42:00.000Z";1183.33
"2026-04-23T01:42:00.000Z";"2026-04-23T01:45:00.000Z";1187.39
"2026-04-23T01:45:00.000Z";"2026-04-23T01:48:00.000Z";1195.99
"2026-04-23T01:48:00.000Z";"2026-04-23T01:51:00.000Z";1198.12
"2026-04-23T01:51:00.000Z";"2026-04-23T01:54:00.000Z";1195.11
"2026-04-23T01:54:00.000Z";"2026-04-23T01:57:00.000Z";1196.5
"2026-04-23T01:57:00.000Z";"2026-04-23T02:00:00.000Z";1194
"2026-04-23T02:00:00.000Z";"2026-04-23T02:03:00.000Z";1200.16
"2026-04-23T02:03:00.000Z";"2026-04-23T02:06:00.000Z";1199.22
"2026-04-23T02:06:00.000Z";"2026-04-23T02:09:00.000Z";1201.72
"2026-04-23T02:09:00.000Z";"2026-04-23T02:12:00.000Z";1205.67
"2026-04-23T02:12:00.000Z";"2026-04-23T02:15:00.000Z";1205.33
"2026-04-23T02:15:00.000Z";"2026-04-23T02:18:00.000Z";1198.39
"2026-04-23T02:18:00.000Z";"2026-04-23T02:21:00.000Z";1198.5
"2026-04-23T02:21:00.000Z";"2026-04-23T02:24:00.000Z";1204.72
"2026-04-23T02:24:00.000Z";"2026-04-23T02:27:00.000Z";1206.72
"2026-04-23T02:27:00.000Z";"2026-04-23T02:30:00.000Z";1203.45
"2026-04-23T02:30:00.000Z";"2026-04-23T02:33:00.000Z";1196
"2026-04-23T02:33:00.000Z";"2026-04-23T02:36:00.000Z";1192.55
"2026-04-23T02:36:00.000Z";"2026-04-23T02:39:00.000Z";1192.06
"2026-04-23T02:39:00.000Z";"2026-04-23T02:42:00.000Z";1203.27
"2026-04-23T02:42:00.000Z";"2026-04-23T02:45:00.000Z";1236.94
"2026-04-23T02:45:00.000Z";"2026-04-23T02:48:00.000Z";1237.22
"2026-04-23T02:48:00.000Z";"2026-04-23T02:51:00.000Z";1243.72
"2026-04-23T02:51:00.000Z";"2026-04-23T02:54:00.000Z";1254.83
"2026-04-23T02:54:00.000Z";"2026-04-23T02:57:00.000Z";1258.89
"2026-04-23T02:57:00.000Z";"2026-04-23T03:00:00.000Z";1259.39
"2026-04-23T03:00:00.000Z";"2026-04-23T03:03:00.000Z";1273.26
"2026-04-23T03:03:00.000Z";"2026-04-23T03:06:00.000Z";1288.39
"2026-04-23T03:06:00.000Z";"2026-04-23T03:09:00.000Z";1289.61
"2026-04-23T03:09:00.000Z";"2026-04-23T03:12:00.000Z";1323.9
"2026-04-23T03:12:00.000Z";"2026-04-23T03:15:00.000Z";1355.21
"2026-04-23T03:15:00.000Z";"2026-04-23T03:18:00.000Z";1370.21
"2026-04-23T03:18:00.000Z";"2026-04-23T03:21:00.000Z";1379.05
"2026-04-23T03:21:00.000Z";"2026-04-23T03:24:00.000Z";1384.61
"2026-04-23T03:24:00.000Z";"2026-04-23T03:27:00.000Z";1387.16
"2026-04-23T03:27:00.000Z";"2026-04-23T03:30:00.000Z";1415.03
"2026-04-23T03:30:00.000Z";"2026-04-23T03:33:00.000Z";1412.67
"2026-04-23T03:33:00.000Z";"2026-04-23T03:36:00.000Z";1407.83
"2026-04-23T03:36:00.000Z";"2026-04-23T03:39:00.000Z";1408.66
"2026-04-23T03:39:00.000Z";"2026-04-23T03:42:00.000Z";1417.67
"2026-04-23T03:42:00.000Z";"2026-04-23T03:45:00.000Z";1425.22
"2026-04-23T03:45:00.000Z";"2026-04-23T03:48:00.000Z";1425.72
"2026-04-23T03:48:00.000Z";"2026-04-23T03:51:00.000Z";1427.16
"2026-04-23T03:51:00.000Z";"2026-04-23T03:54:00.000Z";1432.05
"2026-04-23T03:54:00.000Z";"2026-04-23T03:57:00.000Z";1437
"2026-04-23T03:57:00.000Z";"2026-04-23T04:00:00.000Z";1429.24
"2026-04-23T04:00:00.000Z";"2026-04-23T04:03:00.000Z";1405.51
"2026-04-23T04:03:00.000Z";"2026-04-23T04:06:00.000Z";1397
"2026-04-23T04:06:00.000Z";"2026-04-23T04:09:00.000Z";1396.44
"2026-04-23T04:09:00.000Z";"2026-04-23T04:12:00.000Z";1408.66
"2026-04-23T04:12:00.000Z";"2026-04-23T04:15:00.000Z";1423.1
"2026-04-23T04:15:00.000Z";"2026-04-23T04:18:00.000Z";1431.56
"2026-04-23T04:18:00.000Z";"2026-04-23T04:21:00.000Z";1428.17
"2026-04-23T04:21:00.000Z";"2026-04-23T04:24:00.000Z";1432.77
"2026-04-23T04:24:00.000Z";"2026-04-23T04:27:00.000Z";1442.49
"2026-04-23T04:27:00.000Z";"2026-04-23T04:30:00.000Z";1447.06
"2026-04-23T04:30:00.000Z";"2026-04-23T04:33:00.000Z";1448.72
"2026-04-23T04:33:00.000Z";"2026-04-23T04:36:00.000Z";1457.44
"2026-04-23T04:36:00.000Z";"2026-04-23T04:39:00.000Z";1459.55
"2026-04-23T04:39:00.000Z";"2026-04-23T04:42:00.000Z";1466.89
"2026-04-23T04:42:00.000Z";"2026-04-23T04:45:00.000Z";1471.22
"2026-04-23T04:45:00.000Z";"2026-04-23T04:48:00.000Z";1469.67
"2026-04-23T04:48:00.000Z";"2026-04-23T04:51:00.000Z";1458.45
"2026-04-23T04:51:00.000Z";"2026-04-23T04:54:00.000Z";1460.38
"2026-04-23T04:54:00.000Z";"2026-04-23T04:57:00.000Z";1470.72
"2026-04-23T04:57:00.000Z";"2026-04-23T05:00:00.000Z";1469
"2026-04-23T05:00:00.000Z";"2026-04-23T05:03:00.000Z";1446.84
"2026-04-23T05:03:00.000Z";"2026-04-23T05:06:00.000Z";1425.01
"2026-04-23T05:06:00.000Z";"2026-04-23T05:09:00.000Z";1436.38
"2026-04-23T05:09:00.000Z";"2026-04-23T05:12:00.000Z";1443.99
"2026-04-23T05:12:00.000Z";"2026-04-23T05:15:00.000Z";1450.33
"2026-04-23T05:15:00.000Z";"2026-04-23T05:18:00.000Z";1449.73
"2026-04-23T05:18:00.000Z";"2026-04-23T05:21:00.000Z";1435
"2026-04-23T05:21:00.000Z";"2026-04-23T05:24:00.000Z";1436.72
"2026-04-23T05:24:00.000Z";"2026-04-23T05:27:00.000Z";1434.78
"2026-04-23T05:27:00.000Z";"2026-04-23T05:30:00.000Z";1428.39
"2026-04-23T05:30:00.000Z";"2026-04-23T05:33:00.000Z";1422.28
"2026-04-23T05:33:00.000Z";"2026-04-23T05:36:00.000Z";1427.22
"2026-04-23T05:36:00.000Z";"2026-04-23T05:39:00.000Z";1420.79
"2026-04-23T05:39:00.000Z";"2026-04-23T05:42:00.000Z";1425.22
"2026-04-23T05:42:00.000Z";"2026-04-23T05:45:00.000Z";1420.34
"2026-04-23T05:45:00.000Z";"2026-04-23T05:48:00.000Z";1415.61
"2026-04-23T05:48:00.000Z";"2026-04-23T05:51:00.000Z";1422.16
"2026-04-23T05:51:00.000Z";"2026-04-23T05:54:00.000Z";1424.28
"2026-04-23T05:54:00.000Z";"2026-04-23T05:57:00.000Z";1427.55
"2026-04-23T05:57:00.000Z";"2026-04-23T06:00:00.000Z";1429.05
"2026-04-23T06:00:00.000Z";"2026-04-23T06:03:00.000Z";1422.56
"2026-04-23T06:03:00.000Z";"2026-04-23T06:06:00.000Z";1424.78
"2026-04-23T06:06:00.000Z";"2026-04-23T06:09:00.000Z";1386.7
"2026-04-23T06:09:00.000Z";"2026-04-23T06:12:00.000Z";1352.56
"2026-04-23T06:12:00.000Z";"2026-04-23T06:15:00.000Z";1350
"2026-04-23T06:15:00.000Z";"2026-04-23T06:18:00.000Z";1355.22
"2026-04-23T06:18:00.000Z";"2026-04-23T06:21:00.000Z";1355.68
"2026-04-23T06:21:00.000Z";"2026-04-23T06:24:00.000Z";1342
"2026-04-23T06:24:00.000Z";"2026-04-23T06:27:00.000Z";1342.22
"2026-04-23T06:27:00.000Z";"2026-04-23T06:30:00.000Z";1344.78
"2026-04-23T06:30:00.000Z";"2026-04-23T06:33:00.000Z";1347.44
"2026-04-23T06:33:00.000Z";"2026-04-23T06:36:00.000Z";1347.78
"2026-04-23T06:36:00.000Z";"2026-04-23T06:39:00.000Z";1348.39
"2026-04-23T06:39:00.000Z";"2026-04-23T06:42:00.000Z";1351.61
"2026-04-23T06:42:00.000Z";"2026-04-23T06:45:00.000Z";1350.34
"2026-04-23T06:45:00.000Z";"2026-04-23T06:48:00.000Z";1348.72
"2026-04-23T06:48:00.000Z";"2026-04-23T06:51:00.000Z";1353.94
"2026-04-23T06:51:00.000Z";"2026-04-23T06:54:00.000Z";1353.94
"2026-04-23T06:54:00.000Z";"2026-04-23T06:57:00.000Z";1354.45
"2026-04-23T06:57:00.000Z";"2026-04-23T07:00:00.000Z";1361.11
"2026-04-23T07:00:00.000Z";"2026-04-23T07:03:00.000Z";1376.44
"2026-04-23T07:03:00.000Z";"2026-04-23T07:06:00.000Z";1389.94
"2026-04-23T07:06:00.000Z";"2026-04-23T07:09:00.000Z";1375.34
"2026-04-23T07:09:00.000Z";"2026-04-23T07:12:00.000Z";1365.83
"2026-04-23T07:12:00.000Z";"2026-04-23T07:15:00.000Z";1354.67
"2026-04-23T07:15:00.000Z";"2026-04-23T07:18:00.000Z";1333.8
"2026-04-23T07:18:00.000Z";"2026-04-23T07:21:00.000Z";1321.18
"2026-04-23T07:21:00.000Z";"2026-04-23T07:24:00.000Z";1304.23
"2026-04-23T07:24:00.000Z";"2026-04-23T07:27:00.000Z";1287.67
"2026-04-23T07:27:00.000Z";"2026-04-23T07:30:00.000Z";1276.07
"2026-04-23T07:30:00.000Z";"2026-04-23T07:33:00.000Z";1276.99
"2026-04-23T07:33:00.000Z";"2026-04-23T07:36:00.000Z";1303.39
"2026-04-23T07:36:00.000Z";"2026-04-23T07:39:00.000Z";1300.28
"2026-04-23T07:39:00.000Z";"2026-04-23T07:42:00.000Z";1295.67
"2026-04-23T07:42:00.000Z";"2026-04-23T07:45:00.000Z";1291.73
"2026-04-23T07:45:00.000Z";"2026-04-23T07:48:00.000Z";1289.11
"2026-04-23T07:48:00.000Z";"2026-04-23T07:51:00.000Z";1294.94
"2026-04-23T07:51:00.000Z";"2026-04-23T07:54:00.000Z";1295.11
"2026-04-23T07:54:00.000Z";"2026-04-23T07:57:00.000Z";1293.67
"2026-04-23T07:57:00.000Z";"2026-04-23T08:00:00.000Z";1287.89
"2026-04-23T08:00:00.000Z";"2026-04-23T08:03:00.000Z";1282.17
"2026-04-23T08:03:00.000Z";"2026-04-23T08:06:00.000Z";1288.83
"2026-04-23T08:06:00.000Z";"2026-04-23T08:09:00.000Z";1283.95
"2026-04-23T08:09:00.000Z";"2026-04-23T08:12:00.000Z";1283.61
"2026-04-23T08:12:00.000Z";"2026-04-23T08:15:00.000Z";1282.78
"2026-04-23T08:15:00.000Z";"2026-04-23T08:18:00.000Z";1277.84
"2026-04-23T08:18:00.000Z";"2026-04-23T08:21:00.000Z";1271.22
"2026-04-23T08:21:00.000Z";"2026-04-23T08:24:00.000Z";1259.12
"2026-04-23T08:24:00.000Z";"2026-04-23T08:27:00.000Z";1257.33
"2026-04-23T08:27:00.000Z";"2026-04-23T08:30:00.000Z";1261.39
"2026-04-23T08:30:00.000Z";"2026-04-23T08:33:00.000Z";1260.77
"2026-04-23T08:33:00.000Z";"2026-04-23T08:36:00.000Z";1267.83
"2026-04-23T08:36:00.000Z";"2026-04-23T08:39:00.000Z";1265.11
"2026-04-23T08:39:00.000Z";"2026-04-23T08:42:00.000Z";1263.11
"2026-04-23T08:42:00.000Z";"2026-04-23T08:45:00.000Z";1264.17
"2026-04-23T08:45:00.000Z";"2026-04-23T08:48:00.000Z";1265.94
"2026-04-23T08:48:00.000Z";"2026-04-23T08:51:00.000Z";1270.28
"2026-04-23T08:51:00.000Z";"2026-04-23T08:54:00.000Z";1262.78
"2026-04-23T08:54:00.000Z";"2026-04-23T08:57:00.000Z";1259.56
"2026-04-23T08:57:00.000Z";"2026-04-23T09:00:00.000Z";1272.94
"2026-04-23T09:00:00.000Z";"2026-04-23T09:03:00.000Z";1249.8
"2026-04-23T09:03:00.000Z";"2026-04-23T09:06:00.000Z";1223.23
"2026-04-23T09:06:00.000Z";"2026-04-23T09:09:00.000Z";1228.33
"2026-04-23T09:09:00.000Z";"2026-04-23T09:12:00.000Z";1229.28
"2026-04-23T09:12:00.000Z";"2026-04-23T09:15:00.000Z";1227.78
"2026-04-23T09:15:00.000Z";"2026-04-23T09:18:00.000Z";1233.28
"2026-04-23T09:18:00.000Z";"2026-04-23T09:21:00.000Z";1237.33
"2026-04-23T09:21:00.000Z";"2026-04-23T09:24:00.000Z";1237.22
"2026-04-23T09:24:00.000Z";"2026-04-23T09:27:00.000Z";1233.17
"2026-04-23T09:27:00.000Z";"2026-04-23T09:30:00.000Z";1227.56
"2026-04-23T09:30:00.000Z";"2026-04-23T09:33:00.000Z";1227
"2026-04-23T09:33:00.000Z";"2026-04-23T09:36:00.000Z";1235.55
"2026-04-23T09:36:00.000Z";"2026-04-23T09:39:00.000Z";1240.22
"2026-04-23T09:39:00.000Z";"2026-04-23T09:42:00.000Z";1240.28
"2026-04-23T09:42:00.000Z";"2026-04-23T09:45:00.000Z";1226.78
"2026-04-23T09:45:00.000Z";"2026-04-23T09:48:00.000Z";1230.94
"2026-04-23T09:48:00.000Z";"2026-04-23T09:51:00.000Z";1235.94
"2026-04-23T09:51:00.000Z";"2026-04-23T09:54:00.000Z";1230.78
"2026-04-23T09:54:00.000Z";"2026-04-23T09:57:00.000Z";1231.89
"2026-04-23T09:57:00.000Z";"2026-04-23T10:00:00.000Z";1223.29
"2026-04-23T10:00:00.000Z";"2026-04-23T10:03:00.000Z";1183.08
"2026-04-23T10:03:00.000Z";"2026-04-23T10:06:00.000Z";1167.34
"2026-04-23T10:06:00.000Z";"2026-04-23T10:09:00.000Z";1159.17
"2026-04-23T10:09:00.000Z";"2026-04-23T10:12:00.000Z";1158.61
"2026-04-23T10:12:00.000Z";"2026-04-23T10:15:00.000Z";1163.55
"2026-04-23T10:15:00.000Z";"2026-04-23T10:18:00.000Z";1165.45
"2026-04-23T10:18:00.000Z";"2026-04-23T10:21:00.000Z";1162
"2026-04-23T10:21:00.000Z";"2026-04-23T10:24:00.000Z";1156.5
"2026-04-23T10:24:00.000Z";"2026-04-23T10:27:00.000Z";1159.11
"2026-04-23T10:27:00.000Z";"2026-04-23T10:30:00.000Z";1158.17
"2026-04-23T10:30:00.000Z";"2026-04-23T10:33:00.000Z";1162.83
"2026-04-23T10:33:00.000Z";"2026-04-23T10:36:00.000Z";1163.33
"2026-04-23T10:36:00.000Z";"2026-04-23T10:39:00.000Z";1155.06
"2026-04-23T10:39:00.000Z";"2026-04-23T10:42:00.000Z";1157.22
"2026-04-23T10:42:00.000Z";"2026-04-23T10:45:00.000Z";1147.06
"2026-04-23T10:45:00.000Z";"2026-04-23T10:48:00.000Z";1164.44
"2026-04-23T10:48:00.000Z";"2026-04-23T10:51:00.000Z";1166.67
"2026-04-23T10:51:00.000Z";"2026-04-23T10:54:00.000Z";1159.67
"2026-04-23T10:54:00.000Z";"2026-04-23T10:57:00.000Z";1152
"2026-04-23T10:57:00.000Z";"2026-04-23T11:00:00.000Z";1160.83
"2026-04-23T11:00:00.000Z";"2026-04-23T11:03:00.000Z";1168.94
"2026-04-23T11:03:00.000Z";"2026-04-23T11:06:00.000Z";1170.22
"2026-04-23T11:06:00.000Z";"2026-04-23T11:09:00.000Z";1182.11
"2026-04-23T11:09:00.000Z";"2026-04-23T11:12:00.000Z";1187
"2026-04-23T11:12:00.000Z";"2026-04-23T11:15:00.000Z";1183.17
"2026-04-23T11:15:00.000Z";"2026-04-23T11:18:00.000Z";1185.22
"2026-04-23T11:18:00.000Z";"2026-04-23T11:21:00.000Z";1193.49
"2026-04-23T11:21:00.000Z";"2026-04-23T11:24:00.000Z";1201.33
"2026-04-23T11:24:00.000Z";"2026-04-23T11:27:00.000Z";1202.83
"2026-04-23T11:27:00.000Z";"2026-04-23T11:30:00.000Z";1193.01
"2026-04-23T11:30:00.000Z";"2026-04-23T11:33:00.000Z";1157.18
"2026-04-23T11:33:00.000Z";"2026-04-23T11:36:00.000Z";1161.22
"2026-04-23T11:36:00.000Z";"2026-04-23T11:39:00.000Z";1166.06
"2026-04-23T11:39:00.000Z";"2026-04-23T11:42:00.000Z";1161.06
"2026-04-23T11:42:00.000Z";"2026-04-23T11:45:00.000Z";1160.89
"2026-04-23T11:45:00.000Z";"2026-04-23T11:48:00.000Z";1153.01
"2026-04-23T11:48:00.000Z";"2026-04-23T11:51:00.000Z";1148.61
"2026-04-23T11:51:00.000Z";"2026-04-23T11:54:00.000Z";1144.84
"2026-04-23T11:54:00.000Z";"2026-04-23T11:57:00.000Z";1141.27
"2026-04-23T11:57:00.000Z";"2026-04-23T12:00:00.000Z";1149.39
"2026-04-23T12:00:00.000Z";"2026-04-23T12:03:00.000Z";1177.43
"2026-04-23T12:03:00.000Z";"2026-04-23T12:06:00.000Z";1190.05
"2026-04-23T12:06:00.000Z";"2026-04-23T12:09:00.000Z";1184.5
"2026-04-23T12:09:00.000Z";"2026-04-23T12:12:00.000Z";1188.5
"2026-04-23T12:12:00.000Z";"2026-04-23T12:15:00.000Z";1197.28
"2026-04-23T12:15:00.000Z";"2026-04-23T12:18:00.000Z";1191.06
"2026-04-23T12:18:00.000Z";"2026-04-23T12:21:00.000Z";1190
"2026-04-23T12:21:00.000Z";"2026-04-23T12:24:00.000Z";1191.67
"2026-04-23T12:24:00.000Z";"2026-04-23T12:27:00.000Z";1189.84
"2026-04-23T12:27:00.000Z";"2026-04-23T12:30:00.000Z";1191.22
"2026-04-23T12:30:00.000Z";"2026-04-23T12:33:00.000Z";1186.95
"2026-04-23T12:33:00.000Z";"2026-04-23T12:36:00.000Z";1183.06
"2026-04-23T12:36:00.000Z";"2026-04-23T12:39:00.000Z";1196.49
"2026-04-23T12:39:00.000Z";"2026-04-23T12:42:00.000Z";1202.5
"2026-04-23T12:42:00.000Z";"2026-04-23T12:45:00.000Z";1187.73
"2026-04-23T12:45:00.000Z";"2026-04-23T12:48:00.000Z";1196.82
"2026-04-23T12:48:00.000Z";"2026-04-23T12:51:00.000Z";1208.78
"2026-04-23T12:51:00.000Z";"2026-04-23T12:54:00.000Z";1196.39
"2026-04-23T12:54:00.000Z";"2026-04-23T12:57:00.000Z";1199.06
"2026-04-23T12:57:00.000Z";"2026-04-23T13:00:00.000Z";1188.34
"2026-04-23T13:00:00.000Z";"2026-04-23T13:03:00.000Z";1188.67
"2026-04-23T13:03:00.000Z";"2026-04-23T13:06:00.000Z";1187.72
"2026-04-23T13:06:00.000Z";"2026-04-23T13:09:00.000Z";1177.39
"2026-04-23T13:09:00.000Z";"2026-04-23T13:12:00.000Z";1182.06
"2026-04-23T13:12:00.000Z";"2026-04-23T13:15:00.000Z";1171.28
"2026-04-23T13:15:00.000Z";"2026-04-23T13:18:00.000Z";1175.06
"2026-04-23T13:18:00.000Z";"2026-04-23T13:21:00.000Z";1172.94
"2026-04-23T13:21:00.000Z";"2026-04-23T13:24:00.000Z";1175.83
"2026-04-23T13:24:00.000Z";"2026-04-23T13:27:00.000Z";1180.22
"2026-04-23T13:27:00.000Z";"2026-04-23T13:30:00.000Z";1192.99
"2026-04-23T13:30:00.000Z";"2026-04-23T13:33:00.000Z";1202.89
"2026-04-23T13:33:00.000Z";"2026-04-23T13:36:00.000Z";1199.06
"2026-04-23T13:36:00.000Z";"2026-04-23T13:39:00.000Z";1200.89
"2026-04-23T13:39:00.000Z";"2026-04-23T13:42:00.000Z";1209.66
"2026-04-23T13:42:00.000Z";"2026-04-23T13:45:00.000Z";1205.28
"2026-04-23T13:45:00.000Z";"2026-04-23T13:48:00.000Z";1210.38
"2026-04-23T13:48:00.000Z";"2026-04-23T13:51:00.000Z";1215.11
"2026-04-23T13:51:00.000Z";"2026-04-23T13:54:00.000Z";1208.56
"2026-04-23T13:54:00.000Z";"2026-04-23T13:57:00.000Z";1208.89
"2026-04-23T13:57:00.000Z";"2026-04-23T14:00:00.000Z";1225.2
"2026-04-23T14:00:00.000Z";"2026-04-23T14:03:00.000Z";1246.17
"2026-04-23T14:03:00.000Z";"2026-04-23T14:06:00.000Z";1250.44
"2026-04-23T14:06:00.000Z";"2026-04-23T14:09:00.000Z";1255.16
"2026-04-23T14:09:00.000Z";"2026-04-23T14:12:00.000Z";1253.9
"2026-04-23T14:12:00.000Z";"2026-04-23T14:15:00.000Z";1244.94
"2026-04-23T14:15:00.000Z";"2026-04-23T14:18:00.000Z";1256.38
"2026-04-23T14:18:00.000Z";"2026-04-23T14:21:00.000Z";1264.56
"2026-04-23T14:21:00.000Z";"2026-04-23T14:24:00.000Z";1266.1
"2026-04-23T14:24:00.000Z";"2026-04-23T14:27:00.000Z";1265.61
"2026-04-23T14:27:00.000Z";"2026-04-23T14:30:00.000Z";1264.61
"2026-04-23T14:30:00.000Z";"2026-04-23T14:33:00.000Z";1261.51
"2026-04-23T14:33:00.000Z";"2026-04-23T14:36:00.000Z";1257.33
"2026-04-23T14:36:00.000Z";"2026-04-23T14:39:00.000Z";1257.28
"2026-04-23T14:39:00.000Z";"2026-04-23T14:42:00.000Z";1263.44
"2026-04-23T14:42:00.000Z";"2026-04-23T14:45:00.000Z";1267.33
"2026-04-23T14:45:00.000Z";"2026-04-23T14:48:00.000Z";1265.5
"2026-04-23T14:48:00.000Z";"2026-04-23T14:51:00.000Z";1266.33
"2026-04-23T14:51:00.000Z";"2026-04-23T14:54:00.000Z";1258.17
"2026-04-23T14:54:00.000Z";"2026-04-23T14:57:00.000Z";1263.83
"2026-04-23T14:57:00.000Z";"2026-04-23T15:00:00.000Z";1311.35
"2026-04-23T15:00:00.000Z";"2026-04-23T15:03:00.000Z";1336.68
"2026-04-23T15:03:00.000Z";"2026-04-23T15:06:00.000Z";1328.88
"2026-04-23T15:06:00.000Z";"2026-04-23T15:09:00.000Z";1344.05
"2026-04-23T15:09:00.000Z";"2026-04-23T15:12:00.000Z";1351.17
"2026-04-23T15:12:00.000Z";"2026-04-23T15:15:00.000Z";1357.11
"2026-04-23T15:15:00.000Z";"2026-04-23T15:18:00.000Z";1366.66
"2026-04-23T15:18:00.000Z";"2026-04-23T15:21:00.000Z";1381.38
"2026-04-23T15:21:00.000Z";"2026-04-23T15:24:00.000Z";1363.4
"2026-04-23T15:24:00.000Z";"2026-04-23T15:27:00.000Z";1363.17
"2026-04-23T15:27:00.000Z";"2026-04-23T15:30:00.000Z";1359.94
"2026-04-23T15:30:00.000Z";"2026-04-23T15:33:00.000Z";1358.56
"2026-04-23T15:33:00.000Z";"2026-04-23T15:36:00.000Z";1351.44
"2026-04-23T15:36:00.000Z";"2026-04-23T15:39:00.000Z";1364.65
"2026-04-23T15:39:00.000Z";"2026-04-23T15:42:00.000Z";1383.38
"2026-04-23T15:42:00.000Z";"2026-04-23T15:45:00.000Z";1393.21
"2026-04-23T15:45:00.000Z";"2026-04-23T15:48:00.000Z";1404.66
"2026-04-23T15:48:00.000Z";"2026-04-23T15:51:00.000Z";1435.6
"2026-04-23T15:51:00.000Z";"2026-04-23T15:54:00.000Z";1463.6
"2026-04-23T15:54:00.000Z";"2026-04-23T15:57:00.000Z";1469.5
"2026-04-23T15:57:00.000Z";"2026-04-23T16:00:00.000Z";1474.72
"2026-04-23T16:00:00.000Z";"2026-04-23T16:03:00.000Z";1461.9
"2026-04-23T16:03:00.000Z";"2026-04-23T16:06:00.000Z";1468.7
"2026-04-23T16:06:00.000Z";"2026-04-23T16:09:00.000Z";1508.73
"2026-04-23T16:09:00.000Z";"2026-04-23T16:12:00.000Z";1527.17
"2026-04-23T16:12:00.000Z";"2026-04-23T16:15:00.000Z";1530.83
"2026-04-23T16:15:00.000Z";"2026-04-23T16:18:00.000Z";1526.12
"2026-04-23T16:18:00.000Z";"2026-04-23T16:21:00.000Z";1518.33
"2026-04-23T16:21:00.000Z";"2026-04-23T16:24:00.000Z";1521.11
"2026-04-23T16:24:00.000Z";"2026-04-23T16:27:00.000Z";1522.94
"2026-04-23T16:27:00.000Z";"2026-04-23T16:30:00.000Z";1531.66
"2026-04-23T16:30:00.000Z";"2026-04-23T16:33:00.000Z";1511.4
"2026-04-23T16:33:00.000Z";"2026-04-23T16:36:00.000Z";1533.3
"2026-04-23T16:36:00.000Z";"2026-04-23T16:39:00.000Z";1583.72
"2026-04-23T16:39:00.000Z";"2026-04-23T16:42:00.000Z";1588.94
"2026-04-23T16:42:00.000Z";"2026-04-23T16:45:00.000Z";1589.78
"2026-04-23T16:45:00.000Z";"2026-04-23T16:48:00.000Z";1589.22
"2026-04-23T16:48:00.000Z";"2026-04-23T16:51:00.000Z";1588.22
"2026-04-23T16:51:00.000Z";"2026-04-23T16:54:00.000Z";1583.28
"2026-04-23T16:54:00.000Z";"2026-04-23T16:57:00.000Z";1584.26
"2026-04-23T16:57:00.000Z";"2026-04-23T17:00:00.000Z";1605.11
"2026-04-23T17:00:00.000Z";"2026-04-23T17:03:00.000Z";1617.61
"2026-04-23T17:03:00.000Z";"2026-04-23T17:06:00.000Z";1631.77
"2026-04-23T17:06:00.000Z";"2026-04-23T17:09:00.000Z";1630.4
"2026-04-23T17:09:00.000Z";"2026-04-23T17:12:00.000Z";1636.21
"2026-04-23T17:12:00.000Z";"2026-04-23T17:15:00.000Z";1652.05
"2026-04-23T17:15:00.000Z";"2026-04-23T17:18:00.000Z";1641.69
"2026-04-23T17:18:00.000Z";"2026-04-23T17:21:00.000Z";1618
"2026-04-23T17:21:00.000Z";"2026-04-23T17:24:00.000Z";1612.51
"2026-04-23T17:24:00.000Z";"2026-04-23T17:27:00.000Z";1606.89
"2026-04-23T17:27:00.000Z";"2026-04-23T17:30:00.000Z";1611.78
"2026-04-23T17:30:00.000Z";"2026-04-23T17:33:00.000Z";1614.06
"2026-04-23T17:33:00.000Z";"2026-04-23T17:36:00.000Z";1611.83
"2026-04-23T17:36:00.000Z";"2026-04-23T17:39:00.000Z";1610.33
"2026-04-23T17:39:00.000Z";"2026-04-23T17:42:00.000Z";1607.22
"2026-04-23T17:42:00.000Z";"2026-04-23T17:45:00.000Z";1596.28
"2026-04-23T17:45:00.000Z";"2026-04-23T17:48:00.000Z";1577.45
"2026-04-23T17:48:00.000Z";"2026-04-23T17:51:00.000Z";1576.89
"2026-04-23T17:51:00.000Z";"2026-04-23T17:54:00.000Z";1577.33
"2026-04-23T17:54:00.000Z";"2026-04-23T17:57:00.000Z";1564.62
"2026-04-23T17:57:00.000Z";"2026-04-23T18:00:00.000Z";1516.52
"2026-04-23T18:00:00.000Z";"2026-04-23T18:03:00.000Z";1501.61
"2026-04-23T18:03:00.000Z";"2026-04-23T18:06:00.000Z";1488.07
"2026-04-23T18:06:00.000Z";"2026-04-23T18:09:00.000Z";1473.61
"2026-04-23T18:09:00.000Z";"2026-04-23T18:12:00.000Z";1470
"2026-04-23T18:12:00.000Z";"2026-04-23T18:15:00.000Z";1467.45
"2026-04-23T18:15:00.000Z";"2026-04-23T18:18:00.000Z";1465.67
"2026-04-23T18:18:00.000Z";"2026-04-23T18:21:00.000Z";1469.44
"2026-04-23T18:21:00.000Z";"2026-04-23T18:24:00.000Z";1485.09
"2026-04-23T18:24:00.000Z";"2026-04-23T18:27:00.000Z";1511.22
"2026-04-23T18:27:00.000Z";"2026-04-23T18:30:00.000Z";1514.66
"2026-04-23T18:30:00.000Z";"2026-04-23T18:33:00.000Z";1531.71
"2026-04-23T18:33:00.000Z";"2026-04-23T18:36:00.000Z";1555.04
"2026-04-23T18:36:00.000Z";"2026-04-23T18:39:00.000Z";1557.5
"2026-04-23T18:39:00.000Z";"2026-04-23T18:42:00.000Z";1558.89
"2026-04-23T18:42:00.000Z";"2026-04-23T18:45:00.000Z";1567.61
"2026-04-23T18:45:00.000Z";"2026-04-23T18:48:00.000Z";1560.34
"2026-04-23T18:48:00.000Z";"2026-04-23T18:51:00.000Z";1553.67
"2026-04-23T18:51:00.000Z";"2026-04-23T18:54:00.000Z";1542.67
"2026-04-23T18:54:00.000Z";"2026-04-23T18:57:00.000Z";1542.05
"2026-04-23T18:57:00.000Z";"2026-04-23T19:00:00.000Z";1555.22
"2026-04-23T19:00:00.000Z";"2026-04-23T19:03:00.000Z";1561.94
"2026-04-23T19:03:00.000Z";"2026-04-23T19:06:00.000Z";1561.73
"2026-04-23T19:06:00.000Z";"2026-04-23T19:09:00.000Z";1555.56
"2026-04-23T19:09:00.000Z";"2026-04-23T19:12:00.000Z";1554
"2026-04-23T19:12:00.000Z";"2026-04-23T19:15:00.000Z";1549.23
"2026-04-23T19:15:00.000Z";"2026-04-23T19:18:00.000Z";1544.06
"2026-04-23T19:18:00.000Z";"2026-04-23T19:21:00.000Z";1540.45
"2026-04-23T19:21:00.000Z";"2026-04-23T19:24:00.000Z";1530.62
"2026-04-23T19:24:00.000Z";"2026-04-23T19:27:00.000Z";1529.94
"2026-04-23T19:27:00.000Z";"2026-04-23T19:30:00.000Z";1530.11
"2026-04-23T19:30:00.000Z";"2026-04-23T19:33:00.000Z";1530.06
"2026-04-23T19:33:00.000Z";"2026-04-23T19:36:00.000Z";1527
"2026-04-23T19:36:00.000Z";"2026-04-23T19:39:00.000Z";1511.18
"2026-04-23T19:39:00.000Z";"2026-04-23T19:42:00.000Z";1494.17
"2026-04-23T19:42:00.000Z";"2026-04-23T19:45:00.000Z";1498.39
"2026-04-23T19:45:00.000Z";"2026-04-23T19:48:00.000Z";1500.66
"2026-04-23T19:48:00.000Z";"2026-04-23T19:51:00.000Z";1530.48
"2026-04-23T19:51:00.000Z";"2026-04-23T19:54:00.000Z";1613.7
"2026-04-23T19:54:00.000Z";"2026-04-23T19:57:00.000Z";1620.39
"2026-04-23T19:57:00.000Z";"2026-04-23T20:00:00.000Z";1617.61
"2026-04-23T20:00:00.000Z";"2026-04-23T20:03:00.000Z";1617.95
"2026-04-23T20:03:00.000Z";"2026-04-23T20:06:00.000Z";1569.7
"2026-04-23T20:06:00.000Z";"2026-04-23T20:09:00.000Z";1535.07
"2026-04-23T20:09:00.000Z";"2026-04-23T20:12:00.000Z";1512.12
"2026-04-23T20:12:00.000Z";"2026-04-23T20:15:00.000Z";1482.98
"2026-04-23T20:15:00.000Z";"2026-04-23T20:18:00.000Z";1455.34
"2026-04-23T20:18:00.000Z";"2026-04-23T20:21:00.000Z";1434.9
"2026-04-23T20:21:00.000Z";"2026-04-23T20:24:00.000Z";1418.23
"2026-04-23T20:24:00.000Z";"2026-04-23T20:27:00.000Z";1364.96
"2026-04-23T20:27:00.000Z";"2026-04-23T20:30:00.000Z";1309.04
"2026-04-23T20:30:00.000Z";"2026-04-23T20:33:00.000Z";1251.3
"2026-04-23T20:33:00.000Z";"2026-04-23T20:36:00.000Z";1212.23
"2026-04-23T20:36:00.000Z";"2026-04-23T20:39:00.000Z";1194.56
"2026-04-23T20:39:00.000Z";"2026-04-23T20:42:00.000Z";1166.69
"2026-04-23T20:42:00.000Z";"2026-04-23T20:45:00.000Z";1148.82
"2026-04-23T20:45:00.000Z";"2026-04-23T20:48:00.000Z";1161.89
"2026-04-23T20:48:00.000Z";"2026-04-23T20:51:00.000Z";1164.94
"2026-04-23T20:51:00.000Z";"2026-04-23T20:54:00.000Z";1163.84
"2026-04-23T20:54:00.000Z";"2026-04-23T20:57:00.000Z";1161.34
"2026-04-23T20:57:00.000Z";"2026-04-23T21:00:00.000Z";1155.17
"2026-04-23T21:00:00.000Z";"2026-04-23T21:03:00.000Z";1183.82
"2026-04-23T21:03:00.000Z";"2026-04-23T21:06:00.000Z";1197.23
"2026-04-23T21:06:00.000Z";"2026-04-23T21:09:00.000Z";1162.8
"2026-04-23T21:09:00.000Z";"2026-04-23T21:12:00.000Z";1155.56
"2026-04-23T21:12:00.000Z";"2026-04-23T21:15:00.000Z";1139.12
"2026-04-23T21:15:00.000Z";"2026-04-23T21:18:00.000Z";1139.55
"2026-04-23T21:18:00.000Z";"2026-04-23T21:21:00.000Z";1141.78
"2026-04-23T21:21:00.000Z";"2026-04-23T21:24:00.000Z";1139.39
"2026-04-23T21:24:00.000Z";"2026-04-23T21:27:00.000Z";1138.78
"2026-04-23T21:27:00.000Z";"2026-04-23T21:30:00.000Z";1136.45
"2026-04-23T21:30:00.000Z";"2026-04-23T21:33:00.000Z";1135.67
"2026-04-23T21:33:00.000Z";"2026-04-23T21:36:00.000Z";1142
"2026-04-23T21:36:00.000Z";"2026-04-23T21:39:00.000Z";1142.17
"2026-04-23T21:39:00.000Z";"2026-04-23T21:42:00.000Z";1136.56
"2026-04-23T21:42:00.000Z";"2026-04-23T21:45:00.000Z";1134.61
"2026-04-23T21:45:00.000Z";"2026-04-23T21:48:00.000Z";1139
"2026-04-23T21:48:00.000Z";"2026-04-23T21:51:00.000Z";1150.78
"2026-04-23T21:51:00.000Z";"2026-04-23T21:54:00.000Z";1148.83
"2026-04-23T21:54:00.000Z";"2026-04-23T21:57:00.000Z";1146
"2026-04-23T21:57:00.000Z";"2026-04-23T22:00:00.000Z";1146.56
"2026-04-23T22:00:00.000Z";"2026-04-23T22:03:00.000Z";1133.79
"2026-04-23T22:03:00.000Z";"2026-04-23T22:06:00.000Z";1119.78
"2026-04-23T22:06:00.000Z";"2026-04-23T22:09:00.000Z";1118.33
"2026-04-23T22:09:00.000Z";"2026-04-23T22:12:00.000Z";1119.22
"2026-04-23T22:12:00.000Z";"2026-04-23T22:15:00.000Z";1117.94
"2026-04-23T22:15:00.000Z";"2026-04-23T22:18:00.000Z";1160.91
"2026-04-23T22:18:00.000Z";"2026-04-23T22:21:00.000Z";1191.94
"2026-04-23T22:21:00.000Z";"2026-04-23T22:24:00.000Z";1194.83
"2026-04-23T22:24:00.000Z";"2026-04-23T22:27:00.000Z";1190.62
"2026-04-23T22:27:00.000Z";"2026-04-23T22:30:00.000Z";1181.34
"2026-04-23T22:30:00.000Z";"2026-04-23T22:33:00.000Z";1180.05
"2026-04-23T22:33:00.000Z";"2026-04-23T22:36:00.000Z";1182.17
"2026-04-23T22:36:00.000Z";"2026-04-23T22:39:00.000Z";1181.33
"2026-04-23T22:39:00.000Z";"2026-04-23T22:42:00.000Z";1179.56
"2026-04-23T22:42:00.000Z";"2026-04-23T22:45:00.000Z";1176.56
"2026-04-23T22:45:00.000Z";"2026-04-23T22:48:00.000Z";1171.17
"2026-04-23T22:48:00.000Z";"2026-04-23T22:51:00.000Z";1166.56
"2026-04-23T22:51:00.000Z";"2026-04-23T22:54:00.000Z";1164.39
"2026-04-23T22:54:00.000Z";"2026-04-23T22:57:00.000Z";1160.61
"2026-04-23T22:57:00.000Z";"2026-04-23T23:00:00.000Z";1159.67
"2026-04-23T23:00:00.000Z";"2026-04-23T23:03:00.000Z";1160.17
"2026-04-23T23:03:00.000Z";"2026-04-23T23:06:00.000Z";1148.23
"2026-04-23T23:06:00.000Z";"2026-04-23T23:09:00.000Z";1148.11
"2026-04-23T23:09:00.000Z";"2026-04-23T23:12:00.000Z";1143.39
"2026-04-23T23:12:00.000Z";"2026-04-23T23:15:00.000Z";1144.22
"2026-04-23T23:15:00.000Z";"2026-04-23T23:18:00.000Z";1148.44
"2026-04-23T23:18:00.000Z";"2026-04-23T23:21:00.000Z";1147.28
"2026-04-23T23:21:00.000Z";"2026-04-23T23:24:00.000Z";1142.56
"2026-04-23T23:24:00.000Z";"2026-04-23T23:27:00.000Z";1141.67
"2026-04-23T23:27:00.000Z";"2026-04-23T23:30:00.000Z";1141.55
"2026-04-23T23:30:00.000Z";"2026-04-23T23:33:00.000Z";1145.16
"2026-04-23T23:33:00.000Z";"2026-04-23T23:36:00.000Z";1145.61
"2026-04-23T23:36:00.000Z";"2026-04-23T23:39:00.000Z";1145.45
"2026-04-23T23:39:00.000Z";"2026-04-23T23:42:00.000Z";1145.11
"2026-04-23T23:42:00.000Z";"2026-04-23T23:45:00.000Z";1138.67
"2026-04-23T23:45:00.000Z";"2026-04-23T23:48:00.000Z";1139.17
"2026-04-23T23:48:00.000Z";"2026-04-23T23:51:00.000Z";1140.55
"2026-04-23T23:51:00.000Z";"2026-04-23T23:54:00.000Z";1139.17
"2026-04-23T23:54:00.000Z";"2026-04-23T23:57:00.000Z";1139
"2026-04-23T23:57:00.000Z";"2026-04-24T00:00:00.000Z";1138.17
"2026-04-24T00:00:00.000Z";"2026-04-24T00:03:00.000Z";1139.83
"2026-04-24T00:03:00.000Z";"2026-04-24T00:06:00.000Z";1141.39
"2026-04-24T00:06:00.000Z";"2026-04-24T00:09:00.000Z";1139.05
"2026-04-24T00:09:00.000Z";"2026-04-24T00:12:00.000Z";1135.78
"2026-04-24T00:12:00.000Z";"2026-04-24T00:15:00.000Z";1135.72
"2026-04-24T00:15:00.000Z";"2026-04-24T00:18:00.000Z";1133.11
"2026-04-24T00:18:00.000Z";"2026-04-24T00:21:00.000Z";1133.55
"2026-04-24T00:21:00.000Z";"2026-04-24T00:24:00.000Z";1133.17
"2026-04-24T00:24:00.000Z";"2026-04-24T00:27:00.000Z";1133.22
"2026-04-24T00:27:00.000Z";"2026-04-24T00:30:00.000Z";1133.17
"2026-04-24T00:30:00.000Z";"2026-04-24T00:33:00.000Z";1130.94
"2026-04-24T00:33:00.000Z";"2026-04-24T00:36:00.000Z";1130.67
"2026-04-24T00:36:00.000Z";"2026-04-24T00:39:00.000Z";1129.72
"2026-04-24T00:39:00.000Z";"2026-04-24T00:42:00.000Z";1127.5
"2026-04-24T00:42:00.000Z";"2026-04-24T00:45:00.000Z";1128.17
"2026-04-24T00:45:00.000Z";"2026-04-24T00:48:00.000Z";1119.24
"2026-04-24T00:48:00.000Z";"2026-04-24T00:51:00.000Z";1104.44
"2026-04-24T00:51:00.000Z";"2026-04-24T00:54:00.000Z";1109.77
"2026-04-24T00:54:00.000Z";"2026-04-24T00:57:00.000Z";1111.78
"2026-04-24T00:57:00.000Z";"2026-04-24T01:00:00.000Z";1108.72
"2026-04-24T01:00:00.000Z";"2026-04-24T01:03:00.000Z";1099.73
"2026-04-24T01:03:00.000Z";"2026-04-24T01:06:00.000Z";1108.5
"2026-04-24T01:06:00.000Z";"2026-04-24T01:09:00.000Z";1110.5
"2026-04-24T01:09:00.000Z";"2026-04-24T01:12:00.000Z";1114.83
"2026-04-24T01:12:00.000Z";"2026-04-24T01:15:00.000Z";1116.83
"2026-04-24T01:15:00.000Z";"2026-04-24T01:18:00.000Z";1125.16
"2026-04-24T01:18:00.000Z";"2026-04-24T01:21:00.000Z";1128.17
"2026-04-24T01:21:00.000Z";"2026-04-24T01:24:00.000Z";1133.94
"2026-04-24T01:24:00.000Z";"2026-04-24T01:27:00.000Z";1138.77
"2026-04-24T01:27:00.000Z";"2026-04-24T01:30:00.000Z";1150.99
"2026-04-24T01:30:00.000Z";"2026-04-24T01:33:00.000Z";1148.11
"2026-04-24T01:33:00.000Z";"2026-04-24T01:36:00.000Z";1144.61
"2026-04-24T01:36:00.000Z";"2026-04-24T01:39:00.000Z";1136.06
"2026-04-24T01:39:00.000Z";"2026-04-24T01:42:00.000Z";1134.94
"2026-04-24T01:42:00.000Z";"2026-04-24T01:45:00.000Z";1132.5
"2026-04-24T01:45:00.000Z";"2026-04-24T01:48:00.000Z";1141.39
"2026-04-24T01:48:00.000Z";"2026-04-24T01:51:00.000Z";1142.94
"2026-04-24T01:51:00.000Z";"2026-04-24T01:54:00.000Z";1143.72
"2026-04-24T01:54:00.000Z";"2026-04-24T01:57:00.000Z";1142.83
"2026-04-24T01:57:00.000Z";"2026-04-24T02:00:00.000Z";1176.65
"2026-04-24T02:00:00.000Z";"2026-04-24T02:03:00.000Z";1204.49
"2026-04-24T02:03:00.000Z";"2026-04-24T02:06:00.000Z";1215.78
"2026-04-24T02:06:00.000Z";"2026-04-24T02:09:00.000Z";1220.44
"2026-04-24T02:09:00.000Z";"2026-04-24T02:12:00.000Z";1220.39
"2026-04-24T02:12:00.000Z";"2026-04-24T02:15:00.000Z";1220.17
"2026-04-24T02:15:00.000Z";"2026-04-24T02:18:00.000Z";1210.91
"2026-04-24T02:18:00.000Z";"2026-04-24T02:21:00.000Z";1212.33
"2026-04-24T02:21:00.000Z";"2026-04-24T02:24:00.000Z";1210.28
"2026-04-24T02:24:00.000Z";"2026-04-24T02:27:00.000Z";1210.39
"2026-04-24T02:27:00.000Z";"2026-04-24T02:30:00.000Z";1226.88
"2026-04-24T02:30:00.000Z";"2026-04-24T02:33:00.000Z";1224.89
"2026-04-24T02:33:00.000Z";"2026-04-24T02:36:00.000Z";1221.34
"2026-04-24T02:36:00.000Z";"2026-04-24T02:39:00.000Z";1225.11
"2026-04-24T02:39:00.000Z";"2026-04-24T02:42:00.000Z";1228.83
"2026-04-24T02:42:00.000Z";"2026-04-24T02:45:00.000Z";1237.6
"2026-04-24T02:45:00.000Z";"2026-04-24T02:48:00.000Z";1234.9
"2026-04-24T02:48:00.000Z";"2026-04-24T02:51:00.000Z";1236.72
"2026-04-24T02:51:00.000Z";"2026-04-24T02:54:00.000Z";1235.28
"2026-04-24T02:54:00.000Z";"2026-04-24T02:57:00.000Z";1240.22
"2026-04-24T02:57:00.000Z";"2026-04-24T03:00:00.000Z";1240.11
"2026-04-24T03:00:00.000Z";"2026-04-24T03:03:00.000Z";1256.82
"2026-04-24T03:03:00.000Z";"2026-04-24T03:06:00.000Z";1273.48
"2026-04-24T03:06:00.000Z";"2026-04-24T03:09:00.000Z";1282.33
"2026-04-24T03:09:00.000Z";"2026-04-24T03:12:00.000Z";1291.17
"2026-04-24T03:12:00.000Z";"2026-04-24T03:15:00.000Z";1290.33
"2026-04-24T03:15:00.000Z";"2026-04-24T03:18:00.000Z";1288.06
"2026-04-24T03:18:00.000Z";"2026-04-24T03:21:00.000Z";1281.39
"2026-04-24T03:21:00.000Z";"2026-04-24T03:24:00.000Z";1280.78
"2026-04-24T03:24:00.000Z";"2026-04-24T03:27:00.000Z";1279.33
"2026-04-24T03:27:00.000Z";"2026-04-24T03:30:00.000Z";1281.94
"2026-04-24T03:30:00.000Z";"2026-04-24T03:33:00.000Z";1289.94
"2026-04-24T03:33:00.000Z";"2026-04-24T03:36:00.000Z";1296
"2026-04-24T03:36:00.000Z";"2026-04-24T03:39:00.000Z";1302.89
"2026-04-24T03:39:00.000Z";"2026-04-24T03:42:00.000Z";1307.83
"2026-04-24T03:42:00.000Z";"2026-04-24T03:45:00.000Z";1316.89
"2026-04-24T03:45:00.000Z";"2026-04-24T03:48:00.000Z";1329.05
"2026-04-24T03:48:00.000Z";"2026-04-24T03:51:00.000Z";1340.88
"2026-04-24T03:51:00.000Z";"2026-04-24T03:54:00.000Z";1347.94
"2026-04-24T03:54:00.000Z";"2026-04-24T03:57:00.000Z";1355
"2026-04-24T03:57:00.000Z";"2026-04-24T04:00:00.000Z";1356.11
"2026-04-24T04:00:00.000Z";"2026-04-24T04:03:00.000Z";1371.32
"2026-04-24T04:03:00.000Z";"2026-04-24T04:06:00.000Z";1413.48
"2026-04-24T04:06:00.000Z";"2026-04-24T04:09:00.000Z";1431.55
"2026-04-24T04:09:00.000Z";"2026-04-24T04:12:00.000Z";1442.78
"2026-04-24T04:12:00.000Z";"2026-04-24T04:15:00.000Z";1437.23
"2026-04-24T04:15:00.000Z";"2026-04-24T04:18:00.000Z";1424.78
"2026-04-24T04:18:00.000Z";"2026-04-24T04:21:00.000Z";1400.53
"2026-04-24T04:21:00.000Z";"2026-04-24T04:24:00.000Z";1356.01
"2026-04-24T04:24:00.000Z";"2026-04-24T04:27:00.000Z";1353.66
"2026-04-24T04:27:00.000Z";"2026-04-24T04:30:00.000Z";1356.39
"2026-04-24T04:30:00.000Z";"2026-04-24T04:33:00.000Z";1362.27
"2026-04-24T04:33:00.000Z";"2026-04-24T04:36:00.000Z";1362.61
"2026-04-24T04:36:00.000Z";"2026-04-24T04:39:00.000Z";1367.22
"2026-04-24T04:39:00.000Z";"2026-04-24T04:42:00.000Z";1376.22
"2026-04-24T04:42:00.000Z";"2026-04-24T04:45:00.000Z";1385.33
"2026-04-24T04:45:00.000Z";"2026-04-24T04:48:00.000Z";1397.55
"2026-04-24T04:48:00.000Z";"2026-04-24T04:51:00.000Z";1409.21
"2026-04-24T04:51:00.000Z";"2026-04-24T04:54:00.000Z";1413.89
"2026-04-24T04:54:00.000Z";"2026-04-24T04:57:00.000Z";1412.28
"2026-04-24T04:57:00.000Z";"2026-04-24T05:00:00.000Z";1422.68
"2026-04-24T05:00:00.000Z";"2026-04-24T05:03:00.000Z";1493.23
"2026-04-24T05:03:00.000Z";"2026-04-24T05:06:00.000Z";1517.17
"2026-04-24T05:06:00.000Z";"2026-04-24T05:09:00.000Z";1513.11
"2026-04-24T05:09:00.000Z";"2026-04-24T05:12:00.000Z";1486.34
"2026-04-24T05:12:00.000Z";"2026-04-24T05:15:00.000Z";1483
"2026-04-24T05:15:00.000Z";"2026-04-24T05:18:00.000Z";1483.5
"2026-04-24T05:18:00.000Z";"2026-04-24T05:21:00.000Z";1490.61
"2026-04-24T05:21:00.000Z";"2026-04-24T05:24:00.000Z";1495.94
"2026-04-24T05:24:00.000Z";"2026-04-24T05:27:00.000Z";1497.22
"2026-04-24T05:27:00.000Z";"2026-04-24T05:30:00.000Z";1493.28
"2026-04-24T05:30:00.000Z";"2026-04-24T05:33:00.000Z";1487.34
"2026-04-24T05:33:00.000Z";"2026-04-24T05:36:00.000Z";1457.19
"2026-04-24T05:36:00.000Z";"2026-04-24T05:39:00.000Z";1454.22
"2026-04-24T05:39:00.000Z";"2026-04-24T05:42:00.000Z";1463.27
"2026-04-24T05:42:00.000Z";"2026-04-24T05:45:00.000Z";1465.72
"2026-04-24T05:45:00.000Z";"2026-04-24T05:48:00.000Z";1458.78
"2026-04-24T05:48:00.000Z";"2026-04-24T05:51:00.000Z";1459.61
"2026-04-24T05:51:00.000Z";"2026-04-24T05:54:00.000Z";1464.5
"2026-04-24T05:54:00.000Z";"2026-04-24T05:57:00.000Z";1492.6
"2026-04-24T05:57:00.000Z";"2026-04-24T06:00:00.000Z";1497.11
"2026-04-24T06:00:00.000Z";"2026-04-24T06:03:00.000Z";1494.78
"2026-04-24T06:03:00.000Z";"2026-04-24T06:06:00.000Z";1486.51
"2026-04-24T06:06:00.000Z";"2026-04-24T06:09:00.000Z";1477.17
"2026-04-24T06:09:00.000Z";"2026-04-24T06:12:00.000Z";1478.45
"2026-04-24T06:12:00.000Z";"2026-04-24T06:15:00.000Z";1471.83
"2026-04-24T06:15:00.000Z";"2026-04-24T06:18:00.000Z";1477.66
"2026-04-24T06:18:00.000Z";"2026-04-24T06:21:00.000Z";1494.78
"2026-04-24T06:21:00.000Z";"2026-04-24T06:24:00.000Z";1495.32
"2026-04-24T06:24:00.000Z";"2026-04-24T06:27:00.000Z";1515.99
"2026-04-24T06:27:00.000Z";"2026-04-24T06:30:00.000Z";1520.44
"2026-04-24T06:30:00.000Z";"2026-04-24T06:33:00.000Z";1519.28
"2026-04-24T06:33:00.000Z";"2026-04-24T06:36:00.000Z";1520.33
"2026-04-24T06:36:00.000Z";"2026-04-24T06:39:00.000Z";1523.33
"2026-04-24T06:39:00.000Z";"2026-04-24T06:42:00.000Z";1529.33
"2026-04-24T06:42:00.000Z";"2026-04-24T06:45:00.000Z";1523.78
"2026-04-24T06:45:00.000Z";"2026-04-24T06:48:00.000Z";1510.95
"2026-04-24T06:48:00.000Z";"2026-04-24T06:51:00.000Z";1506.78
"2026-04-24T06:51:00.000Z";"2026-04-24T06:54:00.000Z";1503.5
"2026-04-24T06:54:00.000Z";"2026-04-24T06:57:00.000Z";1498.44
"2026-04-24T06:57:00.000Z";"2026-04-24T07:00:00.000Z";1495.11
"2026-04-24T07:00:00.000Z";"2026-04-24T07:03:00.000Z";1499.84
"2026-04-24T07:03:00.000Z";"2026-04-24T07:06:00.000Z";1515.1
"2026-04-24T07:06:00.000Z";"2026-04-24T07:09:00.000Z";1530.11
"2026-04-24T07:09:00.000Z";"2026-04-24T07:12:00.000Z";1512.89
"2026-04-24T07:12:00.000Z";"2026-04-24T07:15:00.000Z";1494.3
"2026-04-24T07:15:00.000Z";"2026-04-24T07:18:00.000Z";1496.49
"2026-04-24T07:18:00.000Z";"2026-04-24T07:21:00.000Z";1508.28
"2026-04-24T07:21:00.000Z";"2026-04-24T07:24:00.000Z";1501.78
"2026-04-24T07:24:00.000Z";"2026-04-24T07:27:00.000Z";1499.94
"2026-04-24T07:27:00.000Z";"2026-04-24T07:30:00.000Z";1504.39
"2026-04-24T07:30:00.000Z";"2026-04-24T07:33:00.000Z";1495.45
"2026-04-24T07:33:00.000Z";"2026-04-24T07:36:00.000Z";1460.08
"2026-04-24T07:36:00.000Z";"2026-04-24T07:39:00.000Z";1423.78
"2026-04-24T07:39:00.000Z";"2026-04-24T07:42:00.000Z";1419.06
"2026-04-24T07:42:00.000Z";"2026-04-24T07:45:00.000Z";1406.23
"2026-04-24T07:45:00.000Z";"2026-04-24T07:48:00.000Z";1360.91
"2026-04-24T07:48:00.000Z";"2026-04-24T07:51:00.000Z";1352.77
"2026-04-24T07:51:00.000Z";"2026-04-24T07:54:00.000Z";1353.34
"2026-04-24T07:54:00.000Z";"2026-04-24T07:57:00.000Z";1350.67
"2026-04-24T07:57:00.000Z";"2026-04-24T08:00:00.000Z";1342.17
"2026-04-24T08:00:00.000Z";"2026-04-24T08:03:00.000Z";1335.45
"2026-04-24T08:03:00.000Z";"2026-04-24T08:06:00.000Z";1284.04
"2026-04-24T08:06:00.000Z";"2026-04-24T08:09:00.000Z";1248.29
"2026-04-24T08:09:00.000Z";"2026-04-24T08:12:00.000Z";1241.28
"2026-04-24T08:12:00.000Z";"2026-04-24T08:15:00.000Z";1235.72
"2026-04-24T08:15:00.000Z";"2026-04-24T08:18:00.000Z";1227.89
"2026-04-24T08:18:00.000Z";"2026-04-24T08:21:00.000Z";1235.33
"2026-04-24T08:21:00.000Z";"2026-04-24T08:24:00.000Z";1230.89
"2026-04-24T08:24:00.000Z";"2026-04-24T08:27:00.000Z";1230.33
"2026-04-24T08:27:00.000Z";"2026-04-24T08:30:00.000Z";1232.39
"2026-04-24T08:30:00.000Z";"2026-04-24T08:33:00.000Z";1244.5
"2026-04-24T08:33:00.000Z";"2026-04-24T08:36:00.000Z";1246.83
"2026-04-24T08:36:00.000Z";"2026-04-24T08:39:00.000Z";1254.16
"2026-04-24T08:39:00.000Z";"2026-04-24T08:42:00.000Z";1253.34
"2026-04-24T08:42:00.000Z";"2026-04-24T08:45:00.000Z";1248.56
"2026-04-24T08:45:00.000Z";"2026-04-24T08:48:00.000Z";1252.44
"2026-04-24T08:48:00.000Z";"2026-04-24T08:51:00.000Z";1268
"2026-04-24T08:51:00.000Z";"2026-04-24T08:54:00.000Z";1261.56
"2026-04-24T08:54:00.000Z";"2026-04-24T08:57:00.000Z";1263
"2026-04-24T08:57:00.000Z";"2026-04-24T09:00:00.000Z";1259.95
"2026-04-24T09:00:00.000Z";"2026-04-24T09:03:00.000Z";1244.35
"2026-04-24T09:03:00.000Z";"2026-04-24T09:06:00.000Z";1211.13
"2026-04-24T09:06:00.000Z";"2026-04-24T09:09:00.000Z";1185.39
"2026-04-24T09:09:00.000Z";"2026-04-24T09:12:00.000Z";1194.44
"2026-04-24T09:12:00.000Z";"2026-04-24T09:15:00.000Z";1201.99
"2026-04-24T09:15:00.000Z";"2026-04-24T09:18:00.000Z";1205.22
"2026-04-24T09:18:00.000Z";"2026-04-24T09:21:00.000Z";1202.56
"2026-04-24T09:21:00.000Z";"2026-04-24T09:24:00.000Z";1200.89
"2026-04-24T09:24:00.000Z";"2026-04-24T09:27:00.000Z";1202.05
"2026-04-24T09:27:00.000Z";"2026-04-24T09:30:00.000Z";1191.02
"2026-04-24T09:30:00.000Z";"2026-04-24T09:33:00.000Z";1182.76
"2026-04-24T09:33:00.000Z";"2026-04-24T09:36:00.000Z";1195
"2026-04-24T09:36:00.000Z";"2026-04-24T09:39:00.000Z";1187
"2026-04-24T09:39:00.000Z";"2026-04-24T09:42:00.000Z";1186
"2026-04-24T09:42:00.000Z";"2026-04-24T09:45:00.000Z";1186.22
"2026-04-24T09:45:00.000Z";"2026-04-24T09:48:00.000Z";1179.34
"2026-04-24T09:48:00.000Z";"2026-04-24T09:51:00.000Z";1165.11
"2026-04-24T09:51:00.000Z";"2026-04-24T09:54:00.000Z";1164.17
"2026-04-24T09:54:00.000Z";"2026-04-24T09:57:00.000Z";1159.78
"2026-04-24T09:57:00.000Z";"2026-04-24T10:00:00.000Z";1147.12
"2026-04-24T10:00:00.000Z";"2026-04-24T10:03:00.000Z";1132.89
"2026-04-24T10:03:00.000Z";"2026-04-24T10:06:00.000Z";1135.73
"2026-04-24T10:06:00.000Z";"2026-04-24T10:09:00.000Z";1136.05
"2026-04-24T10:09:00.000Z";"2026-04-24T10:12:00.000Z";1139.78
"2026-04-24T10:12:00.000Z";"2026-04-24T10:15:00.000Z";1139.88
"2026-04-24T10:15:00.000Z";"2026-04-24T10:18:00.000Z";1148.11
"2026-04-24T10:18:00.000Z";"2026-04-24T10:21:00.000Z";1172.49
"2026-04-24T10:21:00.000Z";"2026-04-24T10:24:00.000Z";1167.9
"2026-04-24T10:24:00.000Z";"2026-04-24T10:27:00.000Z";1153.17
"2026-04-24T10:27:00.000Z";"2026-04-24T10:30:00.000Z";1152.83
"2026-04-24T10:30:00.000Z";"2026-04-24T10:33:00.000Z";1143.56
"2026-04-24T10:33:00.000Z";"2026-04-24T10:36:00.000Z";1141.44
"2026-04-24T10:36:00.000Z";"2026-04-24T10:39:00.000Z";1136.95
"2026-04-24T10:39:00.000Z";"2026-04-24T10:42:00.000Z";1132.17
"2026-04-24T10:42:00.000Z";"2026-04-24T10:45:00.000Z";1130.78
"2026-04-24T10:45:00.000Z";"2026-04-24T10:48:00.000Z";1126.5
"2026-04-24T10:48:00.000Z";"2026-04-24T10:51:00.000Z";1127.89
"2026-04-24T10:51:00.000Z";"2026-04-24T10:54:00.000Z";1134.94
"2026-04-24T10:54:00.000Z";"2026-04-24T10:57:00.000Z";1131.89
"2026-04-24T10:57:00.000Z";"2026-04-24T11:00:00.000Z";1120.23
"2026-04-24T11:00:00.000Z";"2026-04-24T11:03:00.000Z";1122.54
"2026-04-24T11:03:00.000Z";"2026-04-24T11:06:00.000Z";1141.21
"2026-04-24T11:06:00.000Z";"2026-04-24T11:09:00.000Z";1146.22
"2026-04-24T11:09:00.000Z";"2026-04-24T11:12:00.000Z";1144
"2026-04-24T11:12:00.000Z";"2026-04-24T11:15:00.000Z";1144.44
"2026-04-24T11:15:00.000Z";"2026-04-24T11:18:00.000Z";1143.11
"2026-04-24T11:18:00.000Z";"2026-04-24T11:21:00.000Z";1141.33
"2026-04-24T11:21:00.000Z";"2026-04-24T11:24:00.000Z";1135.45
"2026-04-24T11:24:00.000Z";"2026-04-24T11:27:00.000Z";1134.56
"2026-04-24T11:27:00.000Z";"2026-04-24T11:30:00.000Z";1134.22
"2026-04-24T11:30:00.000Z";"2026-04-24T11:33:00.000Z";1131.89
"2026-04-24T11:33:00.000Z";"2026-04-24T11:36:00.000Z";1129.51
"2026-04-24T11:36:00.000Z";"2026-04-24T11:39:00.000Z";1129.33
"2026-04-24T11:39:00.000Z";"2026-04-24T11:42:00.000Z";1129.23
"2026-04-24T11:42:00.000Z";"2026-04-24T11:45:00.000Z";1132.44
"2026-04-24T11:45:00.000Z";"2026-04-24T11:48:00.000Z";1141.55
"2026-04-24T11:48:00.000Z";"2026-04-24T11:51:00.000Z";1140.01
"2026-04-24T11:51:00.000Z";"2026-04-24T11:54:00.000Z";1133.06
"2026-04-24T11:54:00.000Z";"2026-04-24T11:57:00.000Z";1134.61
"2026-04-24T11:57:00.000Z";"2026-04-24T12:00:00.000Z";1143
"2026-04-24T12:00:00.000Z";"2026-04-24T12:03:00.000Z";1172.2
"2026-04-24T12:03:00.000Z";"2026-04-24T12:06:00.000Z";1175.5
"2026-04-24T12:06:00.000Z";"2026-04-24T12:09:00.000Z";1174.28
"2026-04-24T12:09:00.000Z";"2026-04-24T12:12:00.000Z";1190.47
"2026-04-24T12:12:00.000Z";"2026-04-24T12:15:00.000Z";1203.94
"2026-04-24T12:15:00.000Z";"2026-04-24T12:18:00.000Z";1200.95
"2026-04-24T12:18:00.000Z";"2026-04-24T12:21:00.000Z";1219.48
"2026-04-24T12:21:00.000Z";"2026-04-24T12:24:00.000Z";1243.55
"2026-04-24T12:24:00.000Z";"2026-04-24T12:27:00.000Z";1244.61
"2026-04-24T12:27:00.000Z";"2026-04-24T12:30:00.000Z";1240.56
"2026-04-24T12:30:00.000Z";"2026-04-24T12:33:00.000Z";1221.12
"2026-04-24T12:33:00.000Z";"2026-04-24T12:36:00.000Z";1216.94
"2026-04-24T12:36:00.000Z";"2026-04-24T12:39:00.000Z";1212.62
"2026-04-24T12:39:00.000Z";"2026-04-24T12:42:00.000Z";1212.5
"2026-04-24T12:42:00.000Z";"2026-04-24T12:45:00.000Z";1210.28
"2026-04-24T12:45:00.000Z";"2026-04-24T12:48:00.000Z";1207.5
"2026-04-24T12:48:00.000Z";"2026-04-24T12:51:00.000Z";1213.99
"2026-04-24T12:51:00.000Z";"2026-04-24T12:54:00.000Z";1213.28
"2026-04-24T12:54:00.000Z";"2026-04-24T12:57:00.000Z";1217.11
"2026-04-24T12:57:00.000Z";"2026-04-24T13:00:00.000Z";1213.28
"2026-04-24T13:00:00.000Z";"2026-04-24T13:03:00.000Z";1217.88
"2026-04-24T13:03:00.000Z";"2026-04-24T13:06:00.000Z";1221
"2026-04-24T13:06:00.000Z";"2026-04-24T13:09:00.000Z";1224.11
"2026-04-24T13:09:00.000Z";"2026-04-24T13:12:00.000Z";1220.34
"2026-04-24T13:12:00.000Z";"2026-04-24T13:15:00.000Z";1222.39
"2026-04-24T13:15:00.000Z";"2026-04-24T13:18:00.000Z";1227.16
"2026-04-24T13:18:00.000Z";"2026-04-24T13:21:00.000Z";1223.45
"2026-04-24T13:21:00.000Z";"2026-04-24T13:24:00.000Z";1219.67
"2026-04-24T13:24:00.000Z";"2026-04-24T13:27:00.000Z";1217.78
"2026-04-24T13:27:00.000Z";"2026-04-24T13:30:00.000Z";1217.11
"2026-04-24T13:30:00.000Z";"2026-04-24T13:33:00.000Z";1204.62
"2026-04-24T13:33:00.000Z";"2026-04-24T13:36:00.000Z";1204.1
"2026-04-24T13:36:00.000Z";"2026-04-24T13:39:00.000Z";1210.78
"2026-04-24T13:39:00.000Z";"2026-04-24T13:42:00.000Z";1210.72
"2026-04-24T13:42:00.000Z";"2026-04-24T13:45:00.000Z";1207
"2026-04-24T13:45:00.000Z";"2026-04-24T13:48:00.000Z";1201
"2026-04-24T13:48:00.000Z";"2026-04-24T13:51:00.000Z";1199.22
"2026-04-24T13:51:00.000Z";"2026-04-24T13:54:00.000Z";1200.61
"2026-04-24T13:54:00.000Z";"2026-04-24T13:57:00.000Z";1202.28
"2026-04-24T13:57:00.000Z";"2026-04-24T14:00:00.000Z";1199.44
"2026-04-24T14:00:00.000Z";"2026-04-24T14:03:00.000Z";1195.84
"2026-04-24T14:03:00.000Z";"2026-04-24T14:06:00.000Z";1187.28
"2026-04-24T14:06:00.000Z";"2026-04-24T14:09:00.000Z";1190.27
"2026-04-24T14:09:00.000Z";"2026-04-24T14:12:00.000Z";1197.83
"2026-04-24T14:12:00.000Z";"2026-04-24T14:15:00.000Z";1199.39
"2026-04-24T14:15:00.000Z";"2026-04-24T14:18:00.000Z";1226.93
"2026-04-24T14:18:00.000Z";"2026-04-24T14:21:00.000Z";1243.05
"2026-04-24T14:21:00.000Z";"2026-04-24T14:24:00.000Z";1246.72
"2026-04-24T14:24:00.000Z";"2026-04-24T14:27:00.000Z";1251.66
"2026-04-24T14:27:00.000Z";"2026-04-24T14:30:00.000Z";1256.39
"2026-04-24T14:30:00.000Z";"2026-04-24T14:33:00.000Z";1254.28
"2026-04-24T14:33:00.000Z";"2026-04-24T14:36:00.000Z";1247.18
"2026-04-24T14:36:00.000Z";"2026-04-24T14:39:00.000Z";1248.5
"2026-04-24T14:39:00.000Z";"2026-04-24T14:42:00.000Z";1248.44
"2026-04-24T14:42:00.000Z";"2026-04-24T14:45:00.000Z";1249.22
"2026-04-24T14:45:00.000Z";"2026-04-24T14:48:00.000Z";1252.78
"2026-04-24T14:48:00.000Z";"2026-04-24T14:51:00.000Z";1254.67
"2026-04-24T14:51:00.000Z";"2026-04-24T14:54:00.000Z";1253.06
"2026-04-24T14:54:00.000Z";"2026-04-24T14:57:00.000Z";1252.39
"2026-04-24T14:57:00.000Z";"2026-04-24T15:00:00.000Z";1274.64
"2026-04-24T15:00:00.000Z";"2026-04-24T15:03:00.000Z";1302.05
"2026-04-24T15:03:00.000Z";"2026-04-24T15:06:00.000Z";1317.27
"2026-04-24T15:06:00.000Z";"2026-04-24T15:09:00.000Z";1313.22
"2026-04-24T15:09:00.000Z";"2026-04-24T15:12:00.000Z";1316.98
"2026-04-24T15:12:00.000Z";"2026-04-24T15:15:00.000Z";1353.7
"2026-04-24T15:15:00.000Z";"2026-04-24T15:18:00.000Z";1378.04
"2026-04-24T15:18:00.000Z";"2026-04-24T15:21:00.000Z";1376.94
"2026-04-24T15:21:00.000Z";"2026-04-24T15:24:00.000Z";1379.28
"2026-04-24T15:24:00.000Z";"2026-04-24T15:27:00.000Z";1380.28
"2026-04-24T15:27:00.000Z";"2026-04-24T15:30:00.000Z";1377.84
"2026-04-24T15:30:00.000Z";"2026-04-24T15:33:00.000Z";1373.45
"2026-04-24T15:33:00.000Z";"2026-04-24T15:36:00.000Z";1369.17
"2026-04-24T15:36:00.000Z";"2026-04-24T15:39:00.000Z";1365.23
"2026-04-24T15:39:00.000Z";"2026-04-24T15:42:00.000Z";1354.56
"2026-04-24T15:42:00.000Z";"2026-04-24T15:45:00.000Z";1360.49
"2026-04-24T15:45:00.000Z";"2026-04-24T15:48:00.000Z";1357.47
"2026-04-24T15:48:00.000Z";"2026-04-24T15:51:00.000Z";1352.49
"2026-04-24T15:51:00.000Z";"2026-04-24T15:54:00.000Z";1356.17
"2026-04-24T15:54:00.000Z";"2026-04-24T15:57:00.000Z";1351.61
"2026-04-24T15:57:00.000Z";"2026-04-24T16:00:00.000Z";1361.1
"2026-04-24T16:00:00.000Z";"2026-04-24T16:03:00.000Z";1371.83
"2026-04-24T16:03:00.000Z";"2026-04-24T16:06:00.000Z";1333.93
"2026-04-24T16:06:00.000Z";"2026-04-24T16:09:00.000Z";1296.89
"2026-04-24T16:09:00.000Z";"2026-04-24T16:12:00.000Z";1296.45
"2026-04-24T16:12:00.000Z";"2026-04-24T16:15:00.000Z";1254.59
"2026-04-24T16:15:00.000Z";"2026-04-24T16:18:00.000Z";1230.06
"2026-04-24T16:18:00.000Z";"2026-04-24T16:21:00.000Z";1222.33
"2026-04-24T16:21:00.000Z";"2026-04-24T16:24:00.000Z";1222.56
"2026-04-24T16:24:00.000Z";"2026-04-24T16:27:00.000Z";1260.41
"2026-04-24T16:27:00.000Z";"2026-04-24T16:30:00.000Z";1336.09
"2026-04-24T16:30:00.000Z";"2026-04-24T16:33:00.000Z";1385.7
"2026-04-24T16:33:00.000Z";"2026-04-24T16:36:00.000Z";1432.47
"2026-04-24T16:36:00.000Z";"2026-04-24T16:39:00.000Z";1471.83
"2026-04-24T16:39:00.000Z";"2026-04-24T16:42:00.000Z";1481.49
"2026-04-24T16:42:00.000Z";"2026-04-24T16:45:00.000Z";1485.55
"2026-04-24T16:45:00.000Z";"2026-04-24T16:48:00.000Z";1498.22
"2026-04-24T16:48:00.000Z";"2026-04-24T16:51:00.000Z";1492
"2026-04-24T16:51:00.000Z";"2026-04-24T16:54:00.000Z";1475.23
"2026-04-24T16:54:00.000Z";"2026-04-24T16:57:00.000Z";1483.99
"2026-04-24T16:57:00.000Z";"2026-04-24T17:00:00.000Z";1501.1
"2026-04-24T17:00:00.000Z";"2026-04-24T17:03:00.000Z";1502.73
"2026-04-24T17:03:00.000Z";"2026-04-24T17:06:00.000Z";1504.67
"2026-04-24T17:06:00.000Z";"2026-04-24T17:09:00.000Z";1506.5
"2026-04-24T17:09:00.000Z";"2026-04-24T17:12:00.000Z";1506.28
"2026-04-24T17:12:00.000Z";"2026-04-24T17:15:00.000Z";1522.15
"2026-04-24T17:15:00.000Z";"2026-04-24T17:18:00.000Z";1555.48
"2026-04-24T17:18:00.000Z";"2026-04-24T17:21:00.000Z";1583.94
"2026-04-24T17:21:00.000Z";"2026-04-24T17:24:00.000Z";1597.5
"2026-04-24T17:24:00.000Z";"2026-04-24T17:27:00.000Z";1595.06
"2026-04-24T17:27:00.000Z";"2026-04-24T17:30:00.000Z";1599
"2026-04-24T17:30:00.000Z";"2026-04-24T17:33:00.000Z";1576.68
"2026-04-24T17:33:00.000Z";"2026-04-24T17:36:00.000Z";1554.01
"2026-04-24T17:36:00.000Z";"2026-04-24T17:39:00.000Z";1538.94
"2026-04-24T17:39:00.000Z";"2026-04-24T17:42:00.000Z";1555.26
"2026-04-24T17:42:00.000Z";"2026-04-24T17:45:00.000Z";1567.55
"2026-04-24T17:45:00.000Z";"2026-04-24T17:48:00.000Z";1578.11
"2026-04-24T17:48:00.000Z";"2026-04-24T17:51:00.000Z";1581
"2026-04-24T17:51:00.000Z";"2026-04-24T17:54:00.000Z";1580.72
"2026-04-24T17:54:00.000Z";"2026-04-24T17:57:00.000Z";1583
"2026-04-24T17:57:00.000Z";"2026-04-24T18:00:00.000Z";1584.99
"2026-04-24T18:00:00.000Z";"2026-04-24T18:03:00.000Z";1594.06
"2026-04-24T18:03:00.000Z";"2026-04-24T18:06:00.000Z";1588.72
"2026-04-24T18:06:00.000Z";"2026-04-24T18:09:00.000Z";1592.5
"2026-04-24T18:09:00.000Z";"2026-04-24T18:12:00.000Z";1592.06
"2026-04-24T18:12:00.000Z";"2026-04-24T18:15:00.000Z";1586.56
"2026-04-24T18:15:00.000Z";"2026-04-24T18:18:00.000Z";1586.61
"2026-04-24T18:18:00.000Z";"2026-04-24T18:21:00.000Z";1586.78
"2026-04-24T18:21:00.000Z";"2026-04-24T18:24:00.000Z";1585.06
"2026-04-24T18:24:00.000Z";"2026-04-24T18:27:00.000Z";1587
"2026-04-24T18:27:00.000Z";"2026-04-24T18:30:00.000Z";1586.22
"2026-04-24T18:30:00.000Z";"2026-04-24T18:33:00.000Z";1577.96
"2026-04-24T18:33:00.000Z";"2026-04-24T18:36:00.000Z";1516.64
"2026-04-24T18:36:00.000Z";"2026-04-24T18:39:00.000Z";1484
"2026-04-24T18:39:00.000Z";"2026-04-24T18:42:00.000Z";1474.29
"2026-04-24T18:42:00.000Z";"2026-04-24T18:45:00.000Z";1417.41
"2026-04-24T18:45:00.000Z";"2026-04-24T18:48:00.000Z";1397.17
"2026-04-24T18:48:00.000Z";"2026-04-24T18:51:00.000Z";1373.57
"2026-04-24T18:51:00.000Z";"2026-04-24T18:54:00.000Z";1366.22
"2026-04-24T18:54:00.000Z";"2026-04-24T18:57:00.000Z";1365
"2026-04-24T18:57:00.000Z";"2026-04-24T19:00:00.000Z";1369.55
"2026-04-24T19:00:00.000Z";"2026-04-24T19:03:00.000Z";1359.52
"2026-04-24T19:03:00.000Z";"2026-04-24T19:06:00.000Z";1352.22
"2026-04-24T19:06:00.000Z";"2026-04-24T19:09:00.000Z";1354.28
"2026-04-24T19:09:00.000Z";"2026-04-24T19:12:00.000Z";1347.56
"2026-04-24T19:12:00.000Z";"2026-04-24T19:15:00.000Z";1345.17
"2026-04-24T19:15:00.000Z";"2026-04-24T19:18:00.000Z";1339
"2026-04-24T19:18:00.000Z";"2026-04-24T19:21:00.000Z";1325.06
"2026-04-24T19:21:00.000Z";"2026-04-24T19:24:00.000Z";1319
"2026-04-24T19:24:00.000Z";"2026-04-24T19:27:00.000Z";1316.95
"2026-04-24T19:27:00.000Z";"2026-04-24T19:30:00.000Z";1321.05
"2026-04-24T19:30:00.000Z";"2026-04-24T19:33:00.000Z";1321.17
"2026-04-24T19:33:00.000Z";"2026-04-24T19:36:00.000Z";1320.05
"2026-04-24T19:36:00.000Z";"2026-04-24T19:39:00.000Z";1319.5
"2026-04-24T19:39:00.000Z";"2026-04-24T19:42:00.000Z";1317.5
"2026-04-24T19:42:00.000Z";"2026-04-24T19:45:00.000Z";1317.83
"2026-04-24T19:45:00.000Z";"2026-04-24T19:48:00.000Z";1320.56
"2026-04-24T19:48:00.000Z";"2026-04-24T19:51:00.000Z";1323.72
"2026-04-24T19:51:00.000Z";"2026-04-24T19:54:00.000Z";1326.55
"2026-04-24T19:54:00.000Z";"2026-04-24T19:57:00.000Z";1322.84
"2026-04-24T19:57:00.000Z";"2026-04-24T20:00:00.000Z";1317.17
"2026-04-24T20:00:00.000Z";"2026-04-24T20:03:00.000Z";1311.01
"2026-04-24T20:03:00.000Z";"2026-04-24T20:06:00.000Z";1302.29
"2026-04-24T20:06:00.000Z";"2026-04-24T20:09:00.000Z";1273.67
"2026-04-24T20:09:00.000Z";"2026-04-24T20:12:00.000Z";1257.68
"2026-04-24T20:12:00.000Z";"2026-04-24T20:15:00.000Z";1250.28
"2026-04-24T20:15:00.000Z";"2026-04-24T20:18:00.000Z";1256.89
"2026-04-24T20:18:00.000Z";"2026-04-24T20:21:00.000Z";1259.84
"2026-04-24T20:21:00.000Z";"2026-04-24T20:24:00.000Z";1231.73
"2026-04-24T20:24:00.000Z";"2026-04-24T20:27:00.000Z";1227.72
"2026-04-24T20:27:00.000Z";"2026-04-24T20:30:00.000Z";1222.56
"2026-04-24T20:30:00.000Z";"2026-04-24T20:33:00.000Z";1211.4
"2026-04-24T20:33:00.000Z";"2026-04-24T20:36:00.000Z";1181.34
"2026-04-24T20:36:00.000Z";"2026-04-24T20:39:00.000Z";1171.94
"2026-04-24T20:39:00.000Z";"2026-04-24T20:42:00.000Z";1172.39
"2026-04-24T20:42:00.000Z";"2026-04-24T20:45:00.000Z";1169.56
"2026-04-24T20:45:00.000Z";"2026-04-24T20:48:00.000Z";1173.94
"2026-04-24T20:48:00.000Z";"2026-04-24T20:51:00.000Z";1177.12
"2026-04-24T20:51:00.000Z";"2026-04-24T20:54:00.000Z";1175.56
"2026-04-24T20:54:00.000Z";"2026-04-24T20:57:00.000Z";1170.51
"2026-04-24T20:57:00.000Z";"2026-04-24T21:00:00.000Z";1176.82
"2026-04-24T21:00:00.000Z";"2026-04-24T21:03:00.000Z";1170.45
"2026-04-24T21:03:00.000Z";"2026-04-24T21:06:00.000Z";1163.11
"2026-04-24T21:06:00.000Z";"2026-04-24T21:09:00.000Z";1162.94
"2026-04-24T21:09:00.000Z";"2026-04-24T21:12:00.000Z";1154.78
"2026-04-24T21:12:00.000Z";"2026-04-24T21:15:00.000Z";1147.56
"2026-04-24T21:15:00.000Z";"2026-04-24T21:18:00.000Z";1153.05
"2026-04-24T21:18:00.000Z";"2026-04-24T21:21:00.000Z";1214.93
"2026-04-24T21:21:00.000Z";"2026-04-24T21:24:00.000Z";1246.88
"2026-04-24T21:24:00.000Z";"2026-04-24T21:27:00.000Z";1260.99
"2026-04-24T21:27:00.000Z";"2026-04-24T21:30:00.000Z";1272.94
"2026-04-24T21:30:00.000Z";"2026-04-24T21:33:00.000Z";1279.11
"2026-04-24T21:33:00.000Z";"2026-04-24T21:36:00.000Z";1280.67
"2026-04-24T21:36:00.000Z";"2026-04-24T21:39:00.000Z";1281.61
"2026-04-24T21:39:00.000Z";"2026-04-24T21:42:00.000Z";1281.5
"2026-04-24T21:42:00.000Z";"2026-04-24T21:45:00.000Z";1278.17
"2026-04-24T21:45:00.000Z";"2026-04-24T21:48:00.000Z";1263.74
"2026-04-24T21:48:00.000Z";"2026-04-24T21:51:00.000Z";1265.17
"2026-04-24T21:51:00.000Z";"2026-04-24T21:54:00.000Z";1270.22
"2026-04-24T21:54:00.000Z";"2026-04-24T21:57:00.000Z";1270.56
"2026-04-24T21:57:00.000Z";"2026-04-24T22:00:00.000Z";1270.06
"2026-04-24T22:00:00.000Z";"2026-04-24T22:03:00.000Z";1268.22
"2026-04-24T22:03:00.000Z";"2026-04-24T22:06:00.000Z";1291.6
"2026-04-24T22:06:00.000Z";"2026-04-24T22:09:00.000Z";1273.2
"2026-04-24T22:09:00.000Z";"2026-04-24T22:12:00.000Z";1257.39
"2026-04-24T22:12:00.000Z";"2026-04-24T22:15:00.000Z";1252.95
"2026-04-24T22:15:00.000Z";"2026-04-24T22:18:00.000Z";1238.9
"2026-04-24T22:18:00.000Z";"2026-04-24T22:21:00.000Z";1220.61
"2026-04-24T22:21:00.000Z";"2026-04-24T22:24:00.000Z";1218.94
"2026-04-24T22:24:00.000Z";"2026-04-24T22:27:00.000Z";1212.95
"2026-04-24T22:27:00.000Z";"2026-04-24T22:30:00.000Z";1198.28
"2026-04-24T22:30:00.000Z";"2026-04-24T22:33:00.000Z";1198.88
"2026-04-24T22:33:00.000Z";"2026-04-24T22:36:00.000Z";1198.56
"2026-04-24T22:36:00.000Z";"2026-04-24T22:39:00.000Z";1198.11
"2026-04-24T22:39:00.000Z";"2026-04-24T22:42:00.000Z";1197.78
"2026-04-24T22:42:00.000Z";"2026-04-24T22:45:00.000Z";1189.23
"2026-04-24T22:45:00.000Z";"2026-04-24T22:48:00.000Z";1188.11
"2026-04-24T22:48:00.000Z";"2026-04-24T22:51:00.000Z";1191.17
"2026-04-24T22:51:00.000Z";"2026-04-24T22:54:00.000Z";1194.61
"2026-04-24T22:54:00.000Z";"2026-04-24T22:57:00.000Z";1194.11
"2026-04-24T22:57:00.000Z";"2026-04-24T23:00:00.000Z";1191.84
"2026-04-24T23:00:00.000Z";"2026-04-24T23:03:00.000Z";1191.22
"2026-04-24T23:03:00.000Z";"2026-04-24T23:06:00.000Z";1194.72
"2026-04-24T23:06:00.000Z";"2026-04-24T23:09:00.000Z";1183.95
"2026-04-24T23:09:00.000Z";"2026-04-24T23:12:00.000Z";1177.06
"2026-04-24T23:12:00.000Z";"2026-04-24T23:15:00.000Z";1170.72
"2026-04-24T23:15:00.000Z";"2026-04-24T23:18:00.000Z";1169
"2026-04-24T23:18:00.000Z";"2026-04-24T23:21:00.000Z";1166.17
"2026-04-24T23:21:00.000Z";"2026-04-24T23:24:00.000Z";1160
"2026-04-24T23:24:00.000Z";"2026-04-24T23:27:00.000Z";1158.61
"2026-04-24T23:27:00.000Z";"2026-04-24T23:30:00.000Z";1153.56
"2026-04-24T23:30:00.000Z";"2026-04-24T23:33:00.000Z";1156.67
"2026-04-24T23:33:00.000Z";"2026-04-24T23:36:00.000Z";1161.5
"2026-04-24T23:36:00.000Z";"2026-04-24T23:39:00.000Z";1162.33
"2026-04-24T23:39:00.000Z";"2026-04-24T23:42:00.000Z";1159.56
"2026-04-24T23:42:00.000Z";"2026-04-24T23:45:00.000Z";1160.5
"2026-04-24T23:45:00.000Z";"2026-04-24T23:48:00.000Z";1157.01
"2026-04-24T23:48:00.000Z";"2026-04-24T23:51:00.000Z";1128.79
"2026-04-24T23:51:00.000Z";"2026-04-24T23:54:00.000Z";1126.66
"2026-04-24T23:54:00.000Z";"2026-04-24T23:57:00.000Z";1124.5
"2026-04-24T23:57:00.000Z";"2026-04-25T00:00:00.000Z";1121
"2026-04-25T00:00:00.000Z";"2026-04-25T00:03:00.000Z";1126.49
"2026-04-25T00:03:00.000Z";"2026-04-25T00:06:00.000Z";1130
"2026-04-25T00:06:00.000Z";"2026-04-25T00:09:00.000Z";1113.4
"2026-04-25T00:09:00.000Z";"2026-04-25T00:12:00.000Z";1113.22
"2026-04-25T00:12:00.000Z";"2026-04-25T00:15:00.000Z";1113.94
"2026-04-25T00:15:00.000Z";"2026-04-25T00:18:00.000Z";1113.89
"2026-04-25T00:18:00.000Z";"2026-04-25T00:21:00.000Z";1124.83
"2026-04-25T00:21:00.000Z";"2026-04-25T00:24:00.000Z";1127.72
"2026-04-25T00:24:00.000Z";"2026-04-25T00:27:00.000Z";1129.72
"2026-04-25T00:27:00.000Z";"2026-04-25T00:30:00.000Z";1128.39
"2026-04-25T00:30:00.000Z";"2026-04-25T00:33:00.000Z";1130.44
"2026-04-25T00:33:00.000Z";"2026-04-25T00:36:00.000Z";1129.11
"2026-04-25T00:36:00.000Z";"2026-04-25T00:39:00.000Z";1123.33
"2026-04-25T00:39:00.000Z";"2026-04-25T00:42:00.000Z";1121.72
"2026-04-25T00:42:00.000Z";"2026-04-25T00:45:00.000Z";1119.06
"2026-04-25T00:45:00.000Z";"2026-04-25T00:48:00.000Z";1115.17
"2026-04-25T00:48:00.000Z";"2026-04-25T00:51:00.000Z";1111.72
"2026-04-25T00:51:00.000Z";"2026-04-25T00:54:00.000Z";1117.61
"2026-04-25T00:54:00.000Z";"2026-04-25T00:57:00.000Z";1114.17
"2026-04-25T00:57:00.000Z";"2026-04-25T01:00:00.000Z";1116.99
"2026-04-25T01:00:00.000Z";"2026-04-25T01:03:00.000Z";1125.61
"2026-04-25T01:03:00.000Z";"2026-04-25T01:06:00.000Z";1123.22
"2026-04-25T01:06:00.000Z";"2026-04-25T01:09:00.000Z";1118.23
"2026-04-25T01:09:00.000Z";"2026-04-25T01:12:00.000Z";1110.89
"2026-04-25T01:12:00.000Z";"2026-04-25T01:15:00.000Z";1105.23
"2026-04-25T01:15:00.000Z";"2026-04-25T01:18:00.000Z";1099.28
"2026-04-25T01:18:00.000Z";"2026-04-25T01:21:00.000Z";1105.32
"2026-04-25T01:21:00.000Z";"2026-04-25T01:24:00.000Z";1108.56
"2026-04-25T01:24:00.000Z";"2026-04-25T01:27:00.000Z";1118.27
"2026-04-25T01:27:00.000Z";"2026-04-25T01:30:00.000Z";1110.79
"2026-04-25T01:30:00.000Z";"2026-04-25T01:33:00.000Z";1114.28
"2026-04-25T01:33:00.000Z";"2026-04-25T01:36:00.000Z";1117.44
"2026-04-25T01:36:00.000Z";"2026-04-25T01:39:00.000Z";1114.78
"2026-04-25T01:39:00.000Z";"2026-04-25T01:42:00.000Z";1113.5
"2026-04-25T01:42:00.000Z";"2026-04-25T01:45:00.000Z";1114.33
"2026-04-25T01:45:00.000Z";"2026-04-25T01:48:00.000Z";1111.05
"2026-04-25T01:48:00.000Z";"2026-04-25T01:51:00.000Z";1109.67
"2026-04-25T01:51:00.000Z";"2026-04-25T01:54:00.000Z";1105.5
"2026-04-25T01:54:00.000Z";"2026-04-25T01:57:00.000Z";1104.72
"2026-04-25T01:57:00.000Z";"2026-04-25T02:00:00.000Z";1105.19
"2026-04-25T02:00:00.000Z";"2026-04-25T02:03:00.000Z";1118.37
"2026-04-25T02:03:00.000Z";"2026-04-25T02:06:00.000Z";1123.72
"2026-04-25T02:06:00.000Z";"2026-04-25T02:09:00.000Z";1118.89
"2026-04-25T02:09:00.000Z";"2026-04-25T02:12:00.000Z";1123.11
"2026-04-25T02:12:00.000Z";"2026-04-25T02:15:00.000Z";1112.35
"2026-04-25T02:15:00.000Z";"2026-04-25T02:18:00.000Z";1105.72
"2026-04-25T02:18:00.000Z";"2026-04-25T02:21:00.000Z";1113.66
"2026-04-25T02:21:00.000Z";"2026-04-25T02:24:00.000Z";1116.5
"2026-04-25T02:24:00.000Z";"2026-04-25T02:27:00.000Z";1097.08
"2026-04-25T02:27:00.000Z";"2026-04-25T02:30:00.000Z";1068.45
"2026-04-25T02:30:00.000Z";"2026-04-25T02:33:00.000Z";1061.28
"2026-04-25T02:33:00.000Z";"2026-04-25T02:36:00.000Z";1058.94
"2026-04-25T02:36:00.000Z";"2026-04-25T02:39:00.000Z";1058.06
"2026-04-25T02:39:00.000Z";"2026-04-25T02:42:00.000Z";1049.84
"2026-04-25T02:42:00.000Z";"2026-04-25T02:45:00.000Z";1039.17
"2026-04-25T02:45:00.000Z";"2026-04-25T02:48:00.000Z";1024.5
"2026-04-25T02:48:00.000Z";"2026-04-25T02:51:00.000Z";1030.67
"2026-04-25T02:51:00.000Z";"2026-04-25T02:54:00.000Z";1029.94
"2026-04-25T02:54:00.000Z";"2026-04-25T02:57:00.000Z";1037.83
"2026-04-25T02:57:00.000Z";"2026-04-25T03:00:00.000Z";1043.11
"2026-04-25T03:00:00.000Z";"2026-04-25T03:03:00.000Z";1042.83
"2026-04-25T03:03:00.000Z";"2026-04-25T03:06:00.000Z";1041.78
"2026-04-25T03:06:00.000Z";"2026-04-25T03:09:00.000Z";1043.56
"2026-04-25T03:09:00.000Z";"2026-04-25T03:12:00.000Z";1037.11
"2026-04-25T03:12:00.000Z";"2026-04-25T03:15:00.000Z";1033.56
"2026-04-25T03:15:00.000Z";"2026-04-25T03:18:00.000Z";1036.17
"2026-04-25T03:18:00.000Z";"2026-04-25T03:21:00.000Z";1036.56
"2026-04-25T03:21:00.000Z";"2026-04-25T03:24:00.000Z";1037.66
"2026-04-25T03:24:00.000Z";"2026-04-25T03:27:00.000Z";1063.09
"2026-04-25T03:27:00.000Z";"2026-04-25T03:30:00.000Z";1127.87
"2026-04-25T03:30:00.000Z";"2026-04-25T03:33:00.000Z";1153.99
"2026-04-25T03:33:00.000Z";"2026-04-25T03:36:00.000Z";1184.25
"2026-04-25T03:36:00.000Z";"2026-04-25T03:39:00.000Z";1194
"2026-04-25T03:39:00.000Z";"2026-04-25T03:42:00.000Z";1191.67
"2026-04-25T03:42:00.000Z";"2026-04-25T03:45:00.000Z";1189.17
"2026-04-25T03:45:00.000Z";"2026-04-25T03:48:00.000Z";1181.34
"2026-04-25T03:48:00.000Z";"2026-04-25T03:51:00.000Z";1171.83
"2026-04-25T03:51:00.000Z";"2026-04-25T03:54:00.000Z";1177.16
"2026-04-25T03:54:00.000Z";"2026-04-25T03:57:00.000Z";1179.34
"2026-04-25T03:57:00.000Z";"2026-04-25T04:00:00.000Z";1177.28
"2026-04-25T04:00:00.000Z";"2026-04-25T04:03:00.000Z";1176.84
"2026-04-25T04:03:00.000Z";"2026-04-25T04:06:00.000Z";1166.95
"2026-04-25T04:06:00.000Z";"2026-04-25T04:09:00.000Z";1167.33
"2026-04-25T04:09:00.000Z";"2026-04-25T04:12:00.000Z";1149.7
"2026-04-25T04:12:00.000Z";"2026-04-25T04:15:00.000Z";1168.65
"2026-04-25T04:15:00.000Z";"2026-04-25T04:18:00.000Z";1180
"2026-04-25T04:18:00.000Z";"2026-04-25T04:21:00.000Z";1178.94
"2026-04-25T04:21:00.000Z";"2026-04-25T04:24:00.000Z";1181.33
"2026-04-25T04:24:00.000Z";"2026-04-25T04:27:00.000Z";1184.56
"2026-04-25T04:27:00.000Z";"2026-04-25T04:30:00.000Z";1181.61
"2026-04-25T04:30:00.000Z";"2026-04-25T04:33:00.000Z";1183.83
"2026-04-25T04:33:00.000Z";"2026-04-25T04:36:00.000Z";1191.33
"2026-04-25T04:36:00.000Z";"2026-04-25T04:39:00.000Z";1196.5
"2026-04-25T04:39:00.000Z";"2026-04-25T04:42:00.000Z";1193.61
"2026-04-25T04:42:00.000Z";"2026-04-25T04:45:00.000Z";1192
"2026-04-25T04:45:00.000Z";"2026-04-25T04:48:00.000Z";1192.61
"2026-04-25T04:48:00.000Z";"2026-04-25T04:51:00.000Z";1192.67
"2026-04-25T04:51:00.000Z";"2026-04-25T04:54:00.000Z";1191.39
"2026-04-25T04:54:00.000Z";"2026-04-25T04:57:00.000Z";1188.83
"2026-04-25T04:57:00.000Z";"2026-04-25T05:00:00.000Z";1190.39
"2026-04-25T05:00:00.000Z";"2026-04-25T05:03:00.000Z";1185.56
"2026-04-25T05:03:00.000Z";"2026-04-25T05:06:00.000Z";1180.22
"2026-04-25T05:06:00.000Z";"2026-04-25T05:09:00.000Z";1182.78
"2026-04-25T05:09:00.000Z";"2026-04-25T05:12:00.000Z";1180.72
"2026-04-25T05:12:00.000Z";"2026-04-25T05:15:00.000Z";1178.55
"2026-04-25T05:15:00.000Z";"2026-04-25T05:18:00.000Z";1183
"2026-04-25T05:18:00.000Z";"2026-04-25T05:21:00.000Z";1185.45
"2026-04-25T05:21:00.000Z";"2026-04-25T05:24:00.000Z";1181.28
"2026-04-25T05:24:00.000Z";"2026-04-25T05:27:00.000Z";1183.06
"2026-04-25T05:27:00.000Z";"2026-04-25T05:30:00.000Z";1182.39
"2026-04-25T05:30:00.000Z";"2026-04-25T05:33:00.000Z";1179.44
"2026-04-25T05:33:00.000Z";"2026-04-25T05:36:00.000Z";1182.77
"2026-04-25T05:36:00.000Z";"2026-04-25T05:39:00.000Z";1182.73
"2026-04-25T05:39:00.000Z";"2026-04-25T05:42:00.000Z";1183.83
"2026-04-25T05:42:00.000Z";"2026-04-25T05:45:00.000Z";1184.83
"2026-04-25T05:45:00.000Z";"2026-04-25T05:48:00.000Z";1187.28
"2026-04-25T05:48:00.000Z";"2026-04-25T05:51:00.000Z";1187.28
"2026-04-25T05:51:00.000Z";"2026-04-25T05:54:00.000Z";1186.66
"2026-04-25T05:54:00.000Z";"2026-04-25T05:57:00.000Z";1185.5
"2026-04-25T05:57:00.000Z";"2026-04-25T06:00:00.000Z";1183.83
"2026-04-25T06:00:00.000Z";"2026-04-25T06:03:00.000Z";1196.59
"2026-04-25T06:03:00.000Z";"2026-04-25T06:06:00.000Z";1198.17
"2026-04-25T06:06:00.000Z";"2026-04-25T06:09:00.000Z";1198
"2026-04-25T06:09:00.000Z";"2026-04-25T06:12:00.000Z";1205.33
"2026-04-25T06:12:00.000Z";"2026-04-25T06:15:00.000Z";1201.06
"2026-04-25T06:15:00.000Z";"2026-04-25T06:18:00.000Z";1203.67
"2026-04-25T06:18:00.000Z";"2026-04-25T06:21:00.000Z";1223.71
"2026-04-25T06:21:00.000Z";"2026-04-25T06:24:00.000Z";1229
"2026-04-25T06:24:00.000Z";"2026-04-25T06:27:00.000Z";1232
"2026-04-25T06:27:00.000Z";"2026-04-25T06:30:00.000Z";1232.78
"2026-04-25T06:30:00.000Z";"2026-04-25T06:33:00.000Z";1241.49
"2026-04-25T06:33:00.000Z";"2026-04-25T06:36:00.000Z";1249.5
"2026-04-25T06:36:00.000Z";"2026-04-25T06:39:00.000Z";1264.21
"2026-04-25T06:39:00.000Z";"2026-04-25T06:42:00.000Z";1272.28
"2026-04-25T06:42:00.000Z";"2026-04-25T06:45:00.000Z";1265.62
"2026-04-25T06:45:00.000Z";"2026-04-25T06:48:00.000Z";1259.78
"2026-04-25T06:48:00.000Z";"2026-04-25T06:51:00.000Z";1259.28
"2026-04-25T06:51:00.000Z";"2026-04-25T06:54:00.000Z";1255.61
"2026-04-25T06:54:00.000Z";"2026-04-25T06:57:00.000Z";1252.61
"2026-04-25T06:57:00.000Z";"2026-04-25T07:00:00.000Z";1254.16
"2026-04-25T07:00:00.000Z";"2026-04-25T07:03:00.000Z";1267
"2026-04-25T07:03:00.000Z";"2026-04-25T07:06:00.000Z";1274.89
"2026-04-25T07:06:00.000Z";"2026-04-25T07:09:00.000Z";1272.61
"2026-04-25T07:09:00.000Z";"2026-04-25T07:12:00.000Z";1270.06
"2026-04-25T07:12:00.000Z";"2026-04-25T07:15:00.000Z";1262.78
"2026-04-25T07:15:00.000Z";"2026-04-25T07:18:00.000Z";1269.05
"2026-04-25T07:18:00.000Z";"2026-04-25T07:21:00.000Z";1283.99
"2026-04-25T07:21:00.000Z";"2026-04-25T07:24:00.000Z";1279.17
"2026-04-25T07:24:00.000Z";"2026-04-25T07:27:00.000Z";1280.55
"2026-04-25T07:27:00.000Z";"2026-04-25T07:30:00.000Z";1278.61
"2026-04-25T07:30:00.000Z";"2026-04-25T07:33:00.000Z";1275.06
"2026-04-25T07:33:00.000Z";"2026-04-25T07:36:00.000Z";1277.05
"2026-04-25T07:36:00.000Z";"2026-04-25T07:39:00.000Z";1281.28
"2026-04-25T07:39:00.000Z";"2026-04-25T07:42:00.000Z";1273.12
"2026-04-25T07:42:00.000Z";"2026-04-25T07:45:00.000Z";1265.78
"2026-04-25T07:45:00.000Z";"2026-04-25T07:48:00.000Z";1267.88
"2026-04-25T07:48:00.000Z";"2026-04-25T07:51:00.000Z";1271
"2026-04-25T07:51:00.000Z";"2026-04-25T07:54:00.000Z";1261
"2026-04-25T07:54:00.000Z";"2026-04-25T07:57:00.000Z";1264.05
"2026-04-25T07:57:00.000Z";"2026-04-25T08:00:00.000Z";1259.4
"2026-04-25T08:00:00.000Z";"2026-04-25T08:03:00.000Z";1233.79
"2026-04-25T08:03:00.000Z";"2026-04-25T08:06:00.000Z";1226.72
"2026-04-25T08:06:00.000Z";"2026-04-25T08:09:00.000Z";1226.73
"2026-04-25T08:09:00.000Z";"2026-04-25T08:12:00.000Z";1217.5
"2026-04-25T08:12:00.000Z";"2026-04-25T08:15:00.000Z";1224.72
"2026-04-25T08:15:00.000Z";"2026-04-25T08:18:00.000Z";1222.84
"2026-04-25T08:18:00.000Z";"2026-04-25T08:21:00.000Z";1227.16
"2026-04-25T08:21:00.000Z";"2026-04-25T08:24:00.000Z";1221.28
"2026-04-25T08:24:00.000Z";"2026-04-25T08:27:00.000Z";1231.44
"2026-04-25T08:27:00.000Z";"2026-04-25T08:30:00.000Z";1232.78
"2026-04-25T08:30:00.000Z";"2026-04-25T08:33:00.000Z";1251.53
"2026-04-25T08:33:00.000Z";"2026-04-25T08:36:00.000Z";1261.29
"2026-04-25T08:36:00.000Z";"2026-04-25T08:39:00.000Z";1258.94
"2026-04-25T08:39:00.000Z";"2026-04-25T08:42:00.000Z";1260.72
"2026-04-25T08:42:00.000Z";"2026-04-25T08:45:00.000Z";1255.01
"2026-04-25T08:45:00.000Z";"2026-04-25T08:48:00.000Z";1247.12
"2026-04-25T08:48:00.000Z";"2026-04-25T08:51:00.000Z";1237.06
"2026-04-25T08:51:00.000Z";"2026-04-25T08:54:00.000Z";1231.44
"2026-04-25T08:54:00.000Z";"2026-04-25T08:57:00.000Z";1222.84
"2026-04-25T08:57:00.000Z";"2026-04-25T09:00:00.000Z";1198.4
"2026-04-25T09:00:00.000Z";"2026-04-25T09:03:00.000Z";1167.18
"2026-04-25T09:03:00.000Z";"2026-04-25T09:06:00.000Z";1159.89
"2026-04-25T09:06:00.000Z";"2026-04-25T09:09:00.000Z";1161.33
"2026-04-25T09:09:00.000Z";"2026-04-25T09:12:00.000Z";1149.95
"2026-04-25T09:12:00.000Z";"2026-04-25T09:15:00.000Z";1119.57
"2026-04-25T09:15:00.000Z";"2026-04-25T09:18:00.000Z";1119.22
"2026-04-25T09:18:00.000Z";"2026-04-25T09:21:00.000Z";1120.45
"2026-04-25T09:21:00.000Z";"2026-04-25T09:24:00.000Z";1099.12
"2026-04-25T09:24:00.000Z";"2026-04-25T09:27:00.000Z";1094.39
"2026-04-25T09:27:00.000Z";"2026-04-25T09:30:00.000Z";1093.5
"2026-04-25T09:30:00.000Z";"2026-04-25T09:33:00.000Z";1096.06
"2026-04-25T09:33:00.000Z";"2026-04-25T09:36:00.000Z";1088.51
"2026-04-25T09:36:00.000Z";"2026-04-25T09:39:00.000Z";1083.67
"2026-04-25T09:39:00.000Z";"2026-04-25T09:42:00.000Z";1084
"2026-04-25T09:42:00.000Z";"2026-04-25T09:45:00.000Z";1083.61
"2026-04-25T09:45:00.000Z";"2026-04-25T09:48:00.000Z";1085.5
"2026-04-25T09:48:00.000Z";"2026-04-25T09:51:00.000Z";1079.89
"2026-04-25T09:51:00.000Z";"2026-04-25T09:54:00.000Z";1075.5
"2026-04-25T09:54:00.000Z";"2026-04-25T09:57:00.000Z";1082.89
"2026-04-25T09:57:00.000Z";"2026-04-25T10:00:00.000Z";1075.01
"2026-04-25T10:00:00.000Z";"2026-04-25T10:03:00.000Z";1068.39
"2026-04-25T10:03:00.000Z";"2026-04-25T10:06:00.000Z";1057.06
"2026-04-25T10:06:00.000Z";"2026-04-25T10:09:00.000Z";1061.55
"2026-04-25T10:09:00.000Z";"2026-04-25T10:12:00.000Z";1063.67
"2026-04-25T10:12:00.000Z";"2026-04-25T10:15:00.000Z";1066.72
"2026-04-25T10:15:00.000Z";"2026-04-25T10:18:00.000Z";1069.28
"2026-04-25T10:18:00.000Z";"2026-04-25T10:21:00.000Z";1071.5
"2026-04-25T10:21:00.000Z";"2026-04-25T10:24:00.000Z";1069.89
"2026-04-25T10:24:00.000Z";"2026-04-25T10:27:00.000Z";1071.5
"2026-04-25T10:27:00.000Z";"2026-04-25T10:30:00.000Z";1072.38
"2026-04-25T10:30:00.000Z";"2026-04-25T10:33:00.000Z";1073.22
"2026-04-25T10:33:00.000Z";"2026-04-25T10:36:00.000Z";1076.11
"2026-04-25T10:36:00.000Z";"2026-04-25T10:39:00.000Z";1078.06
"2026-04-25T10:39:00.000Z";"2026-04-25T10:42:00.000Z";1070.4
"2026-04-25T10:42:00.000Z";"2026-04-25T10:45:00.000Z";1072
"2026-04-25T10:45:00.000Z";"2026-04-25T10:48:00.000Z";1065.23
"2026-04-25T10:48:00.000Z";"2026-04-25T10:51:00.000Z";1071.33
"2026-04-25T10:51:00.000Z";"2026-04-25T10:54:00.000Z";1070.72
"2026-04-25T10:54:00.000Z";"2026-04-25T10:57:00.000Z";1077.55
"2026-04-25T10:57:00.000Z";"2026-04-25T11:00:00.000Z";1075.67
"2026-04-25T11:00:00.000Z";"2026-04-25T11:03:00.000Z";1069.45
"2026-04-25T11:03:00.000Z";"2026-04-25T11:06:00.000Z";1070.44
"2026-04-25T11:06:00.000Z";"2026-04-25T11:09:00.000Z";1076.17
"2026-04-25T11:09:00.000Z";"2026-04-25T11:12:00.000Z";1078
"2026-04-25T11:12:00.000Z";"2026-04-25T11:15:00.000Z";1077.67
"2026-04-25T11:15:00.000Z";"2026-04-25T11:18:00.000Z";1074.83
"2026-04-25T11:18:00.000Z";"2026-04-25T11:21:00.000Z";1073.45
"2026-04-25T11:21:00.000Z";"2026-04-25T11:24:00.000Z";1071.94
"2026-04-25T11:24:00.000Z";"2026-04-25T11:27:00.000Z";1074.89
"2026-04-25T11:27:00.000Z";"2026-04-25T11:30:00.000Z";1075.33
"2026-04-25T11:30:00.000Z";"2026-04-25T11:33:00.000Z";1076.55
"2026-04-25T11:33:00.000Z";"2026-04-25T11:36:00.000Z";1074.89
"2026-04-25T11:36:00.000Z";"2026-04-25T11:39:00.000Z";1071.83
"2026-04-25T11:39:00.000Z";"2026-04-25T11:42:00.000Z";1075.44
"2026-04-25T11:42:00.000Z";"2026-04-25T11:45:00.000Z";1070.06
"2026-04-25T11:45:00.000Z";"2026-04-25T11:48:00.000Z";1068.67
"2026-04-25T11:48:00.000Z";"2026-04-25T11:51:00.000Z";1057.89
"2026-04-25T11:51:00.000Z";"2026-04-25T11:54:00.000Z";1058.22
"2026-04-25T11:54:00.000Z";"2026-04-25T11:57:00.000Z";1058.11
"2026-04-25T11:57:00.000Z";"2026-04-25T12:00:00.000Z";1055.94
"2026-04-25T12:00:00.000Z";"2026-04-25T12:03:00.000Z";1069.82
"2026-04-25T12:03:00.000Z";"2026-04-25T12:06:00.000Z";1081.94
"2026-04-25T12:06:00.000Z";"2026-04-25T12:09:00.000Z";1084.44
"2026-04-25T12:09:00.000Z";"2026-04-25T12:12:00.000Z";1086.5
"2026-04-25T12:12:00.000Z";"2026-04-25T12:15:00.000Z";1117.43
"2026-04-25T12:15:00.000Z";"2026-04-25T12:18:00.000Z";1129.83
"2026-04-25T12:18:00.000Z";"2026-04-25T12:21:00.000Z";1125.12
"2026-04-25T12:21:00.000Z";"2026-04-25T12:24:00.000Z";1124.72
"2026-04-25T12:24:00.000Z";"2026-04-25T12:27:00.000Z";1128.28
"2026-04-25T12:27:00.000Z";"2026-04-25T12:30:00.000Z";1127.06
"2026-04-25T12:30:00.000Z";"2026-04-25T12:33:00.000Z";1122.45
"2026-04-25T12:33:00.000Z";"2026-04-25T12:36:00.000Z";1103.96
"2026-04-25T12:36:00.000Z";"2026-04-25T12:39:00.000Z";1096.72
"2026-04-25T12:39:00.000Z";"2026-04-25T12:42:00.000Z";1101.6
"2026-04-25T12:42:00.000Z";"2026-04-25T12:45:00.000Z";1100.17
"2026-04-25T12:45:00.000Z";"2026-04-25T12:48:00.000Z";1108.93
"2026-04-25T12:48:00.000Z";"2026-04-25T12:51:00.000Z";1129.38
"2026-04-25T12:51:00.000Z";"2026-04-25T12:54:00.000Z";1136.89
"2026-04-25T12:54:00.000Z";"2026-04-25T12:57:00.000Z";1133.67
"2026-04-25T12:57:00.000Z";"2026-04-25T13:00:00.000Z";1131
"2026-04-25T13:00:00.000Z";"2026-04-25T13:03:00.000Z";1134.11
"2026-04-25T13:03:00.000Z";"2026-04-25T13:06:00.000Z";1135
"2026-04-25T13:06:00.000Z";"2026-04-25T13:09:00.000Z";1143.38
"2026-04-25T13:09:00.000Z";"2026-04-25T13:12:00.000Z";1144.56
"2026-04-25T13:12:00.000Z";"2026-04-25T13:15:00.000Z";1144.11
"2026-04-25T13:15:00.000Z";"2026-04-25T13:18:00.000Z";1147.17
"2026-04-25T13:18:00.000Z";"2026-04-25T13:21:00.000Z";1138.62
"2026-04-25T13:21:00.000Z";"2026-04-25T13:24:00.000Z";1128.45
"2026-04-25T13:24:00.000Z";"2026-04-25T13:27:00.000Z";1119.73
"2026-04-25T13:27:00.000Z";"2026-04-25T13:30:00.000Z";1114.56
"2026-04-25T13:30:00.000Z";"2026-04-25T13:33:00.000Z";1116.39
"2026-04-25T13:33:00.000Z";"2026-04-25T13:36:00.000Z";1113.29
"2026-04-25T13:36:00.000Z";"2026-04-25T13:39:00.000Z";1116.39
"2026-04-25T13:39:00.000Z";"2026-04-25T13:42:00.000Z";1120.39
"2026-04-25T13:42:00.000Z";"2026-04-25T13:45:00.000Z";1118.89
"2026-04-25T13:45:00.000Z";"2026-04-25T13:48:00.000Z";1120.94
"2026-04-25T13:48:00.000Z";"2026-04-25T13:51:00.000Z";1130.21
"2026-04-25T13:51:00.000Z";"2026-04-25T13:54:00.000Z";1130.67
"2026-04-25T13:54:00.000Z";"2026-04-25T13:57:00.000Z";1131.11
"2026-04-25T13:57:00.000Z";"2026-04-25T14:00:00.000Z";1138.55
"2026-04-25T14:00:00.000Z";"2026-04-25T14:03:00.000Z";1150.05
"2026-04-25T14:03:00.000Z";"2026-04-25T14:06:00.000Z";1143.4
"2026-04-25T14:06:00.000Z";"2026-04-25T14:09:00.000Z";1135.78
"2026-04-25T14:09:00.000Z";"2026-04-25T14:12:00.000Z";1136.61
"2026-04-25T14:12:00.000Z";"2026-04-25T14:15:00.000Z";1131.89
"2026-04-25T14:15:00.000Z";"2026-04-25T14:18:00.000Z";1126.33
"2026-04-25T14:18:00.000Z";"2026-04-25T14:21:00.000Z";1127.11
"2026-04-25T14:21:00.000Z";"2026-04-25T14:24:00.000Z";1130.66
"2026-04-25T14:24:00.000Z";"2026-04-25T14:27:00.000Z";1139
"2026-04-25T14:27:00.000Z";"2026-04-25T14:30:00.000Z";1133.72
"2026-04-25T14:30:00.000Z";"2026-04-25T14:33:00.000Z";1131.17
"2026-04-25T14:33:00.000Z";"2026-04-25T14:36:00.000Z";1131.67
"2026-04-25T14:36:00.000Z";"2026-04-25T14:39:00.000Z";1118.34
"2026-04-25T14:39:00.000Z";"2026-04-25T14:42:00.000Z";1120.66
"2026-04-25T14:42:00.000Z";"2026-04-25T14:45:00.000Z";1130.44
"2026-04-25T14:45:00.000Z";"2026-04-25T14:48:00.000Z";1146.55
"2026-04-25T14:48:00.000Z";"2026-04-25T14:51:00.000Z";1148.33
"2026-04-25T14:51:00.000Z";"2026-04-25T14:54:00.000Z";1158.44
"2026-04-25T14:54:00.000Z";"2026-04-25T14:57:00.000Z";1165.44
"2026-04-25T14:57:00.000Z";"2026-04-25T15:00:00.000Z";1161.17
"2026-04-25T15:00:00.000Z";"2026-04-25T15:03:00.000Z";1150.73
"2026-04-25T15:03:00.000Z";"2026-04-25T15:06:00.000Z";1161
"2026-04-25T15:06:00.000Z";"2026-04-25T15:09:00.000Z";1162.67
"2026-04-25T15:09:00.000Z";"2026-04-25T15:12:00.000Z";1160.89
"2026-04-25T15:12:00.000Z";"2026-04-25T15:15:00.000Z";1169.61
"2026-04-25T15:15:00.000Z";"2026-04-25T15:18:00.000Z";1182.1
"2026-04-25T15:18:00.000Z";"2026-04-25T15:21:00.000Z";1194.66
"2026-04-25T15:21:00.000Z";"2026-04-25T15:24:00.000Z";1197.94
"2026-04-25T15:24:00.000Z";"2026-04-25T15:27:00.000Z";1199.67
"2026-04-25T15:27:00.000Z";"2026-04-25T15:30:00.000Z";1197.72
"2026-04-25T15:30:00.000Z";"2026-04-25T15:33:00.000Z";1189
"2026-04-25T15:33:00.000Z";"2026-04-25T15:36:00.000Z";1182.78
"2026-04-25T15:36:00.000Z";"2026-04-25T15:39:00.000Z";1189.44
"2026-04-25T15:39:00.000Z";"2026-04-25T15:42:00.000Z";1191.95
"2026-04-25T15:42:00.000Z";"2026-04-25T15:45:00.000Z";1191.22
"2026-04-25T15:45:00.000Z";"2026-04-25T15:48:00.000Z";1197.89
"2026-04-25T15:48:00.000Z";"2026-04-25T15:51:00.000Z";1201.89
"2026-04-25T15:51:00.000Z";"2026-04-25T15:54:00.000Z";1201.28
"2026-04-25T15:54:00.000Z";"2026-04-25T15:57:00.000Z";1205.17
"2026-04-25T15:57:00.000Z";"2026-04-25T16:00:00.000Z";1207.89
"2026-04-25T16:00:00.000Z";"2026-04-25T16:03:00.000Z";1208.44
"2026-04-25T16:03:00.000Z";"2026-04-25T16:06:00.000Z";1198.89
"2026-04-25T16:06:00.000Z";"2026-04-25T16:09:00.000Z";1226.54
"2026-04-25T16:09:00.000Z";"2026-04-25T16:12:00.000Z";1241.72
"2026-04-25T16:12:00.000Z";"2026-04-25T16:15:00.000Z";1243.72
"2026-04-25T16:15:00.000Z";"2026-04-25T16:18:00.000Z";1254.27
"2026-04-25T16:18:00.000Z";"2026-04-25T16:21:00.000Z";1251.12
"2026-04-25T16:21:00.000Z";"2026-04-25T16:24:00.000Z";1241.23
"2026-04-25T16:24:00.000Z";"2026-04-25T16:27:00.000Z";1243.55
"2026-04-25T16:27:00.000Z";"2026-04-25T16:30:00.000Z";1265.87
"2026-04-25T16:30:00.000Z";"2026-04-25T16:33:00.000Z";1287.27
"2026-04-25T16:33:00.000Z";"2026-04-25T16:36:00.000Z";1297.33
"2026-04-25T16:36:00.000Z";"2026-04-25T16:39:00.000Z";1315.26
"2026-04-25T16:39:00.000Z";"2026-04-25T16:42:00.000Z";1346.21
"2026-04-25T16:42:00.000Z";"2026-04-25T16:45:00.000Z";1370.43
"2026-04-25T16:45:00.000Z";"2026-04-25T16:48:00.000Z";1393.21
"2026-04-25T16:48:00.000Z";"2026-04-25T16:51:00.000Z";1378.07
"2026-04-25T16:51:00.000Z";"2026-04-25T16:54:00.000Z";1374.83
"2026-04-25T16:54:00.000Z";"2026-04-25T16:57:00.000Z";1379.88
"2026-04-25T16:57:00.000Z";"2026-04-25T17:00:00.000Z";1391.43
"2026-04-25T17:00:00.000Z";"2026-04-25T17:03:00.000Z";1402.06
"2026-04-25T17:03:00.000Z";"2026-04-25T17:06:00.000Z";1392.4
"2026-04-25T17:06:00.000Z";"2026-04-25T17:09:00.000Z";1382.84
"2026-04-25T17:09:00.000Z";"2026-04-25T17:12:00.000Z";1353.23
"2026-04-25T17:12:00.000Z";"2026-04-25T17:15:00.000Z";1365.32
"2026-04-25T17:15:00.000Z";"2026-04-25T17:18:00.000Z";1379.9
"2026-04-25T17:18:00.000Z";"2026-04-25T17:21:00.000Z";1359.29
"2026-04-25T17:21:00.000Z";"2026-04-25T17:24:00.000Z";1337.61
"2026-04-25T17:24:00.000Z";"2026-04-25T17:27:00.000Z";1347.5
"2026-04-25T17:27:00.000Z";"2026-04-25T17:30:00.000Z";1359.55
"2026-04-25T17:30:00.000Z";"2026-04-25T17:33:00.000Z";1351.84
"2026-04-25T17:33:00.000Z";"2026-04-25T17:36:00.000Z";1357.16
"2026-04-25T17:36:00.000Z";"2026-04-25T17:39:00.000Z";1373.66
"2026-04-25T17:39:00.000Z";"2026-04-25T17:42:00.000Z";1375.28
"2026-04-25T17:42:00.000Z";"2026-04-25T17:45:00.000Z";1373.5
"2026-04-25T17:45:00.000Z";"2026-04-25T17:48:00.000Z";1374.67
"2026-04-25T17:48:00.000Z";"2026-04-25T17:51:00.000Z";1364.89
"2026-04-25T17:51:00.000Z";"2026-04-25T17:54:00.000Z";1366.72
"2026-04-25T17:54:00.000Z";"2026-04-25T17:57:00.000Z";1370.94
"2026-04-25T17:57:00.000Z";"2026-04-25T18:00:00.000Z";1386.39
"2026-04-25T18:00:00.000Z";"2026-04-25T18:03:00.000Z";1377.95
"2026-04-25T18:03:00.000Z";"2026-04-25T18:06:00.000Z";1384.94
"2026-04-25T18:06:00.000Z";"2026-04-25T18:09:00.000Z";1386.84
"2026-04-25T18:09:00.000Z";"2026-04-25T18:12:00.000Z";1376.11
"2026-04-25T18:12:00.000Z";"2026-04-25T18:15:00.000Z";1378.67
"2026-04-25T18:15:00.000Z";"2026-04-25T18:18:00.000Z";1376.39
"2026-04-25T18:18:00.000Z";"2026-04-25T18:21:00.000Z";1376.06
"2026-04-25T18:21:00.000Z";"2026-04-25T18:24:00.000Z";1370
"2026-04-25T18:24:00.000Z";"2026-04-25T18:27:00.000Z";1373.61
"2026-04-25T18:27:00.000Z";"2026-04-25T18:30:00.000Z";1375.67
"2026-04-25T18:30:00.000Z";"2026-04-25T18:33:00.000Z";1377.06
"2026-04-25T18:33:00.000Z";"2026-04-25T18:36:00.000Z";1371.89
"2026-04-25T18:36:00.000Z";"2026-04-25T18:39:00.000Z";1372.17
"2026-04-25T18:39:00.000Z";"2026-04-25T18:42:00.000Z";1373.44
"2026-04-25T18:42:00.000Z";"2026-04-25T18:45:00.000Z";1368.39
"2026-04-25T18:45:00.000Z";"2026-04-25T18:48:00.000Z";1361.95
"2026-04-25T18:48:00.000Z";"2026-04-25T18:51:00.000Z";1353.89
"2026-04-25T18:51:00.000Z";"2026-04-25T18:54:00.000Z";1345.89
"2026-04-25T18:54:00.000Z";"2026-04-25T18:57:00.000Z";1346
"2026-04-25T18:57:00.000Z";"2026-04-25T19:00:00.000Z";1346.72
"2026-04-25T19:00:00.000Z";"2026-04-25T19:03:00.000Z";1364.38
"2026-04-25T19:03:00.000Z";"2026-04-25T19:06:00.000Z";1376.89
"2026-04-25T19:06:00.000Z";"2026-04-25T19:09:00.000Z";1385.94
"2026-04-25T19:09:00.000Z";"2026-04-25T19:12:00.000Z";1391.62
"2026-04-25T19:12:00.000Z";"2026-04-25T19:15:00.000Z";1382.57
"2026-04-25T19:15:00.000Z";"2026-04-25T19:18:00.000Z";1373.5
"2026-04-25T19:18:00.000Z";"2026-04-25T19:21:00.000Z";1391.49
"2026-04-25T19:21:00.000Z";"2026-04-25T19:24:00.000Z";1401.61
"2026-04-25T19:24:00.000Z";"2026-04-25T19:27:00.000Z";1400.5
"2026-04-25T19:27:00.000Z";"2026-04-25T19:30:00.000Z";1392.45
"2026-04-25T19:30:00.000Z";"2026-04-25T19:33:00.000Z";1386.39
"2026-04-25T19:33:00.000Z";"2026-04-25T19:36:00.000Z";1382.17
"2026-04-25T19:36:00.000Z";"2026-04-25T19:39:00.000Z";1359.92
"2026-04-25T19:39:00.000Z";"2026-04-25T19:42:00.000Z";1335.18
"2026-04-25T19:42:00.000Z";"2026-04-25T19:45:00.000Z";1312.45
"2026-04-25T19:45:00.000Z";"2026-04-25T19:48:00.000Z";1295.68
"2026-04-25T19:48:00.000Z";"2026-04-25T19:51:00.000Z";1278.84
"2026-04-25T19:51:00.000Z";"2026-04-25T19:54:00.000Z";1267.45
"2026-04-25T19:54:00.000Z";"2026-04-25T19:57:00.000Z";1258.67
"2026-04-25T19:57:00.000Z";"2026-04-25T20:00:00.000Z";1257.83
"2026-04-25T20:00:00.000Z";"2026-04-25T20:03:00.000Z";1259.67
"2026-04-25T20:03:00.000Z";"2026-04-25T20:06:00.000Z";1263.39
"2026-04-25T20:06:00.000Z";"2026-04-25T20:09:00.000Z";1263.95
"2026-04-25T20:09:00.000Z";"2026-04-25T20:12:00.000Z";1261.67
"2026-04-25T20:12:00.000Z";"2026-04-25T20:15:00.000Z";1255.56
"2026-04-25T20:15:00.000Z";"2026-04-25T20:18:00.000Z";1256
"2026-04-25T20:18:00.000Z";"2026-04-25T20:21:00.000Z";1259.55
"2026-04-25T20:21:00.000Z";"2026-04-25T20:24:00.000Z";1261.44
"2026-04-25T20:24:00.000Z";"2026-04-25T20:27:00.000Z";1254.11
"2026-04-25T20:27:00.000Z";"2026-04-25T20:30:00.000Z";1253.39
"2026-04-25T20:30:00.000Z";"2026-04-25T20:33:00.000Z";1244.5
"2026-04-25T20:33:00.000Z";"2026-04-25T20:36:00.000Z";1255.27
"2026-04-25T20:36:00.000Z";"2026-04-25T20:39:00.000Z";1267.66
"2026-04-25T20:39:00.000Z";"2026-04-25T20:42:00.000Z";1266.56
"2026-04-25T20:42:00.000Z";"2026-04-25T20:45:00.000Z";1255.29
"2026-04-25T20:45:00.000Z";"2026-04-25T20:48:00.000Z";1223.8
"2026-04-25T20:48:00.000Z";"2026-04-25T20:51:00.000Z";1230.5
"2026-04-25T20:51:00.000Z";"2026-04-25T20:54:00.000Z";1209.12
"2026-04-25T20:54:00.000Z";"2026-04-25T20:57:00.000Z";1204.28
"2026-04-25T20:57:00.000Z";"2026-04-25T21:00:00.000Z";1208.78
"2026-04-25T21:00:00.000Z";"2026-04-25T21:03:00.000Z";1206.72
"2026-04-25T21:03:00.000Z";"2026-04-25T21:06:00.000Z";1213.89
"2026-04-25T21:06:00.000Z";"2026-04-25T21:09:00.000Z";1211.17
"2026-04-25T21:09:00.000Z";"2026-04-25T21:12:00.000Z";1203.34
"2026-04-25T21:12:00.000Z";"2026-04-25T21:15:00.000Z";1203.05
"2026-04-25T21:15:00.000Z";"2026-04-25T21:18:00.000Z";1207.17
"2026-04-25T21:18:00.000Z";"2026-04-25T21:21:00.000Z";1210.06
"2026-04-25T21:21:00.000Z";"2026-04-25T21:24:00.000Z";1206.11
"2026-04-25T21:24:00.000Z";"2026-04-25T21:27:00.000Z";1203.78
"2026-04-25T21:27:00.000Z";"2026-04-25T21:30:00.000Z";1199.67
"2026-04-25T21:30:00.000Z";"2026-04-25T21:33:00.000Z";1190.62
"2026-04-25T21:33:00.000Z";"2026-04-25T21:36:00.000Z";1181.17
"2026-04-25T21:36:00.000Z";"2026-04-25T21:39:00.000Z";1173.95
"2026-04-25T21:39:00.000Z";"2026-04-25T21:42:00.000Z";1172.06
"2026-04-25T21:42:00.000Z";"2026-04-25T21:45:00.000Z";1173.16
"2026-04-25T21:45:00.000Z";"2026-04-25T21:48:00.000Z";1179.89
"2026-04-25T21:48:00.000Z";"2026-04-25T21:51:00.000Z";1180.61
"2026-04-25T21:51:00.000Z";"2026-04-25T21:54:00.000Z";1172.34
"2026-04-25T21:54:00.000Z";"2026-04-25T21:57:00.000Z";1167.44
"2026-04-25T21:57:00.000Z";"2026-04-25T22:00:00.000Z";1169.94
"2026-04-25T22:00:00.000Z";"2026-04-25T22:03:00.000Z";1167.84
"2026-04-25T22:03:00.000Z";"2026-04-25T22:06:00.000Z";1165.33
"2026-04-25T22:06:00.000Z";"2026-04-25T22:09:00.000Z";1150.79
"2026-04-25T22:09:00.000Z";"2026-04-25T22:12:00.000Z";1137.5
"2026-04-25T22:12:00.000Z";"2026-04-25T22:15:00.000Z";1150.77
"2026-04-25T22:15:00.000Z";"2026-04-25T22:18:00.000Z";1155.78
"2026-04-25T22:18:00.000Z";"2026-04-25T22:21:00.000Z";1163.77
"2026-04-25T22:21:00.000Z";"2026-04-25T22:24:00.000Z";1174.94
"2026-04-25T22:24:00.000Z";"2026-04-25T22:27:00.000Z";1175.28
"2026-04-25T22:27:00.000Z";"2026-04-25T22:30:00.000Z";1174.56
"2026-04-25T22:30:00.000Z";"2026-04-25T22:33:00.000Z";1168.78
"2026-04-25T22:33:00.000Z";"2026-04-25T22:36:00.000Z";1179.89
"2026-04-25T22:36:00.000Z";"2026-04-25T22:39:00.000Z";1175.56
"2026-04-25T22:39:00.000Z";"2026-04-25T22:42:00.000Z";1172
"2026-04-25T22:42:00.000Z";"2026-04-25T22:45:00.000Z";1166.89
"2026-04-25T22:45:00.000Z";"2026-04-25T22:48:00.000Z";1159.89
"2026-04-25T22:48:00.000Z";"2026-04-25T22:51:00.000Z";1150.61
"2026-04-25T22:51:00.000Z";"2026-04-25T22:54:00.000Z";1137.07
"2026-04-25T22:54:00.000Z";"2026-04-25T22:57:00.000Z";1131.17
"2026-04-25T22:57:00.000Z";"2026-04-25T23:00:00.000Z";1130.61
"2026-04-25T23:00:00.000Z";"2026-04-25T23:03:00.000Z";1116.23
"2026-04-25T23:03:00.000Z";"2026-04-25T23:06:00.000Z";1106.28
"2026-04-25T23:06:00.000Z";"2026-04-25T23:09:00.000Z";1103.94
"2026-04-25T23:09:00.000Z";"2026-04-25T23:12:00.000Z";1102.17
"2026-04-25T23:12:00.000Z";"2026-04-25T23:15:00.000Z";1100.28
"2026-04-25T23:15:00.000Z";"2026-04-25T23:18:00.000Z";1107.33
"2026-04-25T23:18:00.000Z";"2026-04-25T23:21:00.000Z";1115.16
"2026-04-25T23:21:00.000Z";"2026-04-25T23:24:00.000Z";1112.01
"2026-04-25T23:24:00.000Z";"2026-04-25T23:27:00.000Z";1109.39
"2026-04-25T23:27:00.000Z";"2026-04-25T23:30:00.000Z";1112.55
"2026-04-25T23:30:00.000Z";"2026-04-25T23:33:00.000Z";1119.72
"2026-04-25T23:33:00.000Z";"2026-04-25T23:36:00.000Z";1125.05
"2026-04-25T23:36:00.000Z";"2026-04-25T23:39:00.000Z";1126.06
"2026-04-25T23:39:00.000Z";"2026-04-25T23:42:00.000Z";1125.94
"2026-04-25T23:42:00.000Z";"2026-04-25T23:45:00.000Z";1127.94
"2026-04-25T23:45:00.000Z";"2026-04-25T23:48:00.000Z";1131.5
"2026-04-25T23:48:00.000Z";"2026-04-25T23:51:00.000Z";1143.27
"2026-04-25T23:51:00.000Z";"2026-04-25T23:54:00.000Z";1149.94
"2026-04-25T23:54:00.000Z";"2026-04-25T23:57:00.000Z";1147.61
"2026-04-25T23:57:00.000Z";"2026-04-26T00:00:00.000Z";1145.28
"2026-04-26T00:00:00.000Z";"2026-04-26T00:03:00.000Z";1145.67
"2026-04-26T00:03:00.000Z";"2026-04-26T00:06:00.000Z";1147.83
"2026-04-26T00:06:00.000Z";"2026-04-26T00:09:00.000Z";1139.73
"2026-04-26T00:09:00.000Z";"2026-04-26T00:12:00.000Z";1137.61
"2026-04-26T00:12:00.000Z";"2026-04-26T00:15:00.000Z";1138.28
"2026-04-26T00:15:00.000Z";"2026-04-26T00:18:00.000Z";1135.89
"2026-04-26T00:18:00.000Z";"2026-04-26T00:21:00.000Z";1137.5
"2026-04-26T00:21:00.000Z";"2026-04-26T00:24:00.000Z";1131.84
"2026-04-26T00:24:00.000Z";"2026-04-26T00:27:00.000Z";1131.11
"2026-04-26T00:27:00.000Z";"2026-04-26T00:30:00.000Z";1138.05
"2026-04-26T00:30:00.000Z";"2026-04-26T00:33:00.000Z";1135.5
"2026-04-26T00:33:00.000Z";"2026-04-26T00:36:00.000Z";1131.34
"2026-04-26T00:36:00.000Z";"2026-04-26T00:39:00.000Z";1129
"2026-04-26T00:39:00.000Z";"2026-04-26T00:42:00.000Z";1132.39
"2026-04-26T00:42:00.000Z";"2026-04-26T00:45:00.000Z";1134
"2026-04-26T00:45:00.000Z";"2026-04-26T00:48:00.000Z";1133.5
"2026-04-26T00:48:00.000Z";"2026-04-26T00:51:00.000Z";1131
"2026-04-26T00:51:00.000Z";"2026-04-26T00:54:00.000Z";1135.66
"2026-04-26T00:54:00.000Z";"2026-04-26T00:57:00.000Z";1133.28
"2026-04-26T00:57:00.000Z";"2026-04-26T01:00:00.000Z";1129.78
"2026-04-26T01:00:00.000Z";"2026-04-26T01:03:00.000Z";1127.28
"2026-04-26T01:03:00.000Z";"2026-04-26T01:06:00.000Z";1126.17
"2026-04-26T01:06:00.000Z";"2026-04-26T01:09:00.000Z";1130.17
"2026-04-26T01:09:00.000Z";"2026-04-26T01:12:00.000Z";1133.1
"2026-04-26T01:12:00.000Z";"2026-04-26T01:15:00.000Z";1129.45
"2026-04-26T01:15:00.000Z";"2026-04-26T01:18:00.000Z";1127
"2026-04-26T01:18:00.000Z";"2026-04-26T01:21:00.000Z";1125.72
"2026-04-26T01:21:00.000Z";"2026-04-26T01:24:00.000Z";1126.67
"2026-04-26T01:24:00.000Z";"2026-04-26T01:27:00.000Z";1122.5
"2026-04-26T01:27:00.000Z";"2026-04-26T01:30:00.000Z";1125.89
"2026-04-26T01:30:00.000Z";"2026-04-26T01:33:00.000Z";1120.22
"2026-04-26T01:33:00.000Z";"2026-04-26T01:36:00.000Z";1112
"2026-04-26T01:36:00.000Z";"2026-04-26T01:39:00.000Z";1108.94
"2026-04-26T01:39:00.000Z";"2026-04-26T01:42:00.000Z";1112.39
"2026-04-26T01:42:00.000Z";"2026-04-26T01:45:00.000Z";1115.55
"2026-04-26T01:45:00.000Z";"2026-04-26T01:48:00.000Z";1117.16
"2026-04-26T01:48:00.000Z";"2026-04-26T01:51:00.000Z";1122.22
"2026-04-26T01:51:00.000Z";"2026-04-26T01:54:00.000Z";1124.95
"2026-04-26T01:54:00.000Z";"2026-04-26T01:57:00.000Z";1124.77
"2026-04-26T01:57:00.000Z";"2026-04-26T02:00:00.000Z";1126.33
"2026-04-26T02:00:00.000Z";"2026-04-26T02:03:00.000Z";1127.06
"2026-04-26T02:03:00.000Z";"2026-04-26T02:06:00.000Z";1127.89
"2026-04-26T02:06:00.000Z";"2026-04-26T02:09:00.000Z";1128
"2026-04-26T02:09:00.000Z";"2026-04-26T02:12:00.000Z";1129.61
"2026-04-26T02:12:00.000Z";"2026-04-26T02:15:00.000Z";1129.06
"2026-04-26T02:15:00.000Z";"2026-04-26T02:18:00.000Z";1126.94
"2026-04-26T02:18:00.000Z";"2026-04-26T02:21:00.000Z";1131.55
"2026-04-26T02:21:00.000Z";"2026-04-26T02:24:00.000Z";1127
"2026-04-26T02:24:00.000Z";"2026-04-26T02:27:00.000Z";1125.5
"2026-04-26T02:27:00.000Z";"2026-04-26T02:30:00.000Z";1127.45
"2026-04-26T02:30:00.000Z";"2026-04-26T02:33:00.000Z";1122.95
"2026-04-26T02:33:00.000Z";"2026-04-26T02:36:00.000Z";1111.18
"2026-04-26T02:36:00.000Z";"2026-04-26T02:39:00.000Z";1103.38
"2026-04-26T02:39:00.000Z";"2026-04-26T02:42:00.000Z";1111.39
"2026-04-26T02:42:00.000Z";"2026-04-26T02:45:00.000Z";1108.44
"2026-04-26T02:45:00.000Z";"2026-04-26T02:48:00.000Z";1108.94
"2026-04-26T02:48:00.000Z";"2026-04-26T02:51:00.000Z";1109.83
"2026-04-26T02:51:00.000Z";"2026-04-26T02:54:00.000Z";1110.5
"2026-04-26T02:54:00.000Z";"2026-04-26T02:57:00.000Z";1114.88
"2026-04-26T02:57:00.000Z";"2026-04-26T03:00:00.000Z";1118.78
"2026-04-26T03:00:00.000Z";"2026-04-26T03:03:00.000Z";1123.83
"2026-04-26T03:03:00.000Z";"2026-04-26T03:06:00.000Z";1122.22
"2026-04-26T03:06:00.000Z";"2026-04-26T03:09:00.000Z";1119.61
"2026-04-26T03:09:00.000Z";"2026-04-26T03:12:00.000Z";1120.78
"2026-04-26T03:12:00.000Z";"2026-04-26T03:15:00.000Z";1119.83
"2026-04-26T03:15:00.000Z";"2026-04-26T03:18:00.000Z";1118.06
"2026-04-26T03:18:00.000Z";"2026-04-26T03:21:00.000Z";1107.45
"2026-04-26T03:21:00.000Z";"2026-04-26T03:24:00.000Z";1112.77
"2026-04-26T03:24:00.000Z";"2026-04-26T03:27:00.000Z";1121
"2026-04-26T03:27:00.000Z";"2026-04-26T03:30:00.000Z";1121.56
"2026-04-26T03:30:00.000Z";"2026-04-26T03:33:00.000Z";1118
"2026-04-26T03:33:00.000Z";"2026-04-26T03:36:00.000Z";1118.72
"2026-04-26T03:36:00.000Z";"2026-04-26T03:39:00.000Z";1118.28
"2026-04-26T03:39:00.000Z";"2026-04-26T03:42:00.000Z";1119.55
"2026-04-26T03:42:00.000Z";"2026-04-26T03:45:00.000Z";1122.28
"2026-04-26T03:45:00.000Z";"2026-04-26T03:48:00.000Z";1123.5
"2026-04-26T03:48:00.000Z";"2026-04-26T03:51:00.000Z";1124.78
"2026-04-26T03:51:00.000Z";"2026-04-26T03:54:00.000Z";1123.89
"2026-04-26T03:54:00.000Z";"2026-04-26T03:57:00.000Z";1125
"2026-04-26T03:57:00.000Z";"2026-04-26T04:00:00.000Z";1133.27
"2026-04-26T04:00:00.000Z";"2026-04-26T04:03:00.000Z";1146.93
"2026-04-26T04:03:00.000Z";"2026-04-26T04:06:00.000Z";1160.22
"2026-04-26T04:06:00.000Z";"2026-04-26T04:09:00.000Z";1160.28
"2026-04-26T04:09:00.000Z";"2026-04-26T04:12:00.000Z";1162.17
"2026-04-26T04:12:00.000Z";"2026-04-26T04:15:00.000Z";1162.78
"2026-04-26T04:15:00.000Z";"2026-04-26T04:18:00.000Z";1154.17
"2026-04-26T04:18:00.000Z";"2026-04-26T04:21:00.000Z";1153.05
"2026-04-26T04:21:00.000Z";"2026-04-26T04:24:00.000Z";1151
"2026-04-26T04:24:00.000Z";"2026-04-26T04:27:00.000Z";1153.72
"2026-04-26T04:27:00.000Z";"2026-04-26T04:30:00.000Z";1161.83
"2026-04-26T04:30:00.000Z";"2026-04-26T04:33:00.000Z";1177.94
"2026-04-26T04:33:00.000Z";"2026-04-26T04:36:00.000Z";1181.44
"2026-04-26T04:36:00.000Z";"2026-04-26T04:39:00.000Z";1185.39
"2026-04-26T04:39:00.000Z";"2026-04-26T04:42:00.000Z";1191.33
"2026-04-26T04:42:00.000Z";"2026-04-26T04:45:00.000Z";1191.5
"2026-04-26T04:45:00.000Z";"2026-04-26T04:48:00.000Z";1187.61
"2026-04-26T04:48:00.000Z";"2026-04-26T04:51:00.000Z";1197.11
"2026-04-26T04:51:00.000Z";"2026-04-26T04:54:00.000Z";1202.44
"2026-04-26T04:54:00.000Z";"2026-04-26T04:57:00.000Z";1204.56
"2026-04-26T04:57:00.000Z";"2026-04-26T05:00:00.000Z";1219.38
"2026-04-26T05:00:00.000Z";"2026-04-26T05:03:00.000Z";1224.67
"2026-04-26T05:03:00.000Z";"2026-04-26T05:06:00.000Z";1201.51
"2026-04-26T05:06:00.000Z";"2026-04-26T05:09:00.000Z";1185.73
"2026-04-26T05:09:00.000Z";"2026-04-26T05:12:00.000Z";1189.55
"2026-04-26T05:12:00.000Z";"2026-04-26T05:15:00.000Z";1211.49
"2026-04-26T05:15:00.000Z";"2026-04-26T05:18:00.000Z";1245.85
"2026-04-26T05:18:00.000Z";"2026-04-26T05:21:00.000Z";1262.45
"2026-04-26T05:21:00.000Z";"2026-04-26T05:24:00.000Z";1262.22
"2026-04-26T05:24:00.000Z";"2026-04-26T05:27:00.000Z";1258.34
"2026-04-26T05:27:00.000Z";"2026-04-26T05:30:00.000Z";1250.84
"2026-04-26T05:30:00.000Z";"2026-04-26T05:33:00.000Z";1245
"2026-04-26T05:33:00.000Z";"2026-04-26T05:36:00.000Z";1242.56
"2026-04-26T05:36:00.000Z";"2026-04-26T05:39:00.000Z";1243.06
"2026-04-26T05:39:00.000Z";"2026-04-26T05:42:00.000Z";1238.67
"2026-04-26T05:42:00.000Z";"2026-04-26T05:45:00.000Z";1215.62
"2026-04-26T05:45:00.000Z";"2026-04-26T05:48:00.000Z";1199.73
"2026-04-26T05:48:00.000Z";"2026-04-26T05:51:00.000Z";1207.61
"2026-04-26T05:51:00.000Z";"2026-04-26T05:54:00.000Z";1205.61
"2026-04-26T05:54:00.000Z";"2026-04-26T05:57:00.000Z";1202
"2026-04-26T05:57:00.000Z";"2026-04-26T06:00:00.000Z";1200.17
"2026-04-26T06:00:00.000Z";"2026-04-26T06:03:00.000Z";1185.73
"2026-04-26T06:03:00.000Z";"2026-04-26T06:06:00.000Z";1166.4
"2026-04-26T06:06:00.000Z";"2026-04-26T06:09:00.000Z";1143.85
"2026-04-26T06:09:00.000Z";"2026-04-26T06:12:00.000Z";1148.21
"2026-04-26T06:12:00.000Z";"2026-04-26T06:15:00.000Z";1159.44
"2026-04-26T06:15:00.000Z";"2026-04-26T06:18:00.000Z";1169.11
"2026-04-26T06:18:00.000Z";"2026-04-26T06:21:00.000Z";1177.44
"2026-04-26T06:21:00.000Z";"2026-04-26T06:24:00.000Z";1178.22
"2026-04-26T06:24:00.000Z";"2026-04-26T06:27:00.000Z";1146.56
"2026-04-26T06:27:00.000Z";"2026-04-26T06:30:00.000Z";1148.89
"2026-04-26T06:30:00.000Z";"2026-04-26T06:33:00.000Z";1152.44
"2026-04-26T06:33:00.000Z";"2026-04-26T06:36:00.000Z";1170.54
"2026-04-26T06:36:00.000Z";"2026-04-26T06:39:00.000Z";1183.83
"2026-04-26T06:39:00.000Z";"2026-04-26T06:42:00.000Z";1174.67
"2026-04-26T06:42:00.000Z";"2026-04-26T06:45:00.000Z";1170.5
"2026-04-26T06:45:00.000Z";"2026-04-26T06:48:00.000Z";1157.23
"2026-04-26T06:48:00.000Z";"2026-04-26T06:51:00.000Z";1152.94
"2026-04-26T06:51:00.000Z";"2026-04-26T06:54:00.000Z";1147.18
"2026-04-26T06:54:00.000Z";"2026-04-26T06:57:00.000Z";1141.84
"2026-04-26T06:57:00.000Z";"2026-04-26T07:00:00.000Z";1137.17
"2026-04-26T07:00:00.000Z";"2026-04-26T07:03:00.000Z";1130.67
"2026-04-26T07:03:00.000Z";"2026-04-26T07:06:00.000Z";1138.66
"2026-04-26T07:06:00.000Z";"2026-04-26T07:09:00.000Z";1121.57
"2026-04-26T07:09:00.000Z";"2026-04-26T07:12:00.000Z";1114.39
"2026-04-26T07:12:00.000Z";"2026-04-26T07:15:00.000Z";1110.89
"2026-04-26T07:15:00.000Z";"2026-04-26T07:18:00.000Z";1105.01
"2026-04-26T07:18:00.000Z";"2026-04-26T07:21:00.000Z";1096.33
"2026-04-26T07:21:00.000Z";"2026-04-26T07:24:00.000Z";1096.72
"2026-04-26T07:24:00.000Z";"2026-04-26T07:27:00.000Z";1095.78
"2026-04-26T07:27:00.000Z";"2026-04-26T07:30:00.000Z";1092.67
"2026-04-26T07:30:00.000Z";"2026-04-26T07:33:00.000Z";1096.77
"2026-04-26T07:33:00.000Z";"2026-04-26T07:36:00.000Z";1104.83
"2026-04-26T07:36:00.000Z";"2026-04-26T07:39:00.000Z";1099.17
"2026-04-26T07:39:00.000Z";"2026-04-26T07:42:00.000Z";1098.33
"2026-04-26T07:42:00.000Z";"2026-04-26T07:45:00.000Z";1100.28
"2026-04-26T07:45:00.000Z";"2026-04-26T07:48:00.000Z";1100.5
"2026-04-26T07:48:00.000Z";"2026-04-26T07:51:00.000Z";1106.66
"2026-04-26T07:51:00.000Z";"2026-04-26T07:54:00.000Z";1110.44
"2026-04-26T07:54:00.000Z";"2026-04-26T07:57:00.000Z";1111.67
"2026-04-26T07:57:00.000Z";"2026-04-26T08:00:00.000Z";1114.89
"2026-04-26T08:00:00.000Z";"2026-04-26T08:03:00.000Z";1112.67
"2026-04-26T08:03:00.000Z";"2026-04-26T08:06:00.000Z";1113.66
"2026-04-26T08:06:00.000Z";"2026-04-26T08:09:00.000Z";1109.06
"2026-04-26T08:09:00.000Z";"2026-04-26T08:12:00.000Z";1107.22
"2026-04-26T08:12:00.000Z";"2026-04-26T08:15:00.000Z";1101.28
"2026-04-26T08:15:00.000Z";"2026-04-26T08:18:00.000Z";1103.05
"2026-04-26T08:18:00.000Z";"2026-04-26T08:21:00.000Z";1120.55
"2026-04-26T08:21:00.000Z";"2026-04-26T08:24:00.000Z";1116.34
"2026-04-26T08:24:00.000Z";"2026-04-26T08:27:00.000Z";1109.5
"2026-04-26T08:27:00.000Z";"2026-04-26T08:30:00.000Z";1108.39
"2026-04-26T08:30:00.000Z";"2026-04-26T08:33:00.000Z";1103.95
"2026-04-26T08:33:00.000Z";"2026-04-26T08:36:00.000Z";1106.22
"2026-04-26T08:36:00.000Z";"2026-04-26T08:39:00.000Z";1106.28
"2026-04-26T08:39:00.000Z";"2026-04-26T08:42:00.000Z";1102.83
"2026-04-26T08:42:00.000Z";"2026-04-26T08:45:00.000Z";1103.72
"2026-04-26T08:45:00.000Z";"2026-04-26T08:48:00.000Z";1102.16
"2026-04-26T08:48:00.000Z";"2026-04-26T08:51:00.000Z";1101
"2026-04-26T08:51:00.000Z";"2026-04-26T08:54:00.000Z";1089.83
"2026-04-26T08:54:00.000Z";"2026-04-26T08:57:00.000Z";1094.55
"2026-04-26T08:57:00.000Z";"2026-04-26T09:00:00.000Z";1093.17
"2026-04-26T09:00:00.000Z";"2026-04-26T09:03:00.000Z";1105.98
"2026-04-26T09:03:00.000Z";"2026-04-26T09:06:00.000Z";1141.49
"2026-04-26T09:06:00.000Z";"2026-04-26T09:09:00.000Z";1151.77
"2026-04-26T09:09:00.000Z";"2026-04-26T09:12:00.000Z";1158.33
"2026-04-26T09:12:00.000Z";"2026-04-26T09:15:00.000Z";1169.05
"2026-04-26T09:15:00.000Z";"2026-04-26T09:18:00.000Z";1174.39
"2026-04-26T09:18:00.000Z";"2026-04-26T09:21:00.000Z";1154.34
"2026-04-26T09:21:00.000Z";"2026-04-26T09:24:00.000Z";1142.28
"2026-04-26T09:24:00.000Z";"2026-04-26T09:27:00.000Z";1142.72
"2026-04-26T09:27:00.000Z";"2026-04-26T09:30:00.000Z";1137.5
"2026-04-26T09:30:00.000Z";"2026-04-26T09:33:00.000Z";1137.78
"2026-04-26T09:33:00.000Z";"2026-04-26T09:36:00.000Z";1142
"2026-04-26T09:36:00.000Z";"2026-04-26T09:39:00.000Z";1139.78
"2026-04-26T09:39:00.000Z";"2026-04-26T09:42:00.000Z";1136.72
"2026-04-26T09:42:00.000Z";"2026-04-26T09:45:00.000Z";1134
"2026-04-26T09:45:00.000Z";"2026-04-26T09:48:00.000Z";1129
"2026-04-26T09:48:00.000Z";"2026-04-26T09:51:00.000Z";1124.06
"2026-04-26T09:51:00.000Z";"2026-04-26T09:54:00.000Z";1112.66
"2026-04-26T09:54:00.000Z";"2026-04-26T09:57:00.000Z";1117.11
"2026-04-26T09:57:00.000Z";"2026-04-26T10:00:00.000Z";1118.55
"2026-04-26T10:00:00.000Z";"2026-04-26T10:03:00.000Z";1125.71
"2026-04-26T10:03:00.000Z";"2026-04-26T10:06:00.000Z";1153.54
"2026-04-26T10:06:00.000Z";"2026-04-26T10:09:00.000Z";1187.21
"2026-04-26T10:09:00.000Z";"2026-04-26T10:12:00.000Z";1184.83
"2026-04-26T10:12:00.000Z";"2026-04-26T10:15:00.000Z";1189
"2026-04-26T10:15:00.000Z";"2026-04-26T10:18:00.000Z";1192.71
"2026-04-26T10:18:00.000Z";"2026-04-26T10:21:00.000Z";1216.15
"2026-04-26T10:21:00.000Z";"2026-04-26T10:24:00.000Z";1218.39
"2026-04-26T10:24:00.000Z";"2026-04-26T10:27:00.000Z";1217.11
"2026-04-26T10:27:00.000Z";"2026-04-26T10:30:00.000Z";1209.78
"2026-04-26T10:30:00.000Z";"2026-04-26T10:33:00.000Z";1187.51
"2026-04-26T10:33:00.000Z";"2026-04-26T10:36:00.000Z";1185.38
"2026-04-26T10:36:00.000Z";"2026-04-26T10:39:00.000Z";1166.01
"2026-04-26T10:39:00.000Z";"2026-04-26T10:42:00.000Z";1138.84
"2026-04-26T10:42:00.000Z";"2026-04-26T10:45:00.000Z";1144.39
"2026-04-26T10:45:00.000Z";"2026-04-26T10:48:00.000Z";1140.89
"2026-04-26T10:48:00.000Z";"2026-04-26T10:51:00.000Z";1138.73
"2026-04-26T10:51:00.000Z";"2026-04-26T10:54:00.000Z";1139.61
"2026-04-26T10:54:00.000Z";"2026-04-26T10:57:00.000Z";1139.83
"2026-04-26T10:57:00.000Z";"2026-04-26T11:00:00.000Z";1135.45
"2026-04-26T11:00:00.000Z";"2026-04-26T11:03:00.000Z";1131.83
"2026-04-26T11:03:00.000Z";"2026-04-26T11:06:00.000Z";1131.5
"2026-04-26T11:06:00.000Z";"2026-04-26T11:09:00.000Z";1130.28
"2026-04-26T11:09:00.000Z";"2026-04-26T11:12:00.000Z";1131.67
"2026-04-26T11:12:00.000Z";"2026-04-26T11:15:00.000Z";1126
"2026-04-26T11:15:00.000Z";"2026-04-26T11:18:00.000Z";1134.38
"2026-04-26T11:18:00.000Z";"2026-04-26T11:21:00.000Z";1133.28
"2026-04-26T11:21:00.000Z";"2026-04-26T11:24:00.000Z";1124.44
"2026-04-26T11:24:00.000Z";"2026-04-26T11:27:00.000Z";1139.05
"2026-04-26T11:27:00.000Z";"2026-04-26T11:30:00.000Z";1135.45
"2026-04-26T11:30:00.000Z";"2026-04-26T11:33:00.000Z";1136.05
"2026-04-26T11:33:00.000Z";"2026-04-26T11:36:00.000Z";1135.34
"2026-04-26T11:36:00.000Z";"2026-04-26T11:39:00.000Z";1137.83
"2026-04-26T11:39:00.000Z";"2026-04-26T11:42:00.000Z";1143.05
"2026-04-26T11:42:00.000Z";"2026-04-26T11:45:00.000Z";1157.55
"2026-04-26T11:45:00.000Z";"2026-04-26T11:48:00.000Z";1156.78
"2026-04-26T11:48:00.000Z";"2026-04-26T11:51:00.000Z";1150.06
"2026-04-26T11:51:00.000Z";"2026-04-26T11:54:00.000Z";1132.72
"2026-04-26T11:54:00.000Z";"2026-04-26T11:57:00.000Z";1129.83
"2026-04-26T11:57:00.000Z";"2026-04-26T12:00:00.000Z";1123.06
"2026-04-26T12:00:00.000Z";"2026-04-26T12:03:00.000Z";1104.34
"2026-04-26T12:03:00.000Z";"2026-04-26T12:06:00.000Z";1094.17
"2026-04-26T12:06:00.000Z";"2026-04-26T12:09:00.000Z";1092.33
"2026-04-26T12:09:00.000Z";"2026-04-26T12:12:00.000Z";1101.5
"2026-04-26T12:12:00.000Z";"2026-04-26T12:15:00.000Z";1103.17
"2026-04-26T12:15:00.000Z";"2026-04-26T12:18:00.000Z";1100.28
"2026-04-26T12:18:00.000Z";"2026-04-26T12:21:00.000Z";1103.28
"2026-04-26T12:21:00.000Z";"2026-04-26T12:24:00.000Z";1100.78
"2026-04-26T12:24:00.000Z";"2026-04-26T12:27:00.000Z";1078.76
"2026-04-26T12:27:00.000Z";"2026-04-26T12:30:00.000Z";1071.33
"2026-04-26T12:30:00.000Z";"2026-04-26T12:33:00.000Z";1073.27
"2026-04-26T12:33:00.000Z";"2026-04-26T12:36:00.000Z";1073.61
"2026-04-26T12:36:00.000Z";"2026-04-26T12:39:00.000Z";1071.16
"2026-04-26T12:39:00.000Z";"2026-04-26T12:42:00.000Z";1079.33
"2026-04-26T12:42:00.000Z";"2026-04-26T12:45:00.000Z";1087.72
"2026-04-26T12:45:00.000Z";"2026-04-26T12:48:00.000Z";1101.94
"2026-04-26T12:48:00.000Z";"2026-04-26T12:51:00.000Z";1100.5
"2026-04-26T12:51:00.000Z";"2026-04-26T12:54:00.000Z";1105.61
"2026-04-26T12:54:00.000Z";"2026-04-26T12:57:00.000Z";1104
"2026-04-26T12:57:00.000Z";"2026-04-26T13:00:00.000Z";1107.66
"2026-04-26T13:00:00.000Z";"2026-04-26T13:03:00.000Z";1110.78
"2026-04-26T13:03:00.000Z";"2026-04-26T13:06:00.000Z";1116.17
"2026-04-26T13:06:00.000Z";"2026-04-26T13:09:00.000Z";1106.78
"2026-04-26T13:09:00.000Z";"2026-04-26T13:12:00.000Z";1114.38
"2026-04-26T13:12:00.000Z";"2026-04-26T13:15:00.000Z";1123.44
"2026-04-26T13:15:00.000Z";"2026-04-26T13:18:00.000Z";1123.78
"2026-04-26T13:18:00.000Z";"2026-04-26T13:21:00.000Z";1124.56
"2026-04-26T13:21:00.000Z";"2026-04-26T13:24:00.000Z";1122.22
"2026-04-26T13:24:00.000Z";"2026-04-26T13:27:00.000Z";1124.39
"2026-04-26T13:27:00.000Z";"2026-04-26T13:30:00.000Z";1121.61
"2026-04-26T13:30:00.000Z";"2026-04-26T13:33:00.000Z";1105.97
"2026-04-26T13:33:00.000Z";"2026-04-26T13:36:00.000Z";1097.27
"2026-04-26T13:36:00.000Z";"2026-04-26T13:39:00.000Z";1104.56
"2026-04-26T13:39:00.000Z";"2026-04-26T13:42:00.000Z";1102.78
"2026-04-26T13:42:00.000Z";"2026-04-26T13:45:00.000Z";1103.94
"2026-04-26T13:45:00.000Z";"2026-04-26T13:48:00.000Z";1102
"2026-04-26T13:48:00.000Z";"2026-04-26T13:51:00.000Z";1096.28
"2026-04-26T13:51:00.000Z";"2026-04-26T13:54:00.000Z";1088.28
"2026-04-26T13:54:00.000Z";"2026-04-26T13:57:00.000Z";1090
"2026-04-26T13:57:00.000Z";"2026-04-26T14:00:00.000Z";1096.44
"2026-04-26T14:00:00.000Z";"2026-04-26T14:03:00.000Z";1100.5
"2026-04-26T14:03:00.000Z";"2026-04-26T14:06:00.000Z";1087.07
"2026-04-26T14:06:00.000Z";"2026-04-26T14:09:00.000Z";1084.78
"2026-04-26T14:09:00.000Z";"2026-04-26T14:12:00.000Z";1088.39
"2026-04-26T14:12:00.000Z";"2026-04-26T14:15:00.000Z";1090.39
"2026-04-26T14:15:00.000Z";"2026-04-26T14:18:00.000Z";1080.51
"2026-04-26T14:18:00.000Z";"2026-04-26T14:21:00.000Z";1076.83
"2026-04-26T14:21:00.000Z";"2026-04-26T14:24:00.000Z";1080.78
"2026-04-26T14:24:00.000Z";"2026-04-26T14:27:00.000Z";1081.61
"2026-04-26T14:27:00.000Z";"2026-04-26T14:30:00.000Z";1082.16
"2026-04-26T14:30:00.000Z";"2026-04-26T14:33:00.000Z";1089.66
"2026-04-26T14:33:00.000Z";"2026-04-26T14:36:00.000Z";1085.85
"2026-04-26T14:36:00.000Z";"2026-04-26T14:39:00.000Z";1079.33
"2026-04-26T14:39:00.000Z";"2026-04-26T14:42:00.000Z";1084.5
"2026-04-26T14:42:00.000Z";"2026-04-26T14:45:00.000Z";1080.56
"2026-04-26T14:45:00.000Z";"2026-04-26T14:48:00.000Z";1078.67
"2026-04-26T14:48:00.000Z";"2026-04-26T14:51:00.000Z";1067.39
"2026-04-26T14:51:00.000Z";"2026-04-26T14:54:00.000Z";1071.72
"2026-04-26T14:54:00.000Z";"2026-04-26T14:57:00.000Z";1087.04
"2026-04-26T14:57:00.000Z";"2026-04-26T15:00:00.000Z";1102.97
"2026-04-26T15:00:00.000Z";"2026-04-26T15:03:00.000Z";1108.63
"2026-04-26T15:03:00.000Z";"2026-04-26T15:06:00.000Z";1103.26
"2026-04-26T15:06:00.000Z";"2026-04-26T15:09:00.000Z";1124.5
"2026-04-26T15:09:00.000Z";"2026-04-26T15:12:00.000Z";1125.89
"2026-04-26T15:12:00.000Z";"2026-04-26T15:15:00.000Z";1130.22
"2026-04-26T15:15:00.000Z";"2026-04-26T15:18:00.000Z";1129
"2026-04-26T15:18:00.000Z";"2026-04-26T15:21:00.000Z";1123.67
"2026-04-26T15:21:00.000Z";"2026-04-26T15:24:00.000Z";1127.28
"2026-04-26T15:24:00.000Z";"2026-04-26T15:27:00.000Z";1141.99
"2026-04-26T15:27:00.000Z";"2026-04-26T15:30:00.000Z";1182.76
"2026-04-26T15:30:00.000Z";"2026-04-26T15:33:00.000Z";1204.21
"2026-04-26T15:33:00.000Z";"2026-04-26T15:36:00.000Z";1201.67
"2026-04-26T15:36:00.000Z";"2026-04-26T15:39:00.000Z";1196.22
"2026-04-26T15:39:00.000Z";"2026-04-26T15:42:00.000Z";1203.11
"2026-04-26T15:42:00.000Z";"2026-04-26T15:45:00.000Z";1202.83
"2026-04-26T15:45:00.000Z";"2026-04-26T15:48:00.000Z";1195.89
"2026-04-26T15:48:00.000Z";"2026-04-26T15:51:00.000Z";1184.29
"2026-04-26T15:51:00.000Z";"2026-04-26T15:54:00.000Z";1174.06
"2026-04-26T15:54:00.000Z";"2026-04-26T15:57:00.000Z";1173.39
"2026-04-26T15:57:00.000Z";"2026-04-26T16:00:00.000Z";1197.02
"2026-04-26T16:00:00.000Z";"2026-04-26T16:03:00.000Z";1252.17
"2026-04-26T16:03:00.000Z";"2026-04-26T16:06:00.000Z";1314.31
"2026-04-26T16:06:00.000Z";"2026-04-26T16:09:00.000Z";1339.16
"2026-04-26T16:09:00.000Z";"2026-04-26T16:12:00.000Z";1354.83
"2026-04-26T16:12:00.000Z";"2026-04-26T16:15:00.000Z";1352.28
"2026-04-26T16:15:00.000Z";"2026-04-26T16:18:00.000Z";1343.89
"2026-04-26T16:18:00.000Z";"2026-04-26T16:21:00.000Z";1335.95
"2026-04-26T16:21:00.000Z";"2026-04-26T16:24:00.000Z";1327.3
"2026-04-26T16:24:00.000Z";"2026-04-26T16:27:00.000Z";1325.05
"2026-04-26T16:27:00.000Z";"2026-04-26T16:30:00.000Z";1341.49
"2026-04-26T16:30:00.000Z";"2026-04-26T16:33:00.000Z";1342.62
"2026-04-26T16:33:00.000Z";"2026-04-26T16:36:00.000Z";1332.28
"2026-04-26T16:36:00.000Z";"2026-04-26T16:39:00.000Z";1332.17
"2026-04-26T16:39:00.000Z";"2026-04-26T16:42:00.000Z";1337.17
"2026-04-26T16:42:00.000Z";"2026-04-26T16:45:00.000Z";1342.83
"2026-04-26T16:45:00.000Z";"2026-04-26T16:48:00.000Z";1374.26
"2026-04-26T16:48:00.000Z";"2026-04-26T16:51:00.000Z";1381.5
"2026-04-26T16:51:00.000Z";"2026-04-26T16:54:00.000Z";1389.82
"2026-04-26T16:54:00.000Z";"2026-04-26T16:57:00.000Z";1398.83
"2026-04-26T16:57:00.000Z";"2026-04-26T17:00:00.000Z";1411.33
"2026-04-26T17:00:00.000Z";"2026-04-26T17:03:00.000Z";1432.6
"2026-04-26T17:03:00.000Z";"2026-04-26T17:06:00.000Z";1453.61
"2026-04-26T17:06:00.000Z";"2026-04-26T17:09:00.000Z";1440.34
"2026-04-26T17:09:00.000Z";"2026-04-26T17:12:00.000Z";1439.38
"2026-04-26T17:12:00.000Z";"2026-04-26T17:15:00.000Z";1447.72
"2026-04-26T17:15:00.000Z";"2026-04-26T17:18:00.000Z";1451.83
"2026-04-26T17:18:00.000Z";"2026-04-26T17:21:00.000Z";1418.7
"2026-04-26T17:21:00.000Z";"2026-04-26T17:24:00.000Z";1401.72
"2026-04-26T17:24:00.000Z";"2026-04-26T17:27:00.000Z";1402.72
"2026-04-26T17:27:00.000Z";"2026-04-26T17:30:00.000Z";1402.28
"2026-04-26T17:30:00.000Z";"2026-04-26T17:33:00.000Z";1403.72
"2026-04-26T17:33:00.000Z";"2026-04-26T17:36:00.000Z";1394.4
"2026-04-26T17:36:00.000Z";"2026-04-26T17:39:00.000Z";1391.99
"2026-04-26T17:39:00.000Z";"2026-04-26T17:42:00.000Z";1410.16
"2026-04-26T17:42:00.000Z";"2026-04-26T17:45:00.000Z";1413.78
"2026-04-26T17:45:00.000Z";"2026-04-26T17:48:00.000Z";1381.34
"2026-04-26T17:48:00.000Z";"2026-04-26T17:51:00.000Z";1374.22
"2026-04-26T17:51:00.000Z";"2026-04-26T17:54:00.000Z";1363.62
"2026-04-26T17:54:00.000Z";"2026-04-26T17:57:00.000Z";1368.82
"2026-04-26T17:57:00.000Z";"2026-04-26T18:00:00.000Z";1377.27
"2026-04-26T18:00:00.000Z";"2026-04-26T18:03:00.000Z";1388.38
"2026-04-26T18:03:00.000Z";"2026-04-26T18:06:00.000Z";1405.66
"2026-04-26T18:06:00.000Z";"2026-04-26T18:09:00.000Z";1420.55
"2026-04-26T18:09:00.000Z";"2026-04-26T18:12:00.000Z";1428.11
"2026-04-26T18:12:00.000Z";"2026-04-26T18:15:00.000Z";1426.89
"2026-04-26T18:15:00.000Z";"2026-04-26T18:18:00.000Z";1405.71
"2026-04-26T18:18:00.000Z";"2026-04-26T18:21:00.000Z";1368.45
"2026-04-26T18:21:00.000Z";"2026-04-26T18:24:00.000Z";1363.67
"2026-04-26T18:24:00.000Z";"2026-04-26T18:27:00.000Z";1363
"2026-04-26T18:27:00.000Z";"2026-04-26T18:30:00.000Z";1366.72
"2026-04-26T18:30:00.000Z";"2026-04-26T18:33:00.000Z";1372.83
"2026-04-26T18:33:00.000Z";"2026-04-26T18:36:00.000Z";1374.67
"2026-04-26T18:36:00.000Z";"2026-04-26T18:39:00.000Z";1368.11
"2026-04-26T18:39:00.000Z";"2026-04-26T18:42:00.000Z";1367.17
"2026-04-26T18:42:00.000Z";"2026-04-26T18:45:00.000Z";1365.28
"2026-04-26T18:45:00.000Z";"2026-04-26T18:48:00.000Z";1371.83
"2026-04-26T18:48:00.000Z";"2026-04-26T18:51:00.000Z";1380.33
"2026-04-26T18:51:00.000Z";"2026-04-26T18:54:00.000Z";1373.02
"2026-04-26T18:54:00.000Z";"2026-04-26T18:57:00.000Z";1360.11
"2026-04-26T18:57:00.000Z";"2026-04-26T19:00:00.000Z";1369.16
"2026-04-26T19:00:00.000Z";"2026-04-26T19:03:00.000Z";1385.12
"2026-04-26T19:03:00.000Z";"2026-04-26T19:06:00.000Z";1352.69
"2026-04-26T19:06:00.000Z";"2026-04-26T19:09:00.000Z";1356.55
"2026-04-26T19:09:00.000Z";"2026-04-26T19:12:00.000Z";1366.22
"2026-04-26T19:12:00.000Z";"2026-04-26T19:15:00.000Z";1364.89
"2026-04-26T19:15:00.000Z";"2026-04-26T19:18:00.000Z";1336.95
"2026-04-26T19:18:00.000Z";"2026-04-26T19:21:00.000Z";1323.95
"2026-04-26T19:21:00.000Z";"2026-04-26T19:24:00.000Z";1300.4
"2026-04-26T19:24:00.000Z";"2026-04-26T19:27:00.000Z";1280.29
"2026-04-26T19:27:00.000Z";"2026-04-26T19:30:00.000Z";1284.44
"2026-04-26T19:30:00.000Z";"2026-04-26T19:33:00.000Z";1309.22
"2026-04-26T19:33:00.000Z";"2026-04-26T19:36:00.000Z";1308.28
"2026-04-26T19:36:00.000Z";"2026-04-26T19:39:00.000Z";1312.5
"2026-04-26T19:39:00.000Z";"2026-04-26T19:42:00.000Z";1312.34
"2026-04-26T19:42:00.000Z";"2026-04-26T19:45:00.000Z";1309.67
"2026-04-26T19:45:00.000Z";"2026-04-26T19:48:00.000Z";1295.96
"2026-04-26T19:48:00.000Z";"2026-04-26T19:51:00.000Z";1268.23
"2026-04-26T19:51:00.000Z";"2026-04-26T19:54:00.000Z";1266.72
"2026-04-26T19:54:00.000Z";"2026-04-26T19:57:00.000Z";1268.78
"2026-04-26T19:57:00.000Z";"2026-04-26T20:00:00.000Z";1263.89
"2026-04-26T20:00:00.000Z";"2026-04-26T20:03:00.000Z";1260.89
"2026-04-26T20:03:00.000Z";"2026-04-26T20:06:00.000Z";1248.9
"2026-04-26T20:06:00.000Z";"2026-04-26T20:09:00.000Z";1240.5
"2026-04-26T20:09:00.000Z";"2026-04-26T20:12:00.000Z";1236.34
"2026-04-26T20:12:00.000Z";"2026-04-26T20:15:00.000Z";1228.11
"2026-04-26T20:15:00.000Z";"2026-04-26T20:18:00.000Z";1229.11
"2026-04-26T20:18:00.000Z";"2026-04-26T20:21:00.000Z";1239.83
"2026-04-26T20:21:00.000Z";"2026-04-26T20:24:00.000Z";1232.18
"2026-04-26T20:24:00.000Z";"2026-04-26T20:27:00.000Z";1219.22
"2026-04-26T20:27:00.000Z";"2026-04-26T20:30:00.000Z";1208.46
"2026-04-26T20:30:00.000Z";"2026-04-26T20:33:00.000Z";1208.11
"2026-04-26T20:33:00.000Z";"2026-04-26T20:36:00.000Z";1194.73
"2026-04-26T20:36:00.000Z";"2026-04-26T20:39:00.000Z";1189.94
"2026-04-26T20:39:00.000Z";"2026-04-26T20:42:00.000Z";1191.72
"2026-04-26T20:42:00.000Z";"2026-04-26T20:45:00.000Z";1188.28
"2026-04-26T20:45:00.000Z";"2026-04-26T20:48:00.000Z";1185.33
"2026-04-26T20:48:00.000Z";"2026-04-26T20:51:00.000Z";1187.67
"2026-04-26T20:51:00.000Z";"2026-04-26T20:54:00.000Z";1184.73
"2026-04-26T20:54:00.000Z";"2026-04-26T20:57:00.000Z";1182.39
"2026-04-26T20:57:00.000Z";"2026-04-26T21:00:00.000Z";1179.22
"2026-04-26T21:00:00.000Z";"2026-04-26T21:03:00.000Z";1165.4
"2026-04-26T21:03:00.000Z";"2026-04-26T21:06:00.000Z";1165.94
"2026-04-26T21:06:00.000Z";"2026-04-26T21:09:00.000Z";1162.73
"2026-04-26T21:09:00.000Z";"2026-04-26T21:12:00.000Z";1155.11
"2026-04-26T21:12:00.000Z";"2026-04-26T21:15:00.000Z";1140.4
"2026-04-26T21:15:00.000Z";"2026-04-26T21:18:00.000Z";1136.78
"2026-04-26T21:18:00.000Z";"2026-04-26T21:21:00.000Z";1136.72
"2026-04-26T21:21:00.000Z";"2026-04-26T21:24:00.000Z";1140.89
"2026-04-26T21:24:00.000Z";"2026-04-26T21:27:00.000Z";1140.17
"2026-04-26T21:27:00.000Z";"2026-04-26T21:30:00.000Z";1134.62
"2026-04-26T21:30:00.000Z";"2026-04-26T21:33:00.000Z";1127.33
"2026-04-26T21:33:00.000Z";"2026-04-26T21:36:00.000Z";1132.89
"2026-04-26T21:36:00.000Z";"2026-04-26T21:39:00.000Z";1128.45
"2026-04-26T21:39:00.000Z";"2026-04-26T21:42:00.000Z";1123.17
"2026-04-26T21:42:00.000Z";"2026-04-26T21:45:00.000Z";1130
"2026-04-26T21:45:00.000Z";"2026-04-26T21:48:00.000Z";1140.61
"2026-04-26T21:48:00.000Z";"2026-04-26T21:51:00.000Z";1143.11
"2026-04-26T21:51:00.000Z";"2026-04-26T21:54:00.000Z";1147.17
"2026-04-26T21:54:00.000Z";"2026-04-26T21:57:00.000Z";1146.39
"2026-04-26T21:57:00.000Z";"2026-04-26T22:00:00.000Z";1152.05
"2026-04-26T22:00:00.000Z";"2026-04-26T22:03:00.000Z";1140.67
"2026-04-26T22:03:00.000Z";"2026-04-26T22:06:00.000Z";1129.51
"2026-04-26T22:06:00.000Z";"2026-04-26T22:09:00.000Z";1119.83
"2026-04-26T22:09:00.000Z";"2026-04-26T22:12:00.000Z";1122.67
"2026-04-26T22:12:00.000Z";"2026-04-26T22:15:00.000Z";1121.61
"2026-04-26T22:15:00.000Z";"2026-04-26T22:18:00.000Z";1123.89
"2026-04-26T22:18:00.000Z";"2026-04-26T22:21:00.000Z";1128.44
"2026-04-26T22:21:00.000Z";"2026-04-26T22:24:00.000Z";1129.22
"2026-04-26T22:24:00.000Z";"2026-04-26T22:27:00.000Z";1129.23
"2026-04-26T22:27:00.000Z";"2026-04-26T22:30:00.000Z";1129.5
"2026-04-26T22:30:00.000Z";"2026-04-26T22:33:00.000Z";1129.28
"2026-04-26T22:33:00.000Z";"2026-04-26T22:36:00.000Z";1136.61
"2026-04-26T22:36:00.000Z";"2026-04-26T22:39:00.000Z";1142
"2026-04-26T22:39:00.000Z";"2026-04-26T22:42:00.000Z";1144.39
"2026-04-26T22:42:00.000Z";"2026-04-26T22:45:00.000Z";1142.67
"2026-04-26T22:45:00.000Z";"2026-04-26T22:48:00.000Z";1144.28
"2026-04-26T22:48:00.000Z";"2026-04-26T22:51:00.000Z";1144.11
"2026-04-26T22:51:00.000Z";"2026-04-26T22:54:00.000Z";1149.28
"2026-04-26T22:54:00.000Z";"2026-04-26T22:57:00.000Z";1148.45
"2026-04-26T22:57:00.000Z";"2026-04-26T23:00:00.000Z";1136.73
"2026-04-26T23:00:00.000Z";"2026-04-26T23:03:00.000Z";1114.56
"2026-04-26T23:03:00.000Z";"2026-04-26T23:06:00.000Z";1092.01
"2026-04-26T23:06:00.000Z";"2026-04-26T23:09:00.000Z";1087.83
"2026-04-26T23:09:00.000Z";"2026-04-26T23:12:00.000Z";1088.89
"2026-04-26T23:12:00.000Z";"2026-04-26T23:15:00.000Z";1087.33
"2026-04-26T23:15:00.000Z";"2026-04-26T23:18:00.000Z";1087.23
"2026-04-26T23:18:00.000Z";"2026-04-26T23:21:00.000Z";1082.33
"2026-04-26T23:21:00.000Z";"2026-04-26T23:24:00.000Z";1084.28
"2026-04-26T23:24:00.000Z";"2026-04-26T23:27:00.000Z";1087.72
"2026-04-26T23:27:00.000Z";"2026-04-26T23:30:00.000Z";1088.5
"2026-04-26T23:30:00.000Z";"2026-04-26T23:33:00.000Z";1087.72
"2026-04-26T23:33:00.000Z";"2026-04-26T23:36:00.000Z";1086.67
"2026-04-26T23:36:00.000Z";"2026-04-26T23:39:00.000Z";1082.5
"2026-04-26T23:39:00.000Z";"2026-04-26T23:42:00.000Z";1079.89
"2026-04-26T23:42:00.000Z";"2026-04-26T23:45:00.000Z";1078.45
"2026-04-26T23:45:00.000Z";"2026-04-26T23:48:00.000Z";1072.06
"2026-04-26T23:48:00.000Z";"2026-04-26T23:51:00.000Z";1062.79
"2026-04-26T23:51:00.000Z";"2026-04-26T23:54:00.000Z";1053
"2026-04-26T23:54:00.000Z";"2026-04-26T23:57:00.000Z";1055.61
"2026-04-26T23:57:00.000Z";"2026-04-27T00:00:00.000Z";1054.56
"2026-04-27T00:00:00.000Z";"2026-04-27T00:03:00.000Z";1048.22
"2026-04-27T00:03:00.000Z";"2026-04-27T00:06:00.000Z";1042.79
"2026-04-27T00:06:00.000Z";"2026-04-27T00:09:00.000Z";1039.06
"2026-04-27T00:09:00.000Z";"2026-04-27T00:12:00.000Z";1039.39
"2026-04-27T00:12:00.000Z";"2026-04-27T00:15:00.000Z";1035.17
"2026-04-27T00:15:00.000Z";"2026-04-27T00:18:00.000Z";1035.72
"2026-04-27T00:18:00.000Z";"2026-04-27T00:21:00.000Z";1034.39
"2026-04-27T00:21:00.000Z";"2026-04-27T00:24:00.000Z";1032.17
"2026-04-27T00:24:00.000Z";"2026-04-27T00:27:00.000Z";1027.17
"2026-04-27T00:27:00.000Z";"2026-04-27T00:30:00.000Z";1025.11
"2026-04-27T00:30:00.000Z";"2026-04-27T00:33:00.000Z";1026.5
"2026-04-27T00:33:00.000Z";"2026-04-27T00:36:00.000Z";1031.66
"2026-04-27T00:36:00.000Z";"2026-04-27T00:39:00.000Z";1037.39
"2026-04-27T00:39:00.000Z";"2026-04-27T00:42:00.000Z";1037.44
"2026-04-27T00:42:00.000Z";"2026-04-27T00:45:00.000Z";1035.78
"2026-04-27T00:45:00.000Z";"2026-04-27T00:48:00.000Z";1037.66
"2026-04-27T00:48:00.000Z";"2026-04-27T00:51:00.000Z";1038.78
"2026-04-27T00:51:00.000Z";"2026-04-27T00:54:00.000Z";1038.06
"2026-04-27T00:54:00.000Z";"2026-04-27T00:57:00.000Z";1036.17
"2026-04-27T00:57:00.000Z";"2026-04-27T01:00:00.000Z";1036.78
"2026-04-27T01:00:00.000Z";"2026-04-27T01:03:00.000Z";1042.22
"2026-04-27T01:03:00.000Z";"2026-04-27T01:06:00.000Z";1051.66
"2026-04-27T01:06:00.000Z";"2026-04-27T01:09:00.000Z";1053.28
"2026-04-27T01:09:00.000Z";"2026-04-27T01:12:00.000Z";1054.28
"2026-04-27T01:12:00.000Z";"2026-04-27T01:15:00.000Z";1054.61
"2026-04-27T01:15:00.000Z";"2026-04-27T01:18:00.000Z";1053.78
"2026-04-27T01:18:00.000Z";"2026-04-27T01:21:00.000Z";1053.06
"2026-04-27T01:21:00.000Z";"2026-04-27T01:24:00.000Z";1053.28
"2026-04-27T01:24:00.000Z";"2026-04-27T01:27:00.000Z";1052.72
"2026-04-27T01:27:00.000Z";"2026-04-27T01:30:00.000Z";1051.06
"2026-04-27T01:30:00.000Z";"2026-04-27T01:33:00.000Z";1047.45
"2026-04-27T01:33:00.000Z";"2026-04-27T01:36:00.000Z";1047.17
"2026-04-27T01:36:00.000Z";"2026-04-27T01:39:00.000Z";1046.06
"2026-04-27T01:39:00.000Z";"2026-04-27T01:42:00.000Z";1047.06
"2026-04-27T01:42:00.000Z";"2026-04-27T01:45:00.000Z";1047.56
"2026-04-27T01:45:00.000Z";"2026-04-27T01:48:00.000Z";1049.67
"2026-04-27T01:48:00.000Z";"2026-04-27T01:51:00.000Z";1047.39
"2026-04-27T01:51:00.000Z";"2026-04-27T01:54:00.000Z";1047.17
"2026-04-27T01:54:00.000Z";"2026-04-27T01:57:00.000Z";1050.55
"2026-04-27T01:57:00.000Z";"2026-04-27T02:00:00.000Z";1064.71
"2026-04-27T02:00:00.000Z";"2026-04-27T02:03:00.000Z";1085.61
"2026-04-27T02:03:00.000Z";"2026-04-27T02:06:00.000Z";1095.33
"2026-04-27T02:06:00.000Z";"2026-04-27T02:09:00.000Z";1097.56
"2026-04-27T02:09:00.000Z";"2026-04-27T02:12:00.000Z";1096.89
"2026-04-27T02:12:00.000Z";"2026-04-27T02:15:00.000Z";1094.22
"2026-04-27T02:15:00.000Z";"2026-04-27T02:18:00.000Z";1088.56
"2026-04-27T02:18:00.000Z";"2026-04-27T02:21:00.000Z";1079.11
"2026-04-27T02:21:00.000Z";"2026-04-27T02:24:00.000Z";1076.94
"2026-04-27T02:24:00.000Z";"2026-04-27T02:27:00.000Z";1082.28
"2026-04-27T02:27:00.000Z";"2026-04-27T02:30:00.000Z";1085.5
"2026-04-27T02:30:00.000Z";"2026-04-27T02:33:00.000Z";1082.61
"2026-04-27T02:33:00.000Z";"2026-04-27T02:36:00.000Z";1080.33
"2026-04-27T02:36:00.000Z";"2026-04-27T02:39:00.000Z";1083.28
"2026-04-27T02:39:00.000Z";"2026-04-27T02:42:00.000Z";1082.94
"2026-04-27T02:42:00.000Z";"2026-04-27T02:45:00.000Z";1085.11
"2026-04-27T02:45:00.000Z";"2026-04-27T02:48:00.000Z";1087.72
"2026-04-27T02:48:00.000Z";"2026-04-27T02:51:00.000Z";1088.72
"2026-04-27T02:51:00.000Z";"2026-04-27T02:54:00.000Z";1093.83
"2026-04-27T02:54:00.000Z";"2026-04-27T02:57:00.000Z";1094.22
"2026-04-27T02:57:00.000Z";"2026-04-27T03:00:00.000Z";1083.57
"2026-04-27T03:00:00.000Z";"2026-04-27T03:03:00.000Z";1074.61
"2026-04-27T03:03:00.000Z";"2026-04-27T03:06:00.000Z";1087.39
"2026-04-27T03:06:00.000Z";"2026-04-27T03:09:00.000Z";1081.28
"2026-04-27T03:09:00.000Z";"2026-04-27T03:12:00.000Z";1081.94
"2026-04-27T03:12:00.000Z";"2026-04-27T03:15:00.000Z";1085.22
"2026-04-27T03:15:00.000Z";"2026-04-27T03:18:00.000Z";1078.95
"2026-04-27T03:18:00.000Z";"2026-04-27T03:21:00.000Z";1070.56
"2026-04-27T03:21:00.000Z";"2026-04-27T03:24:00.000Z";1069.17
"2026-04-27T03:24:00.000Z";"2026-04-27T03:27:00.000Z";1076.83
"2026-04-27T03:27:00.000Z";"2026-04-27T03:30:00.000Z";1095.1
"2026-04-27T03:30:00.000Z";"2026-04-27T03:33:00.000Z";1102.55
"2026-04-27T03:33:00.000Z";"2026-04-27T03:36:00.000Z";1116.87
"2026-04-27T03:36:00.000Z";"2026-04-27T03:39:00.000Z";1132.78
"2026-04-27T03:39:00.000Z";"2026-04-27T03:42:00.000Z";1136.22
"2026-04-27T03:42:00.000Z";"2026-04-27T03:45:00.000Z";1133.56
"2026-04-27T03:45:00.000Z";"2026-04-27T03:48:00.000Z";1136.56
"2026-04-27T03:48:00.000Z";"2026-04-27T03:51:00.000Z";1135.5
"2026-04-27T03:51:00.000Z";"2026-04-27T03:54:00.000Z";1129.94
"2026-04-27T03:54:00.000Z";"2026-04-27T03:57:00.000Z";1136.44
"2026-04-27T03:57:00.000Z";"2026-04-27T04:00:00.000Z";1133.83
"2026-04-27T04:00:00.000Z";"2026-04-27T04:03:00.000Z";1154.71
"2026-04-27T04:03:00.000Z";"2026-04-27T04:06:00.000Z";1166.33
"2026-04-27T04:06:00.000Z";"2026-04-27T04:09:00.000Z";1184.04
"2026-04-27T04:09:00.000Z";"2026-04-27T04:12:00.000Z";1201.89
"2026-04-27T04:12:00.000Z";"2026-04-27T04:15:00.000Z";1221.44
"2026-04-27T04:15:00.000Z";"2026-04-27T04:18:00.000Z";1244.64
"2026-04-27T04:18:00.000Z";"2026-04-27T04:21:00.000Z";1258.78
"2026-04-27T04:21:00.000Z";"2026-04-27T04:24:00.000Z";1283.85
"2026-04-27T04:24:00.000Z";"2026-04-27T04:27:00.000Z";1304.71
"2026-04-27T04:27:00.000Z";"2026-04-27T04:30:00.000Z";1332.77
"2026-04-27T04:30:00.000Z";"2026-04-27T04:33:00.000Z";1335.07
"2026-04-27T04:33:00.000Z";"2026-04-27T04:36:00.000Z";1322.78
"2026-04-27T04:36:00.000Z";"2026-04-27T04:39:00.000Z";1329.44
"2026-04-27T04:39:00.000Z";"2026-04-27T04:42:00.000Z";1355.98
"2026-04-27T04:42:00.000Z";"2026-04-27T04:45:00.000Z";1364.94
"2026-04-27T04:45:00.000Z";"2026-04-27T04:48:00.000Z";1370.61
"2026-04-27T04:48:00.000Z";"2026-04-27T04:51:00.000Z";1362.57
"2026-04-27T04:51:00.000Z";"2026-04-27T04:54:00.000Z";1368.7
"2026-04-27T04:54:00.000Z";"2026-04-27T04:57:00.000Z";1416.09
"2026-04-27T04:57:00.000Z";"2026-04-27T05:00:00.000Z";1480.82
"2026-04-27T05:00:00.000Z";"2026-04-27T05:03:00.000Z";1507.66
"2026-04-27T05:03:00.000Z";"2026-04-27T05:06:00.000Z";1492.96
"2026-04-27T05:06:00.000Z";"2026-04-27T05:09:00.000Z";1480.51
"2026-04-27T05:09:00.000Z";"2026-04-27T05:12:00.000Z";1455.62
"2026-04-27T05:12:00.000Z";"2026-04-27T05:15:00.000Z";1446.61
"2026-04-27T05:15:00.000Z";"2026-04-27T05:18:00.000Z";1453.71
"2026-04-27T05:18:00.000Z";"2026-04-27T05:21:00.000Z";1467
"2026-04-27T05:21:00.000Z";"2026-04-27T05:24:00.000Z";1466.55
"2026-04-27T05:24:00.000Z";"2026-04-27T05:27:00.000Z";1474.44
"2026-04-27T05:27:00.000Z";"2026-04-27T05:30:00.000Z";1474.61
"2026-04-27T05:30:00.000Z";"2026-04-27T05:33:00.000Z";1475.61
"2026-04-27T05:33:00.000Z";"2026-04-27T05:36:00.000Z";1477.67
"2026-04-27T05:36:00.000Z";"2026-04-27T05:39:00.000Z";1473.17
"2026-04-27T05:39:00.000Z";"2026-04-27T05:42:00.000Z";1460.34
"2026-04-27T05:42:00.000Z";"2026-04-27T05:45:00.000Z";1441.9
"2026-04-27T05:45:00.000Z";"2026-04-27T05:48:00.000Z";1424
"2026-04-27T05:48:00.000Z";"2026-04-27T05:51:00.000Z";1420.5
"2026-04-27T05:51:00.000Z";"2026-04-27T05:54:00.000Z";1413.61
"2026-04-27T05:54:00.000Z";"2026-04-27T05:57:00.000Z";1425.55
"2026-04-27T05:57:00.000Z";"2026-04-27T06:00:00.000Z";1420.56
"2026-04-27T06:00:00.000Z";"2026-04-27T06:03:00.000Z";1393.91
"2026-04-27T06:03:00.000Z";"2026-04-27T06:06:00.000Z";1346.13
"2026-04-27T06:06:00.000Z";"2026-04-27T06:09:00.000Z";1321.39
"2026-04-27T06:09:00.000Z";"2026-04-27T06:12:00.000Z";1312.23
"2026-04-27T06:12:00.000Z";"2026-04-27T06:15:00.000Z";1296.39
"2026-04-27T06:15:00.000Z";"2026-04-27T06:18:00.000Z";1289.95
"2026-04-27T06:18:00.000Z";"2026-04-27T06:21:00.000Z";1259.52
"2026-04-27T06:21:00.000Z";"2026-04-27T06:24:00.000Z";1252.78
"2026-04-27T06:24:00.000Z";"2026-04-27T06:27:00.000Z";1254.22
"2026-04-27T06:27:00.000Z";"2026-04-27T06:30:00.000Z";1244.06
"2026-04-27T06:30:00.000Z";"2026-04-27T06:33:00.000Z";1224.12
"2026-04-27T06:33:00.000Z";"2026-04-27T06:36:00.000Z";1218.28
"2026-04-27T06:36:00.000Z";"2026-04-27T06:39:00.000Z";1218.28
"2026-04-27T06:39:00.000Z";"2026-04-27T06:42:00.000Z";1209.18
"2026-04-27T06:42:00.000Z";"2026-04-27T06:45:00.000Z";1200.78
"2026-04-27T06:45:00.000Z";"2026-04-27T06:48:00.000Z";1178.58
"2026-04-27T06:48:00.000Z";"2026-04-27T06:51:00.000Z";1155.79
"2026-04-27T06:51:00.000Z";"2026-04-27T06:54:00.000Z";1147.67
"2026-04-27T06:54:00.000Z";"2026-04-27T06:57:00.000Z";1140.39
"2026-04-27T06:57:00.000Z";"2026-04-27T07:00:00.000Z";1121.84
"2026-04-27T07:00:00.000Z";"2026-04-27T07:03:00.000Z";1082.8
"2026-04-27T07:03:00.000Z";"2026-04-27T07:06:00.000Z";1042.07
"2026-04-27T07:06:00.000Z";"2026-04-27T07:09:00.000Z";1026.29
"2026-04-27T07:09:00.000Z";"2026-04-27T07:12:00.000Z";1016
"2026-04-27T07:12:00.000Z";"2026-04-27T07:15:00.000Z";1010.06
"2026-04-27T07:15:00.000Z";"2026-04-27T07:18:00.000Z";1003.28
"2026-04-27T07:18:00.000Z";"2026-04-27T07:21:00.000Z";1012.99
"2026-04-27T07:21:00.000Z";"2026-04-27T07:24:00.000Z";1017.5
"2026-04-27T07:24:00.000Z";"2026-04-27T07:27:00.000Z";1016.33
"2026-04-27T07:27:00.000Z";"2026-04-27T07:30:00.000Z";1014.28
"2026-04-27T07:30:00.000Z";"2026-04-27T07:33:00.000Z";1017.94
"2026-04-27T07:33:00.000Z";"2026-04-27T07:36:00.000Z";1026.22
"2026-04-27T07:36:00.000Z";"2026-04-27T07:39:00.000Z";1027
"2026-04-27T07:39:00.000Z";"2026-04-27T07:42:00.000Z";1019.62
"2026-04-27T07:42:00.000Z";"2026-04-27T07:45:00.000Z";1014.56
"2026-04-27T07:45:00.000Z";"2026-04-27T07:48:00.000Z";1017.16
"2026-04-27T07:48:00.000Z";"2026-04-27T07:51:00.000Z";1029.11
"2026-04-27T07:51:00.000Z";"2026-04-27T07:54:00.000Z";1030.34
"2026-04-27T07:54:00.000Z";"2026-04-27T07:57:00.000Z";1029
"2026-04-27T07:57:00.000Z";"2026-04-27T08:00:00.000Z";1017.06
"2026-04-27T08:00:00.000Z";"2026-04-27T08:03:00.000Z";1005.78
"2026-04-27T08:03:00.000Z";"2026-04-27T08:06:00.000Z";998.39
"2026-04-27T08:06:00.000Z";"2026-04-27T08:09:00.000Z";990.782
"2026-04-27T08:09:00.000Z";"2026-04-27T08:12:00.000Z";980.785
"2026-04-27T08:12:00.000Z";"2026-04-27T08:15:00.000Z";971.224
"2026-04-27T08:15:00.000Z";"2026-04-27T08:18:00.000Z";981.54
"2026-04-27T08:18:00.000Z";"2026-04-27T08:21:00.000Z";991.389
"2026-04-27T08:21:00.000Z";"2026-04-27T08:24:00.000Z";990.497
"2026-04-27T08:24:00.000Z";"2026-04-27T08:27:00.000Z";991.722
"2026-04-27T08:27:00.000Z";"2026-04-27T08:30:00.000Z";988.557
"2026-04-27T08:30:00.000Z";"2026-04-27T08:33:00.000Z";985.394
"2026-04-27T08:33:00.000Z";"2026-04-27T08:36:00.000Z";982.279
"2026-04-27T08:36:00.000Z";"2026-04-27T08:39:00.000Z";982.997
"2026-04-27T08:39:00.000Z";"2026-04-27T08:42:00.000Z";982.505
"2026-04-27T08:42:00.000Z";"2026-04-27T08:45:00.000Z";976.116
"2026-04-27T08:45:00.000Z";"2026-04-27T08:48:00.000Z";982.716
"2026-04-27T08:48:00.000Z";"2026-04-27T08:51:00.000Z";996.055
"2026-04-27T08:51:00.000Z";"2026-04-27T08:54:00.000Z";986.226
"2026-04-27T08:54:00.000Z";"2026-04-27T08:57:00.000Z";986.554
"2026-04-27T08:57:00.000Z";"2026-04-27T09:00:00.000Z";982.335
"2026-04-27T09:00:00.000Z";"2026-04-27T09:03:00.000Z";986.935
"2026-04-27T09:03:00.000Z";"2026-04-27T09:06:00.000Z";991.34
"2026-04-27T09:06:00.000Z";"2026-04-27T09:09:00.000Z";978.838
"2026-04-27T09:09:00.000Z";"2026-04-27T09:12:00.000Z";974.61
"2026-04-27T09:12:00.000Z";"2026-04-27T09:15:00.000Z";979.275
"2026-04-27T09:15:00.000Z";"2026-04-27T09:18:00.000Z";991.88
"2026-04-27T09:18:00.000Z";"2026-04-27T09:21:00.000Z";996.059
"2026-04-27T09:21:00.000Z";"2026-04-27T09:24:00.000Z";986.778
"2026-04-27T09:24:00.000Z";"2026-04-27T09:27:00.000Z";992.219
"2026-04-27T09:27:00.000Z";"2026-04-27T09:30:00.000Z";993.278
"2026-04-27T09:30:00.000Z";"2026-04-27T09:33:00.000Z";991.445
"2026-04-27T09:33:00.000Z";"2026-04-27T09:36:00.000Z";996.608
"2026-04-27T09:36:00.000Z";"2026-04-27T09:39:00.000Z";991.284
"2026-04-27T09:39:00.000Z";"2026-04-27T09:42:00.000Z";988.445
"2026-04-27T09:42:00.000Z";"2026-04-27T09:45:00.000Z";982.67
"2026-04-27T09:45:00.000Z";"2026-04-27T09:48:00.000Z";982.216
"2026-04-27T09:48:00.000Z";"2026-04-27T09:51:00.000Z";984.891
"2026-04-27T09:51:00.000Z";"2026-04-27T09:54:00.000Z";980.558
"2026-04-27T09:54:00.000Z";"2026-04-27T09:57:00.000Z";981.165
"2026-04-27T09:57:00.000Z";"2026-04-27T10:00:00.000Z";970.291
"2026-04-27T10:00:00.000Z";"2026-04-27T10:03:00.000Z";951.725
"2026-04-27T10:03:00.000Z";"2026-04-27T10:06:00.000Z";943.506
"2026-04-27T10:06:00.000Z";"2026-04-27T10:09:00.000Z";938.172
"2026-04-27T10:09:00.000Z";"2026-04-27T10:12:00.000Z";938.053
"2026-04-27T10:12:00.000Z";"2026-04-27T10:15:00.000Z";936.45
"2026-04-27T10:15:00.000Z";"2026-04-27T10:18:00.000Z";932.113
"2026-04-27T10:18:00.000Z";"2026-04-27T10:21:00.000Z";930.78
"2026-04-27T10:21:00.000Z";"2026-04-27T10:24:00.000Z";915.896
"2026-04-27T10:24:00.000Z";"2026-04-27T10:27:00.000Z";923.109
"2026-04-27T10:27:00.000Z";"2026-04-27T10:30:00.000Z";925.161
"2026-04-27T10:30:00.000Z";"2026-04-27T10:33:00.000Z";928.392
"2026-04-27T10:33:00.000Z";"2026-04-27T10:36:00.000Z";918.615
"2026-04-27T10:36:00.000Z";"2026-04-27T10:39:00.000Z";919.553
"2026-04-27T10:39:00.000Z";"2026-04-27T10:42:00.000Z";922.831
"2026-04-27T10:42:00.000Z";"2026-04-27T10:45:00.000Z";922.833
"2026-04-27T10:45:00.000Z";"2026-04-27T10:48:00.000Z";929.049
"2026-04-27T10:48:00.000Z";"2026-04-27T10:51:00.000Z";939.166
"2026-04-27T10:51:00.000Z";"2026-04-27T10:54:00.000Z";934.448
"2026-04-27T10:54:00.000Z";"2026-04-27T10:57:00.000Z";934.996
"2026-04-27T10:57:00.000Z";"2026-04-27T11:00:00.000Z";931.226
"2026-04-27T11:00:00.000Z";"2026-04-27T11:03:00.000Z";932.945
"2026-04-27T11:03:00.000Z";"2026-04-27T11:06:00.000Z";933.108
"2026-04-27T11:06:00.000Z";"2026-04-27T11:09:00.000Z";944.548
"2026-04-27T11:09:00.000Z";"2026-04-27T11:12:00.000Z";941.335
"2026-04-27T11:12:00.000Z";"2026-04-27T11:15:00.000Z";938.281
"2026-04-27T11:15:00.000Z";"2026-04-27T11:18:00.000Z";938.331
"2026-04-27T11:18:00.000Z";"2026-04-27T11:21:00.000Z";940.778
"2026-04-27T11:21:00.000Z";"2026-04-27T11:24:00.000Z";935.726
"2026-04-27T11:24:00.000Z";"2026-04-27T11:27:00.000Z";928.671
"2026-04-27T11:27:00.000Z";"2026-04-27T11:30:00.000Z";933.273
"2026-04-27T11:30:00.000Z";"2026-04-27T11:33:00.000Z";940.888
"2026-04-27T11:33:00.000Z";"2026-04-27T11:36:00.000Z";939.053
"2026-04-27T11:36:00.000Z";"2026-04-27T11:39:00.000Z";937.613
"2026-04-27T11:39:00.000Z";"2026-04-27T11:42:00.000Z";933.333
"2026-04-27T11:42:00.000Z";"2026-04-27T11:45:00.000Z";944.548
"2026-04-27T11:45:00.000Z";"2026-04-27T11:48:00.000Z";937.672
"2026-04-27T11:48:00.000Z";"2026-04-27T11:51:00.000Z";948.09
"2026-04-27T11:51:00.000Z";"2026-04-27T11:54:00.000Z";964.947
"2026-04-27T11:54:00.000Z";"2026-04-27T11:57:00.000Z";960.555
"2026-04-27T11:57:00.000Z";"2026-04-27T12:00:00.000Z";963.888
"2026-04-27T12:00:00.000Z";"2026-04-27T12:03:00.000Z";960.671
"2026-04-27T12:03:00.000Z";"2026-04-27T12:06:00.000Z";958.943
"2026-04-27T12:06:00.000Z";"2026-04-27T12:09:00.000Z";960.888
"2026-04-27T12:09:00.000Z";"2026-04-27T12:12:00.000Z";973.438
"2026-04-27T12:12:00.000Z";"2026-04-27T12:15:00.000Z";977.722
"2026-04-27T12:15:00.000Z";"2026-04-27T12:18:00.000Z";975.945
"2026-04-27T12:18:00.000Z";"2026-04-27T12:21:00.000Z";975.395
"2026-04-27T12:21:00.000Z";"2026-04-27T12:24:00.000Z";960.784
"2026-04-27T12:24:00.000Z";"2026-04-27T12:27:00.000Z";966.602
"2026-04-27T12:27:00.000Z";"2026-04-27T12:30:00.000Z";974.442
"2026-04-27T12:30:00.000Z";"2026-04-27T12:33:00.000Z";973.222
"2026-04-27T12:33:00.000Z";"2026-04-27T12:36:00.000Z";970.277
"2026-04-27T12:36:00.000Z";"2026-04-27T12:39:00.000Z";967.279
"2026-04-27T12:39:00.000Z";"2026-04-27T12:42:00.000Z";969.996
"2026-04-27T12:42:00.000Z";"2026-04-27T12:45:00.000Z";961.178
"2026-04-27T12:45:00.000Z";"2026-04-27T12:48:00.000Z";958.496
"2026-04-27T12:48:00.000Z";"2026-04-27T12:51:00.000Z";951.835
"2026-04-27T12:51:00.000Z";"2026-04-27T12:54:00.000Z";941.229
"2026-04-27T12:54:00.000Z";"2026-04-27T12:57:00.000Z";945.158
"2026-04-27T12:57:00.000Z";"2026-04-27T13:00:00.000Z";953.388
"2026-04-27T13:00:00.000Z";"2026-04-27T13:03:00.000Z";955.272
"2026-04-27T13:03:00.000Z";"2026-04-27T13:06:00.000Z";962.718
"2026-04-27T13:06:00.000Z";"2026-04-27T13:09:00.000Z";972.947
"2026-04-27T13:09:00.000Z";"2026-04-27T13:12:00.000Z";967.669
"2026-04-27T13:12:00.000Z";"2026-04-27T13:15:00.000Z";972.732
"2026-04-27T13:15:00.000Z";"2026-04-27T13:18:00.000Z";975.109
"2026-04-27T13:18:00.000Z";"2026-04-27T13:21:00.000Z";980.831
"2026-04-27T13:21:00.000Z";"2026-04-27T13:24:00.000Z";975.059
"2026-04-27T13:24:00.000Z";"2026-04-27T13:27:00.000Z";975.22
"2026-04-27T13:27:00.000Z";"2026-04-27T13:30:00.000Z";967.394
"2026-04-27T13:30:00.000Z";"2026-04-27T13:33:00.000Z";953.507
"2026-04-27T13:33:00.000Z";"2026-04-27T13:36:00.000Z";943.451
"2026-04-27T13:36:00.000Z";"2026-04-27T13:39:00.000Z";943.22
"2026-04-27T13:39:00.000Z";"2026-04-27T13:42:00.000Z";944.445
"2026-04-27T13:42:00.000Z";"2026-04-27T13:45:00.000Z";946.665
"2026-04-27T13:45:00.000Z";"2026-04-27T13:48:00.000Z";952.222
"2026-04-27T13:48:00.000Z";"2026-04-27T13:51:00.000Z";956.109
"2026-04-27T13:51:00.000Z";"2026-04-27T13:54:00.000Z";951.779
"2026-04-27T13:54:00.000Z";"2026-04-27T13:57:00.000Z";958.998
"2026-04-27T13:57:00.000Z";"2026-04-27T14:00:00.000Z";955.518
"2026-04-27T14:00:00.000Z";"2026-04-27T14:03:00.000Z";950.994
"2026-04-27T14:03:00.000Z";"2026-04-27T14:06:00.000Z";960.276
"2026-04-27T14:06:00.000Z";"2026-04-27T14:09:00.000Z";955.891
"2026-04-27T14:09:00.000Z";"2026-04-27T14:12:00.000Z";951.167
"2026-04-27T14:12:00.000Z";"2026-04-27T14:15:00.000Z";957.828
"2026-04-27T14:15:00.000Z";"2026-04-27T14:18:00.000Z";956.677
"2026-04-27T14:18:00.000Z";"2026-04-27T14:21:00.000Z";943.171
"2026-04-27T14:21:00.000Z";"2026-04-27T14:24:00.000Z";931.778
"2026-04-27T14:24:00.000Z";"2026-04-27T14:27:00.000Z";933.221
"2026-04-27T14:27:00.000Z";"2026-04-27T14:30:00.000Z";964.978
"2026-04-27T14:30:00.000Z";"2026-04-27T14:33:00.000Z";979.504
"2026-04-27T14:33:00.000Z";"2026-04-27T14:36:00.000Z";984.323
"2026-04-27T14:36:00.000Z";"2026-04-27T14:39:00.000Z";1003.22
"2026-04-27T14:39:00.000Z";"2026-04-27T14:42:00.000Z";1000.5
"2026-04-27T14:42:00.000Z";"2026-04-27T14:45:00.000Z";1005.5
"2026-04-27T14:45:00.000Z";"2026-04-27T14:48:00.000Z";1004.56
"2026-04-27T14:48:00.000Z";"2026-04-27T14:51:00.000Z";1006.05
"2026-04-27T14:51:00.000Z";"2026-04-27T14:54:00.000Z";1010.78
"2026-04-27T14:54:00.000Z";"2026-04-27T14:57:00.000Z";1010.83
"2026-04-27T14:57:00.000Z";"2026-04-27T15:00:00.000Z";1014.28
"2026-04-27T15:00:00.000Z";"2026-04-27T15:03:00.000Z";1016.84
"2026-04-27T15:03:00.000Z";"2026-04-27T15:06:00.000Z";1025.27
"2026-04-27T15:06:00.000Z";"2026-04-27T15:09:00.000Z";1021.01
"2026-04-27T15:09:00.000Z";"2026-04-27T15:12:00.000Z";1011.5
"2026-04-27T15:12:00.000Z";"2026-04-27T15:15:00.000Z";1018.16
"2026-04-27T15:15:00.000Z";"2026-04-27T15:18:00.000Z";1021.84
"2026-04-27T15:18:00.000Z";"2026-04-27T15:21:00.000Z";1004.89
"2026-04-27T15:21:00.000Z";"2026-04-27T15:24:00.000Z";1013.5
"2026-04-27T15:24:00.000Z";"2026-04-27T15:27:00.000Z";1008.95
"2026-04-27T15:27:00.000Z";"2026-04-27T15:30:00.000Z";1026.81
"2026-04-27T15:30:00.000Z";"2026-04-27T15:33:00.000Z";1032.28
"2026-04-27T15:33:00.000Z";"2026-04-27T15:36:00.000Z";1031
"2026-04-27T15:36:00.000Z";"2026-04-27T15:39:00.000Z";1042.78
"2026-04-27T15:39:00.000Z";"2026-04-27T15:42:00.000Z";1042.94
"2026-04-27T15:42:00.000Z";"2026-04-27T15:45:00.000Z";1037.11
"2026-04-27T15:45:00.000Z";"2026-04-27T15:48:00.000Z";1026.78
"2026-04-27T15:48:00.000Z";"2026-04-27T15:51:00.000Z";1018.45
"2026-04-27T15:51:00.000Z";"2026-04-27T15:54:00.000Z";1016.17
"2026-04-27T15:54:00.000Z";"2026-04-27T15:57:00.000Z";1011.72
"2026-04-27T15:57:00.000Z";"2026-04-27T16:00:00.000Z";1013.95
"2026-04-27T16:00:00.000Z";"2026-04-27T16:03:00.000Z";994.336
"2026-04-27T16:03:00.000Z";"2026-04-27T16:06:00.000Z";981.892
"2026-04-27T16:06:00.000Z";"2026-04-27T16:09:00.000Z";984.166
"2026-04-27T16:09:00.000Z";"2026-04-27T16:12:00.000Z";993.827
"2026-04-27T16:12:00.000Z";"2026-04-27T16:15:00.000Z";999.498
"2026-04-27T16:15:00.000Z";"2026-04-27T16:18:00.000Z";998.783
"2026-04-27T16:18:00.000Z";"2026-04-27T16:21:00.000Z";972.186
"2026-04-27T16:21:00.000Z";"2026-04-27T16:24:00.000Z";961.275
"2026-04-27T16:24:00.000Z";"2026-04-27T16:27:00.000Z";976.702
"2026-04-27T16:27:00.000Z";"2026-04-27T16:30:00.000Z";1005.05
"2026-04-27T16:30:00.000Z";"2026-04-27T16:33:00.000Z";1011.89
"2026-04-27T16:33:00.000Z";"2026-04-27T16:36:00.000Z";1001.45
"2026-04-27T16:36:00.000Z";"2026-04-27T16:39:00.000Z";1013.93
"2026-04-27T16:39:00.000Z";"2026-04-27T16:42:00.000Z";1048.77
"2026-04-27T16:42:00.000Z";"2026-04-27T16:45:00.000Z";1050.45
"2026-04-27T16:45:00.000Z";"2026-04-27T16:48:00.000Z";1067.38
"2026-04-27T16:48:00.000Z";"2026-04-27T16:51:00.000Z";1078.94
"2026-04-27T16:51:00.000Z";"2026-04-27T16:54:00.000Z";1077.89
"2026-04-27T16:54:00.000Z";"2026-04-27T16:57:00.000Z";1074.61
"2026-04-27T16:57:00.000Z";"2026-04-27T17:00:00.000Z";1081.66
"2026-04-27T17:00:00.000Z";"2026-04-27T17:03:00.000Z";1085.12
"2026-04-27T17:03:00.000Z";"2026-04-27T17:06:00.000Z";1083.99
"2026-04-27T17:06:00.000Z";"2026-04-27T17:09:00.000Z";1102.65
"2026-04-27T17:09:00.000Z";"2026-04-27T17:12:00.000Z";1103.34
"2026-04-27T17:12:00.000Z";"2026-04-27T17:15:00.000Z";1107.16
"2026-04-27T17:15:00.000Z";"2026-04-27T17:18:00.000Z";1140.29
"2026-04-27T17:18:00.000Z";"2026-04-27T17:21:00.000Z";1170.22
"2026-04-27T17:21:00.000Z";"2026-04-27T17:24:00.000Z";1168.44
"2026-04-27T17:24:00.000Z";"2026-04-27T17:27:00.000Z";1179.21
"2026-04-27T17:27:00.000Z";"2026-04-27T17:30:00.000Z";1180.72
"2026-04-27T17:30:00.000Z";"2026-04-27T17:33:00.000Z";1179.22
"2026-04-27T17:33:00.000Z";"2026-04-27T17:36:00.000Z";1166.23
"2026-04-27T17:36:00.000Z";"2026-04-27T17:39:00.000Z";1168.11
"2026-04-27T17:39:00.000Z";"2026-04-27T17:42:00.000Z";1165.28
"2026-04-27T17:42:00.000Z";"2026-04-27T17:45:00.000Z";1161.5
"2026-04-27T17:45:00.000Z";"2026-04-27T17:48:00.000Z";1150.79
"2026-04-27T17:48:00.000Z";"2026-04-27T17:51:00.000Z";1125.73
"2026-04-27T17:51:00.000Z";"2026-04-27T17:54:00.000Z";1120.22
"2026-04-27T17:54:00.000Z";"2026-04-27T17:57:00.000Z";1125.94
"2026-04-27T17:57:00.000Z";"2026-04-27T18:00:00.000Z";1128.11
"2026-04-27T18:00:00.000Z";"2026-04-27T18:03:00.000Z";1129.78
"2026-04-27T18:03:00.000Z";"2026-04-27T18:06:00.000Z";1132.28
"2026-04-27T18:06:00.000Z";"2026-04-27T18:09:00.000Z";1128.95
"2026-04-27T18:09:00.000Z";"2026-04-27T18:12:00.000Z";1131.55
"2026-04-27T18:12:00.000Z";"2026-04-27T18:15:00.000Z";1145.83
"2026-04-27T18:15:00.000Z";"2026-04-27T18:18:00.000Z";1147.89
"2026-04-27T18:18:00.000Z";"2026-04-27T18:21:00.000Z";1143.94
"2026-04-27T18:21:00.000Z";"2026-04-27T18:24:00.000Z";1143.28
"2026-04-27T18:24:00.000Z";"2026-04-27T18:27:00.000Z";1144.89
"2026-04-27T18:27:00.000Z";"2026-04-27T18:30:00.000Z";1144.94
"2026-04-27T18:30:00.000Z";"2026-04-27T18:33:00.000Z";1142.61
"2026-04-27T18:33:00.000Z";"2026-04-27T18:36:00.000Z";1142.5
"2026-04-27T18:36:00.000Z";"2026-04-27T18:39:00.000Z";1142.78
"2026-04-27T18:39:00.000Z";"2026-04-27T18:42:00.000Z";1138.95
"2026-04-27T18:42:00.000Z";"2026-04-27T18:45:00.000Z";1134.73
"2026-04-27T18:45:00.000Z";"2026-04-27T18:48:00.000Z";1138.16
"2026-04-27T18:48:00.000Z";"2026-04-27T18:51:00.000Z";1147.05
"2026-04-27T18:51:00.000Z";"2026-04-27T18:54:00.000Z";1146.83
"2026-04-27T18:54:00.000Z";"2026-04-27T18:57:00.000Z";1146.95
"2026-04-27T18:57:00.000Z";"2026-04-27T19:00:00.000Z";1148.94
"2026-04-27T19:00:00.000Z";"2026-04-27T19:03:00.000Z";1160.99
"2026-04-27T19:03:00.000Z";"2026-04-27T19:06:00.000Z";1154.78
"2026-04-27T19:06:00.000Z";"2026-04-27T19:09:00.000Z";1149.55
"2026-04-27T19:09:00.000Z";"2026-04-27T19:12:00.000Z";1150.56
"2026-04-27T19:12:00.000Z";"2026-04-27T19:15:00.000Z";1150.06
"2026-04-27T19:15:00.000Z";"2026-04-27T19:18:00.000Z";1148.84
"2026-04-27T19:18:00.000Z";"2026-04-27T19:21:00.000Z";1144.17
"2026-04-27T19:21:00.000Z";"2026-04-27T19:24:00.000Z";1141.56
"2026-04-27T19:24:00.000Z";"2026-04-27T19:27:00.000Z";1139.5
"2026-04-27T19:27:00.000Z";"2026-04-27T19:30:00.000Z";1137.56
"2026-04-27T19:30:00.000Z";"2026-04-27T19:33:00.000Z";1140.5
"2026-04-27T19:33:00.000Z";"2026-04-27T19:36:00.000Z";1143
"2026-04-27T19:36:00.000Z";"2026-04-27T19:39:00.000Z";1143.83
"2026-04-27T19:39:00.000Z";"2026-04-27T19:42:00.000Z";1141.62
"2026-04-27T19:42:00.000Z";"2026-04-27T19:45:00.000Z";1137.94
"2026-04-27T19:45:00.000Z";"2026-04-27T19:48:00.000Z";1149.72
"2026-04-27T19:48:00.000Z";"2026-04-27T19:51:00.000Z";1154
"2026-04-27T19:51:00.000Z";"2026-04-27T19:54:00.000Z";1153.83
"2026-04-27T19:54:00.000Z";"2026-04-27T19:57:00.000Z";1152.5
"2026-04-27T19:57:00.000Z";"2026-04-27T20:00:00.000Z";1156.66
"2026-04-27T20:00:00.000Z";"2026-04-27T20:03:00.000Z";1159.11
"2026-04-27T20:03:00.000Z";"2026-04-27T20:06:00.000Z";1126.63
"2026-04-27T20:06:00.000Z";"2026-04-27T20:09:00.000Z";1114.28
"2026-04-27T20:09:00.000Z";"2026-04-27T20:12:00.000Z";1114.95
"2026-04-27T20:12:00.000Z";"2026-04-27T20:15:00.000Z";1109.89
"2026-04-27T20:15:00.000Z";"2026-04-27T20:18:00.000Z";1103.95
"2026-04-27T20:18:00.000Z";"2026-04-27T20:21:00.000Z";1105.89
"2026-04-27T20:21:00.000Z";"2026-04-27T20:24:00.000Z";1103.67
"2026-04-27T20:24:00.000Z";"2026-04-27T20:27:00.000Z";1103.67
"2026-04-27T20:27:00.000Z";"2026-04-27T20:30:00.000Z";1103
"2026-04-27T20:30:00.000Z";"2026-04-27T20:33:00.000Z";1106.99
"2026-04-27T20:33:00.000Z";"2026-04-27T20:36:00.000Z";1109.39
"2026-04-27T20:36:00.000Z";"2026-04-27T20:39:00.000Z";1099.95
"2026-04-27T20:39:00.000Z";"2026-04-27T20:42:00.000Z";1087.45
"2026-04-27T20:42:00.000Z";"2026-04-27T20:45:00.000Z";1079.39
"2026-04-27T20:45:00.000Z";"2026-04-27T20:48:00.000Z";1081.99
"2026-04-27T20:48:00.000Z";"2026-04-27T20:51:00.000Z";1096.83
"2026-04-27T20:51:00.000Z";"2026-04-27T20:54:00.000Z";1101.55
"2026-04-27T20:54:00.000Z";"2026-04-27T20:57:00.000Z";1078.86
"2026-04-27T20:57:00.000Z";"2026-04-27T21:00:00.000Z";1065.66
"2026-04-27T21:00:00.000Z";"2026-04-27T21:03:00.000Z";1063.06
"2026-04-27T21:03:00.000Z";"2026-04-27T21:06:00.000Z";1053.4
"2026-04-27T21:06:00.000Z";"2026-04-27T21:09:00.000Z";1041.72
"2026-04-27T21:09:00.000Z";"2026-04-27T21:12:00.000Z";1042.83
"2026-04-27T21:12:00.000Z";"2026-04-27T21:15:00.000Z";1039.45
"2026-04-27T21:15:00.000Z";"2026-04-27T21:18:00.000Z";1043.11
"2026-04-27T21:18:00.000Z";"2026-04-27T21:21:00.000Z";1046.56
"2026-04-27T21:21:00.000Z";"2026-04-27T21:24:00.000Z";1048.28
"2026-04-27T21:24:00.000Z";"2026-04-27T21:27:00.000Z";1044.61
"2026-04-27T21:27:00.000Z";"2026-04-27T21:30:00.000Z";1042.06
"2026-04-27T21:30:00.000Z";"2026-04-27T21:33:00.000Z";1026.73
"2026-04-27T21:33:00.000Z";"2026-04-27T21:36:00.000Z";1024.16
"2026-04-27T21:36:00.000Z";"2026-04-27T21:39:00.000Z";1021.67
"2026-04-27T21:39:00.000Z";"2026-04-27T21:42:00.000Z";1017.78
"2026-04-27T21:42:00.000Z";"2026-04-27T21:45:00.000Z";1010.67
"2026-04-27T21:45:00.000Z";"2026-04-27T21:48:00.000Z";1011.55
"2026-04-27T21:48:00.000Z";"2026-04-27T21:51:00.000Z";1013.56
"2026-04-27T21:51:00.000Z";"2026-04-27T21:54:00.000Z";1013.39
"2026-04-27T21:54:00.000Z";"2026-04-27T21:57:00.000Z";1005
"2026-04-27T21:57:00.000Z";"2026-04-27T22:00:00.000Z";1023.27
"2026-04-27T22:00:00.000Z";"2026-04-27T22:03:00.000Z";1033.94
"2026-04-27T22:03:00.000Z";"2026-04-27T22:06:00.000Z";1033.34
"2026-04-27T22:06:00.000Z";"2026-04-27T22:09:00.000Z";1023.56
"2026-04-27T22:09:00.000Z";"2026-04-27T22:12:00.000Z";1027.44
"2026-04-27T22:12:00.000Z";"2026-04-27T22:15:00.000Z";1032.44
"2026-04-27T22:15:00.000Z";"2026-04-27T22:18:00.000Z";1045.16
"2026-04-27T22:18:00.000Z";"2026-04-27T22:21:00.000Z";1047.44
"2026-04-27T22:21:00.000Z";"2026-04-27T22:24:00.000Z";1045.94
"2026-04-27T22:24:00.000Z";"2026-04-27T22:27:00.000Z";1048.56
"2026-04-27T22:27:00.000Z";"2026-04-27T22:30:00.000Z";1047.45
"2026-04-27T22:30:00.000Z";"2026-04-27T22:33:00.000Z";1050.28
"2026-04-27T22:33:00.000Z";"2026-04-27T22:36:00.000Z";1055.22
"2026-04-27T22:36:00.000Z";"2026-04-27T22:39:00.000Z";1053.78
"2026-04-27T22:39:00.000Z";"2026-04-27T22:42:00.000Z";1053.39
"2026-04-27T22:42:00.000Z";"2026-04-27T22:45:00.000Z";1051.17
"2026-04-27T22:45:00.000Z";"2026-04-27T22:48:00.000Z";1049.11
"2026-04-27T22:48:00.000Z";"2026-04-27T22:51:00.000Z";1054.28
"2026-04-27T22:51:00.000Z";"2026-04-27T22:54:00.000Z";1049.06
"2026-04-27T22:54:00.000Z";"2026-04-27T22:57:00.000Z";1047.72
"2026-04-27T22:57:00.000Z";"2026-04-27T23:00:00.000Z";1049.66
"2026-04-27T23:00:00.000Z";"2026-04-27T23:03:00.000Z";1055.11
"2026-04-27T23:03:00.000Z";"2026-04-27T23:06:00.000Z";1064.72
"2026-04-27T23:06:00.000Z";"2026-04-27T23:09:00.000Z";1079.88
"2026-04-27T23:09:00.000Z";"2026-04-27T23:12:00.000Z";1086.39
"2026-04-27T23:12:00.000Z";"2026-04-27T23:15:00.000Z";1089.22
"2026-04-27T23:15:00.000Z";"2026-04-27T23:18:00.000Z";1086.67
"2026-04-27T23:18:00.000Z";"2026-04-27T23:21:00.000Z";1092.5
"2026-04-27T23:21:00.000Z";"2026-04-27T23:24:00.000Z";1094.5
"2026-04-27T23:24:00.000Z";"2026-04-27T23:27:00.000Z";1090.01
"2026-04-27T23:27:00.000Z";"2026-04-27T23:30:00.000Z";1092.72
"2026-04-27T23:30:00.000Z";"2026-04-27T23:33:00.000Z";1094.94
"2026-04-27T23:33:00.000Z";"2026-04-27T23:36:00.000Z";1093.67
"2026-04-27T23:36:00.000Z";"2026-04-27T23:39:00.000Z";1073.62
"2026-04-27T23:39:00.000Z";"2026-04-27T23:42:00.000Z";1058.12
"2026-04-27T23:42:00.000Z";"2026-04-27T23:45:00.000Z";1054.73
"2026-04-27T23:45:00.000Z";"2026-04-27T23:48:00.000Z";1052
"2026-04-27T23:48:00.000Z";"2026-04-27T23:51:00.000Z";1050.72
"2026-04-27T23:51:00.000Z";"2026-04-27T23:54:00.000Z";1045.95
"2026-04-27T23:54:00.000Z";"2026-04-27T23:57:00.000Z";1047.72
"2026-04-27T23:57:00.000Z";"2026-04-28T00:00:00.000Z";1052.61
"2026-04-28T00:00:00.000Z";"2026-04-28T00:03:00.000Z";1044.51
"2026-04-28T00:03:00.000Z";"2026-04-28T00:06:00.000Z";1039.5
"2026-04-28T00:06:00.000Z";"2026-04-28T00:09:00.000Z";1037.78
"2026-04-28T00:09:00.000Z";"2026-04-28T00:12:00.000Z";1038.11
"2026-04-28T00:12:00.000Z";"2026-04-28T00:15:00.000Z";1042.89
"2026-04-28T00:15:00.000Z";"2026-04-28T00:18:00.000Z";1020.67
"2026-04-28T00:18:00.000Z";"2026-04-28T00:21:00.000Z";1016.1
"2026-04-28T00:21:00.000Z";"2026-04-28T00:24:00.000Z";1023.28
"2026-04-28T00:24:00.000Z";"2026-04-28T00:27:00.000Z";1026.78
"2026-04-28T00:27:00.000Z";"2026-04-28T00:30:00.000Z";1028.45
"2026-04-28T00:30:00.000Z";"2026-04-28T00:33:00.000Z";1029.16
"2026-04-28T00:36:00.000Z";"2026-04-28T00:39:00.000Z";1022.06
"2026-04-28T00:39:00.000Z";"2026-04-28T00:42:00.000Z";1020.11
"2026-04-28T00:42:00.000Z";"2026-04-28T00:45:00.000Z";1021.33
"2026-04-28T00:45:00.000Z";"2026-04-28T00:48:00.000Z";1029.94
"2026-04-28T00:48:00.000Z";"2026-04-28T00:51:00.000Z";1040.22
"2026-04-28T00:51:00.000Z";"2026-04-28T00:54:00.000Z";1043.11
"2026-04-28T00:54:00.000Z";"2026-04-28T00:57:00.000Z";1041.61
"2026-04-28T00:57:00.000Z";"2026-04-28T01:00:00.000Z";1042.27
"2026-04-28T01:00:00.000Z";"2026-04-28T01:03:00.000Z";1051.44
"2026-04-28T01:03:00.000Z";"2026-04-28T01:06:00.000Z";1051
"2026-04-28T01:06:00.000Z";"2026-04-28T01:09:00.000Z";1062.77
"2026-04-28T01:09:00.000Z";"2026-04-28T01:12:00.000Z";1069.66
"2026-04-28T01:12:00.000Z";"2026-04-28T01:15:00.000Z";1071.44
"2026-04-28T01:15:00.000Z";"2026-04-28T01:18:00.000Z";1069.67
"2026-04-28T01:18:00.000Z";"2026-04-28T01:21:00.000Z";1057.17
"2026-04-28T01:21:00.000Z";"2026-04-28T01:24:00.000Z";1057.5
"2026-04-28T01:24:00.000Z";"2026-04-28T01:27:00.000Z";1053.17
"2026-04-28T01:27:00.000Z";"2026-04-28T01:30:00.000Z";1053.22
"2026-04-28T01:30:00.000Z";"2026-04-28T01:33:00.000Z";1062.39
"2026-04-28T01:33:00.000Z";"2026-04-28T01:36:00.000Z";1063.5
"2026-04-28T01:36:00.000Z";"2026-04-28T01:39:00.000Z";1056.67
"2026-04-28T01:39:00.000Z";"2026-04-28T01:42:00.000Z";1058.94
"2026-04-28T01:42:00.000Z";"2026-04-28T01:45:00.000Z";1061.94
"2026-04-28T01:45:00.000Z";"2026-04-28T01:48:00.000Z";1069.05
"2026-04-28T01:48:00.000Z";"2026-04-28T01:51:00.000Z";1070.44
"2026-04-28T01:51:00.000Z";"2026-04-28T01:54:00.000Z";1067.34
"2026-04-28T01:54:00.000Z";"2026-04-28T01:57:00.000Z";1066.89
"2026-04-28T01:57:00.000Z";"2026-04-28T02:00:00.000Z";1066.45
"2026-04-28T02:00:00.000Z";"2026-04-28T02:03:00.000Z";1067.28
"2026-04-28T02:03:00.000Z";"2026-04-28T02:06:00.000Z";1080.95
"2026-04-28T02:06:00.000Z";"2026-04-28T02:09:00.000Z";1074.06
"2026-04-28T02:09:00.000Z";"2026-04-28T02:12:00.000Z";1070.67
"2026-04-28T02:12:00.000Z";"2026-04-28T02:15:00.000Z";1076.61
"2026-04-28T02:15:00.000Z";"2026-04-28T02:18:00.000Z";1075
"2026-04-28T02:18:00.000Z";"2026-04-28T02:21:00.000Z";1070.95
"2026-04-28T02:21:00.000Z";"2026-04-28T02:24:00.000Z";1067.94
"2026-04-28T02:24:00.000Z";"2026-04-28T02:27:00.000Z";1072.78
"2026-04-28T02:27:00.000Z";"2026-04-28T02:30:00.000Z";1070.56
"2026-04-28T02:30:00.000Z";"2026-04-28T02:33:00.000Z";1058.51
"2026-04-28T02:33:00.000Z";"2026-04-28T02:36:00.000Z";1055
"2026-04-28T02:36:00.000Z";"2026-04-28T02:39:00.000Z";1051.72
"2026-04-28T02:39:00.000Z";"2026-04-28T02:42:00.000Z";1056.72
"2026-04-28T02:42:00.000Z";"2026-04-28T02:45:00.000Z";1056.95
"2026-04-28T02:45:00.000Z";"2026-04-28T02:48:00.000Z";1051.83
"2026-04-28T02:48:00.000Z";"2026-04-28T02:51:00.000Z";1056.22
"2026-04-28T02:51:00.000Z";"2026-04-28T02:54:00.000Z";1053.84
"2026-04-28T02:54:00.000Z";"2026-04-28T02:57:00.000Z";1054.11
"2026-04-28T02:57:00.000Z";"2026-04-28T03:00:00.000Z";1057.5
"2026-04-28T03:00:00.000Z";"2026-04-28T03:03:00.000Z";1066.44
"2026-04-28T03:03:00.000Z";"2026-04-28T03:06:00.000Z";1074.5
"2026-04-28T03:06:00.000Z";"2026-04-28T03:09:00.000Z";1062.73
"2026-04-28T03:09:00.000Z";"2026-04-28T03:12:00.000Z";1058.34
"2026-04-28T03:12:00.000Z";"2026-04-28T03:15:00.000Z";1056.67
"2026-04-28T03:15:00.000Z";"2026-04-28T03:18:00.000Z";1051.62
"2026-04-28T03:18:00.000Z";"2026-04-28T03:21:00.000Z";1046.22
"2026-04-28T03:21:00.000Z";"2026-04-28T03:24:00.000Z";1048.78
"2026-04-28T03:24:00.000Z";"2026-04-28T03:27:00.000Z";1051.22
"2026-04-28T03:27:00.000Z";"2026-04-28T03:30:00.000Z";1059.05
"2026-04-28T03:30:00.000Z";"2026-04-28T03:33:00.000Z";1057.28
"2026-04-28T03:33:00.000Z";"2026-04-28T03:36:00.000Z";1050.78
"2026-04-28T03:36:00.000Z";"2026-04-28T03:39:00.000Z";1051.94
"2026-04-28T03:39:00.000Z";"2026-04-28T03:42:00.000Z";1055.94
"2026-04-28T03:42:00.000Z";"2026-04-28T03:45:00.000Z";1060.28
"2026-04-28T03:45:00.000Z";"2026-04-28T03:48:00.000Z";1058.95
"2026-04-28T03:48:00.000Z";"2026-04-28T03:51:00.000Z";1053.61
"2026-04-28T03:51:00.000Z";"2026-04-28T03:54:00.000Z";1054.06
"2026-04-28T03:54:00.000Z";"2026-04-28T03:57:00.000Z";1060.55
"2026-04-28T03:57:00.000Z";"2026-04-28T04:00:00.000Z";1062.5
"2026-04-28T04:00:00.000Z";"2026-04-28T04:03:00.000Z";1049.51
"2026-04-28T04:03:00.000Z";"2026-04-28T04:06:00.000Z";1049.33
"2026-04-28T04:06:00.000Z";"2026-04-28T04:09:00.000Z";1052.66
"2026-04-28T04:09:00.000Z";"2026-04-28T04:12:00.000Z";1059.78
"2026-04-28T04:12:00.000Z";"2026-04-28T04:15:00.000Z";1063.27
"2026-04-28T04:15:00.000Z";"2026-04-28T04:18:00.000Z";1068.23
"2026-04-28T04:18:00.000Z";"2026-04-28T04:21:00.000Z";1057.33
"2026-04-28T04:21:00.000Z";"2026-04-28T04:24:00.000Z";1060.72
"2026-04-28T04:24:00.000Z";"2026-04-28T04:27:00.000Z";1060.61
"2026-04-28T04:27:00.000Z";"2026-04-28T04:30:00.000Z";1061.84
"2026-04-28T04:30:00.000Z";"2026-04-28T04:33:00.000Z";1058.95
"2026-04-28T04:33:00.000Z";"2026-04-28T04:36:00.000Z";1059.39
"2026-04-28T04:36:00.000Z";"2026-04-28T04:39:00.000Z";1062.55
"2026-04-28T04:39:00.000Z";"2026-04-28T04:42:00.000Z";1067.61
"2026-04-28T04:42:00.000Z";"2026-04-28T04:45:00.000Z";1072.66
"2026-04-28T04:45:00.000Z";"2026-04-28T04:48:00.000Z";1077.27
"2026-04-28T04:48:00.000Z";"2026-04-28T04:51:00.000Z";1088.06
"2026-04-28T04:51:00.000Z";"2026-04-28T04:54:00.000Z";1097.39
"2026-04-28T04:54:00.000Z";"2026-04-28T04:57:00.000Z";1104.83
"2026-04-28T04:57:00.000Z";"2026-04-28T05:00:00.000Z";1108.28
"2026-04-28T05:00:00.000Z";"2026-04-28T05:03:00.000Z";1098.01
"2026-04-28T05:03:00.000Z";"2026-04-28T05:06:00.000Z";1075.51
"2026-04-28T05:06:00.000Z";"2026-04-28T05:09:00.000Z";1073.22
"2026-04-28T05:09:00.000Z";"2026-04-28T05:12:00.000Z";1078.94
"2026-04-28T05:12:00.000Z";"2026-04-28T05:15:00.000Z";1076.11
"2026-04-28T05:15:00.000Z";"2026-04-28T05:18:00.000Z";1071.06
"2026-04-28T05:18:00.000Z";"2026-04-28T05:21:00.000Z";1050.34
"2026-04-28T05:21:00.000Z";"2026-04-28T05:24:00.000Z";1047.89
"2026-04-28T05:24:00.000Z";"2026-04-28T05:27:00.000Z";1046.11
"2026-04-28T05:27:00.000Z";"2026-04-28T05:30:00.000Z";1043.28
"2026-04-28T05:30:00.000Z";"2026-04-28T05:33:00.000Z";1035.34
"2026-04-28T05:33:00.000Z";"2026-04-28T05:36:00.000Z";1030.78
"2026-04-28T05:36:00.000Z";"2026-04-28T05:39:00.000Z";1023.17
"2026-04-28T05:39:00.000Z";"2026-04-28T05:42:00.000Z";1022.45
"2026-04-28T05:42:00.000Z";"2026-04-28T05:45:00.000Z";1019.5
"2026-04-28T05:45:00.000Z";"2026-04-28T05:48:00.000Z";1009.78
"2026-04-28T05:48:00.000Z";"2026-04-28T05:51:00.000Z";1004.39
"2026-04-28T05:51:00.000Z";"2026-04-28T05:54:00.000Z";999.613
"2026-04-28T05:54:00.000Z";"2026-04-28T05:57:00.000Z";1002.16
"2026-04-28T05:57:00.000Z";"2026-04-28T06:00:00.000Z";988.963
"2026-04-28T06:00:00.000Z";"2026-04-28T06:03:00.000Z";954.528
"2026-04-28T06:03:00.000Z";"2026-04-28T06:06:00.000Z";942.438
"2026-04-28T06:06:00.000Z";"2026-04-28T06:09:00.000Z";952.555
"2026-04-28T06:09:00.000Z";"2026-04-28T06:12:00.000Z";948.835
"2026-04-28T06:12:00.000Z";"2026-04-28T06:15:00.000Z";943.78
"2026-04-28T06:15:00.000Z";"2026-04-28T06:18:00.000Z";945.496
"2026-04-28T06:18:00.000Z";"2026-04-28T06:21:00.000Z";952.446
"2026-04-28T06:21:00.000Z";"2026-04-28T06:24:00.000Z";941.672
"2026-04-28T06:24:00.000Z";"2026-04-28T06:27:00.000Z";938.002
"2026-04-28T06:27:00.000Z";"2026-04-28T06:30:00.000Z";937.555
"2026-04-28T06:30:00.000Z";"2026-04-28T06:33:00.000Z";932.839
"2026-04-28T06:33:00.000Z";"2026-04-28T06:36:00.000Z";930.222
"2026-04-28T06:36:00.000Z";"2026-04-28T06:39:00.000Z";933.832
"2026-04-28T06:39:00.000Z";"2026-04-28T06:42:00.000Z";931.445
"2026-04-28T06:42:00.000Z";"2026-04-28T06:45:00.000Z";932.721
"2026-04-28T06:45:00.000Z";"2026-04-28T06:48:00.000Z";942.216
"2026-04-28T06:48:00.000Z";"2026-04-28T06:51:00.000Z";972.708
"2026-04-28T06:51:00.000Z";"2026-04-28T06:54:00.000Z";970.671
"2026-04-28T06:54:00.000Z";"2026-04-28T06:57:00.000Z";964.003
"2026-04-28T06:57:00.000Z";"2026-04-28T07:00:00.000Z";966.773
"2026-04-28T07:00:00.000Z";"2026-04-28T07:03:00.000Z";967.67
"2026-04-28T07:03:00.000Z";"2026-04-28T07:06:00.000Z";966.163
"2026-04-28T07:06:00.000Z";"2026-04-28T07:09:00.000Z";977.055
"2026-04-28T07:09:00.000Z";"2026-04-28T07:12:00.000Z";967.169
"2026-04-28T07:12:00.000Z";"2026-04-28T07:15:00.000Z";950.287
"2026-04-28T07:15:00.000Z";"2026-04-28T07:18:00.000Z";959.493
"2026-04-28T07:18:00.000Z";"2026-04-28T07:21:00.000Z";966.941
"2026-04-28T07:21:00.000Z";"2026-04-28T07:24:00.000Z";978.607
"2026-04-28T07:24:00.000Z";"2026-04-28T07:27:00.000Z";966.065
"2026-04-28T07:27:00.000Z";"2026-04-28T07:30:00.000Z";935.345
"2026-04-28T07:30:00.000Z";"2026-04-28T07:33:00.000Z";939.661
"2026-04-28T07:33:00.000Z";"2026-04-28T07:36:00.000Z";952.939
"2026-04-28T07:36:00.000Z";"2026-04-28T07:39:00.000Z";957.837
"2026-04-28T07:39:00.000Z";"2026-04-28T07:42:00.000Z";953.224
"2026-04-28T07:42:00.000Z";"2026-04-28T07:45:00.000Z";936.009
"2026-04-28T07:45:00.000Z";"2026-04-28T07:48:00.000Z";930.446
"2026-04-28T07:48:00.000Z";"2026-04-28T07:51:00.000Z";940.775
"2026-04-28T07:51:00.000Z";"2026-04-28T07:54:00.000Z";946.884
"2026-04-28T07:54:00.000Z";"2026-04-28T07:57:00.000Z";950.391
"2026-04-28T07:57:00.000Z";"2026-04-28T08:00:00.000Z";916.858
"2026-04-28T08:00:00.000Z";"2026-04-28T08:03:00.000Z";880.087
"2026-04-28T08:03:00.000Z";"2026-04-28T08:06:00.000Z";878.052
"2026-04-28T08:06:00.000Z";"2026-04-28T08:09:00.000Z";872.613
"2026-04-28T08:09:00.000Z";"2026-04-28T08:12:00.000Z";875.888
"2026-04-28T08:12:00.000Z";"2026-04-28T08:15:00.000Z";871.947
"2026-04-28T08:15:00.000Z";"2026-04-28T08:18:00.000Z";873.607
"2026-04-28T08:18:00.000Z";"2026-04-28T08:21:00.000Z";872.01
"2026-04-28T08:21:00.000Z";"2026-04-28T08:24:00.000Z";858.002
"2026-04-28T08:24:00.000Z";"2026-04-28T08:27:00.000Z";861.277
"2026-04-28T08:27:00.000Z";"2026-04-28T08:30:00.000Z";860.056
"2026-04-28T08:30:00.000Z";"2026-04-28T08:33:00.000Z";856.894
"2026-04-28T08:33:00.000Z";"2026-04-28T08:36:00.000Z";863.549
"2026-04-28T08:36:00.000Z";"2026-04-28T08:39:00.000Z";863.619
"2026-04-28T08:39:00.000Z";"2026-04-28T08:42:00.000Z";861.554
"2026-04-28T08:42:00.000Z";"2026-04-28T08:45:00.000Z";863.003
"2026-04-28T08:45:00.000Z";"2026-04-28T08:48:00.000Z";859.668
"2026-04-28T08:48:00.000Z";"2026-04-28T08:51:00.000Z";859.223
"2026-04-28T08:51:00.000Z";"2026-04-28T08:54:00.000Z";857.664
"2026-04-28T08:54:00.000Z";"2026-04-28T08:57:00.000Z";876.161
"2026-04-28T08:57:00.000Z";"2026-04-28T09:00:00.000Z";873.675
"2026-04-28T09:00:00.000Z";"2026-04-28T09:03:00.000Z";853.067
"2026-04-28T09:03:00.000Z";"2026-04-28T09:06:00.000Z";842.01
"2026-04-28T09:06:00.000Z";"2026-04-28T09:09:00.000Z";835.831
"2026-04-28T09:09:00.000Z";"2026-04-28T09:12:00.000Z";830.335
"2026-04-28T09:12:00.000Z";"2026-04-28T09:15:00.000Z";834.387
"2026-04-28T09:15:00.000Z";"2026-04-28T09:18:00.000Z";840.547
"2026-04-28T09:18:00.000Z";"2026-04-28T09:21:00.000Z";838.619
"2026-04-28T09:21:00.000Z";"2026-04-28T09:24:00.000Z";833.164
"2026-04-28T09:24:00.000Z";"2026-04-28T09:27:00.000Z";832.501
"2026-04-28T09:27:00.000Z";"2026-04-28T09:30:00.000Z";839.552
"2026-04-28T09:30:00.000Z";"2026-04-28T09:33:00.000Z";841.11
"2026-04-28T09:33:00.000Z";"2026-04-28T09:36:00.000Z";846.221
"2026-04-28T09:36:00.000Z";"2026-04-28T09:39:00.000Z";844.616
"2026-04-28T09:39:00.000Z";"2026-04-28T09:42:00.000Z";844.886
"2026-04-28T09:42:00.000Z";"2026-04-28T09:45:00.000Z";843.731
"2026-04-28T09:45:00.000Z";"2026-04-28T09:48:00.000Z";847.054
"2026-04-28T09:48:00.000Z";"2026-04-28T09:51:00.000Z";869.533
"2026-04-28T09:51:00.000Z";"2026-04-28T09:54:00.000Z";881.894
"2026-04-28T09:54:00.000Z";"2026-04-28T09:57:00.000Z";870.225
"2026-04-28T09:57:00.000Z";"2026-04-28T10:00:00.000Z";866.833
"2026-04-28T10:00:00.000Z";"2026-04-28T10:03:00.000Z";860.782
"2026-04-28T10:03:00.000Z";"2026-04-28T10:06:00.000Z";862.219
"2026-04-28T10:06:00.000Z";"2026-04-28T10:09:00.000Z";859.336
"2026-04-28T10:09:00.000Z";"2026-04-28T10:12:00.000Z";856.999
"2026-04-28T10:12:00.000Z";"2026-04-28T10:15:00.000Z";841.563
"2026-04-28T10:15:00.000Z";"2026-04-28T10:18:00.000Z";822.285
"2026-04-28T10:18:00.000Z";"2026-04-28T10:21:00.000Z";813.666
"2026-04-28T10:21:00.000Z";"2026-04-28T10:24:00.000Z";807.945
"2026-04-28T10:24:00.000Z";"2026-04-28T10:27:00.000Z";803.558
"2026-04-28T10:27:00.000Z";"2026-04-28T10:30:00.000Z";807.718
"2026-04-28T10:30:00.000Z";"2026-04-28T10:33:00.000Z";809.719
"2026-04-28T10:33:00.000Z";"2026-04-28T10:36:00.000Z";818.217
"2026-04-28T10:36:00.000Z";"2026-04-28T10:39:00.000Z";824.999
"2026-04-28T10:39:00.000Z";"2026-04-28T10:42:00.000Z";827.498
"2026-04-28T10:42:00.000Z";"2026-04-28T10:45:00.000Z";828.275
"2026-04-28T10:45:00.000Z";"2026-04-28T10:48:00.000Z";843.38
"2026-04-28T10:48:00.000Z";"2026-04-28T10:51:00.000Z";859.274
"2026-04-28T10:51:00.000Z";"2026-04-28T10:54:00.000Z";857.111
"2026-04-28T10:54:00.000Z";"2026-04-28T10:57:00.000Z";846.731
"2026-04-28T10:57:00.000Z";"2026-04-28T11:00:00.000Z";844.999
"2026-04-28T11:00:00.000Z";"2026-04-28T11:03:00.000Z";853.272
"2026-04-28T11:03:00.000Z";"2026-04-28T11:06:00.000Z";859.389
"2026-04-28T11:06:00.000Z";"2026-04-28T11:09:00.000Z";858.778
"2026-04-28T11:09:00.000Z";"2026-04-28T11:12:00.000Z";864.719
"2026-04-28T11:12:00.000Z";"2026-04-28T11:15:00.000Z";860.336
"2026-04-28T11:15:00.000Z";"2026-04-28T11:18:00.000Z";859.168
"2026-04-28T11:18:00.000Z";"2026-04-28T11:21:00.000Z";866.663
"2026-04-28T11:21:00.000Z";"2026-04-28T11:24:00.000Z";869.667
"2026-04-28T11:24:00.000Z";"2026-04-28T11:27:00.000Z";882.16
"2026-04-28T11:27:00.000Z";"2026-04-28T11:30:00.000Z";871.116
"2026-04-28T11:30:00.000Z";"2026-04-28T11:33:00.000Z";862.954
"2026-04-28T11:33:00.000Z";"2026-04-28T11:36:00.000Z";849.288
"2026-04-28T11:36:00.000Z";"2026-04-28T11:39:00.000Z";840.779
"2026-04-28T11:39:00.000Z";"2026-04-28T11:42:00.000Z";846.94
"2026-04-28T11:42:00.000Z";"2026-04-28T11:45:00.000Z";844.169
"2026-04-28T11:45:00.000Z";"2026-04-28T11:48:00.000Z";846.057
"2026-04-28T11:48:00.000Z";"2026-04-28T11:51:00.000Z";851.103
"2026-04-28T11:51:00.000Z";"2026-04-28T11:54:00.000Z";850.61
"2026-04-28T11:54:00.000Z";"2026-04-28T11:57:00.000Z";847.891
"2026-04-28T11:57:00.000Z";"2026-04-28T12:00:00.000Z";851.49
"2026-04-28T12:00:00.000Z";"2026-04-28T12:03:00.000Z";863.664
"2026-04-28T12:03:00.000Z";"2026-04-28T12:06:00.000Z";863.061
"2026-04-28T12:06:00.000Z";"2026-04-28T12:09:00.000Z";855.279
"2026-04-28T12:09:00.000Z";"2026-04-28T12:12:00.000Z";852.445
"2026-04-28T12:12:00.000Z";"2026-04-28T12:15:00.000Z";854.332
"2026-04-28T12:15:00.000Z";"2026-04-28T12:18:00.000Z";860.335
"2026-04-28T12:18:00.000Z";"2026-04-28T12:21:00.000Z";867.162
"2026-04-28T12:21:00.000Z";"2026-04-28T12:24:00.000Z";858.615
"2026-04-28T12:24:00.000Z";"2026-04-28T12:27:00.000Z";860.387
"2026-04-28T12:27:00.000Z";"2026-04-28T12:30:00.000Z";856.613
"2026-04-28T12:30:00.000Z";"2026-04-28T12:33:00.000Z";858.887
"2026-04-28T12:33:00.000Z";"2026-04-28T12:36:00.000Z";857.779
"2026-04-28T12:36:00.000Z";"2026-04-28T12:39:00.000Z";854.056
"2026-04-28T12:39:00.000Z";"2026-04-28T12:42:00.000Z";857.998
"2026-04-28T12:42:00.000Z";"2026-04-28T12:45:00.000Z";861.944
"2026-04-28T12:45:00.000Z";"2026-04-28T12:48:00.000Z";858.336
"2026-04-28T12:48:00.000Z";"2026-04-28T12:51:00.000Z";854.224
"2026-04-28T12:51:00.000Z";"2026-04-28T12:54:00.000Z";859.943
"2026-04-28T12:54:00.000Z";"2026-04-28T12:57:00.000Z";860.385
"2026-04-28T12:57:00.000Z";"2026-04-28T13:00:00.000Z";881.66
"2026-04-28T13:00:00.000Z";"2026-04-28T13:03:00.000Z";882.458
"2026-04-28T13:03:00.000Z";"2026-04-28T13:06:00.000Z";885.329
"2026-04-28T13:06:00.000Z";"2026-04-28T13:09:00.000Z";889.776
"2026-04-28T13:09:00.000Z";"2026-04-28T13:12:00.000Z";888.945
"2026-04-28T13:12:00.000Z";"2026-04-28T13:15:00.000Z";887.67
"2026-04-28T13:15:00.000Z";"2026-04-28T13:18:00.000Z";887.218
"2026-04-28T13:18:00.000Z";"2026-04-28T13:21:00.000Z";894.889
"2026-04-28T13:21:00.000Z";"2026-04-28T13:24:00.000Z";889.89
"2026-04-28T13:24:00.000Z";"2026-04-28T13:27:00.000Z";889.28
"2026-04-28T13:27:00.000Z";"2026-04-28T13:30:00.000Z";887.997
"2026-04-28T13:30:00.000Z";"2026-04-28T13:33:00.000Z";889.89
"2026-04-28T13:33:00.000Z";"2026-04-28T13:36:00.000Z";885.443
"2026-04-28T13:36:00.000Z";"2026-04-28T13:39:00.000Z";884.724
"2026-04-28T13:39:00.000Z";"2026-04-28T13:42:00.000Z";884.892
"2026-04-28T13:42:00.000Z";"2026-04-28T13:45:00.000Z";875.612
"2026-04-28T13:45:00.000Z";"2026-04-28T13:48:00.000Z";878.83
"2026-04-28T13:48:00.000Z";"2026-04-28T13:51:00.000Z";875.89
"2026-04-28T13:51:00.000Z";"2026-04-28T13:54:00.000Z";880.162
"2026-04-28T13:54:00.000Z";"2026-04-28T13:57:00.000Z";880.28
"2026-04-28T13:57:00.000Z";"2026-04-28T14:00:00.000Z";882.497
"2026-04-28T14:00:00.000Z";"2026-04-28T14:03:00.000Z";899.542
"2026-04-28T14:03:00.000Z";"2026-04-28T14:06:00.000Z";912.112
"2026-04-28T14:06:00.000Z";"2026-04-28T14:09:00.000Z";904.556
"2026-04-28T14:09:00.000Z";"2026-04-28T14:12:00.000Z";897.501
"2026-04-28T14:12:00.000Z";"2026-04-28T14:15:00.000Z";896.111
"2026-04-28T14:15:00.000Z";"2026-04-28T14:18:00.000Z";894.115
"2026-04-28T14:18:00.000Z";"2026-04-28T14:21:00.000Z";885.721
"2026-04-28T14:21:00.000Z";"2026-04-28T14:24:00.000Z";891.44
"2026-04-28T14:24:00.000Z";"2026-04-28T14:27:00.000Z";901.609
"2026-04-28T14:27:00.000Z";"2026-04-28T14:30:00.000Z";898.667
"2026-04-28T14:30:00.000Z";"2026-04-28T14:33:00.000Z";902.501
"2026-04-28T14:33:00.000Z";"2026-04-28T14:36:00.000Z";900.168
"2026-04-28T14:36:00.000Z";"2026-04-28T14:39:00.000Z";900.221
"2026-04-28T14:39:00.000Z";"2026-04-28T14:42:00.000Z";904.167
"2026-04-28T14:42:00.000Z";"2026-04-28T14:45:00.000Z";899.224
"2026-04-28T14:45:00.000Z";"2026-04-28T14:48:00.000Z";906.331
"2026-04-28T14:48:00.000Z";"2026-04-28T14:51:00.000Z";903.556
"2026-04-28T14:51:00.000Z";"2026-04-28T14:54:00.000Z";908.661
"2026-04-28T14:54:00.000Z";"2026-04-28T14:57:00.000Z";918.934
"2026-04-28T14:57:00.000Z";"2026-04-28T15:00:00.000Z";969.702
"2026-04-28T15:00:00.000Z";"2026-04-28T15:03:00.000Z";997.111
"2026-04-28T15:03:00.000Z";"2026-04-28T15:06:00.000Z";1041.24
"2026-04-28T15:06:00.000Z";"2026-04-28T15:09:00.000Z";1071.88
"2026-04-28T15:09:00.000Z";"2026-04-28T15:12:00.000Z";1083.88
"2026-04-28T15:12:00.000Z";"2026-04-28T15:15:00.000Z";1086.22
"2026-04-28T15:15:00.000Z";"2026-04-28T15:18:00.000Z";1082.34
"2026-04-28T15:18:00.000Z";"2026-04-28T15:21:00.000Z";1074.34
"2026-04-28T15:21:00.000Z";"2026-04-28T15:24:00.000Z";1081.66
"2026-04-28T15:24:00.000Z";"2026-04-28T15:27:00.000Z";1085.44
"2026-04-28T15:27:00.000Z";"2026-04-28T15:30:00.000Z";1085.66
"2026-04-28T15:30:00.000Z";"2026-04-28T15:33:00.000Z";1088.46
"2026-04-28T15:33:00.000Z";"2026-04-28T15:36:00.000Z";1077.89
"2026-04-28T15:36:00.000Z";"2026-04-28T15:39:00.000Z";1084.28
"2026-04-28T15:39:00.000Z";"2026-04-28T15:42:00.000Z";1085.83
"2026-04-28T15:42:00.000Z";"2026-04-28T15:45:00.000Z";1093.44
"2026-04-28T15:45:00.000Z";"2026-04-28T15:48:00.000Z";1094.73
"2026-04-28T15:48:00.000Z";"2026-04-28T15:51:00.000Z";1084.55
"2026-04-28T15:51:00.000Z";"2026-04-28T15:54:00.000Z";1089
"2026-04-28T15:54:00.000Z";"2026-04-28T15:57:00.000Z";1082.84
"2026-04-28T15:57:00.000Z";"2026-04-28T16:00:00.000Z";1083.45
"2026-04-28T16:00:00.000Z";"2026-04-28T16:03:00.000Z";1082.17
"2026-04-28T16:03:00.000Z";"2026-04-28T16:06:00.000Z";1091.33
"2026-04-28T16:06:00.000Z";"2026-04-28T16:09:00.000Z";1105.99
"2026-04-28T16:09:00.000Z";"2026-04-28T16:12:00.000Z";1105.61
"2026-04-28T16:12:00.000Z";"2026-04-28T16:15:00.000Z";1119.21
"2026-04-28T16:15:00.000Z";"2026-04-28T16:18:00.000Z";1138.22
"2026-04-28T16:18:00.000Z";"2026-04-28T16:21:00.000Z";1140.66
"2026-04-28T16:21:00.000Z";"2026-04-28T16:24:00.000Z";1144.61
"2026-04-28T16:24:00.000Z";"2026-04-28T16:27:00.000Z";1145.83
"2026-04-28T16:27:00.000Z";"2026-04-28T16:30:00.000Z";1152.17
"2026-04-28T16:30:00.000Z";"2026-04-28T16:33:00.000Z";1143.34
"2026-04-28T16:33:00.000Z";"2026-04-28T16:36:00.000Z";1131.56
"2026-04-28T16:36:00.000Z";"2026-04-28T16:39:00.000Z";1152.49
"2026-04-28T16:39:00.000Z";"2026-04-28T16:42:00.000Z";1177.5
"2026-04-28T16:42:00.000Z";"2026-04-28T16:45:00.000Z";1175.73
"2026-04-28T16:45:00.000Z";"2026-04-28T16:48:00.000Z";1178.61
"2026-04-28T16:48:00.000Z";"2026-04-28T16:51:00.000Z";1176.44
"2026-04-28T16:51:00.000Z";"2026-04-28T16:54:00.000Z";1172.78
"2026-04-28T16:54:00.000Z";"2026-04-28T16:57:00.000Z";1181.11
"2026-04-28T16:57:00.000Z";"2026-04-28T17:00:00.000Z";1189.1
"2026-04-28T17:00:00.000Z";"2026-04-28T17:03:00.000Z";1201.05
"2026-04-28T17:03:00.000Z";"2026-04-28T17:06:00.000Z";1209.11
"2026-04-28T17:06:00.000Z";"2026-04-28T17:09:00.000Z";1225.1
"2026-04-28T17:09:00.000Z";"2026-04-28T17:12:00.000Z";1234.44
"2026-04-28T17:12:00.000Z";"2026-04-28T17:15:00.000Z";1236.72
"2026-04-28T17:15:00.000Z";"2026-04-28T17:18:00.000Z";1235.34
"2026-04-28T17:18:00.000Z";"2026-04-28T17:21:00.000Z";1230.45
"2026-04-28T17:21:00.000Z";"2026-04-28T17:24:00.000Z";1226.22
"2026-04-28T17:24:00.000Z";"2026-04-28T17:27:00.000Z";1231.72
"2026-04-28T17:27:00.000Z";"2026-04-28T17:30:00.000Z";1260.15
"2026-04-28T17:30:00.000Z";"2026-04-28T17:33:00.000Z";1261.56
"2026-04-28T17:33:00.000Z";"2026-04-28T17:36:00.000Z";1258
"2026-04-28T17:36:00.000Z";"2026-04-28T17:39:00.000Z";1269.16
"2026-04-28T17:39:00.000Z";"2026-04-28T17:42:00.000Z";1270.16
"2026-04-28T17:42:00.000Z";"2026-04-28T17:45:00.000Z";1278.61
"2026-04-28T17:45:00.000Z";"2026-04-28T17:48:00.000Z";1277.39
"2026-04-28T17:48:00.000Z";"2026-04-28T17:51:00.000Z";1273.06
"2026-04-28T17:51:00.000Z";"2026-04-28T17:54:00.000Z";1269.28
"2026-04-28T17:54:00.000Z";"2026-04-28T17:57:00.000Z";1269.28
"2026-04-28T17:57:00.000Z";"2026-04-28T18:00:00.000Z";1275.72
"2026-04-28T18:00:00.000Z";"2026-04-28T18:03:00.000Z";1305.27
"2026-04-28T18:03:00.000Z";"2026-04-28T18:06:00.000Z";1319.22
"2026-04-28T18:06:00.000Z";"2026-04-28T18:09:00.000Z";1313.17
"2026-04-28T18:09:00.000Z";"2026-04-28T18:12:00.000Z";1315.99
"2026-04-28T18:12:00.000Z";"2026-04-28T18:15:00.000Z";1334.54
"2026-04-28T18:15:00.000Z";"2026-04-28T18:18:00.000Z";1361.16
"2026-04-28T18:18:00.000Z";"2026-04-28T18:21:00.000Z";1370.38
"2026-04-28T18:21:00.000Z";"2026-04-28T18:24:00.000Z";1396.54
"2026-04-28T18:24:00.000Z";"2026-04-28T18:27:00.000Z";1400.89
"2026-04-28T18:27:00.000Z";"2026-04-28T18:30:00.000Z";1408.33
"2026-04-28T18:30:00.000Z";"2026-04-28T18:33:00.000Z";1427.66
"2026-04-28T18:33:00.000Z";"2026-04-28T18:36:00.000Z";1447.1
"2026-04-28T18:36:00.000Z";"2026-04-28T18:39:00.000Z";1470.21
"2026-04-28T18:39:00.000Z";"2026-04-28T18:42:00.000Z";1478.11
"2026-04-28T18:42:00.000Z";"2026-04-28T18:45:00.000Z";1479.33
"2026-04-28T18:45:00.000Z";"2026-04-28T18:48:00.000Z";1490.16
"2026-04-28T18:48:00.000Z";"2026-04-28T18:51:00.000Z";1486.33
"2026-04-28T18:51:00.000Z";"2026-04-28T18:54:00.000Z";1480.39
"2026-04-28T18:54:00.000Z";"2026-04-28T18:57:00.000Z";1479.17
"2026-04-28T18:57:00.000Z";"2026-04-28T19:00:00.000Z";1474.44
"2026-04-28T19:00:00.000Z";"2026-04-28T19:03:00.000Z";1477.11
"2026-04-28T19:03:00.000Z";"2026-04-28T19:06:00.000Z";1481.83
"2026-04-28T19:06:00.000Z";"2026-04-28T19:09:00.000Z";1493.49
"2026-04-28T19:09:00.000Z";"2026-04-28T19:12:00.000Z";1501.78
"2026-04-28T19:12:00.000Z";"2026-04-28T19:15:00.000Z";1502.67
"2026-04-28T19:15:00.000Z";"2026-04-28T19:18:00.000Z";1497.07
"2026-04-28T19:18:00.000Z";"2026-04-28T19:21:00.000Z";1472.96
"2026-04-28T19:21:00.000Z";"2026-04-28T19:24:00.000Z";1462.55
"2026-04-28T19:24:00.000Z";"2026-04-28T19:27:00.000Z";1463.95
"2026-04-28T19:27:00.000Z";"2026-04-28T19:30:00.000Z";1442
"2026-04-28T19:30:00.000Z";"2026-04-28T19:33:00.000Z";1428.39
"2026-04-28T19:33:00.000Z";"2026-04-28T19:36:00.000Z";1420.17
"2026-04-28T19:36:00.000Z";"2026-04-28T19:39:00.000Z";1399.23
"2026-04-28T19:39:00.000Z";"2026-04-28T19:42:00.000Z";1388.39
"2026-04-28T19:42:00.000Z";"2026-04-28T19:45:00.000Z";1387.55
"2026-04-28T19:45:00.000Z";"2026-04-28T19:48:00.000Z";1388.06
"2026-04-28T19:48:00.000Z";"2026-04-28T19:51:00.000Z";1386.83
"2026-04-28T19:51:00.000Z";"2026-04-28T19:54:00.000Z";1385.22
"2026-04-28T19:54:00.000Z";"2026-04-28T19:57:00.000Z";1381.89
"2026-04-28T19:57:00.000Z";"2026-04-28T20:00:00.000Z";1381.44
"2026-04-28T20:00:00.000Z";"2026-04-28T20:03:00.000Z";1391.55
"2026-04-28T20:03:00.000Z";"2026-04-28T20:06:00.000Z";1397.94
"2026-04-28T20:06:00.000Z";"2026-04-28T20:09:00.000Z";1396.45
"2026-04-28T20:09:00.000Z";"2026-04-28T20:12:00.000Z";1372.95
"2026-04-28T20:12:00.000Z";"2026-04-28T20:15:00.000Z";1359.56
"2026-04-28T20:15:00.000Z";"2026-04-28T20:18:00.000Z";1356.18
"2026-04-28T20:18:00.000Z";"2026-04-28T20:21:00.000Z";1349.17
"2026-04-28T20:21:00.000Z";"2026-04-28T20:24:00.000Z";1350.06
"2026-04-28T20:24:00.000Z";"2026-04-28T20:27:00.000Z";1349.16
"2026-04-28T20:27:00.000Z";"2026-04-28T20:30:00.000Z";1356.33
"2026-04-28T20:30:00.000Z";"2026-04-28T20:33:00.000Z";1355.73
"2026-04-28T20:33:00.000Z";"2026-04-28T20:36:00.000Z";1350.5
"2026-04-28T20:36:00.000Z";"2026-04-28T20:39:00.000Z";1342.61
"2026-04-28T20:39:00.000Z";"2026-04-28T20:42:00.000Z";1344.5
"2026-04-28T20:42:00.000Z";"2026-04-28T20:45:00.000Z";1333.56
"2026-04-28T20:45:00.000Z";"2026-04-28T20:48:00.000Z";1312.95
"2026-04-28T20:48:00.000Z";"2026-04-28T20:51:00.000Z";1306.95
"2026-04-28T20:51:00.000Z";"2026-04-28T20:54:00.000Z";1301.28
"2026-04-28T20:54:00.000Z";"2026-04-28T20:57:00.000Z";1298.83
"2026-04-28T20:57:00.000Z";"2026-04-28T21:00:00.000Z";1304.99
"2026-04-28T21:00:00.000Z";"2026-04-28T21:03:00.000Z";1322.31
"2026-04-28T21:03:00.000Z";"2026-04-28T21:06:00.000Z";1350.43
"2026-04-28T21:06:00.000Z";"2026-04-28T21:09:00.000Z";1358.83
"2026-04-28T21:09:00.000Z";"2026-04-28T21:12:00.000Z";1344.62
"2026-04-28T21:12:00.000Z";"2026-04-28T21:15:00.000Z";1333.17
"2026-04-28T21:15:00.000Z";"2026-04-28T21:18:00.000Z";1321.56
"2026-04-28T21:18:00.000Z";"2026-04-28T21:21:00.000Z";1304.93
"2026-04-28T21:21:00.000Z";"2026-04-28T21:24:00.000Z";1267.56
"2026-04-28T21:24:00.000Z";"2026-04-28T21:27:00.000Z";1269.89
"2026-04-28T21:27:00.000Z";"2026-04-28T21:30:00.000Z";1265.23
"2026-04-28T21:30:00.000Z";"2026-04-28T21:33:00.000Z";1260.61
"2026-04-28T21:33:00.000Z";"2026-04-28T21:36:00.000Z";1266.61
"2026-04-28T21:36:00.000Z";"2026-04-28T21:39:00.000Z";1268.33
"2026-04-28T21:39:00.000Z";"2026-04-28T21:42:00.000Z";1266.11
"2026-04-28T21:42:00.000Z";"2026-04-28T21:45:00.000Z";1262.56
"2026-04-28T21:45:00.000Z";"2026-04-28T21:48:00.000Z";1258.95
"2026-04-28T21:48:00.000Z";"2026-04-28T21:51:00.000Z";1263.66
"2026-04-28T21:51:00.000Z";"2026-04-28T21:54:00.000Z";1259.67
"2026-04-28T21:54:00.000Z";"2026-04-28T21:57:00.000Z";1252.06
"2026-04-28T21:57:00.000Z";"2026-04-28T22:00:00.000Z";1242.51
"2026-04-28T22:00:00.000Z";"2026-04-28T22:03:00.000Z";1234.06
"2026-04-28T22:03:00.000Z";"2026-04-28T22:06:00.000Z";1229.23
"2026-04-28T22:06:00.000Z";"2026-04-28T22:09:00.000Z";1219
"2026-04-28T22:09:00.000Z";"2026-04-28T22:12:00.000Z";1197.48
"2026-04-28T22:12:00.000Z";"2026-04-28T22:15:00.000Z";1201.38
"2026-04-28T22:15:00.000Z";"2026-04-28T22:18:00.000Z";1208.06
"2026-04-28T22:18:00.000Z";"2026-04-28T22:21:00.000Z";1211.11
"2026-04-28T22:21:00.000Z";"2026-04-28T22:24:00.000Z";1206.34
"2026-04-28T22:24:00.000Z";"2026-04-28T22:27:00.000Z";1198.72
"2026-04-28T22:27:00.000Z";"2026-04-28T22:30:00.000Z";1197.5
"2026-04-28T22:30:00.000Z";"2026-04-28T22:33:00.000Z";1199.61
"2026-04-28T22:33:00.000Z";"2026-04-28T22:36:00.000Z";1199.67
"2026-04-28T22:36:00.000Z";"2026-04-28T22:39:00.000Z";1191.11
"2026-04-28T22:39:00.000Z";"2026-04-28T22:42:00.000Z";1182.39
"2026-04-28T22:42:00.000Z";"2026-04-28T22:45:00.000Z";1183.44
"2026-04-28T22:45:00.000Z";"2026-04-28T22:48:00.000Z";1188.67
"2026-04-28T22:48:00.000Z";"2026-04-28T22:51:00.000Z";1198.16
"2026-04-28T22:51:00.000Z";"2026-04-28T22:54:00.000Z";1193.34
"2026-04-28T22:54:00.000Z";"2026-04-28T22:57:00.000Z";1183.95
"2026-04-28T22:57:00.000Z";"2026-04-28T23:00:00.000Z";1172.06
"2026-04-28T23:00:00.000Z";"2026-04-28T23:03:00.000Z";1160.56
"2026-04-28T23:03:00.000Z";"2026-04-28T23:06:00.000Z";1138.68
"2026-04-28T23:06:00.000Z";"2026-04-28T23:09:00.000Z";1134.28
"2026-04-28T23:09:00.000Z";"2026-04-28T23:12:00.000Z";1128.34
"2026-04-28T23:12:00.000Z";"2026-04-28T23:15:00.000Z";1124.72
"2026-04-28T23:15:00.000Z";"2026-04-28T23:18:00.000Z";1123.17
"2026-04-28T23:18:00.000Z";"2026-04-28T23:21:00.000Z";1121.44
"2026-04-28T23:21:00.000Z";"2026-04-28T23:24:00.000Z";1118.06
"2026-04-28T23:24:00.000Z";"2026-04-28T23:27:00.000Z";1114.23
"2026-04-28T23:27:00.000Z";"2026-04-28T23:30:00.000Z";1106.34
"2026-04-28T23:30:00.000Z";"2026-04-28T23:33:00.000Z";1103.94
"2026-04-28T23:33:00.000Z";"2026-04-28T23:36:00.000Z";1106.83
"2026-04-28T23:36:00.000Z";"2026-04-28T23:39:00.000Z";1104.22
"2026-04-28T23:39:00.000Z";"2026-04-28T23:42:00.000Z";1097.78
"2026-04-28T23:42:00.000Z";"2026-04-28T23:45:00.000Z";1090.95
"2026-04-28T23:45:00.000Z";"2026-04-28T23:48:00.000Z";1089.72
"2026-04-28T23:48:00.000Z";"2026-04-28T23:51:00.000Z";1090.89
"2026-04-28T23:51:00.000Z";"2026-04-28T23:54:00.000Z";1089.83
"2026-04-28T23:54:00.000Z";"2026-04-28T23:57:00.000Z";1092.72
"2026-04-28T23:57:00.000Z";"2026-04-29T00:00:00.000Z";1086.28
"2026-04-29T00:00:00.000Z";"2026-04-29T00:03:00.000Z";1097.1
"2026-04-29T00:03:00.000Z";"2026-04-29T00:06:00.000Z";1117.5
"2026-04-29T00:06:00.000Z";"2026-04-29T00:09:00.000Z";1114.95
"2026-04-29T00:09:00.000Z";"2026-04-29T00:12:00.000Z";1101.28
"2026-04-29T00:12:00.000Z";"2026-04-29T00:15:00.000Z";1100.44
"2026-04-29T00:15:00.000Z";"2026-04-29T00:18:00.000Z";1089.01
"2026-04-29T00:18:00.000Z";"2026-04-29T00:21:00.000Z";1082.72
"2026-04-29T00:21:00.000Z";"2026-04-29T00:24:00.000Z";1081.72
"2026-04-29T00:24:00.000Z";"2026-04-29T00:27:00.000Z";1082.61
"2026-04-29T00:27:00.000Z";"2026-04-29T00:30:00.000Z";1079.23
"2026-04-29T00:30:00.000Z";"2026-04-29T00:33:00.000Z";1086.38
"2026-04-29T00:33:00.000Z";"2026-04-29T00:36:00.000Z";1095
"2026-04-29T00:36:00.000Z";"2026-04-29T00:39:00.000Z";1096.89
"2026-04-29T00:39:00.000Z";"2026-04-29T00:42:00.000Z";1101.33
"2026-04-29T00:42:00.000Z";"2026-04-29T00:45:00.000Z";1103.28
"2026-04-29T00:45:00.000Z";"2026-04-29T00:48:00.000Z";1111.43
"2026-04-29T00:48:00.000Z";"2026-04-29T00:51:00.000Z";1125.22
"2026-04-29T00:51:00.000Z";"2026-04-29T00:54:00.000Z";1128.83
"2026-04-29T00:54:00.000Z";"2026-04-29T00:57:00.000Z";1128.94
"2026-04-29T00:57:00.000Z";"2026-04-29T01:00:00.000Z";1140.98
"2026-04-29T01:00:00.000Z";"2026-04-29T01:03:00.000Z";1138.73
"2026-04-29T01:03:00.000Z";"2026-04-29T01:06:00.000Z";1152.88
"2026-04-29T01:06:00.000Z";"2026-04-29T01:09:00.000Z";1130.57
"2026-04-29T01:09:00.000Z";"2026-04-29T01:12:00.000Z";1108.5
"2026-04-29T01:12:00.000Z";"2026-04-29T01:15:00.000Z";1109.89
"2026-04-29T01:15:00.000Z";"2026-04-29T01:18:00.000Z";1109.11
"2026-04-29T01:18:00.000Z";"2026-04-29T01:21:00.000Z";1111.45
"2026-04-29T01:21:00.000Z";"2026-04-29T01:24:00.000Z";1105.5
"2026-04-29T01:24:00.000Z";"2026-04-29T01:27:00.000Z";1103.67
"2026-04-29T01:27:00.000Z";"2026-04-29T01:30:00.000Z";1105.17
"2026-04-29T01:30:00.000Z";"2026-04-29T01:33:00.000Z";1110.61
"2026-04-29T01:33:00.000Z";"2026-04-29T01:36:00.000Z";1113.61
"2026-04-29T01:36:00.000Z";"2026-04-29T01:39:00.000Z";1126.49
"2026-04-29T01:39:00.000Z";"2026-04-29T01:42:00.000Z";1134.17
"2026-04-29T01:42:00.000Z";"2026-04-29T01:45:00.000Z";1122.29
"2026-04-29T01:45:00.000Z";"2026-04-29T01:48:00.000Z";1118.11
"2026-04-29T01:48:00.000Z";"2026-04-29T01:51:00.000Z";1136.16
"2026-04-29T01:51:00.000Z";"2026-04-29T01:54:00.000Z";1135.17
"2026-04-29T01:54:00.000Z";"2026-04-29T01:57:00.000Z";1131.89
"2026-04-29T01:57:00.000Z";"2026-04-29T02:00:00.000Z";1141.71
"2026-04-29T02:00:00.000Z";"2026-04-29T02:03:00.000Z";1165.88
"2026-04-29T02:03:00.000Z";"2026-04-29T02:06:00.000Z";1174.94
"2026-04-29T02:06:00.000Z";"2026-04-29T02:09:00.000Z";1186.77
"2026-04-29T02:09:00.000Z";"2026-04-29T02:12:00.000Z";1188.22
"2026-04-29T02:12:00.000Z";"2026-04-29T02:15:00.000Z";1188.67
"2026-04-29T02:15:00.000Z";"2026-04-29T02:18:00.000Z";1182.01
"2026-04-29T02:18:00.000Z";"2026-04-29T02:21:00.000Z";1175.11
"2026-04-29T02:21:00.000Z";"2026-04-29T02:24:00.000Z";1174.83
"2026-04-29T02:24:00.000Z";"2026-04-29T02:27:00.000Z";1160.18
"2026-04-29T02:27:00.000Z";"2026-04-29T02:30:00.000Z";1156.94
"2026-04-29T02:30:00.000Z";"2026-04-29T02:33:00.000Z";1161.16
"2026-04-29T02:33:00.000Z";"2026-04-29T02:36:00.000Z";1160.17
"2026-04-29T02:36:00.000Z";"2026-04-29T02:39:00.000Z";1160.78
"2026-04-29T02:39:00.000Z";"2026-04-29T02:42:00.000Z";1161.72
"2026-04-29T02:42:00.000Z";"2026-04-29T02:45:00.000Z";1171.11
"2026-04-29T02:45:00.000Z";"2026-04-29T02:48:00.000Z";1193.09
"2026-04-29T02:48:00.000Z";"2026-04-29T02:51:00.000Z";1180.9
"2026-04-29T02:51:00.000Z";"2026-04-29T02:54:00.000Z";1167.5
"2026-04-29T02:54:00.000Z";"2026-04-29T02:57:00.000Z";1173.49
"2026-04-29T02:57:00.000Z";"2026-04-29T03:00:00.000Z";1194.27
"2026-04-29T03:00:00.000Z";"2026-04-29T03:03:00.000Z";1244.26
"2026-04-29T03:03:00.000Z";"2026-04-29T03:06:00.000Z";1319.45
"2026-04-29T03:06:00.000Z";"2026-04-29T03:09:00.000Z";1361.03
"2026-04-29T03:09:00.000Z";"2026-04-29T03:12:00.000Z";1376.61
"2026-04-29T03:12:00.000Z";"2026-04-29T03:15:00.000Z";1396.87
"2026-04-29T03:15:00.000Z";"2026-04-29T03:18:00.000Z";1400.62
"2026-04-29T03:18:00.000Z";"2026-04-29T03:21:00.000Z";1401.45
"2026-04-29T03:21:00.000Z";"2026-04-29T03:24:00.000Z";1399.11
"2026-04-29T03:24:00.000Z";"2026-04-29T03:27:00.000Z";1399.83
"2026-04-29T03:27:00.000Z";"2026-04-29T03:30:00.000Z";1399.83
"2026-04-29T03:30:00.000Z";"2026-04-29T03:33:00.000Z";1393
"2026-04-29T03:33:00.000Z";"2026-04-29T03:36:00.000Z";1374.46
"2026-04-29T03:36:00.000Z";"2026-04-29T03:39:00.000Z";1366.78
"2026-04-29T03:39:00.000Z";"2026-04-29T03:42:00.000Z";1380.43
"2026-04-29T03:42:00.000Z";"2026-04-29T03:45:00.000Z";1394.56
"2026-04-29T03:45:00.000Z";"2026-04-29T03:48:00.000Z";1384.29
"2026-04-29T03:48:00.000Z";"2026-04-29T03:51:00.000Z";1377.94
"2026-04-29T03:51:00.000Z";"2026-04-29T03:54:00.000Z";1378.78
"2026-04-29T03:54:00.000Z";"2026-04-29T03:57:00.000Z";1385.38
"2026-04-29T03:57:00.000Z";"2026-04-29T04:00:00.000Z";1398.27
"2026-04-29T04:00:00.000Z";"2026-04-29T04:03:00.000Z";1417.77
"2026-04-29T04:03:00.000Z";"2026-04-29T04:06:00.000Z";1427.22
"2026-04-29T04:06:00.000Z";"2026-04-29T04:09:00.000Z";1423.11
"2026-04-29T04:09:00.000Z";"2026-04-29T04:12:00.000Z";1433.88
"2026-04-29T04:12:00.000Z";"2026-04-29T04:15:00.000Z";1450.71
"2026-04-29T04:15:00.000Z";"2026-04-29T04:18:00.000Z";1466.88
"2026-04-29T04:18:00.000Z";"2026-04-29T04:21:00.000Z";1470.11
"2026-04-29T04:21:00.000Z";"2026-04-29T04:24:00.000Z";1473
"2026-04-29T04:24:00.000Z";"2026-04-29T04:27:00.000Z";1479.78
"2026-04-29T04:27:00.000Z";"2026-04-29T04:30:00.000Z";1477.84
"2026-04-29T04:30:00.000Z";"2026-04-29T04:33:00.000Z";1471.84
"2026-04-29T04:33:00.000Z";"2026-04-29T04:36:00.000Z";1465.28
"2026-04-29T04:36:00.000Z";"2026-04-29T04:39:00.000Z";1472.61
"2026-04-29T04:39:00.000Z";"2026-04-29T04:42:00.000Z";1479.99
"2026-04-29T04:42:00.000Z";"2026-04-29T04:45:00.000Z";1480.83
"2026-04-29T04:45:00.000Z";"2026-04-29T04:48:00.000Z";1485.05
"2026-04-29T04:48:00.000Z";"2026-04-29T04:51:00.000Z";1517.92
"2026-04-29T04:51:00.000Z";"2026-04-29T04:54:00.000Z";1551.77
"2026-04-29T04:54:00.000Z";"2026-04-29T04:57:00.000Z";1558.22
"2026-04-29T04:57:00.000Z";"2026-04-29T05:00:00.000Z";1587.3
"2026-04-29T05:00:00.000Z";"2026-04-29T05:03:00.000Z";1592.79
"2026-04-29T05:03:00.000Z";"2026-04-29T05:06:00.000Z";1573.23
"2026-04-29T05:06:00.000Z";"2026-04-29T05:09:00.000Z";1583.94
"2026-04-29T05:09:00.000Z";"2026-04-29T05:12:00.000Z";1576.61
"2026-04-29T05:12:00.000Z";"2026-04-29T05:15:00.000Z";1561.06
"2026-04-29T05:15:00.000Z";"2026-04-29T05:18:00.000Z";1553.33
"2026-04-29T05:18:00.000Z";"2026-04-29T05:21:00.000Z";1560.28
"2026-04-29T05:21:00.000Z";"2026-04-29T05:24:00.000Z";1551.89
"2026-04-29T05:24:00.000Z";"2026-04-29T05:27:00.000Z";1548.84
"2026-04-29T05:27:00.000Z";"2026-04-29T05:30:00.000Z";1531.9
"2026-04-29T05:30:00.000Z";"2026-04-29T05:33:00.000Z";1524.73
"2026-04-29T05:33:00.000Z";"2026-04-29T05:36:00.000Z";1499.84
"2026-04-29T05:36:00.000Z";"2026-04-29T05:39:00.000Z";1492.11
"2026-04-29T05:39:00.000Z";"2026-04-29T05:42:00.000Z";1494.67
"2026-04-29T05:42:00.000Z";"2026-04-29T05:45:00.000Z";1491.34
"2026-04-29T05:45:00.000Z";"2026-04-29T05:48:00.000Z";1483.78
"2026-04-29T05:48:00.000Z";"2026-04-29T05:51:00.000Z";1488.83
"2026-04-29T05:51:00.000Z";"2026-04-29T05:54:00.000Z";1488.11
"2026-04-29T05:54:00.000Z";"2026-04-29T05:57:00.000Z";1464.57
"2026-04-29T05:57:00.000Z";"2026-04-29T06:00:00.000Z";1439.23
"2026-04-29T06:00:00.000Z";"2026-04-29T06:03:00.000Z";1397.52
"2026-04-29T06:03:00.000Z";"2026-04-29T06:06:00.000Z";1338.81
"2026-04-29T06:06:00.000Z";"2026-04-29T06:09:00.000Z";1287.52
"2026-04-29T06:09:00.000Z";"2026-04-29T06:12:00.000Z";1280.62
"2026-04-29T06:12:00.000Z";"2026-04-29T06:15:00.000Z";1274.1
"2026-04-29T06:15:00.000Z";"2026-04-29T06:18:00.000Z";1288.61
"2026-04-29T06:18:00.000Z";"2026-04-29T06:21:00.000Z";1302.98
"2026-04-29T06:21:00.000Z";"2026-04-29T06:24:00.000Z";1306.5
"2026-04-29T06:24:00.000Z";"2026-04-29T06:27:00.000Z";1300.06
"2026-04-29T06:27:00.000Z";"2026-04-29T06:30:00.000Z";1283.95
"2026-04-29T06:30:00.000Z";"2026-04-29T06:33:00.000Z";1283.55
"2026-04-29T06:33:00.000Z";"2026-04-29T06:36:00.000Z";1287.79
"2026-04-29T06:36:00.000Z";"2026-04-29T06:39:00.000Z";1264.63
"2026-04-29T06:39:00.000Z";"2026-04-29T06:42:00.000Z";1262.67
"2026-04-29T06:42:00.000Z";"2026-04-29T06:45:00.000Z";1265.44
"2026-04-29T06:45:00.000Z";"2026-04-29T06:48:00.000Z";1264.79
"2026-04-29T06:48:00.000Z";"2026-04-29T06:51:00.000Z";1291.56
"2026-04-29T06:51:00.000Z";"2026-04-29T06:54:00.000Z";1305.85
"2026-04-29T06:54:00.000Z";"2026-04-29T06:57:00.000Z";1282.52
"2026-04-29T06:57:00.000Z";"2026-04-29T07:00:00.000Z";1239.08
"2026-04-29T07:00:00.000Z";"2026-04-29T07:03:00.000Z";1187.74
"2026-04-29T07:03:00.000Z";"2026-04-29T07:06:00.000Z";1115.33
"2026-04-29T07:06:00.000Z";"2026-04-29T07:09:00.000Z";1074.85
"2026-04-29T07:09:00.000Z";"2026-04-29T07:12:00.000Z";1065.83
"2026-04-29T07:12:00.000Z";"2026-04-29T07:15:00.000Z";1053
"2026-04-29T07:15:00.000Z";"2026-04-29T07:18:00.000Z";1058.61
"2026-04-29T07:18:00.000Z";"2026-04-29T07:21:00.000Z";1082.6
"2026-04-29T07:21:00.000Z";"2026-04-29T07:24:00.000Z";1093.66
"2026-04-29T07:24:00.000Z";"2026-04-29T07:27:00.000Z";1107.43
"2026-04-29T07:27:00.000Z";"2026-04-29T07:30:00.000Z";1110.62
"2026-04-29T07:30:00.000Z";"2026-04-29T07:33:00.000Z";1105.39
"2026-04-29T07:33:00.000Z";"2026-04-29T07:36:00.000Z";1095.28
"2026-04-29T07:36:00.000Z";"2026-04-29T07:39:00.000Z";1089.22
"2026-04-29T07:39:00.000Z";"2026-04-29T07:42:00.000Z";1087.78
"2026-04-29T07:42:00.000Z";"2026-04-29T07:45:00.000Z";1058.9
"2026-04-29T07:45:00.000Z";"2026-04-29T07:48:00.000Z";1043.78
"2026-04-29T07:48:00.000Z";"2026-04-29T07:51:00.000Z";1040.16
"2026-04-29T07:51:00.000Z";"2026-04-29T07:54:00.000Z";1042.56
"2026-04-29T07:54:00.000Z";"2026-04-29T07:57:00.000Z";1040.71
"2026-04-29T07:57:00.000Z";"2026-04-29T08:00:00.000Z";1033.07
"2026-04-29T08:00:00.000Z";"2026-04-29T08:03:00.000Z";998.237
"2026-04-29T08:03:00.000Z";"2026-04-29T08:06:00.000Z";952.076
"2026-04-29T08:06:00.000Z";"2026-04-29T08:09:00.000Z";942.499
"2026-04-29T08:09:00.000Z";"2026-04-29T08:12:00.000Z";938.057
"2026-04-29T08:12:00.000Z";"2026-04-29T08:15:00.000Z";939.279
"2026-04-29T08:15:00.000Z";"2026-04-29T08:18:00.000Z";929.177
"2026-04-29T08:18:00.000Z";"2026-04-29T08:21:00.000Z";916.947
"2026-04-29T08:21:00.000Z";"2026-04-29T08:24:00.000Z";908.101
"2026-04-29T08:24:00.000Z";"2026-04-29T08:27:00.000Z";906.844
"2026-04-29T08:27:00.000Z";"2026-04-29T08:30:00.000Z";898.116
"2026-04-29T08:30:00.000Z";"2026-04-29T08:33:00.000Z";886.446
"2026-04-29T08:33:00.000Z";"2026-04-29T08:36:00.000Z";884.89
"2026-04-29T08:36:00.000Z";"2026-04-29T08:39:00.000Z";882.34
"2026-04-29T08:39:00.000Z";"2026-04-29T08:42:00.000Z";875.06
"2026-04-29T08:42:00.000Z";"2026-04-29T08:45:00.000Z";868.775
"2026-04-29T08:45:00.000Z";"2026-04-29T08:48:00.000Z";875.109
"2026-04-29T08:48:00.000Z";"2026-04-29T08:51:00.000Z";880.773
"2026-04-29T08:51:00.000Z";"2026-04-29T08:54:00.000Z";895.332
"2026-04-29T08:54:00.000Z";"2026-04-29T08:57:00.000Z";887.06
"2026-04-29T08:57:00.000Z";"2026-04-29T09:00:00.000Z";870.788
"2026-04-29T09:00:00.000Z";"2026-04-29T09:03:00.000Z";839.85
"2026-04-29T09:03:00.000Z";"2026-04-29T09:06:00.000Z";812.07
"2026-04-29T09:06:00.000Z";"2026-04-29T09:09:00.000Z";811.552
"2026-04-29T09:09:00.000Z";"2026-04-29T09:12:00.000Z";813.394
"2026-04-29T09:12:00.000Z";"2026-04-29T09:15:00.000Z";816.104
"2026-04-29T09:15:00.000Z";"2026-04-29T09:18:00.000Z";841.988
"2026-04-29T09:18:00.000Z";"2026-04-29T09:21:00.000Z";875.875
"2026-04-29T09:21:00.000Z";"2026-04-29T09:24:00.000Z";862.636
"2026-04-29T09:24:00.000Z";"2026-04-29T09:27:00.000Z";814.964
"2026-04-29T09:27:00.000Z";"2026-04-29T09:30:00.000Z";788.23
"2026-04-29T09:30:00.000Z";"2026-04-29T09:33:00.000Z";786.94
"2026-04-29T09:33:00.000Z";"2026-04-29T09:36:00.000Z";781.228
"2026-04-29T09:36:00.000Z";"2026-04-29T09:39:00.000Z";783.331
"2026-04-29T09:39:00.000Z";"2026-04-29T09:42:00.000Z";781.113
"2026-04-29T09:42:00.000Z";"2026-04-29T09:45:00.000Z";784.667
"2026-04-29T09:45:00.000Z";"2026-04-29T09:48:00.000Z";787.052
"2026-04-29T09:48:00.000Z";"2026-04-29T09:51:00.000Z";796.609
"2026-04-29T09:51:00.000Z";"2026-04-29T09:54:00.000Z";788.114
"2026-04-29T09:54:00.000Z";"2026-04-29T09:57:00.000Z";779.645
"2026-04-29T09:57:00.000Z";"2026-04-29T10:00:00.000Z";787.482
"2026-04-29T10:00:00.000Z";"2026-04-29T10:03:00.000Z";800.006
"2026-04-29T10:03:00.000Z";"2026-04-29T10:06:00.000Z";787.448
"2026-04-29T10:06:00.000Z";"2026-04-29T10:09:00.000Z";808.663
"2026-04-29T10:09:00.000Z";"2026-04-29T10:12:00.000Z";802.057
"2026-04-29T10:12:00.000Z";"2026-04-29T10:15:00.000Z";814.606
"2026-04-29T10:15:00.000Z";"2026-04-29T10:18:00.000Z";814.113
"2026-04-29T10:18:00.000Z";"2026-04-29T10:21:00.000Z";807.23
"2026-04-29T10:21:00.000Z";"2026-04-29T10:24:00.000Z";796.285
"2026-04-29T10:24:00.000Z";"2026-04-29T10:27:00.000Z";796.832
"2026-04-29T10:27:00.000Z";"2026-04-29T10:30:00.000Z";797.778
"2026-04-29T10:30:00.000Z";"2026-04-29T10:33:00.000Z";795.72
"2026-04-29T10:33:00.000Z";"2026-04-29T10:36:00.000Z";797.665
"2026-04-29T10:36:00.000Z";"2026-04-29T10:39:00.000Z";802.055
"2026-04-29T10:39:00.000Z";"2026-04-29T10:42:00.000Z";828.996
"2026-04-29T10:42:00.000Z";"2026-04-29T10:45:00.000Z";843.776
"2026-04-29T10:45:00.000Z";"2026-04-29T10:48:00.000Z";848.276
"2026-04-29T10:48:00.000Z";"2026-04-29T10:51:00.000Z";850.723
"2026-04-29T10:51:00.000Z";"2026-04-29T10:54:00.000Z";848.723
"2026-04-29T10:54:00.000Z";"2026-04-29T10:57:00.000Z";843
"2026-04-29T10:57:00.000Z";"2026-04-29T11:00:00.000Z";846.055
"2026-04-29T11:00:00.000Z";"2026-04-29T11:03:00.000Z";847.386
"2026-04-29T11:03:00.000Z";"2026-04-29T11:06:00.000Z";864.379
"2026-04-29T11:06:00.000Z";"2026-04-29T11:09:00.000Z";866.725
"2026-04-29T11:09:00.000Z";"2026-04-29T11:12:00.000Z";856.004
"2026-04-29T11:12:00.000Z";"2026-04-29T11:15:00.000Z";844.945
"2026-04-29T11:15:00.000Z";"2026-04-29T11:18:00.000Z";860.05
"2026-04-29T11:18:00.000Z";"2026-04-29T11:21:00.000Z";866.169
"2026-04-29T11:21:00.000Z";"2026-04-29T11:24:00.000Z";857.278
"2026-04-29T11:24:00.000Z";"2026-04-29T11:27:00.000Z";858.611
"2026-04-29T11:27:00.000Z";"2026-04-29T11:30:00.000Z";857.555
"2026-04-29T11:30:00.000Z";"2026-04-29T11:33:00.000Z";860.109
"2026-04-29T11:33:00.000Z";"2026-04-29T11:36:00.000Z";862
"2026-04-29T11:36:00.000Z";"2026-04-29T11:39:00.000Z";866.998
"2026-04-29T11:39:00.000Z";"2026-04-29T11:42:00.000Z";870.281
"2026-04-29T11:42:00.000Z";"2026-04-29T11:45:00.000Z";866.28
"2026-04-29T11:45:00.000Z";"2026-04-29T11:48:00.000Z";861.168
"2026-04-29T11:48:00.000Z";"2026-04-29T11:51:00.000Z";858.725
"2026-04-29T11:51:00.000Z";"2026-04-29T11:54:00.000Z";859.886
"2026-04-29T11:54:00.000Z";"2026-04-29T11:57:00.000Z";852.281
"2026-04-29T11:57:00.000Z";"2026-04-29T12:00:00.000Z";842.337
"2026-04-29T12:00:00.000Z";"2026-04-29T12:03:00.000Z";848.278
"2026-04-29T12:03:00.000Z";"2026-04-29T12:06:00.000Z";845.001
"2026-04-29T12:06:00.000Z";"2026-04-29T12:09:00.000Z";833.138
"2026-04-29T12:09:00.000Z";"2026-04-29T12:12:00.000Z";807.22
"2026-04-29T12:12:00.000Z";"2026-04-29T12:15:00.000Z";805.232
"2026-04-29T12:15:00.000Z";"2026-04-29T12:18:00.000Z";800.944
"2026-04-29T12:18:00.000Z";"2026-04-29T12:21:00.000Z";800.888
"2026-04-29T12:21:00.000Z";"2026-04-29T12:24:00.000Z";808.166
"2026-04-29T12:24:00.000Z";"2026-04-29T12:27:00.000Z";802.39
"2026-04-29T12:27:00.000Z";"2026-04-29T12:30:00.000Z";798.776
"2026-04-29T12:30:00.000Z";"2026-04-29T12:33:00.000Z";799.555
"2026-04-29T12:33:00.000Z";"2026-04-29T12:36:00.000Z";799.444
"2026-04-29T12:36:00.000Z";"2026-04-29T12:39:00.000Z";798.722
"2026-04-29T12:39:00.000Z";"2026-04-29T12:42:00.000Z";794.835
"2026-04-29T12:42:00.000Z";"2026-04-29T12:45:00.000Z";794.557
"2026-04-29T12:45:00.000Z";"2026-04-29T12:48:00.000Z";791.777
"2026-04-29T12:48:00.000Z";"2026-04-29T12:51:00.000Z";803.938
"2026-04-29T12:51:00.000Z";"2026-04-29T12:54:00.000Z";834.863
"2026-04-29T12:54:00.000Z";"2026-04-29T12:57:00.000Z";891.599
"2026-04-29T12:57:00.000Z";"2026-04-29T13:00:00.000Z";906.164
"2026-04-29T13:00:00.000Z";"2026-04-29T13:03:00.000Z";914.827
"2026-04-29T13:03:00.000Z";"2026-04-29T13:06:00.000Z";920.887
"2026-04-29T13:06:00.000Z";"2026-04-29T13:09:00.000Z";922.115
"2026-04-29T13:09:00.000Z";"2026-04-29T13:12:00.000Z";918.777
"2026-04-29T13:12:00.000Z";"2026-04-29T13:15:00.000Z";921.39
"2026-04-29T13:15:00.000Z";"2026-04-29T13:18:00.000Z";925.274
"2026-04-29T13:18:00.000Z";"2026-04-29T13:21:00.000Z";923.78
"2026-04-29T13:21:00.000Z";"2026-04-29T13:24:00.000Z";923.942
"2026-04-29T13:24:00.000Z";"2026-04-29T13:27:00.000Z";931.497
"2026-04-29T13:27:00.000Z";"2026-04-29T13:30:00.000Z";936.279
"2026-04-29T13:30:00.000Z";"2026-04-29T13:33:00.000Z";919.395
"2026-04-29T13:33:00.000Z";"2026-04-29T13:36:00.000Z";913.501
"2026-04-29T13:36:00.000Z";"2026-04-29T13:39:00.000Z";906.446
"2026-04-29T13:39:00.000Z";"2026-04-29T13:42:00.000Z";910.548
"2026-04-29T13:42:00.000Z";"2026-04-29T13:45:00.000Z";903.948
"2026-04-29T13:45:00.000Z";"2026-04-29T13:48:00.000Z";903.334
"2026-04-29T13:48:00.000Z";"2026-04-29T13:51:00.000Z";905.723
"2026-04-29T13:51:00.000Z";"2026-04-29T13:54:00.000Z";905.776
"2026-04-29T13:54:00.000Z";"2026-04-29T13:57:00.000Z";908.667
"2026-04-29T13:57:00.000Z";"2026-04-29T14:00:00.000Z";920.276
"2026-04-29T14:00:00.000Z";"2026-04-29T14:03:00.000Z";912.173
"2026-04-29T14:03:00.000Z";"2026-04-29T14:06:00.000Z";910.608
"2026-04-29T14:06:00.000Z";"2026-04-29T14:09:00.000Z";919.333
"2026-04-29T14:09:00.000Z";"2026-04-29T14:12:00.000Z";921.166
"2026-04-29T14:12:00.000Z";"2026-04-29T14:15:00.000Z";922.118
"2026-04-29T14:15:00.000Z";"2026-04-29T14:18:00.000Z";915.998
"2026-04-29T14:18:00.000Z";"2026-04-29T14:21:00.000Z";902.446
"2026-04-29T14:21:00.000Z";"2026-04-29T14:24:00.000Z";905.72
"2026-04-29T14:24:00.000Z";"2026-04-29T14:27:00.000Z";916.887
"2026-04-29T14:27:00.000Z";"2026-04-29T14:30:00.000Z";918.388
"2026-04-29T14:30:00.000Z";"2026-04-29T14:33:00.000Z";920.773
"2026-04-29T14:33:00.000Z";"2026-04-29T14:36:00.000Z";937.885
"2026-04-29T14:36:00.000Z";"2026-04-29T14:39:00.000Z";937.892
"2026-04-29T14:39:00.000Z";"2026-04-29T14:42:00.000Z";934.445
"2026-04-29T14:42:00.000Z";"2026-04-29T14:45:00.000Z";940.221
"2026-04-29T14:45:00.000Z";"2026-04-29T14:48:00.000Z";960.483
"2026-04-29T14:48:00.000Z";"2026-04-29T14:51:00.000Z";1026.34
"2026-04-29T14:51:00.000Z";"2026-04-29T14:54:00.000Z";1046.44
"2026-04-29T14:54:00.000Z";"2026-04-29T14:57:00.000Z";1039.06
"2026-04-29T14:57:00.000Z";"2026-04-29T15:00:00.000Z";1052.44
"2026-04-29T15:00:00.000Z";"2026-04-29T15:03:00.000Z";1085.93
"2026-04-29T15:03:00.000Z";"2026-04-29T15:06:00.000Z";1153.46
"2026-04-29T15:06:00.000Z";"2026-04-29T15:09:00.000Z";1183.71
"2026-04-29T15:09:00.000Z";"2026-04-29T15:12:00.000Z";1198.61
"2026-04-29T15:12:00.000Z";"2026-04-29T15:15:00.000Z";1209.16
"2026-04-29T15:15:00.000Z";"2026-04-29T15:18:00.000Z";1213.83
"2026-04-29T15:18:00.000Z";"2026-04-29T15:21:00.000Z";1223.44
"2026-04-29T15:21:00.000Z";"2026-04-29T15:24:00.000Z";1232.94
"2026-04-29T15:24:00.000Z";"2026-04-29T15:27:00.000Z";1235.5
"2026-04-29T15:27:00.000Z";"2026-04-29T15:30:00.000Z";1233.11
"2026-04-29T15:30:00.000Z";"2026-04-29T15:33:00.000Z";1213.56
"2026-04-29T15:33:00.000Z";"2026-04-29T15:36:00.000Z";1212.83
"2026-04-29T15:36:00.000Z";"2026-04-29T15:39:00.000Z";1203.9
"2026-04-29T15:39:00.000Z";"2026-04-29T15:42:00.000Z";1209.33
"2026-04-29T15:42:00.000Z";"2026-04-29T15:45:00.000Z";1229.99
"2026-04-29T15:45:00.000Z";"2026-04-29T15:48:00.000Z";1231.6
"2026-04-29T15:48:00.000Z";"2026-04-29T15:51:00.000Z";1248.16
"2026-04-29T15:51:00.000Z";"2026-04-29T15:54:00.000Z";1250.03
"2026-04-29T15:54:00.000Z";"2026-04-29T15:57:00.000Z";1291.15
"2026-04-29T15:57:00.000Z";"2026-04-29T16:00:00.000Z";1328.59
"2026-04-29T16:00:00.000Z";"2026-04-29T16:03:00.000Z";1403.69
"2026-04-29T16:03:00.000Z";"2026-04-29T16:06:00.000Z";1504.4
"2026-04-29T16:06:00.000Z";"2026-04-29T16:09:00.000Z";1558.04
"2026-04-29T16:09:00.000Z";"2026-04-29T16:12:00.000Z";1570.44
"2026-04-29T16:12:00.000Z";"2026-04-29T16:15:00.000Z";1576.56
"2026-04-29T16:15:00.000Z";"2026-04-29T16:18:00.000Z";1574.95
"2026-04-29T16:18:00.000Z";"2026-04-29T16:21:00.000Z";1585.05
"2026-04-29T16:21:00.000Z";"2026-04-29T16:24:00.000Z";1595.67
"2026-04-29T16:24:00.000Z";"2026-04-29T16:27:00.000Z";1623.87
"2026-04-29T16:27:00.000Z";"2026-04-29T16:30:00.000Z";1650.33
"2026-04-29T16:30:00.000Z";"2026-04-29T16:33:00.000Z";1644.84
"2026-04-29T16:33:00.000Z";"2026-04-29T16:36:00.000Z";1617.46
"2026-04-29T16:36:00.000Z";"2026-04-29T16:39:00.000Z";1598.95
"2026-04-29T16:39:00.000Z";"2026-04-29T16:42:00.000Z";1592
"2026-04-29T16:42:00.000Z";"2026-04-29T16:45:00.000Z";1623.17
"2026-04-29T16:45:00.000Z";"2026-04-29T16:48:00.000Z";1656.99
"2026-04-29T16:48:00.000Z";"2026-04-29T16:51:00.000Z";1687.76
"2026-04-29T16:51:00.000Z";"2026-04-29T16:54:00.000Z";1702.44
"2026-04-29T16:54:00.000Z";"2026-04-29T16:57:00.000Z";1701.28
"2026-04-29T16:57:00.000Z";"2026-04-29T17:00:00.000Z";1713.05
"2026-04-29T17:00:00.000Z";"2026-04-29T17:03:00.000Z";1740.02
"2026-04-29T17:03:00.000Z";"2026-04-29T17:06:00.000Z";1750.5
"2026-04-29T17:06:00.000Z";"2026-04-29T17:09:00.000Z";1753.61
"2026-04-29T17:09:00.000Z";"2026-04-29T17:12:00.000Z";1760.11
"2026-04-29T17:12:00.000Z";"2026-04-29T17:15:00.000Z";1764.39
"2026-04-29T17:15:00.000Z";"2026-04-29T17:18:00.000Z";1774.77
"2026-04-29T17:18:00.000Z";"2026-04-29T17:21:00.000Z";1780.5
"2026-04-29T17:21:00.000Z";"2026-04-29T17:24:00.000Z";1785.72
"2026-04-29T17:24:00.000Z";"2026-04-29T17:27:00.000Z";1777.17
"2026-04-29T17:27:00.000Z";"2026-04-29T17:30:00.000Z";1782.6
"2026-04-29T17:30:00.000Z";"2026-04-29T17:33:00.000Z";1804.1
"2026-04-29T17:33:00.000Z";"2026-04-29T17:36:00.000Z";1821.05
"2026-04-29T17:36:00.000Z";"2026-04-29T17:39:00.000Z";1846.93
"2026-04-29T17:39:00.000Z";"2026-04-29T17:42:00.000Z";1853.67
"2026-04-29T17:42:00.000Z";"2026-04-29T17:45:00.000Z";1854.39
"2026-04-29T17:45:00.000Z";"2026-04-29T17:48:00.000Z";1850.56
"2026-04-29T17:48:00.000Z";"2026-04-29T17:51:00.000Z";1824.68
"2026-04-29T17:51:00.000Z";"2026-04-29T17:54:00.000Z";1816.67
"2026-04-29T17:54:00.000Z";"2026-04-29T17:57:00.000Z";1818.11
"2026-04-29T17:57:00.000Z";"2026-04-29T18:00:00.000Z";1828.71
"2026-04-29T18:00:00.000Z";"2026-04-29T18:03:00.000Z";1827.62
"2026-04-29T18:03:00.000Z";"2026-04-29T18:06:00.000Z";1798.11
"2026-04-29T18:06:00.000Z";"2026-04-29T18:09:00.000Z";1815.77
"2026-04-29T18:09:00.000Z";"2026-04-29T18:12:00.000Z";1844.54
"2026-04-29T18:12:00.000Z";"2026-04-29T18:15:00.000Z";1857
"2026-04-29T18:15:00.000Z";"2026-04-29T18:18:00.000Z";1850.67
"2026-04-29T18:18:00.000Z";"2026-04-29T18:21:00.000Z";1851.56
"2026-04-29T18:21:00.000Z";"2026-04-29T18:24:00.000Z";1848.78
"2026-04-29T18:24:00.000Z";"2026-04-29T18:27:00.000Z";1844.67
"2026-04-29T18:27:00.000Z";"2026-04-29T18:30:00.000Z";1829.9
"2026-04-29T18:30:00.000Z";"2026-04-29T18:33:00.000Z";1819.12
"2026-04-29T18:33:00.000Z";"2026-04-29T18:36:00.000Z";1810.67
"2026-04-29T18:36:00.000Z";"2026-04-29T18:39:00.000Z";1797
"2026-04-29T18:39:00.000Z";"2026-04-29T18:42:00.000Z";1791.39
"2026-04-29T18:42:00.000Z";"2026-04-29T18:45:00.000Z";1804.6
"2026-04-29T18:45:00.000Z";"2026-04-29T18:48:00.000Z";1823.27
"2026-04-29T18:48:00.000Z";"2026-04-29T18:51:00.000Z";1822.06
"2026-04-29T18:51:00.000Z";"2026-04-29T18:54:00.000Z";1822.17
"2026-04-29T18:54:00.000Z";"2026-04-29T18:57:00.000Z";1809.84
"2026-04-29T18:57:00.000Z";"2026-04-29T19:00:00.000Z";1796
"2026-04-29T19:00:00.000Z";"2026-04-29T19:03:00.000Z";1777.46
"2026-04-29T19:03:00.000Z";"2026-04-29T19:06:00.000Z";1732.87
"2026-04-29T19:06:00.000Z";"2026-04-29T19:09:00.000Z";1689.9
"2026-04-29T19:09:00.000Z";"2026-04-29T19:12:00.000Z";1659.57
"2026-04-29T19:12:00.000Z";"2026-04-29T19:15:00.000Z";1632.49
"2026-04-29T19:15:00.000Z";"2026-04-29T19:18:00.000Z";1702.26
"2026-04-29T19:18:00.000Z";"2026-04-29T19:21:00.000Z";1732.32
"2026-04-29T19:21:00.000Z";"2026-04-29T19:24:00.000Z";1753.16
"2026-04-29T19:24:00.000Z";"2026-04-29T19:27:00.000Z";1761.89
"2026-04-29T19:27:00.000Z";"2026-04-29T19:30:00.000Z";1768.39
"2026-04-29T19:30:00.000Z";"2026-04-29T19:33:00.000Z";1764.89
"2026-04-29T19:33:00.000Z";"2026-04-29T19:36:00.000Z";1769.44
"2026-04-29T19:36:00.000Z";"2026-04-29T19:39:00.000Z";1766.39
"2026-04-29T19:39:00.000Z";"2026-04-29T19:42:00.000Z";1759.67
"2026-04-29T19:42:00.000Z";"2026-04-29T19:45:00.000Z";1758.5
"2026-04-29T19:45:00.000Z";"2026-04-29T19:48:00.000Z";1750.39
"2026-04-29T19:48:00.000Z";"2026-04-29T19:51:00.000Z";1737.67
"2026-04-29T19:51:00.000Z";"2026-04-29T19:54:00.000Z";1733.66
"2026-04-29T19:54:00.000Z";"2026-04-29T19:57:00.000Z";1729.89
"2026-04-29T19:57:00.000Z";"2026-04-29T20:00:00.000Z";1727.39
"2026-04-29T20:00:00.000Z";"2026-04-29T20:03:00.000Z";1683.05
"2026-04-29T20:03:00.000Z";"2026-04-29T20:06:00.000Z";1592.02
"2026-04-29T20:06:00.000Z";"2026-04-29T20:09:00.000Z";1543.74
"2026-04-29T20:09:00.000Z";"2026-04-29T20:12:00.000Z";1533.78
"2026-04-29T20:12:00.000Z";"2026-04-29T20:15:00.000Z";1509.63
"2026-04-29T20:15:00.000Z";"2026-04-29T20:18:00.000Z";1505.27
"2026-04-29T20:18:00.000Z";"2026-04-29T20:21:00.000Z";1550.92
"2026-04-29T20:21:00.000Z";"2026-04-29T20:24:00.000Z";1562.89
"2026-04-29T20:24:00.000Z";"2026-04-29T20:27:00.000Z";1561.45
"2026-04-29T20:27:00.000Z";"2026-04-29T20:30:00.000Z";1560.33
"2026-04-29T20:30:00.000Z";"2026-04-29T20:33:00.000Z";1552.4
"2026-04-29T20:33:00.000Z";"2026-04-29T20:36:00.000Z";1522.22
"2026-04-29T20:36:00.000Z";"2026-04-29T20:39:00.000Z";1522.72
"2026-04-29T20:39:00.000Z";"2026-04-29T20:42:00.000Z";1512.45
"2026-04-29T20:42:00.000Z";"2026-04-29T20:45:00.000Z";1494.73
"2026-04-29T20:45:00.000Z";"2026-04-29T20:48:00.000Z";1480.23
"2026-04-29T20:48:00.000Z";"2026-04-29T20:51:00.000Z";1475.13
"2026-04-29T20:51:00.000Z";"2026-04-29T20:54:00.000Z";1449.73
"2026-04-29T20:54:00.000Z";"2026-04-29T20:57:00.000Z";1430.56
"2026-04-29T20:57:00.000Z";"2026-04-29T21:00:00.000Z";1440.05