"startTime";"endTime";"Solar power generation forecast - updated once a day"
"2026-03-31T21:00:00.000Z";"2026-03-31T21:15:00.000Z";0
"2026-03-31T21:15:00.000Z";"2026-03-31T21:30:00.000Z";0
"2026-03-31T21:30:00.000Z";"2026-03-31T21:45:00.000Z";0
"2026-03-31T21:45:00.000Z";"2026-03-31T22:00:00.000Z";0
"2026-03-31T22:00:00.000Z";"2026-03-31T22:15:00.000Z";0
"2026-03-31T22:15:00.000Z";"2026-03-31T22:30:00.000Z";0
"2026-03-31T22:30:00.000Z";"2026-03-31T22:45:00.000Z";0
"2026-03-31T22:45:00.000Z";"2026-03-31T23:00:00.000Z";0
"2026-03-31T23:00:00.000Z";"2026-03-31T23:15:00.000Z";0
"2026-03-31T23:15:00.000Z";"2026-03-31T23:30:00.000Z";0
"2026-03-31T23:30:00.000Z";"2026-03-31T23:45:00.000Z";0
"2026-03-31T23:45:00.000Z";"2026-04-01T00:00:00.000Z";0
"2026-04-01T00:00:00.000Z";"2026-04-01T00:15:00.000Z";0
"2026-04-01T00:15:00.000Z";"2026-04-01T00:30:00.000Z";0
"2026-04-01T00:30:00.000Z";"2026-04-01T00:45:00.000Z";0
"2026-04-01T00:45:00.000Z";"2026-04-01T01:00:00.000Z";0
"2026-04-01T01:00:00.000Z";"2026-04-01T01:15:00.000Z";0
"2026-04-01T01:15:00.000Z";"2026-04-01T01:30:00.000Z";0
"2026-04-01T01:30:00.000Z";"2026-04-01T01:45:00.000Z";0
"2026-04-01T01:45:00.000Z";"2026-04-01T02:00:00.000Z";0
"2026-04-01T02:00:00.000Z";"2026-04-01T02:15:00.000Z";0
"2026-04-01T02:15:00.000Z";"2026-04-01T02:30:00.000Z";0
"2026-04-01T02:30:00.000Z";"2026-04-01T02:45:00.000Z";0
"2026-04-01T02:45:00.000Z";"2026-04-01T03:00:00.000Z";0
"2026-04-01T03:00:00.000Z";"2026-04-01T03:15:00.000Z";0
"2026-04-01T03:15:00.000Z";"2026-04-01T03:30:00.000Z";0.3
"2026-04-01T03:30:00.000Z";"2026-04-01T03:45:00.000Z";0.7
"2026-04-01T03:45:00.000Z";"2026-04-01T04:00:00.000Z";1
"2026-04-01T04:00:00.000Z";"2026-04-01T04:15:00.000Z";17.7
"2026-04-01T04:15:00.000Z";"2026-04-01T04:30:00.000Z";37.4
"2026-04-01T04:30:00.000Z";"2026-04-01T04:45:00.000Z";57
"2026-04-01T04:45:00.000Z";"2026-04-01T05:00:00.000Z";76.7
"2026-04-01T05:00:00.000Z";"2026-04-01T05:15:00.000Z";111.7
"2026-04-01T05:15:00.000Z";"2026-04-01T05:30:00.000Z";142.4
"2026-04-01T05:30:00.000Z";"2026-04-01T05:45:00.000Z";173.2
"2026-04-01T05:45:00.000Z";"2026-04-01T06:00:00.000Z";203.9
"2026-04-01T06:00:00.000Z";"2026-04-01T06:15:00.000Z";245.3
"2026-04-01T06:15:00.000Z";"2026-04-01T06:30:00.000Z";277
"2026-04-01T06:30:00.000Z";"2026-04-01T06:45:00.000Z";308.8
"2026-04-01T06:45:00.000Z";"2026-04-01T07:00:00.000Z";340.6
"2026-04-01T07:00:00.000Z";"2026-04-01T07:15:00.000Z";368.1
"2026-04-01T07:15:00.000Z";"2026-04-01T07:30:00.000Z";397.3
"2026-04-01T07:30:00.000Z";"2026-04-01T07:45:00.000Z";426.4
"2026-04-01T07:45:00.000Z";"2026-04-01T08:00:00.000Z";455.6
"2026-04-01T08:00:00.000Z";"2026-04-01T08:15:00.000Z";487.5
"2026-04-01T08:15:00.000Z";"2026-04-01T08:30:00.000Z";513.4
"2026-04-01T08:30:00.000Z";"2026-04-01T08:45:00.000Z";539.3
"2026-04-01T08:45:00.000Z";"2026-04-01T09:00:00.000Z";565.2
"2026-04-01T09:00:00.000Z";"2026-04-01T09:15:00.000Z";593.8
"2026-04-01T09:15:00.000Z";"2026-04-01T09:30:00.000Z";610.5
"2026-04-01T09:30:00.000Z";"2026-04-01T09:45:00.000Z";627.2
"2026-04-01T09:45:00.000Z";"2026-04-01T10:00:00.000Z";643.9
"2026-04-01T10:00:00.000Z";"2026-04-01T10:15:00.000Z";651.5
"2026-04-01T10:15:00.000Z";"2026-04-01T10:30:00.000Z";667.9
"2026-04-01T10:30:00.000Z";"2026-04-01T10:45:00.000Z";667.9
"2026-04-01T10:45:00.000Z";"2026-04-01T11:00:00.000Z";651.5
"2026-04-01T11:00:00.000Z";"2026-04-01T11:15:00.000Z";633.2
"2026-04-01T11:15:00.000Z";"2026-04-01T11:30:00.000Z";618.3
"2026-04-01T11:30:00.000Z";"2026-04-01T11:45:00.000Z";603.4
"2026-04-01T11:45:00.000Z";"2026-04-01T12:00:00.000Z";588.5
"2026-04-01T12:00:00.000Z";"2026-04-01T12:15:00.000Z";575
"2026-04-01T12:15:00.000Z";"2026-04-01T12:30:00.000Z";552
"2026-04-01T12:30:00.000Z";"2026-04-01T12:45:00.000Z";529
"2026-04-01T12:45:00.000Z";"2026-04-01T13:00:00.000Z";506.1
"2026-04-01T13:00:00.000Z";"2026-04-01T13:15:00.000Z";475.3
"2026-04-01T13:15:00.000Z";"2026-04-01T13:30:00.000Z";443.2
"2026-04-01T13:30:00.000Z";"2026-04-01T13:45:00.000Z";411.2
"2026-04-01T13:45:00.000Z";"2026-04-01T14:00:00.000Z";379.1
"2026-04-01T14:00:00.000Z";"2026-04-01T14:15:00.000Z";338.5
"2026-04-01T14:15:00.000Z";"2026-04-01T14:30:00.000Z";302.3
"2026-04-01T14:30:00.000Z";"2026-04-01T14:45:00.000Z";266
"2026-04-01T14:45:00.000Z";"2026-04-01T15:00:00.000Z";229.7
"2026-04-01T15:00:00.000Z";"2026-04-01T15:15:00.000Z";186.7
"2026-04-01T15:15:00.000Z";"2026-04-01T15:30:00.000Z";153.6
"2026-04-01T15:30:00.000Z";"2026-04-01T15:45:00.000Z";120.4
"2026-04-01T15:45:00.000Z";"2026-04-01T16:00:00.000Z";87.3
"2026-04-01T16:00:00.000Z";"2026-04-01T16:15:00.000Z";35.3
"2026-04-01T16:15:00.000Z";"2026-04-01T16:30:00.000Z";23.1
"2026-04-01T16:30:00.000Z";"2026-04-01T16:45:00.000Z";15
"2026-04-01T16:45:00.000Z";"2026-04-01T17:00:00.000Z";2.8
"2026-04-01T17:00:00.000Z";"2026-04-01T17:15:00.000Z";2.8
"2026-04-01T17:15:00.000Z";"2026-04-01T17:30:00.000Z";1.9
"2026-04-01T17:30:00.000Z";"2026-04-01T17:45:00.000Z";0.9
"2026-04-01T17:45:00.000Z";"2026-04-01T18:00:00.000Z";0
"2026-04-01T18:00:00.000Z";"2026-04-01T18:15:00.000Z";0
"2026-04-01T18:15:00.000Z";"2026-04-01T18:30:00.000Z";0
"2026-04-01T18:30:00.000Z";"2026-04-01T18:45:00.000Z";0
"2026-04-01T18:45:00.000Z";"2026-04-01T19:00:00.000Z";0
"2026-04-01T19:00:00.000Z";"2026-04-01T19:15:00.000Z";0
"2026-04-01T19:15:00.000Z";"2026-04-01T19:30:00.000Z";0
"2026-04-01T19:30:00.000Z";"2026-04-01T19:45:00.000Z";0
"2026-04-01T19:45:00.000Z";"2026-04-01T20:00:00.000Z";0
"2026-04-01T20:00:00.000Z";"2026-04-01T20:15:00.000Z";0
"2026-04-01T20:15:00.000Z";"2026-04-01T20:30:00.000Z";0
"2026-04-01T20:30:00.000Z";"2026-04-01T20:45:00.000Z";0
"2026-04-01T20:45:00.000Z";"2026-04-01T21:00:00.000Z";0
"2026-04-01T21:00:00.000Z";"2026-04-01T21:15:00.000Z";0
"2026-04-01T21:15:00.000Z";"2026-04-01T21:30:00.000Z";0
"2026-04-01T21:30:00.000Z";"2026-04-01T21:45:00.000Z";0
"2026-04-01T21:45:00.000Z";"2026-04-01T22:00:00.000Z";0
"2026-04-01T22:00:00.000Z";"2026-04-01T22:15:00.000Z";0
"2026-04-01T22:15:00.000Z";"2026-04-01T22:30:00.000Z";0
"2026-04-01T22:30:00.000Z";"2026-04-01T22:45:00.000Z";0
"2026-04-01T22:45:00.000Z";"2026-04-01T23:00:00.000Z";0
"2026-04-01T23:00:00.000Z";"2026-04-01T23:15:00.000Z";0
"2026-04-01T23:15:00.000Z";"2026-04-01T23:30:00.000Z";0
"2026-04-01T23:30:00.000Z";"2026-04-01T23:45:00.000Z";0
"2026-04-01T23:45:00.000Z";"2026-04-02T00:00:00.000Z";0
"2026-04-02T00:00:00.000Z";"2026-04-02T00:15:00.000Z";0
"2026-04-02T00:15:00.000Z";"2026-04-02T00:30:00.000Z";0
"2026-04-02T00:30:00.000Z";"2026-04-02T00:45:00.000Z";0
"2026-04-02T00:45:00.000Z";"2026-04-02T01:00:00.000Z";0
"2026-04-02T01:00:00.000Z";"2026-04-02T01:15:00.000Z";0
"2026-04-02T01:15:00.000Z";"2026-04-02T01:30:00.000Z";0
"2026-04-02T01:30:00.000Z";"2026-04-02T01:45:00.000Z";0
"2026-04-02T01:45:00.000Z";"2026-04-02T02:00:00.000Z";0
"2026-04-02T02:00:00.000Z";"2026-04-02T02:15:00.000Z";0
"2026-04-02T02:15:00.000Z";"2026-04-02T02:30:00.000Z";0
"2026-04-02T02:30:00.000Z";"2026-04-02T02:45:00.000Z";0
"2026-04-02T02:45:00.000Z";"2026-04-02T03:00:00.000Z";0
"2026-04-02T03:00:00.000Z";"2026-04-02T03:15:00.000Z";0
"2026-04-02T03:15:00.000Z";"2026-04-02T03:30:00.000Z";0.4
"2026-04-02T03:30:00.000Z";"2026-04-02T03:45:00.000Z";0.8
"2026-04-02T03:45:00.000Z";"2026-04-02T04:00:00.000Z";1.2
"2026-04-02T04:00:00.000Z";"2026-04-02T04:15:00.000Z";14.6
"2026-04-02T04:15:00.000Z";"2026-04-02T04:30:00.000Z";26.7
"2026-04-02T04:30:00.000Z";"2026-04-02T04:45:00.000Z";38.8
"2026-04-02T04:45:00.000Z";"2026-04-02T05:00:00.000Z";50.9
"2026-04-02T05:00:00.000Z";"2026-04-02T05:15:00.000Z";75
"2026-04-02T05:15:00.000Z";"2026-04-02T05:30:00.000Z";89.8
"2026-04-02T05:30:00.000Z";"2026-04-02T05:45:00.000Z";104.6
"2026-04-02T05:45:00.000Z";"2026-04-02T06:00:00.000Z";119.5
"2026-04-02T06:00:00.000Z";"2026-04-02T06:15:00.000Z";130
"2026-04-02T06:15:00.000Z";"2026-04-02T06:30:00.000Z";144.3
"2026-04-02T06:30:00.000Z";"2026-04-02T06:45:00.000Z";158.6
"2026-04-02T06:45:00.000Z";"2026-04-02T07:00:00.000Z";172.9
"2026-04-02T07:00:00.000Z";"2026-04-02T07:15:00.000Z";196.5
"2026-04-02T07:15:00.000Z";"2026-04-02T07:30:00.000Z";206.6
"2026-04-02T07:30:00.000Z";"2026-04-02T07:45:00.000Z";216.8
"2026-04-02T07:45:00.000Z";"2026-04-02T08:00:00.000Z";226.9
"2026-04-02T08:00:00.000Z";"2026-04-02T08:15:00.000Z";232.6
"2026-04-02T08:15:00.000Z";"2026-04-02T08:30:00.000Z";232.6
"2026-04-02T08:30:00.000Z";"2026-04-02T08:45:00.000Z";232.6
"2026-04-02T08:45:00.000Z";"2026-04-02T09:00:00.000Z";232.6
"2026-04-02T09:00:00.000Z";"2026-04-02T09:15:00.000Z";232.6
"2026-04-02T09:15:00.000Z";"2026-04-02T09:30:00.000Z";234
"2026-04-02T09:30:00.000Z";"2026-04-02T09:45:00.000Z";235.3
"2026-04-02T09:45:00.000Z";"2026-04-02T10:00:00.000Z";236.7
"2026-04-02T10:00:00.000Z";"2026-04-02T10:15:00.000Z";251.7
"2026-04-02T10:15:00.000Z";"2026-04-02T10:30:00.000Z";253.1
"2026-04-02T10:30:00.000Z";"2026-04-02T10:45:00.000Z";253.1
"2026-04-02T10:45:00.000Z";"2026-04-02T11:00:00.000Z";251.7
"2026-04-02T11:00:00.000Z";"2026-04-02T11:15:00.000Z";249.7
"2026-04-02T11:15:00.000Z";"2026-04-02T11:30:00.000Z";249.1
"2026-04-02T11:30:00.000Z";"2026-04-02T11:45:00.000Z";248.7
"2026-04-02T11:45:00.000Z";"2026-04-02T12:00:00.000Z";248.1
"2026-04-02T12:00:00.000Z";"2026-04-02T12:15:00.000Z";248.1
"2026-04-02T12:15:00.000Z";"2026-04-02T12:30:00.000Z";240.6
"2026-04-02T12:30:00.000Z";"2026-04-02T12:45:00.000Z";233
"2026-04-02T12:45:00.000Z";"2026-04-02T13:00:00.000Z";225.4
"2026-04-02T13:00:00.000Z";"2026-04-02T13:15:00.000Z";209.8
"2026-04-02T13:15:00.000Z";"2026-04-02T13:30:00.000Z";195.4
"2026-04-02T13:30:00.000Z";"2026-04-02T13:45:00.000Z";181.1
"2026-04-02T13:45:00.000Z";"2026-04-02T14:00:00.000Z";166.7
"2026-04-02T14:00:00.000Z";"2026-04-02T14:15:00.000Z";145.7
"2026-04-02T14:15:00.000Z";"2026-04-02T14:30:00.000Z";129.8
"2026-04-02T14:30:00.000Z";"2026-04-02T14:45:00.000Z";114
"2026-04-02T14:45:00.000Z";"2026-04-02T15:00:00.000Z";98.1
"2026-04-02T15:00:00.000Z";"2026-04-02T15:15:00.000Z";82.7
"2026-04-02T15:15:00.000Z";"2026-04-02T15:30:00.000Z";68.3
"2026-04-02T15:30:00.000Z";"2026-04-02T15:45:00.000Z";54
"2026-04-02T15:45:00.000Z";"2026-04-02T16:00:00.000Z";39.7
"2026-04-02T16:00:00.000Z";"2026-04-02T16:15:00.000Z";11.8
"2026-04-02T16:15:00.000Z";"2026-04-02T16:30:00.000Z";8.5
"2026-04-02T16:30:00.000Z";"2026-04-02T16:45:00.000Z";6.2
"2026-04-02T16:45:00.000Z";"2026-04-02T17:00:00.000Z";2.9
"2026-04-02T17:00:00.000Z";"2026-04-02T17:15:00.000Z";2.9
"2026-04-02T17:15:00.000Z";"2026-04-02T17:30:00.000Z";2
"2026-04-02T17:30:00.000Z";"2026-04-02T17:45:00.000Z";1
"2026-04-02T17:45:00.000Z";"2026-04-02T18:00:00.000Z";0.1
"2026-04-02T18:00:00.000Z";"2026-04-02T18:15:00.000Z";0
"2026-04-02T18:15:00.000Z";"2026-04-02T18:30:00.000Z";0
"2026-04-02T18:30:00.000Z";"2026-04-02T18:45:00.000Z";0
"2026-04-02T18:45:00.000Z";"2026-04-02T19:00:00.000Z";0
"2026-04-02T19:00:00.000Z";"2026-04-02T19:15:00.000Z";0
"2026-04-02T19:15:00.000Z";"2026-04-02T19:30:00.000Z";0
"2026-04-02T19:30:00.000Z";"2026-04-02T19:45:00.000Z";0
"2026-04-02T19:45:00.000Z";"2026-04-02T20:00:00.000Z";0
"2026-04-02T20:00:00.000Z";"2026-04-02T20:15:00.000Z";0
"2026-04-02T20:15:00.000Z";"2026-04-02T20:30:00.000Z";0
"2026-04-02T20:30:00.000Z";"2026-04-02T20:45:00.000Z";0
"2026-04-02T20:45:00.000Z";"2026-04-02T21:00:00.000Z";0
"2026-04-02T21:00:00.000Z";"2026-04-02T21:15:00.000Z";0
"2026-04-02T21:15:00.000Z";"2026-04-02T21:30:00.000Z";0
"2026-04-02T21:30:00.000Z";"2026-04-02T21:45:00.000Z";0
"2026-04-02T21:45:00.000Z";"2026-04-02T22:00:00.000Z";0
"2026-04-02T22:00:00.000Z";"2026-04-02T22:15:00.000Z";0
"2026-04-02T22:15:00.000Z";"2026-04-02T22:30:00.000Z";0
"2026-04-02T22:30:00.000Z";"2026-04-02T22:45:00.000Z";0
"2026-04-02T22:45:00.000Z";"2026-04-02T23:00:00.000Z";0
"2026-04-02T23:00:00.000Z";"2026-04-02T23:15:00.000Z";0
"2026-04-02T23:15:00.000Z";"2026-04-02T23:30:00.000Z";0
"2026-04-02T23:30:00.000Z";"2026-04-02T23:45:00.000Z";0
"2026-04-02T23:45:00.000Z";"2026-04-03T00:00:00.000Z";0
"2026-04-03T00:00:00.000Z";"2026-04-03T00:15:00.000Z";0
"2026-04-03T00:15:00.000Z";"2026-04-03T00:30:00.000Z";0
"2026-04-03T00:30:00.000Z";"2026-04-03T00:45:00.000Z";0
"2026-04-03T00:45:00.000Z";"2026-04-03T01:00:00.000Z";0
"2026-04-03T01:00:00.000Z";"2026-04-03T01:15:00.000Z";0
"2026-04-03T01:15:00.000Z";"2026-04-03T01:30:00.000Z";0
"2026-04-03T01:30:00.000Z";"2026-04-03T01:45:00.000Z";0
"2026-04-03T01:45:00.000Z";"2026-04-03T02:00:00.000Z";0
"2026-04-03T02:00:00.000Z";"2026-04-03T02:15:00.000Z";0
"2026-04-03T02:15:00.000Z";"2026-04-03T02:30:00.000Z";0
"2026-04-03T02:30:00.000Z";"2026-04-03T02:45:00.000Z";0
"2026-04-03T02:45:00.000Z";"2026-04-03T03:00:00.000Z";0
"2026-04-03T03:00:00.000Z";"2026-04-03T03:15:00.000Z";0
"2026-04-03T03:15:00.000Z";"2026-04-03T03:30:00.000Z";0.1
"2026-04-03T03:30:00.000Z";"2026-04-03T03:45:00.000Z";0.2
"2026-04-03T03:45:00.000Z";"2026-04-03T04:00:00.000Z";0.3
"2026-04-03T04:00:00.000Z";"2026-04-03T04:15:00.000Z";18.5
"2026-04-03T04:15:00.000Z";"2026-04-03T04:30:00.000Z";36.5
"2026-04-03T04:30:00.000Z";"2026-04-03T04:45:00.000Z";54.5
"2026-04-03T04:45:00.000Z";"2026-04-03T05:00:00.000Z";72.5
"2026-04-03T05:00:00.000Z";"2026-04-03T05:15:00.000Z";102.3
"2026-04-03T05:15:00.000Z";"2026-04-03T05:30:00.000Z";130.2
"2026-04-03T05:30:00.000Z";"2026-04-03T05:45:00.000Z";158.1
"2026-04-03T05:45:00.000Z";"2026-04-03T06:00:00.000Z";186
"2026-04-03T06:00:00.000Z";"2026-04-03T06:15:00.000Z";223.5
"2026-04-03T06:15:00.000Z";"2026-04-03T06:30:00.000Z";253.7
"2026-04-03T06:30:00.000Z";"2026-04-03T06:45:00.000Z";283.8
"2026-04-03T06:45:00.000Z";"2026-04-03T07:00:00.000Z";313.9
"2026-04-03T07:00:00.000Z";"2026-04-03T07:15:00.000Z";353.6
"2026-04-03T07:15:00.000Z";"2026-04-03T07:30:00.000Z";377.2
"2026-04-03T07:30:00.000Z";"2026-04-03T07:45:00.000Z";392.9
"2026-04-03T07:45:00.000Z";"2026-04-03T08:00:00.000Z";416.4
"2026-04-03T08:00:00.000Z";"2026-04-03T08:15:00.000Z";416.4
"2026-04-03T08:15:00.000Z";"2026-04-03T08:30:00.000Z";432.2
"2026-04-03T08:30:00.000Z";"2026-04-03T08:45:00.000Z";448
"2026-04-03T08:45:00.000Z";"2026-04-03T09:00:00.000Z";463.8
"2026-04-03T09:00:00.000Z";"2026-04-03T09:15:00.000Z";493.8
"2026-04-03T09:15:00.000Z";"2026-04-03T09:30:00.000Z";505.5
"2026-04-03T09:30:00.000Z";"2026-04-03T09:45:00.000Z";517.1
"2026-04-03T09:45:00.000Z";"2026-04-03T10:00:00.000Z";528.8
"2026-04-03T10:00:00.000Z";"2026-04-03T10:15:00.000Z";529.2
"2026-04-03T10:15:00.000Z";"2026-04-03T10:30:00.000Z";538.1
"2026-04-03T10:30:00.000Z";"2026-04-03T10:45:00.000Z";538.1
"2026-04-03T10:45:00.000Z";"2026-04-03T11:00:00.000Z";529.2
"2026-04-03T11:00:00.000Z";"2026-04-03T11:15:00.000Z";506.1
"2026-04-03T11:15:00.000Z";"2026-04-03T11:30:00.000Z";493.1
"2026-04-03T11:30:00.000Z";"2026-04-03T11:45:00.000Z";480.2
"2026-04-03T11:45:00.000Z";"2026-04-03T12:00:00.000Z";467.3
"2026-04-03T12:00:00.000Z";"2026-04-03T12:15:00.000Z";458.3
"2026-04-03T12:15:00.000Z";"2026-04-03T12:30:00.000Z";439.5
"2026-04-03T12:30:00.000Z";"2026-04-03T12:45:00.000Z";420.8
"2026-04-03T12:45:00.000Z";"2026-04-03T13:00:00.000Z";402
"2026-04-03T13:00:00.000Z";"2026-04-03T13:15:00.000Z";373.9
"2026-04-03T13:15:00.000Z";"2026-04-03T13:30:00.000Z";349.2
"2026-04-03T13:30:00.000Z";"2026-04-03T13:45:00.000Z";324.4
"2026-04-03T13:45:00.000Z";"2026-04-03T14:00:00.000Z";299.7
"2026-04-03T14:00:00.000Z";"2026-04-03T14:15:00.000Z";272.1
"2026-04-03T14:15:00.000Z";"2026-04-03T14:30:00.000Z";245.4
"2026-04-03T14:30:00.000Z";"2026-04-03T14:45:00.000Z";218.8
"2026-04-03T14:45:00.000Z";"2026-04-03T15:00:00.000Z";192.1
"2026-04-03T15:00:00.000Z";"2026-04-03T15:15:00.000Z";162.6
"2026-04-03T15:15:00.000Z";"2026-04-03T15:30:00.000Z";136.6
"2026-04-03T15:30:00.000Z";"2026-04-03T15:45:00.000Z";110.7
"2026-04-03T15:45:00.000Z";"2026-04-03T16:00:00.000Z";84.7
"2026-04-03T16:00:00.000Z";"2026-04-03T16:15:00.000Z";47.6
"2026-04-03T16:15:00.000Z";"2026-04-03T16:30:00.000Z";32.1
"2026-04-03T16:30:00.000Z";"2026-04-03T16:45:00.000Z";16.7
"2026-04-03T16:45:00.000Z";"2026-04-03T17:00:00.000Z";1.2
"2026-04-03T17:00:00.000Z";"2026-04-03T17:15:00.000Z";0
"2026-04-03T17:15:00.000Z";"2026-04-03T17:30:00.000Z";0
"2026-04-03T17:30:00.000Z";"2026-04-03T17:45:00.000Z";0
"2026-04-03T17:45:00.000Z";"2026-04-03T18:00:00.000Z";0
"2026-04-03T18:00:00.000Z";"2026-04-03T18:15:00.000Z";0
"2026-04-03T18:15:00.000Z";"2026-04-03T18:30:00.000Z";0
"2026-04-03T18:30:00.000Z";"2026-04-03T18:45:00.000Z";0
"2026-04-03T18:45:00.000Z";"2026-04-03T19:00:00.000Z";0
"2026-04-03T19:00:00.000Z";"2026-04-03T19:15:00.000Z";0
"2026-04-03T19:15:00.000Z";"2026-04-03T19:30:00.000Z";0
"2026-04-03T19:30:00.000Z";"2026-04-03T19:45:00.000Z";0
"2026-04-03T19:45:00.000Z";"2026-04-03T20:00:00.000Z";0
"2026-04-03T20:00:00.000Z";"2026-04-03T20:15:00.000Z";0
"2026-04-03T20:15:00.000Z";"2026-04-03T20:30:00.000Z";0
"2026-04-03T20:30:00.000Z";"2026-04-03T20:45:00.000Z";0
"2026-04-03T20:45:00.000Z";"2026-04-03T21:00:00.000Z";0
"2026-04-03T21:00:00.000Z";"2026-04-03T21:15:00.000Z";0
"2026-04-03T21:15:00.000Z";"2026-04-03T21:30:00.000Z";0
"2026-04-03T21:30:00.000Z";"2026-04-03T21:45:00.000Z";0
"2026-04-03T21:45:00.000Z";"2026-04-03T22:00:00.000Z";0
"2026-04-03T22:00:00.000Z";"2026-04-03T22:15:00.000Z";0
"2026-04-03T22:15:00.000Z";"2026-04-03T22:30:00.000Z";0
"2026-04-03T22:30:00.000Z";"2026-04-03T22:45:00.000Z";0
"2026-04-03T22:45:00.000Z";"2026-04-03T23:00:00.000Z";0
"2026-04-03T23:00:00.000Z";"2026-04-03T23:15:00.000Z";0
"2026-04-03T23:15:00.000Z";"2026-04-03T23:30:00.000Z";0
"2026-04-03T23:30:00.000Z";"2026-04-03T23:45:00.000Z";0
"2026-04-03T23:45:00.000Z";"2026-04-04T00:00:00.000Z";0
"2026-04-04T00:00:00.000Z";"2026-04-04T00:15:00.000Z";0
"2026-04-04T00:15:00.000Z";"2026-04-04T00:30:00.000Z";0
"2026-04-04T00:30:00.000Z";"2026-04-04T00:45:00.000Z";0
"2026-04-04T00:45:00.000Z";"2026-04-04T01:00:00.000Z";0
"2026-04-04T01:00:00.000Z";"2026-04-04T01:15:00.000Z";0
"2026-04-04T01:15:00.000Z";"2026-04-04T01:30:00.000Z";0
"2026-04-04T01:30:00.000Z";"2026-04-04T01:45:00.000Z";0
"2026-04-04T01:45:00.000Z";"2026-04-04T02:00:00.000Z";0
"2026-04-04T02:00:00.000Z";"2026-04-04T02:15:00.000Z";0
"2026-04-04T02:15:00.000Z";"2026-04-04T02:30:00.000Z";0
"2026-04-04T02:30:00.000Z";"2026-04-04T02:45:00.000Z";0
"2026-04-04T02:45:00.000Z";"2026-04-04T03:00:00.000Z";0
"2026-04-04T03:00:00.000Z";"2026-04-04T03:15:00.000Z";0
"2026-04-04T03:15:00.000Z";"2026-04-04T03:30:00.000Z";2.1
"2026-04-04T03:30:00.000Z";"2026-04-04T03:45:00.000Z";4.2
"2026-04-04T03:45:00.000Z";"2026-04-04T04:00:00.000Z";6.3
"2026-04-04T04:00:00.000Z";"2026-04-04T04:15:00.000Z";42
"2026-04-04T04:15:00.000Z";"2026-04-04T04:30:00.000Z";64.6
"2026-04-04T04:30:00.000Z";"2026-04-04T04:45:00.000Z";87.2
"2026-04-04T04:45:00.000Z";"2026-04-04T05:00:00.000Z";109.7
"2026-04-04T05:00:00.000Z";"2026-04-04T05:15:00.000Z";139.1
"2026-04-04T05:15:00.000Z";"2026-04-04T05:30:00.000Z";168.9
"2026-04-04T05:30:00.000Z";"2026-04-04T05:45:00.000Z";198.7
"2026-04-04T05:45:00.000Z";"2026-04-04T06:00:00.000Z";228.4
"2026-04-04T06:00:00.000Z";"2026-04-04T06:15:00.000Z";285
"2026-04-04T06:15:00.000Z";"2026-04-04T06:30:00.000Z";306.8
"2026-04-04T06:30:00.000Z";"2026-04-04T06:45:00.000Z";321.3
"2026-04-04T06:45:00.000Z";"2026-04-04T07:00:00.000Z";343.1
"2026-04-04T07:00:00.000Z";"2026-04-04T07:15:00.000Z";343.1
"2026-04-04T07:15:00.000Z";"2026-04-04T07:30:00.000Z";358.7
"2026-04-04T07:30:00.000Z";"2026-04-04T07:45:00.000Z";374.3
"2026-04-04T07:45:00.000Z";"2026-04-04T08:00:00.000Z";390
"2026-04-04T08:00:00.000Z";"2026-04-04T08:15:00.000Z";416.6
"2026-04-04T08:15:00.000Z";"2026-04-04T08:30:00.000Z";431.5
"2026-04-04T08:30:00.000Z";"2026-04-04T08:45:00.000Z";446.5
"2026-04-04T08:45:00.000Z";"2026-04-04T09:00:00.000Z";461.5
"2026-04-04T09:00:00.000Z";"2026-04-04T09:15:00.000Z";478.1
"2026-04-04T09:15:00.000Z";"2026-04-04T09:30:00.000Z";494.5
"2026-04-04T09:30:00.000Z";"2026-04-04T09:45:00.000Z";494.5
"2026-04-04T09:45:00.000Z";"2026-04-04T10:00:00.000Z";478.1
"2026-04-04T10:00:00.000Z";"2026-04-04T10:15:00.000Z";446.8
"2026-04-04T10:15:00.000Z";"2026-04-04T10:30:00.000Z";445.7
"2026-04-04T10:30:00.000Z";"2026-04-04T10:45:00.000Z";445
"2026-04-04T10:45:00.000Z";"2026-04-04T11:00:00.000Z";444
"2026-04-04T11:00:00.000Z";"2026-04-04T11:15:00.000Z";444
"2026-04-04T11:15:00.000Z";"2026-04-04T11:30:00.000Z";431.1
"2026-04-04T11:30:00.000Z";"2026-04-04T11:45:00.000Z";418.1
"2026-04-04T11:45:00.000Z";"2026-04-04T12:00:00.000Z";405.2
"2026-04-04T12:00:00.000Z";"2026-04-04T12:15:00.000Z";374
"2026-04-04T12:15:00.000Z";"2026-04-04T12:30:00.000Z";352.6
"2026-04-04T12:30:00.000Z";"2026-04-04T12:45:00.000Z";331.3
"2026-04-04T12:45:00.000Z";"2026-04-04T13:00:00.000Z";309.9
"2026-04-04T13:00:00.000Z";"2026-04-04T13:15:00.000Z";286.2
"2026-04-04T13:15:00.000Z";"2026-04-04T13:30:00.000Z";264.5
"2026-04-04T13:30:00.000Z";"2026-04-04T13:45:00.000Z";242.9
"2026-04-04T13:45:00.000Z";"2026-04-04T14:00:00.000Z";221.2
"2026-04-04T14:00:00.000Z";"2026-04-04T14:15:00.000Z";201
"2026-04-04T14:15:00.000Z";"2026-04-04T14:30:00.000Z";179.3
"2026-04-04T14:30:00.000Z";"2026-04-04T14:45:00.000Z";157.6
"2026-04-04T14:45:00.000Z";"2026-04-04T15:00:00.000Z";135.9
"2026-04-04T15:00:00.000Z";"2026-04-04T15:15:00.000Z";109.1
"2026-04-04T15:15:00.000Z";"2026-04-04T15:30:00.000Z";89.8
"2026-04-04T15:30:00.000Z";"2026-04-04T15:45:00.000Z";70.5
"2026-04-04T15:45:00.000Z";"2026-04-04T16:00:00.000Z";51.2
"2026-04-04T16:00:00.000Z";"2026-04-04T16:15:00.000Z";25.3
"2026-04-04T16:15:00.000Z";"2026-04-04T16:30:00.000Z";16.9
"2026-04-04T16:30:00.000Z";"2026-04-04T16:45:00.000Z";11.3
"2026-04-04T16:45:00.000Z";"2026-04-04T17:00:00.000Z";2.9
"2026-04-04T17:00:00.000Z";"2026-04-04T17:15:00.000Z";2.9
"2026-04-04T17:15:00.000Z";"2026-04-04T17:30:00.000Z";1.9
"2026-04-04T17:30:00.000Z";"2026-04-04T17:45:00.000Z";1
"2026-04-04T17:45:00.000Z";"2026-04-04T18:00:00.000Z";0
"2026-04-04T18:00:00.000Z";"2026-04-04T18:15:00.000Z";0
"2026-04-04T18:15:00.000Z";"2026-04-04T18:30:00.000Z";0
"2026-04-04T18:30:00.000Z";"2026-04-04T18:45:00.000Z";0
"2026-04-04T18:45:00.000Z";"2026-04-04T19:00:00.000Z";0
"2026-04-04T19:00:00.000Z";"2026-04-04T19:15:00.000Z";0
"2026-04-04T19:15:00.000Z";"2026-04-04T19:30:00.000Z";0
"2026-04-04T19:30:00.000Z";"2026-04-04T19:45:00.000Z";0
"2026-04-04T19:45:00.000Z";"2026-04-04T20:00:00.000Z";0
"2026-04-04T20:00:00.000Z";"2026-04-04T20:15:00.000Z";0
"2026-04-04T20:15:00.000Z";"2026-04-04T20:30:00.000Z";0
"2026-04-04T20:30:00.000Z";"2026-04-04T20:45:00.000Z";0
"2026-04-04T20:45:00.000Z";"2026-04-04T21:00:00.000Z";0
"2026-04-04T21:00:00.000Z";"2026-04-04T21:15:00.000Z";0
"2026-04-04T21:15:00.000Z";"2026-04-04T21:30:00.000Z";0
"2026-04-04T21:30:00.000Z";"2026-04-04T21:45:00.000Z";0
"2026-04-04T21:45:00.000Z";"2026-04-04T22:00:00.000Z";0
"2026-04-04T22:00:00.000Z";"2026-04-04T22:15:00.000Z";0
"2026-04-04T22:15:00.000Z";"2026-04-04T22:30:00.000Z";0
"2026-04-04T22:30:00.000Z";"2026-04-04T22:45:00.000Z";0
"2026-04-04T22:45:00.000Z";"2026-04-04T23:00:00.000Z";0
"2026-04-04T23:00:00.000Z";"2026-04-04T23:15:00.000Z";0
"2026-04-04T23:15:00.000Z";"2026-04-04T23:30:00.000Z";0
"2026-04-04T23:30:00.000Z";"2026-04-04T23:45:00.000Z";0
"2026-04-04T23:45:00.000Z";"2026-04-05T00:00:00.000Z";0
"2026-04-05T00:00:00.000Z";"2026-04-05T00:15:00.000Z";0
"2026-04-05T00:15:00.000Z";"2026-04-05T00:30:00.000Z";0
"2026-04-05T00:30:00.000Z";"2026-04-05T00:45:00.000Z";0
"2026-04-05T00:45:00.000Z";"2026-04-05T01:00:00.000Z";0
"2026-04-05T01:00:00.000Z";"2026-04-05T01:15:00.000Z";0
"2026-04-05T01:15:00.000Z";"2026-04-05T01:30:00.000Z";0
"2026-04-05T01:30:00.000Z";"2026-04-05T01:45:00.000Z";0
"2026-04-05T01:45:00.000Z";"2026-04-05T02:00:00.000Z";0
"2026-04-05T02:00:00.000Z";"2026-04-05T02:15:00.000Z";0
"2026-04-05T02:15:00.000Z";"2026-04-05T02:30:00.000Z";0
"2026-04-05T02:30:00.000Z";"2026-04-05T02:45:00.000Z";0
"2026-04-05T02:45:00.000Z";"2026-04-05T03:00:00.000Z";0
"2026-04-05T03:00:00.000Z";"2026-04-05T03:15:00.000Z";0
"2026-04-05T03:15:00.000Z";"2026-04-05T03:30:00.000Z";0.6
"2026-04-05T03:30:00.000Z";"2026-04-05T03:45:00.000Z";1.1
"2026-04-05T03:45:00.000Z";"2026-04-05T04:00:00.000Z";1.7
"2026-04-05T04:00:00.000Z";"2026-04-05T04:15:00.000Z";15.4
"2026-04-05T04:15:00.000Z";"2026-04-05T04:30:00.000Z";31.7
"2026-04-05T04:30:00.000Z";"2026-04-05T04:45:00.000Z";48
"2026-04-05T04:45:00.000Z";"2026-04-05T05:00:00.000Z";64.2
"2026-04-05T05:00:00.000Z";"2026-04-05T05:15:00.000Z";95.9
"2026-04-05T05:15:00.000Z";"2026-04-05T05:30:00.000Z";119.4
"2026-04-05T05:30:00.000Z";"2026-04-05T05:45:00.000Z";142.9
"2026-04-05T05:45:00.000Z";"2026-04-05T06:00:00.000Z";166.4
"2026-04-05T06:00:00.000Z";"2026-04-05T06:15:00.000Z";193.1
"2026-04-05T06:15:00.000Z";"2026-04-05T06:30:00.000Z";216.3
"2026-04-05T06:30:00.000Z";"2026-04-05T06:45:00.000Z";239.5
"2026-04-05T06:45:00.000Z";"2026-04-05T07:00:00.000Z";262.7
"2026-04-05T07:00:00.000Z";"2026-04-05T07:15:00.000Z";288.2
"2026-04-05T07:15:00.000Z";"2026-04-05T07:30:00.000Z";307.3
"2026-04-05T07:30:00.000Z";"2026-04-05T07:45:00.000Z";326.5
"2026-04-05T07:45:00.000Z";"2026-04-05T08:00:00.000Z";345.6
"2026-04-05T08:00:00.000Z";"2026-04-05T08:15:00.000Z";356.5
"2026-04-05T08:15:00.000Z";"2026-04-05T08:30:00.000Z";373
"2026-04-05T08:30:00.000Z";"2026-04-05T08:45:00.000Z";389.4
"2026-04-05T08:45:00.000Z";"2026-04-05T09:00:00.000Z";405.9
"2026-04-05T09:00:00.000Z";"2026-04-05T09:15:00.000Z";441
"2026-04-05T09:15:00.000Z";"2026-04-05T09:30:00.000Z";446.7
"2026-04-05T09:30:00.000Z";"2026-04-05T09:45:00.000Z";450.4
"2026-04-05T09:45:00.000Z";"2026-04-05T10:00:00.000Z";456.1
"2026-04-05T10:00:00.000Z";"2026-04-05T10:15:00.000Z";456.1
"2026-04-05T10:15:00.000Z";"2026-04-05T10:30:00.000Z";459.8
"2026-04-05T10:30:00.000Z";"2026-04-05T10:45:00.000Z";459.8
"2026-04-05T10:45:00.000Z";"2026-04-05T11:00:00.000Z";456.1
"2026-04-05T11:00:00.000Z";"2026-04-05T11:15:00.000Z";456.1
"2026-04-05T11:15:00.000Z";"2026-04-05T11:30:00.000Z";445.8
"2026-04-05T11:30:00.000Z";"2026-04-05T11:45:00.000Z";439
"2026-04-05T11:45:00.000Z";"2026-04-05T12:00:00.000Z";428.7
"2026-04-05T12:00:00.000Z";"2026-04-05T12:15:00.000Z";399.1
"2026-04-05T12:15:00.000Z";"2026-04-05T12:30:00.000Z";379.1
"2026-04-05T12:30:00.000Z";"2026-04-05T12:45:00.000Z";359
"2026-04-05T12:45:00.000Z";"2026-04-05T13:00:00.000Z";339
"2026-04-05T13:00:00.000Z";"2026-04-05T13:15:00.000Z";319.9
"2026-04-05T13:15:00.000Z";"2026-04-05T13:30:00.000Z";294.8
"2026-04-05T13:30:00.000Z";"2026-04-05T13:45:00.000Z";269.6
"2026-04-05T13:45:00.000Z";"2026-04-05T14:00:00.000Z";244.4
"2026-04-05T14:00:00.000Z";"2026-04-05T14:15:00.000Z";205.4
"2026-04-05T14:15:00.000Z";"2026-04-05T14:30:00.000Z";180.2
"2026-04-05T14:30:00.000Z";"2026-04-05T14:45:00.000Z";155.1
"2026-04-05T14:45:00.000Z";"2026-04-05T15:00:00.000Z";129.9
"2026-04-05T15:00:00.000Z";"2026-04-05T15:15:00.000Z";110.8
"2026-04-05T15:15:00.000Z";"2026-04-05T15:30:00.000Z";90.9
"2026-04-05T15:30:00.000Z";"2026-04-05T15:45:00.000Z";71.1
"2026-04-05T15:45:00.000Z";"2026-04-05T16:00:00.000Z";51.2
"2026-04-05T16:00:00.000Z";"2026-04-05T16:15:00.000Z";14.2
"2026-04-05T16:15:00.000Z";"2026-04-05T16:30:00.000Z";10.1
"2026-04-05T16:30:00.000Z";"2026-04-05T16:45:00.000Z";7.4
"2026-04-05T16:45:00.000Z";"2026-04-05T17:00:00.000Z";3.4
"2026-04-05T17:00:00.000Z";"2026-04-05T17:15:00.000Z";3.4
"2026-04-05T17:15:00.000Z";"2026-04-05T17:30:00.000Z";2.3
"2026-04-05T17:30:00.000Z";"2026-04-05T17:45:00.000Z";1.2
"2026-04-05T17:45:00.000Z";"2026-04-05T18:00:00.000Z";0.1
"2026-04-05T18:00:00.000Z";"2026-04-05T18:15:00.000Z";0
"2026-04-05T18:15:00.000Z";"2026-04-05T18:30:00.000Z";0
"2026-04-05T18:30:00.000Z";"2026-04-05T18:45:00.000Z";0
"2026-04-05T18:45:00.000Z";"2026-04-05T19:00:00.000Z";0
"2026-04-05T19:00:00.000Z";"2026-04-05T19:15:00.000Z";0
"2026-04-05T19:15:00.000Z";"2026-04-05T19:30:00.000Z";0
"2026-04-05T19:30:00.000Z";"2026-04-05T19:45:00.000Z";0
"2026-04-05T19:45:00.000Z";"2026-04-05T20:00:00.000Z";0
"2026-04-05T20:00:00.000Z";"2026-04-05T20:15:00.000Z";0
"2026-04-05T20:15:00.000Z";"2026-04-05T20:30:00.000Z";0
"2026-04-05T20:30:00.000Z";"2026-04-05T20:45:00.000Z";0
"2026-04-05T20:45:00.000Z";"2026-04-05T21:00:00.000Z";0
"2026-04-05T21:00:00.000Z";"2026-04-05T21:15:00.000Z";0
"2026-04-05T21:15:00.000Z";"2026-04-05T21:30:00.000Z";0
"2026-04-05T21:30:00.000Z";"2026-04-05T21:45:00.000Z";0
"2026-04-05T21:45:00.000Z";"2026-04-05T22:00:00.000Z";0
"2026-04-05T22:00:00.000Z";"2026-04-05T22:15:00.000Z";0
"2026-04-05T22:15:00.000Z";"2026-04-05T22:30:00.000Z";0
"2026-04-05T22:30:00.000Z";"2026-04-05T22:45:00.000Z";0
"2026-04-05T22:45:00.000Z";"2026-04-05T23:00:00.000Z";0
"2026-04-05T23:00:00.000Z";"2026-04-05T23:15:00.000Z";0
"2026-04-05T23:15:00.000Z";"2026-04-05T23:30:00.000Z";0
"2026-04-05T23:30:00.000Z";"2026-04-05T23:45:00.000Z";0
"2026-04-05T23:45:00.000Z";"2026-04-06T00:00:00.000Z";0
"2026-04-06T00:00:00.000Z";"2026-04-06T00:15:00.000Z";0
"2026-04-06T00:15:00.000Z";"2026-04-06T00:30:00.000Z";0
"2026-04-06T00:30:00.000Z";"2026-04-06T00:45:00.000Z";0
"2026-04-06T00:45:00.000Z";"2026-04-06T01:00:00.000Z";0
"2026-04-06T01:00:00.000Z";"2026-04-06T01:15:00.000Z";0
"2026-04-06T01:15:00.000Z";"2026-04-06T01:30:00.000Z";0
"2026-04-06T01:30:00.000Z";"2026-04-06T01:45:00.000Z";0
"2026-04-06T01:45:00.000Z";"2026-04-06T02:00:00.000Z";0
"2026-04-06T02:00:00.000Z";"2026-04-06T02:15:00.000Z";0
"2026-04-06T02:15:00.000Z";"2026-04-06T02:30:00.000Z";0
"2026-04-06T02:30:00.000Z";"2026-04-06T02:45:00.000Z";0
"2026-04-06T02:45:00.000Z";"2026-04-06T03:00:00.000Z";0
"2026-04-06T03:00:00.000Z";"2026-04-06T03:15:00.000Z";0
"2026-04-06T03:15:00.000Z";"2026-04-06T03:30:00.000Z";0.9
"2026-04-06T03:30:00.000Z";"2026-04-06T03:45:00.000Z";1.8
"2026-04-06T03:45:00.000Z";"2026-04-06T04:00:00.000Z";2.7
"2026-04-06T04:00:00.000Z";"2026-04-06T04:15:00.000Z";10.6
"2026-04-06T04:15:00.000Z";"2026-04-06T04:30:00.000Z";21.2
"2026-04-06T04:30:00.000Z";"2026-04-06T04:45:00.000Z";31.7
"2026-04-06T04:45:00.000Z";"2026-04-06T05:00:00.000Z";42.3
"2026-04-06T05:00:00.000Z";"2026-04-06T05:15:00.000Z";62.4
"2026-04-06T05:15:00.000Z";"2026-04-06T05:30:00.000Z";78
"2026-04-06T05:30:00.000Z";"2026-04-06T05:45:00.000Z";93.6
"2026-04-06T05:45:00.000Z";"2026-04-06T06:00:00.000Z";109.2
"2026-04-06T06:00:00.000Z";"2026-04-06T06:15:00.000Z";128.7
"2026-04-06T06:15:00.000Z";"2026-04-06T06:30:00.000Z";143.8
"2026-04-06T06:30:00.000Z";"2026-04-06T06:45:00.000Z";158.9
"2026-04-06T06:45:00.000Z";"2026-04-06T07:00:00.000Z";174
"2026-04-06T07:00:00.000Z";"2026-04-06T07:15:00.000Z";186.7
"2026-04-06T07:15:00.000Z";"2026-04-06T07:30:00.000Z";200
"2026-04-06T07:30:00.000Z";"2026-04-06T07:45:00.000Z";213.4
"2026-04-06T07:45:00.000Z";"2026-04-06T08:00:00.000Z";226.8
"2026-04-06T08:00:00.000Z";"2026-04-06T08:15:00.000Z";242.7
"2026-04-06T08:15:00.000Z";"2026-04-06T08:30:00.000Z";253.2
"2026-04-06T08:30:00.000Z";"2026-04-06T08:45:00.000Z";263.7
"2026-04-06T08:45:00.000Z";"2026-04-06T09:00:00.000Z";274.3
"2026-04-06T09:00:00.000Z";"2026-04-06T09:15:00.000Z";288.5
"2026-04-06T09:15:00.000Z";"2026-04-06T09:30:00.000Z";290.3
"2026-04-06T09:30:00.000Z";"2026-04-06T09:45:00.000Z";291.6
"2026-04-06T09:45:00.000Z";"2026-04-06T10:00:00.000Z";293.4
"2026-04-06T10:00:00.000Z";"2026-04-06T10:15:00.000Z";293.4
"2026-04-06T10:15:00.000Z";"2026-04-06T10:30:00.000Z";297.8
"2026-04-06T10:30:00.000Z";"2026-04-06T10:45:00.000Z";302.2
"2026-04-06T10:45:00.000Z";"2026-04-06T11:00:00.000Z";306.5
"2026-04-06T11:00:00.000Z";"2026-04-06T11:15:00.000Z";320.8
"2026-04-06T11:15:00.000Z";"2026-04-06T11:30:00.000Z";331.1
"2026-04-06T11:30:00.000Z";"2026-04-06T11:45:00.000Z";331.1
"2026-04-06T11:45:00.000Z";"2026-04-06T12:00:00.000Z";320.8
"2026-04-06T12:00:00.000Z";"2026-04-06T12:15:00.000Z";316.5
"2026-04-06T12:15:00.000Z";"2026-04-06T12:30:00.000Z";305
"2026-04-06T12:30:00.000Z";"2026-04-06T12:45:00.000Z";293.4
"2026-04-06T12:45:00.000Z";"2026-04-06T13:00:00.000Z";281.8
"2026-04-06T13:00:00.000Z";"2026-04-06T13:15:00.000Z";256.7
"2026-04-06T13:15:00.000Z";"2026-04-06T13:30:00.000Z";241.2
"2026-04-06T13:30:00.000Z";"2026-04-06T13:45:00.000Z";225.8
"2026-04-06T13:45:00.000Z";"2026-04-06T14:00:00.000Z";210.3
"2026-04-06T14:00:00.000Z";"2026-04-06T14:15:00.000Z";201.9
"2026-04-06T14:15:00.000Z";"2026-04-06T14:30:00.000Z";184.3
"2026-04-06T14:30:00.000Z";"2026-04-06T14:45:00.000Z";166.7
"2026-04-06T14:45:00.000Z";"2026-04-06T15:00:00.000Z";149.1
"2026-04-06T15:00:00.000Z";"2026-04-06T15:15:00.000Z";121.5
"2026-04-06T15:15:00.000Z";"2026-04-06T15:30:00.000Z";102.3
"2026-04-06T15:30:00.000Z";"2026-04-06T15:45:00.000Z";83.1
"2026-04-06T15:45:00.000Z";"2026-04-06T16:00:00.000Z";63.9
"2026-04-06T16:00:00.000Z";"2026-04-06T16:15:00.000Z";39.2
"2026-04-06T16:15:00.000Z";"2026-04-06T16:30:00.000Z";27.8
"2026-04-06T16:30:00.000Z";"2026-04-06T16:45:00.000Z";16.4
"2026-04-06T16:45:00.000Z";"2026-04-06T17:00:00.000Z";5.1
"2026-04-06T17:00:00.000Z";"2026-04-06T17:15:00.000Z";3.4
"2026-04-06T17:15:00.000Z";"2026-04-06T17:30:00.000Z";2.2
"2026-04-06T17:30:00.000Z";"2026-04-06T17:45:00.000Z";1.1
"2026-04-06T17:45:00.000Z";"2026-04-06T18:00:00.000Z";0
"2026-04-06T18:00:00.000Z";"2026-04-06T18:15:00.000Z";0
"2026-04-06T18:15:00.000Z";"2026-04-06T18:30:00.000Z";0
"2026-04-06T18:30:00.000Z";"2026-04-06T18:45:00.000Z";0
"2026-04-06T18:45:00.000Z";"2026-04-06T19:00:00.000Z";0
"2026-04-06T19:00:00.000Z";"2026-04-06T19:15:00.000Z";0
"2026-04-06T19:15:00.000Z";"2026-04-06T19:30:00.000Z";0
"2026-04-06T19:30:00.000Z";"2026-04-06T19:45:00.000Z";0
"2026-04-06T19:45:00.000Z";"2026-04-06T20:00:00.000Z";0
"2026-04-06T20:00:00.000Z";"2026-04-06T20:15:00.000Z";0
"2026-04-06T20:15:00.000Z";"2026-04-06T20:30:00.000Z";0
"2026-04-06T20:30:00.000Z";"2026-04-06T20:45:00.000Z";0
"2026-04-06T20:45:00.000Z";"2026-04-06T21:00:00.000Z";0
"2026-04-06T21:00:00.000Z";"2026-04-06T21:15:00.000Z";0
"2026-04-06T21:15:00.000Z";"2026-04-06T21:30:00.000Z";0
"2026-04-06T21:30:00.000Z";"2026-04-06T21:45:00.000Z";0
"2026-04-06T21:45:00.000Z";"2026-04-06T22:00:00.000Z";0
"2026-04-06T22:00:00.000Z";"2026-04-06T22:15:00.000Z";0
"2026-04-06T22:15:00.000Z";"2026-04-06T22:30:00.000Z";0
"2026-04-06T22:30:00.000Z";"2026-04-06T22:45:00.000Z";0
"2026-04-06T22:45:00.000Z";"2026-04-06T23:00:00.000Z";0
"2026-04-06T23:00:00.000Z";"2026-04-06T23:15:00.000Z";0
"2026-04-06T23:15:00.000Z";"2026-04-06T23:30:00.000Z";0
"2026-04-06T23:30:00.000Z";"2026-04-06T23:45:00.000Z";0
"2026-04-06T23:45:00.000Z";"2026-04-07T00:00:00.000Z";0
"2026-04-07T00:00:00.000Z";"2026-04-07T00:15:00.000Z";0
"2026-04-07T00:15:00.000Z";"2026-04-07T00:30:00.000Z";0
"2026-04-07T00:30:00.000Z";"2026-04-07T00:45:00.000Z";0
"2026-04-07T00:45:00.000Z";"2026-04-07T01:00:00.000Z";0
"2026-04-07T01:00:00.000Z";"2026-04-07T01:15:00.000Z";0
"2026-04-07T01:15:00.000Z";"2026-04-07T01:30:00.000Z";0
"2026-04-07T01:30:00.000Z";"2026-04-07T01:45:00.000Z";0
"2026-04-07T01:45:00.000Z";"2026-04-07T02:00:00.000Z";0
"2026-04-07T02:00:00.000Z";"2026-04-07T02:15:00.000Z";0
"2026-04-07T02:15:00.000Z";"2026-04-07T02:30:00.000Z";0
"2026-04-07T02:30:00.000Z";"2026-04-07T02:45:00.000Z";0
"2026-04-07T02:45:00.000Z";"2026-04-07T03:00:00.000Z";0
"2026-04-07T03:00:00.000Z";"2026-04-07T03:15:00.000Z";0
"2026-04-07T03:15:00.000Z";"2026-04-07T03:30:00.000Z";1.4
"2026-04-07T03:30:00.000Z";"2026-04-07T03:45:00.000Z";2.8
"2026-04-07T03:45:00.000Z";"2026-04-07T04:00:00.000Z";4.2
"2026-04-07T04:00:00.000Z";"2026-04-07T04:15:00.000Z";23.5
"2026-04-07T04:15:00.000Z";"2026-04-07T04:30:00.000Z";39.5
"2026-04-07T04:30:00.000Z";"2026-04-07T04:45:00.000Z";55.5
"2026-04-07T04:45:00.000Z";"2026-04-07T05:00:00.000Z";71.5
"2026-04-07T05:00:00.000Z";"2026-04-07T05:15:00.000Z";94.3
"2026-04-07T05:15:00.000Z";"2026-04-07T05:30:00.000Z";118.2
"2026-04-07T05:30:00.000Z";"2026-04-07T05:45:00.000Z";142.1
"2026-04-07T05:45:00.000Z";"2026-04-07T06:00:00.000Z";166
"2026-04-07T06:00:00.000Z";"2026-04-07T06:15:00.000Z";203.1
"2026-04-07T06:15:00.000Z";"2026-04-07T06:30:00.000Z";226.9
"2026-04-07T06:30:00.000Z";"2026-04-07T06:45:00.000Z";250.7
"2026-04-07T06:45:00.000Z";"2026-04-07T07:00:00.000Z";274.5
"2026-04-07T07:00:00.000Z";"2026-04-07T07:15:00.000Z";288.6
"2026-04-07T07:15:00.000Z";"2026-04-07T07:30:00.000Z";310
"2026-04-07T07:30:00.000Z";"2026-04-07T07:45:00.000Z";331.3
"2026-04-07T07:45:00.000Z";"2026-04-07T08:00:00.000Z";352.6
"2026-04-07T08:00:00.000Z";"2026-04-07T08:15:00.000Z";379.2
"2026-04-07T08:15:00.000Z";"2026-04-07T08:30:00.000Z";399.3
"2026-04-07T08:30:00.000Z";"2026-04-07T08:45:00.000Z";419.5
"2026-04-07T08:45:00.000Z";"2026-04-07T09:00:00.000Z";439.6
"2026-04-07T09:00:00.000Z";"2026-04-07T09:15:00.000Z";481.9
"2026-04-07T09:15:00.000Z";"2026-04-07T09:30:00.000Z";481.9
"2026-04-07T09:30:00.000Z";"2026-04-07T09:45:00.000Z";481.9
"2026-04-07T09:45:00.000Z";"2026-04-07T10:00:00.000Z";481.9
"2026-04-07T10:00:00.000Z";"2026-04-07T10:15:00.000Z";481.9
"2026-04-07T10:15:00.000Z";"2026-04-07T10:30:00.000Z";482.5
"2026-04-07T10:30:00.000Z";"2026-04-07T10:45:00.000Z";483.1
"2026-04-07T10:45:00.000Z";"2026-04-07T11:00:00.000Z";483.8
"2026-04-07T11:00:00.000Z";"2026-04-07T11:15:00.000Z";488.4
"2026-04-07T11:15:00.000Z";"2026-04-07T11:30:00.000Z";491.3
"2026-04-07T11:30:00.000Z";"2026-04-07T11:45:00.000Z";491.3
"2026-04-07T11:45:00.000Z";"2026-04-07T12:00:00.000Z";488.4
"2026-04-07T12:00:00.000Z";"2026-04-07T12:15:00.000Z";462.4
"2026-04-07T12:15:00.000Z";"2026-04-07T12:30:00.000Z";446.6
"2026-04-07T12:30:00.000Z";"2026-04-07T12:45:00.000Z";430.7
"2026-04-07T12:45:00.000Z";"2026-04-07T13:00:00.000Z";414.8
"2026-04-07T13:00:00.000Z";"2026-04-07T13:15:00.000Z";394
"2026-04-07T13:15:00.000Z";"2026-04-07T13:30:00.000Z";373.3
"2026-04-07T13:30:00.000Z";"2026-04-07T13:45:00.000Z";352.5
"2026-04-07T13:45:00.000Z";"2026-04-07T14:00:00.000Z";331.7
"2026-04-07T14:00:00.000Z";"2026-04-07T14:15:00.000Z";310.2
"2026-04-07T14:15:00.000Z";"2026-04-07T14:30:00.000Z";285.1
"2026-04-07T14:30:00.000Z";"2026-04-07T14:45:00.000Z";260
"2026-04-07T14:45:00.000Z";"2026-04-07T15:00:00.000Z";234.9
"2026-04-07T15:00:00.000Z";"2026-04-07T15:15:00.000Z";204.3
"2026-04-07T15:15:00.000Z";"2026-04-07T15:30:00.000Z";176.1
"2026-04-07T15:30:00.000Z";"2026-04-07T15:45:00.000Z";148
"2026-04-07T15:45:00.000Z";"2026-04-07T16:00:00.000Z";119.8
"2026-04-07T16:00:00.000Z";"2026-04-07T16:15:00.000Z";77.4
"2026-04-07T16:15:00.000Z";"2026-04-07T16:30:00.000Z";57.3
"2026-04-07T16:30:00.000Z";"2026-04-07T16:45:00.000Z";37.3
"2026-04-07T16:45:00.000Z";"2026-04-07T17:00:00.000Z";17.2
"2026-04-07T17:00:00.000Z";"2026-04-07T17:15:00.000Z";3.2
"2026-04-07T17:15:00.000Z";"2026-04-07T17:30:00.000Z";2.1
"2026-04-07T17:30:00.000Z";"2026-04-07T17:45:00.000Z";1.1
"2026-04-07T17:45:00.000Z";"2026-04-07T18:00:00.000Z";0
"2026-04-07T18:00:00.000Z";"2026-04-07T18:15:00.000Z";0
"2026-04-07T18:15:00.000Z";"2026-04-07T18:30:00.000Z";0
"2026-04-07T18:30:00.000Z";"2026-04-07T18:45:00.000Z";0
"2026-04-07T18:45:00.000Z";"2026-04-07T19:00:00.000Z";0
"2026-04-07T19:00:00.000Z";"2026-04-07T19:15:00.000Z";0
"2026-04-07T19:15:00.000Z";"2026-04-07T19:30:00.000Z";0
"2026-04-07T19:30:00.000Z";"2026-04-07T19:45:00.000Z";0
"2026-04-07T19:45:00.000Z";"2026-04-07T20:00:00.000Z";0
"2026-04-07T20:00:00.000Z";"2026-04-07T20:15:00.000Z";0
"2026-04-07T20:15:00.000Z";"2026-04-07T20:30:00.000Z";0
"2026-04-07T20:30:00.000Z";"2026-04-07T20:45:00.000Z";0
"2026-04-07T20:45:00.000Z";"2026-04-07T21:00:00.000Z";0
"2026-04-07T21:00:00.000Z";"2026-04-07T21:15:00.000Z";0
"2026-04-07T21:15:00.000Z";"2026-04-07T21:30:00.000Z";0
"2026-04-07T21:30:00.000Z";"2026-04-07T21:45:00.000Z";0
"2026-04-07T21:45:00.000Z";"2026-04-07T22:00:00.000Z";0
"2026-04-07T22:00:00.000Z";"2026-04-07T22:15:00.000Z";0
"2026-04-07T22:15:00.000Z";"2026-04-07T22:30:00.000Z";0
"2026-04-07T22:30:00.000Z";"2026-04-07T22:45:00.000Z";0
"2026-04-07T22:45:00.000Z";"2026-04-07T23:00:00.000Z";0
"2026-04-07T23:00:00.000Z";"2026-04-07T23:15:00.000Z";0
"2026-04-07T23:15:00.000Z";"2026-04-07T23:30:00.000Z";0
"2026-04-07T23:30:00.000Z";"2026-04-07T23:45:00.000Z";0
"2026-04-07T23:45:00.000Z";"2026-04-08T00:00:00.000Z";0
"2026-04-08T00:00:00.000Z";"2026-04-08T00:15:00.000Z";0
"2026-04-08T00:15:00.000Z";"2026-04-08T00:30:00.000Z";0
"2026-04-08T00:30:00.000Z";"2026-04-08T00:45:00.000Z";0
"2026-04-08T00:45:00.000Z";"2026-04-08T01:00:00.000Z";0
"2026-04-08T01:00:00.000Z";"2026-04-08T01:15:00.000Z";0
"2026-04-08T01:15:00.000Z";"2026-04-08T01:30:00.000Z";0
"2026-04-08T01:30:00.000Z";"2026-04-08T01:45:00.000Z";0
"2026-04-08T01:45:00.000Z";"2026-04-08T02:00:00.000Z";0
"2026-04-08T02:00:00.000Z";"2026-04-08T02:15:00.000Z";0
"2026-04-08T02:15:00.000Z";"2026-04-08T02:30:00.000Z";0
"2026-04-08T02:30:00.000Z";"2026-04-08T02:45:00.000Z";0
"2026-04-08T02:45:00.000Z";"2026-04-08T03:00:00.000Z";0
"2026-04-08T03:00:00.000Z";"2026-04-08T03:15:00.000Z";0
"2026-04-08T03:15:00.000Z";"2026-04-08T03:30:00.000Z";5.9
"2026-04-08T03:30:00.000Z";"2026-04-08T03:45:00.000Z";11.8
"2026-04-08T03:45:00.000Z";"2026-04-08T04:00:00.000Z";17.8
"2026-04-08T04:00:00.000Z";"2026-04-08T04:15:00.000Z";69.9
"2026-04-08T04:15:00.000Z";"2026-04-08T04:30:00.000Z";107.1
"2026-04-08T04:30:00.000Z";"2026-04-08T04:45:00.000Z";144.3
"2026-04-08T04:45:00.000Z";"2026-04-08T05:00:00.000Z";181.6
"2026-04-08T05:00:00.000Z";"2026-04-08T05:15:00.000Z";236.9
"2026-04-08T05:15:00.000Z";"2026-04-08T05:30:00.000Z";283.5
"2026-04-08T05:30:00.000Z";"2026-04-08T05:45:00.000Z";330
"2026-04-08T05:45:00.000Z";"2026-04-08T06:00:00.000Z";376.5
"2026-04-08T06:00:00.000Z";"2026-04-08T06:15:00.000Z";430.6
"2026-04-08T06:15:00.000Z";"2026-04-08T06:30:00.000Z";475.5
"2026-04-08T06:30:00.000Z";"2026-04-08T06:45:00.000Z";520.4
"2026-04-08T06:45:00.000Z";"2026-04-08T07:00:00.000Z";565.3
"2026-04-08T07:00:00.000Z";"2026-04-08T07:15:00.000Z";611.4
"2026-04-08T07:15:00.000Z";"2026-04-08T07:30:00.000Z";647.9
"2026-04-08T07:30:00.000Z";"2026-04-08T07:45:00.000Z";684.3
"2026-04-08T07:45:00.000Z";"2026-04-08T08:00:00.000Z";720.7
"2026-04-08T08:00:00.000Z";"2026-04-08T08:15:00.000Z";752.3
"2026-04-08T08:15:00.000Z";"2026-04-08T08:30:00.000Z";777
"2026-04-08T08:30:00.000Z";"2026-04-08T08:45:00.000Z";801.7
"2026-04-08T08:45:00.000Z";"2026-04-08T09:00:00.000Z";826.4
"2026-04-08T09:00:00.000Z";"2026-04-08T09:15:00.000Z";854.8
"2026-04-08T09:15:00.000Z";"2026-04-08T09:30:00.000Z";861.4
"2026-04-08T09:30:00.000Z";"2026-04-08T09:45:00.000Z";865.7
"2026-04-08T09:45:00.000Z";"2026-04-08T10:00:00.000Z";872.2
"2026-04-08T10:00:00.000Z";"2026-04-08T10:15:00.000Z";872.2
"2026-04-08T10:15:00.000Z";"2026-04-08T10:30:00.000Z";876.6
"2026-04-08T10:30:00.000Z";"2026-04-08T10:45:00.000Z";876.6
"2026-04-08T10:45:00.000Z";"2026-04-08T11:00:00.000Z";872.2
"2026-04-08T11:00:00.000Z";"2026-04-08T11:15:00.000Z";857.9
"2026-04-08T11:15:00.000Z";"2026-04-08T11:30:00.000Z";841.1
"2026-04-08T11:30:00.000Z";"2026-04-08T11:45:00.000Z";824.4
"2026-04-08T11:45:00.000Z";"2026-04-08T12:00:00.000Z";807.6
"2026-04-08T12:00:00.000Z";"2026-04-08T12:15:00.000Z";783.8
"2026-04-08T12:15:00.000Z";"2026-04-08T12:30:00.000Z";754.9
"2026-04-08T12:30:00.000Z";"2026-04-08T12:45:00.000Z";726
"2026-04-08T12:45:00.000Z";"2026-04-08T13:00:00.000Z";697.1
"2026-04-08T13:00:00.000Z";"2026-04-08T13:15:00.000Z";660.3
"2026-04-08T13:15:00.000Z";"2026-04-08T13:30:00.000Z";621.1
"2026-04-08T13:30:00.000Z";"2026-04-08T13:45:00.000Z";581.9
"2026-04-08T13:45:00.000Z";"2026-04-08T14:00:00.000Z";542.7
"2026-04-08T14:00:00.000Z";"2026-04-08T14:15:00.000Z";495.2
"2026-04-08T14:15:00.000Z";"2026-04-08T14:30:00.000Z";449.8
"2026-04-08T14:30:00.000Z";"2026-04-08T14:45:00.000Z";404.4
"2026-04-08T14:45:00.000Z";"2026-04-08T15:00:00.000Z";358.9
"2026-04-08T15:00:00.000Z";"2026-04-08T15:15:00.000Z";305.4
"2026-04-08T15:15:00.000Z";"2026-04-08T15:30:00.000Z";260.5
"2026-04-08T15:30:00.000Z";"2026-04-08T15:45:00.000Z";215.6
"2026-04-08T15:45:00.000Z";"2026-04-08T16:00:00.000Z";170.7
"2026-04-08T16:00:00.000Z";"2026-04-08T16:15:00.000Z";112.1
"2026-04-08T16:15:00.000Z";"2026-04-08T16:30:00.000Z";82.5
"2026-04-08T16:30:00.000Z";"2026-04-08T16:45:00.000Z";53
"2026-04-08T16:45:00.000Z";"2026-04-08T17:00:00.000Z";23.4
"2026-04-08T17:00:00.000Z";"2026-04-08T17:15:00.000Z";3
"2026-04-08T17:15:00.000Z";"2026-04-08T17:30:00.000Z";2
"2026-04-08T17:30:00.000Z";"2026-04-08T17:45:00.000Z";1
"2026-04-08T17:45:00.000Z";"2026-04-08T18:00:00.000Z";0
"2026-04-08T18:00:00.000Z";"2026-04-08T18:15:00.000Z";0
"2026-04-08T18:15:00.000Z";"2026-04-08T18:30:00.000Z";0
"2026-04-08T18:30:00.000Z";"2026-04-08T18:45:00.000Z";0
"2026-04-08T18:45:00.000Z";"2026-04-08T19:00:00.000Z";0
"2026-04-08T19:00:00.000Z";"2026-04-08T19:15:00.000Z";0
"2026-04-08T19:15:00.000Z";"2026-04-08T19:30:00.000Z";0
"2026-04-08T19:30:00.000Z";"2026-04-08T19:45:00.000Z";0
"2026-04-08T19:45:00.000Z";"2026-04-08T20:00:00.000Z";0
"2026-04-08T20:00:00.000Z";"2026-04-08T20:15:00.000Z";0
"2026-04-08T20:15:00.000Z";"2026-04-08T20:30:00.000Z";0
"2026-04-08T20:30:00.000Z";"2026-04-08T20:45:00.000Z";0
"2026-04-08T20:45:00.000Z";"2026-04-08T21:00:00.000Z";0
"2026-04-08T21:00:00.000Z";"2026-04-08T21:15:00.000Z";0
"2026-04-08T21:15:00.000Z";"2026-04-08T21:30:00.000Z";0
"2026-04-08T21:30:00.000Z";"2026-04-08T21:45:00.000Z";0
"2026-04-08T21:45:00.000Z";"2026-04-08T22:00:00.000Z";0
"2026-04-08T22:00:00.000Z";"2026-04-08T22:15:00.000Z";0
"2026-04-08T22:15:00.000Z";"2026-04-08T22:30:00.000Z";0
"2026-04-08T22:30:00.000Z";"2026-04-08T22:45:00.000Z";0
"2026-04-08T22:45:00.000Z";"2026-04-08T23:00:00.000Z";0
"2026-04-08T23:00:00.000Z";"2026-04-08T23:15:00.000Z";0
"2026-04-08T23:15:00.000Z";"2026-04-08T23:30:00.000Z";0
"2026-04-08T23:30:00.000Z";"2026-04-08T23:45:00.000Z";0
"2026-04-08T23:45:00.000Z";"2026-04-09T00:00:00.000Z";0
"2026-04-09T00:00:00.000Z";"2026-04-09T00:15:00.000Z";0
"2026-04-09T00:15:00.000Z";"2026-04-09T00:30:00.000Z";0
"2026-04-09T00:30:00.000Z";"2026-04-09T00:45:00.000Z";0
"2026-04-09T00:45:00.000Z";"2026-04-09T01:00:00.000Z";0
"2026-04-09T01:00:00.000Z";"2026-04-09T01:15:00.000Z";0
"2026-04-09T01:15:00.000Z";"2026-04-09T01:30:00.000Z";0
"2026-04-09T01:30:00.000Z";"2026-04-09T01:45:00.000Z";0
"2026-04-09T01:45:00.000Z";"2026-04-09T02:00:00.000Z";0
"2026-04-09T02:00:00.000Z";"2026-04-09T02:15:00.000Z";0
"2026-04-09T02:15:00.000Z";"2026-04-09T02:30:00.000Z";0
"2026-04-09T02:30:00.000Z";"2026-04-09T02:45:00.000Z";0
"2026-04-09T02:45:00.000Z";"2026-04-09T03:00:00.000Z";0
"2026-04-09T03:00:00.000Z";"2026-04-09T03:15:00.000Z";0
"2026-04-09T03:15:00.000Z";"2026-04-09T03:30:00.000Z";11.2
"2026-04-09T03:30:00.000Z";"2026-04-09T03:45:00.000Z";22.5
"2026-04-09T03:45:00.000Z";"2026-04-09T04:00:00.000Z";33.7
"2026-04-09T04:00:00.000Z";"2026-04-09T04:15:00.000Z";89.4
"2026-04-09T04:15:00.000Z";"2026-04-09T04:30:00.000Z";128
"2026-04-09T04:30:00.000Z";"2026-04-09T04:45:00.000Z";166.5
"2026-04-09T04:45:00.000Z";"2026-04-09T05:00:00.000Z";205.1
"2026-04-09T05:00:00.000Z";"2026-04-09T05:15:00.000Z";258.7
"2026-04-09T05:15:00.000Z";"2026-04-09T05:30:00.000Z";303.2
"2026-04-09T05:30:00.000Z";"2026-04-09T05:45:00.000Z";347.7
"2026-04-09T05:45:00.000Z";"2026-04-09T06:00:00.000Z";392.1
"2026-04-09T06:00:00.000Z";"2026-04-09T06:15:00.000Z";440.7
"2026-04-09T06:15:00.000Z";"2026-04-09T06:30:00.000Z";482.2
"2026-04-09T06:30:00.000Z";"2026-04-09T06:45:00.000Z";523.8
"2026-04-09T06:45:00.000Z";"2026-04-09T07:00:00.000Z";565.4
"2026-04-09T07:00:00.000Z";"2026-04-09T07:15:00.000Z";607.7
"2026-04-09T07:15:00.000Z";"2026-04-09T07:30:00.000Z";641.2
"2026-04-09T07:30:00.000Z";"2026-04-09T07:45:00.000Z";674.7
"2026-04-09T07:45:00.000Z";"2026-04-09T08:00:00.000Z";708.3
"2026-04-09T08:00:00.000Z";"2026-04-09T08:15:00.000Z";737.3
"2026-04-09T08:15:00.000Z";"2026-04-09T08:30:00.000Z";759.9
"2026-04-09T08:30:00.000Z";"2026-04-09T08:45:00.000Z";782.6
"2026-04-09T08:45:00.000Z";"2026-04-09T09:00:00.000Z";805.2
"2026-04-09T09:00:00.000Z";"2026-04-09T09:15:00.000Z";832.7
"2026-04-09T09:15:00.000Z";"2026-04-09T09:30:00.000Z";837.6
"2026-04-09T09:30:00.000Z";"2026-04-09T09:45:00.000Z";840.9
"2026-04-09T09:45:00.000Z";"2026-04-09T10:00:00.000Z";845.9
"2026-04-09T10:00:00.000Z";"2026-04-09T10:15:00.000Z";845.9
"2026-04-09T10:15:00.000Z";"2026-04-09T10:30:00.000Z";849.2
"2026-04-09T10:30:00.000Z";"2026-04-09T10:45:00.000Z";849.2
"2026-04-09T10:45:00.000Z";"2026-04-09T11:00:00.000Z";845.9
"2026-04-09T11:00:00.000Z";"2026-04-09T11:15:00.000Z";827.5
"2026-04-09T11:15:00.000Z";"2026-04-09T11:30:00.000Z";810.1
"2026-04-09T11:30:00.000Z";"2026-04-09T11:45:00.000Z";792.7
"2026-04-09T11:45:00.000Z";"2026-04-09T12:00:00.000Z";775.3
"2026-04-09T12:00:00.000Z";"2026-04-09T12:15:00.000Z";752.3
"2026-04-09T12:15:00.000Z";"2026-04-09T12:30:00.000Z";723
"2026-04-09T12:30:00.000Z";"2026-04-09T12:45:00.000Z";693.7
"2026-04-09T12:45:00.000Z";"2026-04-09T13:00:00.000Z";664.5
"2026-04-09T13:00:00.000Z";"2026-04-09T13:15:00.000Z";625.4
"2026-04-09T13:15:00.000Z";"2026-04-09T13:30:00.000Z";586.6
"2026-04-09T13:30:00.000Z";"2026-04-09T13:45:00.000Z";547.8
"2026-04-09T13:45:00.000Z";"2026-04-09T14:00:00.000Z";509
"2026-04-09T14:00:00.000Z";"2026-04-09T14:15:00.000Z";463.2
"2026-04-09T14:15:00.000Z";"2026-04-09T14:30:00.000Z";419.9
"2026-04-09T14:30:00.000Z";"2026-04-09T14:45:00.000Z";376.5
"2026-04-09T14:45:00.000Z";"2026-04-09T15:00:00.000Z";333.2
"2026-04-09T15:00:00.000Z";"2026-04-09T15:15:00.000Z";283
"2026-04-09T15:15:00.000Z";"2026-04-09T15:30:00.000Z";241.3
"2026-04-09T15:30:00.000Z";"2026-04-09T15:45:00.000Z";199.6
"2026-04-09T15:45:00.000Z";"2026-04-09T16:00:00.000Z";157.9
"2026-04-09T16:00:00.000Z";"2026-04-09T16:15:00.000Z";105.8
"2026-04-09T16:15:00.000Z";"2026-04-09T16:30:00.000Z";78.5
"2026-04-09T16:30:00.000Z";"2026-04-09T16:45:00.000Z";51.1
"2026-04-09T16:45:00.000Z";"2026-04-09T17:00:00.000Z";23.8
"2026-04-09T17:00:00.000Z";"2026-04-09T17:15:00.000Z";3.3
"2026-04-09T17:15:00.000Z";"2026-04-09T17:30:00.000Z";2.2
"2026-04-09T17:30:00.000Z";"2026-04-09T17:45:00.000Z";1.1
"2026-04-09T17:45:00.000Z";"2026-04-09T18:00:00.000Z";0
"2026-04-09T18:00:00.000Z";"2026-04-09T18:15:00.000Z";0
"2026-04-09T18:15:00.000Z";"2026-04-09T18:30:00.000Z";0
"2026-04-09T18:30:00.000Z";"2026-04-09T18:45:00.000Z";0
"2026-04-09T18:45:00.000Z";"2026-04-09T19:00:00.000Z";0
"2026-04-09T19:00:00.000Z";"2026-04-09T19:15:00.000Z";0
"2026-04-09T19:15:00.000Z";"2026-04-09T19:30:00.000Z";0
"2026-04-09T19:30:00.000Z";"2026-04-09T19:45:00.000Z";0
"2026-04-09T19:45:00.000Z";"2026-04-09T20:00:00.000Z";0
"2026-04-09T20:00:00.000Z";"2026-04-09T20:15:00.000Z";0
"2026-04-09T20:15:00.000Z";"2026-04-09T20:30:00.000Z";0
"2026-04-09T20:30:00.000Z";"2026-04-09T20:45:00.000Z";0
"2026-04-09T20:45:00.000Z";"2026-04-09T21:00:00.000Z";0
"2026-04-09T21:00:00.000Z";"2026-04-09T21:15:00.000Z";0
"2026-04-09T21:15:00.000Z";"2026-04-09T21:30:00.000Z";0
"2026-04-09T21:30:00.000Z";"2026-04-09T21:45:00.000Z";0
"2026-04-09T21:45:00.000Z";"2026-04-09T22:00:00.000Z";0
"2026-04-09T22:00:00.000Z";"2026-04-09T22:15:00.000Z";0
"2026-04-09T22:15:00.000Z";"2026-04-09T22:30:00.000Z";0
"2026-04-09T22:30:00.000Z";"2026-04-09T22:45:00.000Z";0
"2026-04-09T22:45:00.000Z";"2026-04-09T23:00:00.000Z";0
"2026-04-09T23:00:00.000Z";"2026-04-09T23:15:00.000Z";0
"2026-04-09T23:15:00.000Z";"2026-04-09T23:30:00.000Z";0
"2026-04-09T23:30:00.000Z";"2026-04-09T23:45:00.000Z";0
"2026-04-09T23:45:00.000Z";"2026-04-10T00:00:00.000Z";0
"2026-04-10T00:00:00.000Z";"2026-04-10T00:15:00.000Z";0
"2026-04-10T00:15:00.000Z";"2026-04-10T00:30:00.000Z";0
"2026-04-10T00:30:00.000Z";"2026-04-10T00:45:00.000Z";0
"2026-04-10T00:45:00.000Z";"2026-04-10T01:00:00.000Z";0
"2026-04-10T01:00:00.000Z";"2026-04-10T01:15:00.000Z";0
"2026-04-10T01:15:00.000Z";"2026-04-10T01:30:00.000Z";0
"2026-04-10T01:30:00.000Z";"2026-04-10T01:45:00.000Z";0
"2026-04-10T01:45:00.000Z";"2026-04-10T02:00:00.000Z";0
"2026-04-10T02:00:00.000Z";"2026-04-10T02:15:00.000Z";0
"2026-04-10T02:15:00.000Z";"2026-04-10T02:30:00.000Z";0
"2026-04-10T02:30:00.000Z";"2026-04-10T02:45:00.000Z";0
"2026-04-10T02:45:00.000Z";"2026-04-10T03:00:00.000Z";0
"2026-04-10T03:00:00.000Z";"2026-04-10T03:15:00.000Z";0
"2026-04-10T03:15:00.000Z";"2026-04-10T03:30:00.000Z";14.6
"2026-04-10T03:30:00.000Z";"2026-04-10T03:45:00.000Z";29.2
"2026-04-10T03:45:00.000Z";"2026-04-10T04:00:00.000Z";43.7
"2026-04-10T04:00:00.000Z";"2026-04-10T04:15:00.000Z";95.9
"2026-04-10T04:15:00.000Z";"2026-04-10T04:30:00.000Z";135.7
"2026-04-10T04:30:00.000Z";"2026-04-10T04:45:00.000Z";175.5
"2026-04-10T04:45:00.000Z";"2026-04-10T05:00:00.000Z";215.3
"2026-04-10T05:00:00.000Z";"2026-04-10T05:15:00.000Z";271
"2026-04-10T05:15:00.000Z";"2026-04-10T05:30:00.000Z";317.2
"2026-04-10T05:30:00.000Z";"2026-04-10T05:45:00.000Z";363.4
"2026-04-10T05:45:00.000Z";"2026-04-10T06:00:00.000Z";409.6
"2026-04-10T06:00:00.000Z";"2026-04-10T06:15:00.000Z";460.4
"2026-04-10T06:15:00.000Z";"2026-04-10T06:30:00.000Z";503.7
"2026-04-10T06:30:00.000Z";"2026-04-10T06:45:00.000Z";547
"2026-04-10T06:45:00.000Z";"2026-04-10T07:00:00.000Z";590.3
"2026-04-10T07:00:00.000Z";"2026-04-10T07:15:00.000Z";635.7
"2026-04-10T07:15:00.000Z";"2026-04-10T07:30:00.000Z";669.6
"2026-04-10T07:30:00.000Z";"2026-04-10T07:45:00.000Z";703.4
"2026-04-10T07:45:00.000Z";"2026-04-10T08:00:00.000Z";737.3
"2026-04-10T08:00:00.000Z";"2026-04-10T08:15:00.000Z";761.2
"2026-04-10T08:15:00.000Z";"2026-04-10T08:30:00.000Z";784.6
"2026-04-10T08:30:00.000Z";"2026-04-10T08:45:00.000Z";808
"2026-04-10T08:45:00.000Z";"2026-04-10T09:00:00.000Z";831.3
"2026-04-10T09:00:00.000Z";"2026-04-10T09:15:00.000Z";863.7
"2026-04-10T09:15:00.000Z";"2026-04-10T09:30:00.000Z";871.2
"2026-04-10T09:30:00.000Z";"2026-04-10T09:45:00.000Z";876.2
"2026-04-10T09:45:00.000Z";"2026-04-10T10:00:00.000Z";883.7
"2026-04-10T10:00:00.000Z";"2026-04-10T10:15:00.000Z";883.7
"2026-04-10T10:15:00.000Z";"2026-04-10T10:30:00.000Z";888.7
"2026-04-10T10:30:00.000Z";"2026-04-10T10:45:00.000Z";888.7
"2026-04-10T10:45:00.000Z";"2026-04-10T11:00:00.000Z";883.7
"2026-04-10T11:00:00.000Z";"2026-04-10T11:15:00.000Z";871.9
"2026-04-10T11:15:00.000Z";"2026-04-10T11:30:00.000Z";854.7
"2026-04-10T11:30:00.000Z";"2026-04-10T11:45:00.000Z";837.5
"2026-04-10T11:45:00.000Z";"2026-04-10T12:00:00.000Z";820.3
"2026-04-10T12:00:00.000Z";"2026-04-10T12:15:00.000Z";793.8
"2026-04-10T12:15:00.000Z";"2026-04-10T12:30:00.000Z";763.8
"2026-04-10T12:30:00.000Z";"2026-04-10T12:45:00.000Z";733.8
"2026-04-10T12:45:00.000Z";"2026-04-10T13:00:00.000Z";703.7
"2026-04-10T13:00:00.000Z";"2026-04-10T13:15:00.000Z";664.4
"2026-04-10T13:15:00.000Z";"2026-04-10T13:30:00.000Z";625.3
"2026-04-10T13:30:00.000Z";"2026-04-10T13:45:00.000Z";586.3
"2026-04-10T13:45:00.000Z";"2026-04-10T14:00:00.000Z";547.2
"2026-04-10T14:00:00.000Z";"2026-04-10T14:15:00.000Z";503.3
"2026-04-10T14:15:00.000Z";"2026-04-10T14:30:00.000Z";458.6
"2026-04-10T14:30:00.000Z";"2026-04-10T14:45:00.000Z";413.9
"2026-04-10T14:45:00.000Z";"2026-04-10T15:00:00.000Z";369.2
"2026-04-10T15:00:00.000Z";"2026-04-10T15:15:00.000Z";315.2
"2026-04-10T15:15:00.000Z";"2026-04-10T15:30:00.000Z";270.7
"2026-04-10T15:30:00.000Z";"2026-04-10T15:45:00.000Z";226.1
"2026-04-10T15:45:00.000Z";"2026-04-10T16:00:00.000Z";181.6
"2026-04-10T16:00:00.000Z";"2026-04-10T16:15:00.000Z";126.1
"2026-04-10T16:15:00.000Z";"2026-04-10T16:30:00.000Z";95.3
"2026-04-10T16:30:00.000Z";"2026-04-10T16:45:00.000Z";64.5
"2026-04-10T16:45:00.000Z";"2026-04-10T17:00:00.000Z";33.6
"2026-04-10T17:00:00.000Z";"2026-04-10T17:15:00.000Z";3.4
"2026-04-10T17:15:00.000Z";"2026-04-10T17:30:00.000Z";2.3
"2026-04-10T17:30:00.000Z";"2026-04-10T17:45:00.000Z";1.1
"2026-04-10T17:45:00.000Z";"2026-04-10T18:00:00.000Z";0
"2026-04-10T18:00:00.000Z";"2026-04-10T18:15:00.000Z";0
"2026-04-10T18:15:00.000Z";"2026-04-10T18:30:00.000Z";0
"2026-04-10T18:30:00.000Z";"2026-04-10T18:45:00.000Z";0
"2026-04-10T18:45:00.000Z";"2026-04-10T19:00:00.000Z";0
"2026-04-10T19:00:00.000Z";"2026-04-10T19:15:00.000Z";0
"2026-04-10T19:15:00.000Z";"2026-04-10T19:30:00.000Z";0
"2026-04-10T19:30:00.000Z";"2026-04-10T19:45:00.000Z";0
"2026-04-10T19:45:00.000Z";"2026-04-10T20:00:00.000Z";0
"2026-04-10T20:00:00.000Z";"2026-04-10T20:15:00.000Z";0
"2026-04-10T20:15:00.000Z";"2026-04-10T20:30:00.000Z";0
"2026-04-10T20:30:00.000Z";"2026-04-10T20:45:00.000Z";0
"2026-04-10T20:45:00.000Z";"2026-04-10T21:00:00.000Z";0
"2026-04-10T21:00:00.000Z";"2026-04-10T21:15:00.000Z";0
"2026-04-10T21:15:00.000Z";"2026-04-10T21:30:00.000Z";0
"2026-04-10T21:30:00.000Z";"2026-04-10T21:45:00.000Z";0
"2026-04-10T21:45:00.000Z";"2026-04-10T22:00:00.000Z";0
"2026-04-10T22:00:00.000Z";"2026-04-10T22:15:00.000Z";0
"2026-04-10T22:15:00.000Z";"2026-04-10T22:30:00.000Z";0
"2026-04-10T22:30:00.000Z";"2026-04-10T22:45:00.000Z";0
"2026-04-10T22:45:00.000Z";"2026-04-10T23:00:00.000Z";0
"2026-04-10T23:00:00.000Z";"2026-04-10T23:15:00.000Z";0
"2026-04-10T23:15:00.000Z";"2026-04-10T23:30:00.000Z";0
"2026-04-10T23:30:00.000Z";"2026-04-10T23:45:00.000Z";0
"2026-04-10T23:45:00.000Z";"2026-04-11T00:00:00.000Z";0
"2026-04-11T00:00:00.000Z";"2026-04-11T00:15:00.000Z";0
"2026-04-11T00:15:00.000Z";"2026-04-11T00:30:00.000Z";0
"2026-04-11T00:30:00.000Z";"2026-04-11T00:45:00.000Z";0
"2026-04-11T00:45:00.000Z";"2026-04-11T01:00:00.000Z";0
"2026-04-11T01:00:00.000Z";"2026-04-11T01:15:00.000Z";0
"2026-04-11T01:15:00.000Z";"2026-04-11T01:30:00.000Z";0
"2026-04-11T01:30:00.000Z";"2026-04-11T01:45:00.000Z";0
"2026-04-11T01:45:00.000Z";"2026-04-11T02:00:00.000Z";0
"2026-04-11T02:00:00.000Z";"2026-04-11T02:15:00.000Z";0
"2026-04-11T02:15:00.000Z";"2026-04-11T02:30:00.000Z";0
"2026-04-11T02:30:00.000Z";"2026-04-11T02:45:00.000Z";0
"2026-04-11T02:45:00.000Z";"2026-04-11T03:00:00.000Z";0
"2026-04-11T03:00:00.000Z";"2026-04-11T03:15:00.000Z";0
"2026-04-11T03:15:00.000Z";"2026-04-11T03:30:00.000Z";18.5
"2026-04-11T03:30:00.000Z";"2026-04-11T03:45:00.000Z";37.1
"2026-04-11T03:45:00.000Z";"2026-04-11T04:00:00.000Z";55.6
"2026-04-11T04:00:00.000Z";"2026-04-11T04:15:00.000Z";106.6
"2026-04-11T04:15:00.000Z";"2026-04-11T04:30:00.000Z";148
"2026-04-11T04:30:00.000Z";"2026-04-11T04:45:00.000Z";189.4
"2026-04-11T04:45:00.000Z";"2026-04-11T05:00:00.000Z";230.8
"2026-04-11T05:00:00.000Z";"2026-04-11T05:15:00.000Z";288.1
"2026-04-11T05:15:00.000Z";"2026-04-11T05:30:00.000Z";335.4
"2026-04-11T05:30:00.000Z";"2026-04-11T05:45:00.000Z";382.7
"2026-04-11T05:45:00.000Z";"2026-04-11T06:00:00.000Z";429.9
"2026-04-11T06:00:00.000Z";"2026-04-11T06:15:00.000Z";481.9
"2026-04-11T06:15:00.000Z";"2026-04-11T06:30:00.000Z";525.2
"2026-04-11T06:30:00.000Z";"2026-04-11T06:45:00.000Z";568.6
"2026-04-11T06:45:00.000Z";"2026-04-11T07:00:00.000Z";611.9
"2026-04-11T07:00:00.000Z";"2026-04-11T07:15:00.000Z";654.9
"2026-04-11T07:15:00.000Z";"2026-04-11T07:30:00.000Z";688.9
"2026-04-11T07:30:00.000Z";"2026-04-11T07:45:00.000Z";722.8
"2026-04-11T07:45:00.000Z";"2026-04-11T08:00:00.000Z";756.8
"2026-04-11T08:00:00.000Z";"2026-04-11T08:15:00.000Z";785.1
"2026-04-11T08:15:00.000Z";"2026-04-11T08:30:00.000Z";807.4
"2026-04-11T08:30:00.000Z";"2026-04-11T08:45:00.000Z";829.7
"2026-04-11T08:45:00.000Z";"2026-04-11T09:00:00.000Z";852
"2026-04-11T09:00:00.000Z";"2026-04-11T09:15:00.000Z";877.5
"2026-04-11T09:15:00.000Z";"2026-04-11T09:30:00.000Z";882.4
"2026-04-11T09:30:00.000Z";"2026-04-11T09:45:00.000Z";885.8
"2026-04-11T09:45:00.000Z";"2026-04-11T10:00:00.000Z";890.7
"2026-04-11T10:00:00.000Z";"2026-04-11T10:15:00.000Z";890.7
"2026-04-11T10:15:00.000Z";"2026-04-11T10:30:00.000Z";894.1
"2026-04-11T10:30:00.000Z";"2026-04-11T10:45:00.000Z";894.1
"2026-04-11T10:45:00.000Z";"2026-04-11T11:00:00.000Z";890.7
"2026-04-11T11:00:00.000Z";"2026-04-11T11:15:00.000Z";876.8
"2026-04-11T11:15:00.000Z";"2026-04-11T11:30:00.000Z";859.9
"2026-04-11T11:30:00.000Z";"2026-04-11T11:45:00.000Z";843.1
"2026-04-11T11:45:00.000Z";"2026-04-11T12:00:00.000Z";826.2
"2026-04-11T12:00:00.000Z";"2026-04-11T12:15:00.000Z";801.4
"2026-04-11T12:15:00.000Z";"2026-04-11T12:30:00.000Z";772.2
"2026-04-11T12:30:00.000Z";"2026-04-11T12:45:00.000Z";742.9
"2026-04-11T12:45:00.000Z";"2026-04-11T13:00:00.000Z";713.7
"2026-04-11T13:00:00.000Z";"2026-04-11T13:15:00.000Z";676.3
"2026-04-11T13:15:00.000Z";"2026-04-11T13:30:00.000Z";637.2
"2026-04-11T13:30:00.000Z";"2026-04-11T13:45:00.000Z";598.1
"2026-04-11T13:45:00.000Z";"2026-04-11T14:00:00.000Z";558.9
"2026-04-11T14:00:00.000Z";"2026-04-11T14:15:00.000Z";512.7
"2026-04-11T14:15:00.000Z";"2026-04-11T14:30:00.000Z";467.3
"2026-04-11T14:30:00.000Z";"2026-04-11T14:45:00.000Z";421.9
"2026-04-11T14:45:00.000Z";"2026-04-11T15:00:00.000Z";376.6
"2026-04-11T15:00:00.000Z";"2026-04-11T15:15:00.000Z";322.1
"2026-04-11T15:15:00.000Z";"2026-04-11T15:30:00.000Z";277.1
"2026-04-11T15:30:00.000Z";"2026-04-11T15:45:00.000Z";232.1
"2026-04-11T15:45:00.000Z";"2026-04-11T16:00:00.000Z";187.1
"2026-04-11T16:00:00.000Z";"2026-04-11T16:15:00.000Z";132
"2026-04-11T16:15:00.000Z";"2026-04-11T16:30:00.000Z";100.4
"2026-04-11T16:30:00.000Z";"2026-04-11T16:45:00.000Z";68.8
"2026-04-11T16:45:00.000Z";"2026-04-11T17:00:00.000Z";37.1
"2026-04-11T17:00:00.000Z";"2026-04-11T17:15:00.000Z";3
"2026-04-11T17:15:00.000Z";"2026-04-11T17:30:00.000Z";2
"2026-04-11T17:30:00.000Z";"2026-04-11T17:45:00.000Z";1
"2026-04-11T17:45:00.000Z";"2026-04-11T18:00:00.000Z";0
"2026-04-11T18:00:00.000Z";"2026-04-11T18:15:00.000Z";0
"2026-04-11T18:15:00.000Z";"2026-04-11T18:30:00.000Z";0
"2026-04-11T18:30:00.000Z";"2026-04-11T18:45:00.000Z";0
"2026-04-11T18:45:00.000Z";"2026-04-11T19:00:00.000Z";0
"2026-04-11T19:00:00.000Z";"2026-04-11T19:15:00.000Z";0
"2026-04-11T19:15:00.000Z";"2026-04-11T19:30:00.000Z";0
"2026-04-11T19:30:00.000Z";"2026-04-11T19:45:00.000Z";0
"2026-04-11T19:45:00.000Z";"2026-04-11T20:00:00.000Z";0
"2026-04-11T20:00:00.000Z";"2026-04-11T20:15:00.000Z";0
"2026-04-11T20:15:00.000Z";"2026-04-11T20:30:00.000Z";0
"2026-04-11T20:30:00.000Z";"2026-04-11T20:45:00.000Z";0
"2026-04-11T20:45:00.000Z";"2026-04-11T21:00:00.000Z";0
"2026-04-11T21:00:00.000Z";"2026-04-11T21:15:00.000Z";0
"2026-04-11T21:15:00.000Z";"2026-04-11T21:30:00.000Z";0
"2026-04-11T21:30:00.000Z";"2026-04-11T21:45:00.000Z";0
"2026-04-11T21:45:00.000Z";"2026-04-11T22:00:00.000Z";0
"2026-04-11T22:00:00.000Z";"2026-04-11T22:15:00.000Z";0
"2026-04-11T22:15:00.000Z";"2026-04-11T22:30:00.000Z";0
"2026-04-11T22:30:00.000Z";"2026-04-11T22:45:00.000Z";0
"2026-04-11T22:45:00.000Z";"2026-04-11T23:00:00.000Z";0
"2026-04-11T23:00:00.000Z";"2026-04-11T23:15:00.000Z";0
"2026-04-11T23:15:00.000Z";"2026-04-11T23:30:00.000Z";0
"2026-04-11T23:30:00.000Z";"2026-04-11T23:45:00.000Z";0
"2026-04-11T23:45:00.000Z";"2026-04-12T00:00:00.000Z";0
"2026-04-12T00:00:00.000Z";"2026-04-12T00:15:00.000Z";0
"2026-04-12T00:15:00.000Z";"2026-04-12T00:30:00.000Z";0
"2026-04-12T00:30:00.000Z";"2026-04-12T00:45:00.000Z";0
"2026-04-12T00:45:00.000Z";"2026-04-12T01:00:00.000Z";0
"2026-04-12T01:00:00.000Z";"2026-04-12T01:15:00.000Z";0
"2026-04-12T01:15:00.000Z";"2026-04-12T01:30:00.000Z";0
"2026-04-12T01:30:00.000Z";"2026-04-12T01:45:00.000Z";0
"2026-04-12T01:45:00.000Z";"2026-04-12T02:00:00.000Z";0
"2026-04-12T02:00:00.000Z";"2026-04-12T02:15:00.000Z";0
"2026-04-12T02:15:00.000Z";"2026-04-12T02:30:00.000Z";0
"2026-04-12T02:30:00.000Z";"2026-04-12T02:45:00.000Z";0
"2026-04-12T02:45:00.000Z";"2026-04-12T03:00:00.000Z";0
"2026-04-12T03:00:00.000Z";"2026-04-12T03:15:00.000Z";0
"2026-04-12T03:15:00.000Z";"2026-04-12T03:30:00.000Z";20.9
"2026-04-12T03:30:00.000Z";"2026-04-12T03:45:00.000Z";41.9
"2026-04-12T03:45:00.000Z";"2026-04-12T04:00:00.000Z";62.8
"2026-04-12T04:00:00.000Z";"2026-04-12T04:15:00.000Z";109.8
"2026-04-12T04:15:00.000Z";"2026-04-12T04:30:00.000Z";150.8
"2026-04-12T04:30:00.000Z";"2026-04-12T04:45:00.000Z";191.8
"2026-04-12T04:45:00.000Z";"2026-04-12T05:00:00.000Z";232.7
"2026-04-12T05:00:00.000Z";"2026-04-12T05:15:00.000Z";289.9
"2026-04-12T05:15:00.000Z";"2026-04-12T05:30:00.000Z";336
"2026-04-12T05:30:00.000Z";"2026-04-12T05:45:00.000Z";382.2
"2026-04-12T05:45:00.000Z";"2026-04-12T06:00:00.000Z";428.4
"2026-04-12T06:00:00.000Z";"2026-04-12T06:15:00.000Z";480.8
"2026-04-12T06:15:00.000Z";"2026-04-12T06:30:00.000Z";520.7
"2026-04-12T06:30:00.000Z";"2026-04-12T06:45:00.000Z";560.7
"2026-04-12T06:45:00.000Z";"2026-04-12T07:00:00.000Z";600.6
"2026-04-12T07:00:00.000Z";"2026-04-12T07:15:00.000Z";634.1
"2026-04-12T07:15:00.000Z";"2026-04-12T07:30:00.000Z";663.8
"2026-04-12T07:30:00.000Z";"2026-04-12T07:45:00.000Z";693.4
"2026-04-12T07:45:00.000Z";"2026-04-12T08:00:00.000Z";723
"2026-04-12T08:00:00.000Z";"2026-04-12T08:15:00.000Z";747
"2026-04-12T08:15:00.000Z";"2026-04-12T08:30:00.000Z";767.4
"2026-04-12T08:30:00.000Z";"2026-04-12T08:45:00.000Z";787.9
"2026-04-12T08:45:00.000Z";"2026-04-12T09:00:00.000Z";808.3
"2026-04-12T09:00:00.000Z";"2026-04-12T09:15:00.000Z";828.2
"2026-04-12T09:15:00.000Z";"2026-04-12T09:30:00.000Z";838.7
"2026-04-12T09:30:00.000Z";"2026-04-12T09:45:00.000Z";845.7
"2026-04-12T09:45:00.000Z";"2026-04-12T10:00:00.000Z";856.2
"2026-04-12T10:00:00.000Z";"2026-04-12T10:15:00.000Z";856.2
"2026-04-12T10:15:00.000Z";"2026-04-12T10:30:00.000Z";863.1
"2026-04-12T10:30:00.000Z";"2026-04-12T10:45:00.000Z";863.1
"2026-04-12T10:45:00.000Z";"2026-04-12T11:00:00.000Z";856.2
"2026-04-12T11:00:00.000Z";"2026-04-12T11:15:00.000Z";827.2
"2026-04-12T11:15:00.000Z";"2026-04-12T11:30:00.000Z";809.4
"2026-04-12T11:30:00.000Z";"2026-04-12T11:45:00.000Z";791.6
"2026-04-12T11:45:00.000Z";"2026-04-12T12:00:00.000Z";773.8
"2026-04-12T12:00:00.000Z";"2026-04-12T12:15:00.000Z";758.5
"2026-04-12T12:15:00.000Z";"2026-04-12T12:30:00.000Z";731
"2026-04-12T12:30:00.000Z";"2026-04-12T12:45:00.000Z";703.4
"2026-04-12T12:45:00.000Z";"2026-04-12T13:00:00.000Z";675.9
"2026-04-12T13:00:00.000Z";"2026-04-12T13:15:00.000Z";635.2
"2026-04-12T13:15:00.000Z";"2026-04-12T13:30:00.000Z";598.5
"2026-04-12T13:30:00.000Z";"2026-04-12T13:45:00.000Z";561.8
"2026-04-12T13:45:00.000Z";"2026-04-12T14:00:00.000Z";525.2
"2026-04-12T14:00:00.000Z";"2026-04-12T14:15:00.000Z";486.5
"2026-04-12T14:15:00.000Z";"2026-04-12T14:30:00.000Z";444.8
"2026-04-12T14:30:00.000Z";"2026-04-12T14:45:00.000Z";403
"2026-04-12T14:45:00.000Z";"2026-04-12T15:00:00.000Z";361.2
"2026-04-12T15:00:00.000Z";"2026-04-12T15:15:00.000Z";309.4
"2026-04-12T15:15:00.000Z";"2026-04-12T15:30:00.000Z";267.1
"2026-04-12T15:30:00.000Z";"2026-04-12T15:45:00.000Z";224.8
"2026-04-12T15:45:00.000Z";"2026-04-12T16:00:00.000Z";182.5
"2026-04-12T16:00:00.000Z";"2026-04-12T16:15:00.000Z";131.6
"2026-04-12T16:15:00.000Z";"2026-04-12T16:30:00.000Z";100.9
"2026-04-12T16:30:00.000Z";"2026-04-12T16:45:00.000Z";70.1
"2026-04-12T16:45:00.000Z";"2026-04-12T17:00:00.000Z";39.4
"2026-04-12T17:00:00.000Z";"2026-04-12T17:15:00.000Z";0
"2026-04-12T17:15:00.000Z";"2026-04-12T17:30:00.000Z";0
"2026-04-12T17:30:00.000Z";"2026-04-12T17:45:00.000Z";0
"2026-04-12T17:45:00.000Z";"2026-04-12T18:00:00.000Z";0
"2026-04-12T18:00:00.000Z";"2026-04-12T18:15:00.000Z";0
"2026-04-12T18:15:00.000Z";"2026-04-12T18:30:00.000Z";0
"2026-04-12T18:30:00.000Z";"2026-04-12T18:45:00.000Z";0
"2026-04-12T18:45:00.000Z";"2026-04-12T19:00:00.000Z";0
"2026-04-12T19:00:00.000Z";"2026-04-12T19:15:00.000Z";0
"2026-04-12T19:15:00.000Z";"2026-04-12T19:30:00.000Z";0
"2026-04-12T19:30:00.000Z";"2026-04-12T19:45:00.000Z";0
"2026-04-12T19:45:00.000Z";"2026-04-12T20:00:00.000Z";0
"2026-04-12T20:00:00.000Z";"2026-04-12T20:15:00.000Z";0
"2026-04-12T20:15:00.000Z";"2026-04-12T20:30:00.000Z";0
"2026-04-12T20:30:00.000Z";"2026-04-12T20:45:00.000Z";0
"2026-04-12T20:45:00.000Z";"2026-04-12T21:00:00.000Z";0
"2026-04-12T21:00:00.000Z";"2026-04-12T21:15:00.000Z";0
"2026-04-12T21:15:00.000Z";"2026-04-12T21:30:00.000Z";0
"2026-04-12T21:30:00.000Z";"2026-04-12T21:45:00.000Z";0
"2026-04-12T21:45:00.000Z";"2026-04-12T22:00:00.000Z";0
"2026-04-12T22:00:00.000Z";"2026-04-12T22:15:00.000Z";0
"2026-04-12T22:15:00.000Z";"2026-04-12T22:30:00.000Z";0
"2026-04-12T22:30:00.000Z";"2026-04-12T22:45:00.000Z";0
"2026-04-12T22:45:00.000Z";"2026-04-12T23:00:00.000Z";0
"2026-04-12T23:00:00.000Z";"2026-04-12T23:15:00.000Z";0
"2026-04-12T23:15:00.000Z";"2026-04-12T23:30:00.000Z";0
"2026-04-12T23:30:00.000Z";"2026-04-12T23:45:00.000Z";0
"2026-04-12T23:45:00.000Z";"2026-04-13T00:00:00.000Z";0
"2026-04-13T00:00:00.000Z";"2026-04-13T00:15:00.000Z";0
"2026-04-13T00:15:00.000Z";"2026-04-13T00:30:00.000Z";0
"2026-04-13T00:30:00.000Z";"2026-04-13T00:45:00.000Z";0
"2026-04-13T00:45:00.000Z";"2026-04-13T01:00:00.000Z";0
"2026-04-13T01:00:00.000Z";"2026-04-13T01:15:00.000Z";0
"2026-04-13T01:15:00.000Z";"2026-04-13T01:30:00.000Z";0
"2026-04-13T01:30:00.000Z";"2026-04-13T01:45:00.000Z";0
"2026-04-13T01:45:00.000Z";"2026-04-13T02:00:00.000Z";0
"2026-04-13T02:00:00.000Z";"2026-04-13T02:15:00.000Z";0
"2026-04-13T02:15:00.000Z";"2026-04-13T02:30:00.000Z";0
"2026-04-13T02:30:00.000Z";"2026-04-13T02:45:00.000Z";0
"2026-04-13T02:45:00.000Z";"2026-04-13T03:00:00.000Z";0
"2026-04-13T03:00:00.000Z";"2026-04-13T03:15:00.000Z";1.5
"2026-04-13T03:15:00.000Z";"2026-04-13T03:30:00.000Z";23.2
"2026-04-13T03:30:00.000Z";"2026-04-13T03:45:00.000Z";44.9
"2026-04-13T03:45:00.000Z";"2026-04-13T04:00:00.000Z";66.5
"2026-04-13T04:00:00.000Z";"2026-04-13T04:15:00.000Z";113.2
"2026-04-13T04:15:00.000Z";"2026-04-13T04:30:00.000Z";153.4
"2026-04-13T04:30:00.000Z";"2026-04-13T04:45:00.000Z";193.5
"2026-04-13T04:45:00.000Z";"2026-04-13T05:00:00.000Z";233.7
"2026-04-13T05:00:00.000Z";"2026-04-13T05:15:00.000Z";287.7
"2026-04-13T05:15:00.000Z";"2026-04-13T05:30:00.000Z";332.7
"2026-04-13T05:30:00.000Z";"2026-04-13T05:45:00.000Z";377.8
"2026-04-13T05:45:00.000Z";"2026-04-13T06:00:00.000Z";422.8
"2026-04-13T06:00:00.000Z";"2026-04-13T06:15:00.000Z";471.3
"2026-04-13T06:15:00.000Z";"2026-04-13T06:30:00.000Z";513
"2026-04-13T06:30:00.000Z";"2026-04-13T06:45:00.000Z";554.7
"2026-04-13T06:45:00.000Z";"2026-04-13T07:00:00.000Z";596.4
"2026-04-13T07:00:00.000Z";"2026-04-13T07:15:00.000Z";639.8
"2026-04-13T07:15:00.000Z";"2026-04-13T07:30:00.000Z";672.5
"2026-04-13T07:30:00.000Z";"2026-04-13T07:45:00.000Z";705.3
"2026-04-13T07:45:00.000Z";"2026-04-13T08:00:00.000Z";738
"2026-04-13T08:00:00.000Z";"2026-04-13T08:15:00.000Z";766.6
"2026-04-13T08:15:00.000Z";"2026-04-13T08:30:00.000Z";786.1
"2026-04-13T08:30:00.000Z";"2026-04-13T08:45:00.000Z";805.6
"2026-04-13T08:45:00.000Z";"2026-04-13T09:00:00.000Z";825.2
"2026-04-13T09:00:00.000Z";"2026-04-13T09:15:00.000Z";840.5
"2026-04-13T09:15:00.000Z";"2026-04-13T09:30:00.000Z";849.7
"2026-04-13T09:30:00.000Z";"2026-04-13T09:45:00.000Z";849.7
"2026-04-13T09:45:00.000Z";"2026-04-13T10:00:00.000Z";840.5
"2026-04-13T10:00:00.000Z";"2026-04-13T10:15:00.000Z";832.1
"2026-04-13T10:15:00.000Z";"2026-04-13T10:30:00.000Z";824.6
"2026-04-13T10:30:00.000Z";"2026-04-13T10:45:00.000Z";819.7
"2026-04-13T10:45:00.000Z";"2026-04-13T11:00:00.000Z";812.2
"2026-04-13T11:00:00.000Z";"2026-04-13T11:15:00.000Z";812.2
"2026-04-13T11:15:00.000Z";"2026-04-13T11:30:00.000Z";792.8
"2026-04-13T11:30:00.000Z";"2026-04-13T11:45:00.000Z";773.4
"2026-04-13T11:45:00.000Z";"2026-04-13T12:00:00.000Z";754
"2026-04-13T12:00:00.000Z";"2026-04-13T12:15:00.000Z";710.4
"2026-04-13T12:15:00.000Z";"2026-04-13T12:30:00.000Z";681.4
"2026-04-13T12:30:00.000Z";"2026-04-13T12:45:00.000Z";652.5
"2026-04-13T12:45:00.000Z";"2026-04-13T13:00:00.000Z";623.5
"2026-04-13T13:00:00.000Z";"2026-04-13T13:15:00.000Z";603.7
"2026-04-13T13:15:00.000Z";"2026-04-13T13:30:00.000Z";568.9
"2026-04-13T13:30:00.000Z";"2026-04-13T13:45:00.000Z";534.1
"2026-04-13T13:45:00.000Z";"2026-04-13T14:00:00.000Z";499.2
"2026-04-13T14:00:00.000Z";"2026-04-13T14:15:00.000Z";449.5
"2026-04-13T14:15:00.000Z";"2026-04-13T14:30:00.000Z";408.7
"2026-04-13T14:30:00.000Z";"2026-04-13T14:45:00.000Z";367.9
"2026-04-13T14:45:00.000Z";"2026-04-13T15:00:00.000Z";327.2
"2026-04-13T15:00:00.000Z";"2026-04-13T15:15:00.000Z";282.8
"2026-04-13T15:15:00.000Z";"2026-04-13T15:30:00.000Z";244.5
"2026-04-13T15:30:00.000Z";"2026-04-13T15:45:00.000Z";206.2
"2026-04-13T15:45:00.000Z";"2026-04-13T16:00:00.000Z";167.9
"2026-04-13T16:00:00.000Z";"2026-04-13T16:15:00.000Z";123.8
"2026-04-13T16:15:00.000Z";"2026-04-13T16:30:00.000Z";95.8
"2026-04-13T16:30:00.000Z";"2026-04-13T16:45:00.000Z";67.8
"2026-04-13T16:45:00.000Z";"2026-04-13T17:00:00.000Z";39.9
"2026-04-13T17:00:00.000Z";"2026-04-13T17:15:00.000Z";3.3
"2026-04-13T17:15:00.000Z";"2026-04-13T17:30:00.000Z";2.2
"2026-04-13T17:30:00.000Z";"2026-04-13T17:45:00.000Z";1.1
"2026-04-13T17:45:00.000Z";"2026-04-13T18:00:00.000Z";0
"2026-04-13T18:00:00.000Z";"2026-04-13T18:15:00.000Z";0
"2026-04-13T18:15:00.000Z";"2026-04-13T18:30:00.000Z";0
"2026-04-13T18:30:00.000Z";"2026-04-13T18:45:00.000Z";0
"2026-04-13T18:45:00.000Z";"2026-04-13T19:00:00.000Z";0
"2026-04-13T19:00:00.000Z";"2026-04-13T19:15:00.000Z";0
"2026-04-13T19:15:00.000Z";"2026-04-13T19:30:00.000Z";0
"2026-04-13T19:30:00.000Z";"2026-04-13T19:45:00.000Z";0
"2026-04-13T19:45:00.000Z";"2026-04-13T20:00:00.000Z";0
"2026-04-13T20:00:00.000Z";"2026-04-13T20:15:00.000Z";0
"2026-04-13T20:15:00.000Z";"2026-04-13T20:30:00.000Z";0
"2026-04-13T20:30:00.000Z";"2026-04-13T20:45:00.000Z";0
"2026-04-13T20:45:00.000Z";"2026-04-13T21:00:00.000Z";0
"2026-04-13T21:00:00.000Z";"2026-04-13T21:15:00.000Z";0
"2026-04-13T21:15:00.000Z";"2026-04-13T21:30:00.000Z";0
"2026-04-13T21:30:00.000Z";"2026-04-13T21:45:00.000Z";0
"2026-04-13T21:45:00.000Z";"2026-04-13T22:00:00.000Z";0
"2026-04-13T22:00:00.000Z";"2026-04-13T22:15:00.000Z";0
"2026-04-13T22:15:00.000Z";"2026-04-13T22:30:00.000Z";0
"2026-04-13T22:30:00.000Z";"2026-04-13T22:45:00.000Z";0
"2026-04-13T22:45:00.000Z";"2026-04-13T23:00:00.000Z";0
"2026-04-13T23:00:00.000Z";"2026-04-13T23:15:00.000Z";0
"2026-04-13T23:15:00.000Z";"2026-04-13T23:30:00.000Z";0
"2026-04-13T23:30:00.000Z";"2026-04-13T23:45:00.000Z";0
"2026-04-13T23:45:00.000Z";"2026-04-14T00:00:00.000Z";0
"2026-04-14T00:00:00.000Z";"2026-04-14T00:15:00.000Z";0
"2026-04-14T00:15:00.000Z";"2026-04-14T00:30:00.000Z";0
"2026-04-14T00:30:00.000Z";"2026-04-14T00:45:00.000Z";0
"2026-04-14T00:45:00.000Z";"2026-04-14T01:00:00.000Z";0
"2026-04-14T01:00:00.000Z";"2026-04-14T01:15:00.000Z";0
"2026-04-14T01:15:00.000Z";"2026-04-14T01:30:00.000Z";0
"2026-04-14T01:30:00.000Z";"2026-04-14T01:45:00.000Z";0
"2026-04-14T01:45:00.000Z";"2026-04-14T02:00:00.000Z";0
"2026-04-14T02:00:00.000Z";"2026-04-14T02:15:00.000Z";0
"2026-04-14T02:15:00.000Z";"2026-04-14T02:30:00.000Z";0
"2026-04-14T02:30:00.000Z";"2026-04-14T02:45:00.000Z";0
"2026-04-14T02:45:00.000Z";"2026-04-14T03:00:00.000Z";0
"2026-04-14T03:00:00.000Z";"2026-04-14T03:15:00.000Z";5.6
"2026-04-14T03:15:00.000Z";"2026-04-14T03:30:00.000Z";28.8
"2026-04-14T03:30:00.000Z";"2026-04-14T03:45:00.000Z";52
"2026-04-14T03:45:00.000Z";"2026-04-14T04:00:00.000Z";75.2
"2026-04-14T04:00:00.000Z";"2026-04-14T04:15:00.000Z";122.9
"2026-04-14T04:15:00.000Z";"2026-04-14T04:30:00.000Z";164.6
"2026-04-14T04:30:00.000Z";"2026-04-14T04:45:00.000Z";206.3
"2026-04-14T04:45:00.000Z";"2026-04-14T05:00:00.000Z";248
"2026-04-14T05:00:00.000Z";"2026-04-14T05:15:00.000Z";304.6
"2026-04-14T05:15:00.000Z";"2026-04-14T05:30:00.000Z";351
"2026-04-14T05:30:00.000Z";"2026-04-14T05:45:00.000Z";397.4
"2026-04-14T05:45:00.000Z";"2026-04-14T06:00:00.000Z";443.8
"2026-04-14T06:00:00.000Z";"2026-04-14T06:15:00.000Z";494
"2026-04-14T06:15:00.000Z";"2026-04-14T06:30:00.000Z";535.8
"2026-04-14T06:30:00.000Z";"2026-04-14T06:45:00.000Z";577.6
"2026-04-14T06:45:00.000Z";"2026-04-14T07:00:00.000Z";619.4
"2026-04-14T07:00:00.000Z";"2026-04-14T07:15:00.000Z";661.2
"2026-04-14T07:15:00.000Z";"2026-04-14T07:30:00.000Z";692.9
"2026-04-14T07:30:00.000Z";"2026-04-14T07:45:00.000Z";724.5
"2026-04-14T07:45:00.000Z";"2026-04-14T08:00:00.000Z";756.2
"2026-04-14T08:00:00.000Z";"2026-04-14T08:15:00.000Z";782.6
"2026-04-14T08:15:00.000Z";"2026-04-14T08:30:00.000Z";800.8
"2026-04-14T08:30:00.000Z";"2026-04-14T08:45:00.000Z";819.1
"2026-04-14T08:45:00.000Z";"2026-04-14T09:00:00.000Z";837.4
"2026-04-14T09:00:00.000Z";"2026-04-14T09:15:00.000Z";854.6
"2026-04-14T09:15:00.000Z";"2026-04-14T09:30:00.000Z";855.5
"2026-04-14T09:30:00.000Z";"2026-04-14T09:45:00.000Z";855.5
"2026-04-14T09:45:00.000Z";"2026-04-14T10:00:00.000Z";854.6
"2026-04-14T10:00:00.000Z";"2026-04-14T10:15:00.000Z";854.6
"2026-04-14T10:15:00.000Z";"2026-04-14T10:30:00.000Z";853.2
"2026-04-14T10:30:00.000Z";"2026-04-14T10:45:00.000Z";852.2
"2026-04-14T10:45:00.000Z";"2026-04-14T11:00:00.000Z";850.8
"2026-04-14T11:00:00.000Z";"2026-04-14T11:15:00.000Z";813.4
"2026-04-14T11:15:00.000Z";"2026-04-14T11:30:00.000Z";792.8
"2026-04-14T11:30:00.000Z";"2026-04-14T11:45:00.000Z";772.1
"2026-04-14T11:45:00.000Z";"2026-04-14T12:00:00.000Z";751.5
"2026-04-14T12:00:00.000Z";"2026-04-14T12:15:00.000Z";728.8
"2026-04-14T12:15:00.000Z";"2026-04-14T12:30:00.000Z";701.4
"2026-04-14T12:30:00.000Z";"2026-04-14T12:45:00.000Z";674
"2026-04-14T12:45:00.000Z";"2026-04-14T13:00:00.000Z";646.5
"2026-04-14T13:00:00.000Z";"2026-04-14T13:15:00.000Z";614.2
"2026-04-14T13:15:00.000Z";"2026-04-14T13:30:00.000Z";580.1
"2026-04-14T13:30:00.000Z";"2026-04-14T13:45:00.000Z";546.1
"2026-04-14T13:45:00.000Z";"2026-04-14T14:00:00.000Z";512.1
"2026-04-14T14:00:00.000Z";"2026-04-14T14:15:00.000Z";475.8
"2026-04-14T14:15:00.000Z";"2026-04-14T14:30:00.000Z";435.6
"2026-04-14T14:30:00.000Z";"2026-04-14T14:45:00.000Z";395.5
"2026-04-14T14:45:00.000Z";"2026-04-14T15:00:00.000Z";355.3
"2026-04-14T15:00:00.000Z";"2026-04-14T15:15:00.000Z";302.1
"2026-04-14T15:15:00.000Z";"2026-04-14T15:30:00.000Z";261.7
"2026-04-14T15:30:00.000Z";"2026-04-14T15:45:00.000Z";221.4
"2026-04-14T15:45:00.000Z";"2026-04-14T16:00:00.000Z";181.1
"2026-04-14T16:00:00.000Z";"2026-04-14T16:15:00.000Z";138.2
"2026-04-14T16:15:00.000Z";"2026-04-14T16:30:00.000Z";108
"2026-04-14T16:30:00.000Z";"2026-04-14T16:45:00.000Z";77.8
"2026-04-14T16:45:00.000Z";"2026-04-14T17:00:00.000Z";47.6
"2026-04-14T17:00:00.000Z";"2026-04-14T17:15:00.000Z";0
"2026-04-14T17:15:00.000Z";"2026-04-14T17:30:00.000Z";0
"2026-04-14T17:30:00.000Z";"2026-04-14T17:45:00.000Z";0
"2026-04-14T17:45:00.000Z";"2026-04-14T18:00:00.000Z";0
"2026-04-14T18:00:00.000Z";"2026-04-14T18:15:00.000Z";0
"2026-04-14T18:15:00.000Z";"2026-04-14T18:30:00.000Z";0
"2026-04-14T18:30:00.000Z";"2026-04-14T18:45:00.000Z";0
"2026-04-14T18:45:00.000Z";"2026-04-14T19:00:00.000Z";0
"2026-04-14T19:00:00.000Z";"2026-04-14T19:15:00.000Z";0
"2026-04-14T19:15:00.000Z";"2026-04-14T19:30:00.000Z";0
"2026-04-14T19:30:00.000Z";"2026-04-14T19:45:00.000Z";0
"2026-04-14T19:45:00.000Z";"2026-04-14T20:00:00.000Z";0
"2026-04-14T20:00:00.000Z";"2026-04-14T20:15:00.000Z";0
"2026-04-14T20:15:00.000Z";"2026-04-14T20:30:00.000Z";0
"2026-04-14T20:30:00.000Z";"2026-04-14T20:45:00.000Z";0
"2026-04-14T20:45:00.000Z";"2026-04-14T21:00:00.000Z";0
"2026-04-14T21:00:00.000Z";"2026-04-14T21:15:00.000Z";0
"2026-04-14T21:15:00.000Z";"2026-04-14T21:30:00.000Z";0
"2026-04-14T21:30:00.000Z";"2026-04-14T21:45:00.000Z";0
"2026-04-14T21:45:00.000Z";"2026-04-14T22:00:00.000Z";0
"2026-04-14T22:00:00.000Z";"2026-04-14T22:15:00.000Z";0
"2026-04-14T22:15:00.000Z";"2026-04-14T22:30:00.000Z";0
"2026-04-14T22:30:00.000Z";"2026-04-14T22:45:00.000Z";0
"2026-04-14T22:45:00.000Z";"2026-04-14T23:00:00.000Z";0
"2026-04-14T23:00:00.000Z";"2026-04-14T23:15:00.000Z";0
"2026-04-14T23:15:00.000Z";"2026-04-14T23:30:00.000Z";0
"2026-04-14T23:30:00.000Z";"2026-04-14T23:45:00.000Z";0
"2026-04-14T23:45:00.000Z";"2026-04-15T00:00:00.000Z";0
"2026-04-15T00:00:00.000Z";"2026-04-15T00:15:00.000Z";0
"2026-04-15T00:15:00.000Z";"2026-04-15T00:30:00.000Z";0
"2026-04-15T00:30:00.000Z";"2026-04-15T00:45:00.000Z";0
"2026-04-15T00:45:00.000Z";"2026-04-15T01:00:00.000Z";0
"2026-04-15T01:00:00.000Z";"2026-04-15T01:15:00.000Z";0
"2026-04-15T01:15:00.000Z";"2026-04-15T01:30:00.000Z";0
"2026-04-15T01:30:00.000Z";"2026-04-15T01:45:00.000Z";0
"2026-04-15T01:45:00.000Z";"2026-04-15T02:00:00.000Z";0
"2026-04-15T02:00:00.000Z";"2026-04-15T02:15:00.000Z";0
"2026-04-15T02:15:00.000Z";"2026-04-15T02:30:00.000Z";0
"2026-04-15T02:30:00.000Z";"2026-04-15T02:45:00.000Z";0
"2026-04-15T02:45:00.000Z";"2026-04-15T03:00:00.000Z";0
"2026-04-15T03:00:00.000Z";"2026-04-15T03:15:00.000Z";2.8
"2026-04-15T03:15:00.000Z";"2026-04-15T03:30:00.000Z";21
"2026-04-15T03:30:00.000Z";"2026-04-15T03:45:00.000Z";39.2
"2026-04-15T03:45:00.000Z";"2026-04-15T04:00:00.000Z";57.4
"2026-04-15T04:00:00.000Z";"2026-04-15T04:15:00.000Z";97.1
"2026-04-15T04:15:00.000Z";"2026-04-15T04:30:00.000Z";129.4
"2026-04-15T04:30:00.000Z";"2026-04-15T04:45:00.000Z";161.7
"2026-04-15T04:45:00.000Z";"2026-04-15T05:00:00.000Z";194.1
"2026-04-15T05:00:00.000Z";"2026-04-15T05:15:00.000Z";234
"2026-04-15T05:15:00.000Z";"2026-04-15T05:30:00.000Z";270.5
"2026-04-15T05:30:00.000Z";"2026-04-15T05:45:00.000Z";307
"2026-04-15T05:45:00.000Z";"2026-04-15T06:00:00.000Z";343.5
"2026-04-15T06:00:00.000Z";"2026-04-15T06:15:00.000Z";387.8
"2026-04-15T06:15:00.000Z";"2026-04-15T06:30:00.000Z";420.9
"2026-04-15T06:30:00.000Z";"2026-04-15T06:45:00.000Z";454.1
"2026-04-15T06:45:00.000Z";"2026-04-15T07:00:00.000Z";487.2
"2026-04-15T07:00:00.000Z";"2026-04-15T07:15:00.000Z";515.5
"2026-04-15T07:15:00.000Z";"2026-04-15T07:30:00.000Z";541
"2026-04-15T07:30:00.000Z";"2026-04-15T07:45:00.000Z";566.6
"2026-04-15T07:45:00.000Z";"2026-04-15T08:00:00.000Z";592.1
"2026-04-15T08:00:00.000Z";"2026-04-15T08:15:00.000Z";612.2
"2026-04-15T08:15:00.000Z";"2026-04-15T08:30:00.000Z";631.9
"2026-04-15T08:30:00.000Z";"2026-04-15T08:45:00.000Z";651.6
"2026-04-15T08:45:00.000Z";"2026-04-15T09:00:00.000Z";671.4
"2026-04-15T09:00:00.000Z";"2026-04-15T09:15:00.000Z";703.4
"2026-04-15T09:15:00.000Z";"2026-04-15T09:30:00.000Z";709.5
"2026-04-15T09:30:00.000Z";"2026-04-15T09:45:00.000Z";713.6
"2026-04-15T09:45:00.000Z";"2026-04-15T10:00:00.000Z";719.7
"2026-04-15T10:00:00.000Z";"2026-04-15T10:15:00.000Z";719.7
"2026-04-15T10:15:00.000Z";"2026-04-15T10:30:00.000Z";723.8
"2026-04-15T10:30:00.000Z";"2026-04-15T10:45:00.000Z";723.8
"2026-04-15T10:45:00.000Z";"2026-04-15T11:00:00.000Z";719.7
"2026-04-15T11:00:00.000Z";"2026-04-15T11:15:00.000Z";695
"2026-04-15T11:15:00.000Z";"2026-04-15T11:30:00.000Z";680.8
"2026-04-15T11:30:00.000Z";"2026-04-15T11:45:00.000Z";666.6
"2026-04-15T11:45:00.000Z";"2026-04-15T12:00:00.000Z";652.4
"2026-04-15T12:00:00.000Z";"2026-04-15T12:15:00.000Z";636.3
"2026-04-15T12:15:00.000Z";"2026-04-15T12:30:00.000Z";617.6
"2026-04-15T12:30:00.000Z";"2026-04-15T12:45:00.000Z";598.9
"2026-04-15T12:45:00.000Z";"2026-04-15T13:00:00.000Z";580.3
"2026-04-15T13:00:00.000Z";"2026-04-15T13:15:00.000Z";567
"2026-04-15T13:15:00.000Z";"2026-04-15T13:30:00.000Z";538.6
"2026-04-15T13:30:00.000Z";"2026-04-15T13:45:00.000Z";510.2
"2026-04-15T13:45:00.000Z";"2026-04-15T14:00:00.000Z";481.7
"2026-04-15T14:00:00.000Z";"2026-04-15T14:15:00.000Z";436
"2026-04-15T14:15:00.000Z";"2026-04-15T14:30:00.000Z";399.1
"2026-04-15T14:30:00.000Z";"2026-04-15T14:45:00.000Z";362.3
"2026-04-15T14:45:00.000Z";"2026-04-15T15:00:00.000Z";325.5
"2026-04-15T15:00:00.000Z";"2026-04-15T15:15:00.000Z";284
"2026-04-15T15:15:00.000Z";"2026-04-15T15:30:00.000Z";247.9
"2026-04-15T15:30:00.000Z";"2026-04-15T15:45:00.000Z";211.7
"2026-04-15T15:45:00.000Z";"2026-04-15T16:00:00.000Z";175.6
"2026-04-15T16:00:00.000Z";"2026-04-15T16:15:00.000Z";134.3
"2026-04-15T16:15:00.000Z";"2026-04-15T16:30:00.000Z";106
"2026-04-15T16:30:00.000Z";"2026-04-15T16:45:00.000Z";77.6
"2026-04-15T16:45:00.000Z";"2026-04-15T17:00:00.000Z";49.3
"2026-04-15T17:00:00.000Z";"2026-04-15T17:15:00.000Z";6.3
"2026-04-15T17:15:00.000Z";"2026-04-15T17:30:00.000Z";4.2
"2026-04-15T17:30:00.000Z";"2026-04-15T17:45:00.000Z";2.1
"2026-04-15T17:45:00.000Z";"2026-04-15T18:00:00.000Z";0
"2026-04-15T18:00:00.000Z";"2026-04-15T18:15:00.000Z";0
"2026-04-15T18:15:00.000Z";"2026-04-15T18:30:00.000Z";0
"2026-04-15T18:30:00.000Z";"2026-04-15T18:45:00.000Z";0
"2026-04-15T18:45:00.000Z";"2026-04-15T19:00:00.000Z";0
"2026-04-15T19:00:00.000Z";"2026-04-15T19:15:00.000Z";0
"2026-04-15T19:15:00.000Z";"2026-04-15T19:30:00.000Z";0
"2026-04-15T19:30:00.000Z";"2026-04-15T19:45:00.000Z";0
"2026-04-15T19:45:00.000Z";"2026-04-15T20:00:00.000Z";0
"2026-04-15T20:00:00.000Z";"2026-04-15T20:15:00.000Z";0
"2026-04-15T20:15:00.000Z";"2026-04-15T20:30:00.000Z";0
"2026-04-15T20:30:00.000Z";"2026-04-15T20:45:00.000Z";0
"2026-04-15T20:45:00.000Z";"2026-04-15T21:00:00.000Z";0
"2026-04-15T21:00:00.000Z";"2026-04-15T21:15:00.000Z";0
"2026-04-15T21:15:00.000Z";"2026-04-15T21:30:00.000Z";0
"2026-04-15T21:30:00.000Z";"2026-04-15T21:45:00.000Z";0
"2026-04-15T21:45:00.000Z";"2026-04-15T22:00:00.000Z";0
"2026-04-15T22:00:00.000Z";"2026-04-15T22:15:00.000Z";0
"2026-04-15T22:15:00.000Z";"2026-04-15T22:30:00.000Z";0
"2026-04-15T22:30:00.000Z";"2026-04-15T22:45:00.000Z";0
"2026-04-15T22:45:00.000Z";"2026-04-15T23:00:00.000Z";0
"2026-04-15T23:00:00.000Z";"2026-04-15T23:15:00.000Z";0
"2026-04-15T23:15:00.000Z";"2026-04-15T23:30:00.000Z";0
"2026-04-15T23:30:00.000Z";"2026-04-15T23:45:00.000Z";0
"2026-04-15T23:45:00.000Z";"2026-04-16T00:00:00.000Z";0
"2026-04-16T00:00:00.000Z";"2026-04-16T00:15:00.000Z";0
"2026-04-16T00:15:00.000Z";"2026-04-16T00:30:00.000Z";0
"2026-04-16T00:30:00.000Z";"2026-04-16T00:45:00.000Z";0
"2026-04-16T00:45:00.000Z";"2026-04-16T01:00:00.000Z";0
"2026-04-16T01:00:00.000Z";"2026-04-16T01:15:00.000Z";0
"2026-04-16T01:15:00.000Z";"2026-04-16T01:30:00.000Z";0
"2026-04-16T01:30:00.000Z";"2026-04-16T01:45:00.000Z";0
"2026-04-16T01:45:00.000Z";"2026-04-16T02:00:00.000Z";0
"2026-04-16T02:00:00.000Z";"2026-04-16T02:15:00.000Z";0
"2026-04-16T02:15:00.000Z";"2026-04-16T02:30:00.000Z";0
"2026-04-16T02:30:00.000Z";"2026-04-16T02:45:00.000Z";0
"2026-04-16T02:45:00.000Z";"2026-04-16T03:00:00.000Z";0
"2026-04-16T03:00:00.000Z";"2026-04-16T03:15:00.000Z";5
"2026-04-16T03:15:00.000Z";"2026-04-16T03:30:00.000Z";24.2
"2026-04-16T03:30:00.000Z";"2026-04-16T03:45:00.000Z";43.4
"2026-04-16T03:45:00.000Z";"2026-04-16T04:00:00.000Z";62.5
"2026-04-16T04:00:00.000Z";"2026-04-16T04:15:00.000Z";103.9
"2026-04-16T04:15:00.000Z";"2026-04-16T04:30:00.000Z";137
"2026-04-16T04:30:00.000Z";"2026-04-16T04:45:00.000Z";170
"2026-04-16T04:45:00.000Z";"2026-04-16T05:00:00.000Z";203
"2026-04-16T05:00:00.000Z";"2026-04-16T05:15:00.000Z";245.6
"2026-04-16T05:15:00.000Z";"2026-04-16T05:30:00.000Z";280.5
"2026-04-16T05:30:00.000Z";"2026-04-16T05:45:00.000Z";315.4
"2026-04-16T05:45:00.000Z";"2026-04-16T06:00:00.000Z";350.2
"2026-04-16T06:00:00.000Z";"2026-04-16T06:15:00.000Z";388.6
"2026-04-16T06:15:00.000Z";"2026-04-16T06:30:00.000Z";417.7
"2026-04-16T06:30:00.000Z";"2026-04-16T06:45:00.000Z";446.9
"2026-04-16T06:45:00.000Z";"2026-04-16T07:00:00.000Z";476.1
"2026-04-16T07:00:00.000Z";"2026-04-16T07:15:00.000Z";495.9
"2026-04-16T07:15:00.000Z";"2026-04-16T07:30:00.000Z";519.6
"2026-04-16T07:30:00.000Z";"2026-04-16T07:45:00.000Z";543.2
"2026-04-16T07:45:00.000Z";"2026-04-16T08:00:00.000Z";566.8
"2026-04-16T08:00:00.000Z";"2026-04-16T08:15:00.000Z";597.7
"2026-04-16T08:15:00.000Z";"2026-04-16T08:30:00.000Z";613.5
"2026-04-16T08:30:00.000Z";"2026-04-16T08:45:00.000Z";629.2
"2026-04-16T08:45:00.000Z";"2026-04-16T09:00:00.000Z";644.9
"2026-04-16T09:00:00.000Z";"2026-04-16T09:15:00.000Z";649.9
"2026-04-16T09:15:00.000Z";"2026-04-16T09:30:00.000Z";664.2
"2026-04-16T09:30:00.000Z";"2026-04-16T09:45:00.000Z";664.2
"2026-04-16T09:45:00.000Z";"2026-04-16T10:00:00.000Z";649.9
"2026-04-16T10:00:00.000Z";"2026-04-16T10:15:00.000Z";632.2
"2026-04-16T10:15:00.000Z";"2026-04-16T10:30:00.000Z";622
"2026-04-16T10:30:00.000Z";"2026-04-16T10:45:00.000Z";611.9
"2026-04-16T10:45:00.000Z";"2026-04-16T11:00:00.000Z";601.7
"2026-04-16T11:00:00.000Z";"2026-04-16T11:15:00.000Z";596.4
"2026-04-16T11:15:00.000Z";"2026-04-16T11:30:00.000Z";582.5
"2026-04-16T11:30:00.000Z";"2026-04-16T11:45:00.000Z";568.6
"2026-04-16T11:45:00.000Z";"2026-04-16T12:00:00.000Z";554.7
"2026-04-16T12:00:00.000Z";"2026-04-16T12:15:00.000Z";537
"2026-04-16T12:15:00.000Z";"2026-04-16T12:30:00.000Z";516.3
"2026-04-16T12:30:00.000Z";"2026-04-16T12:45:00.000Z";495.6
"2026-04-16T12:45:00.000Z";"2026-04-16T13:00:00.000Z";474.9
"2026-04-16T13:00:00.000Z";"2026-04-16T13:15:00.000Z";446.7
"2026-04-16T13:15:00.000Z";"2026-04-16T13:30:00.000Z";422.2
"2026-04-16T13:30:00.000Z";"2026-04-16T13:45:00.000Z";397.8
"2026-04-16T13:45:00.000Z";"2026-04-16T14:00:00.000Z";373.3
"2026-04-16T14:00:00.000Z";"2026-04-16T14:15:00.000Z";350.7
"2026-04-16T14:15:00.000Z";"2026-04-16T14:30:00.000Z";323.8
"2026-04-16T14:30:00.000Z";"2026-04-16T14:45:00.000Z";296.9
"2026-04-16T14:45:00.000Z";"2026-04-16T15:00:00.000Z";270
"2026-04-16T15:00:00.000Z";"2026-04-16T15:15:00.000Z";240
"2026-04-16T15:15:00.000Z";"2026-04-16T15:30:00.000Z";209.7
"2026-04-16T15:30:00.000Z";"2026-04-16T15:45:00.000Z";179.4
"2026-04-16T15:45:00.000Z";"2026-04-16T16:00:00.000Z";149.1
"2026-04-16T16:00:00.000Z";"2026-04-16T16:15:00.000Z";103.9
"2026-04-16T16:15:00.000Z";"2026-04-16T16:30:00.000Z";80
"2026-04-16T16:30:00.000Z";"2026-04-16T16:45:00.000Z";56.1
"2026-04-16T16:45:00.000Z";"2026-04-16T17:00:00.000Z";32.3
"2026-04-16T17:00:00.000Z";"2026-04-16T17:15:00.000Z";7
"2026-04-16T17:15:00.000Z";"2026-04-16T17:30:00.000Z";4.7
"2026-04-16T17:30:00.000Z";"2026-04-16T17:45:00.000Z";2.3
"2026-04-16T17:45:00.000Z";"2026-04-16T18:00:00.000Z";0
"2026-04-16T18:00:00.000Z";"2026-04-16T18:15:00.000Z";0
"2026-04-16T18:15:00.000Z";"2026-04-16T18:30:00.000Z";0
"2026-04-16T18:30:00.000Z";"2026-04-16T18:45:00.000Z";0
"2026-04-16T18:45:00.000Z";"2026-04-16T19:00:00.000Z";0
"2026-04-16T19:00:00.000Z";"2026-04-16T19:15:00.000Z";0
"2026-04-16T19:15:00.000Z";"2026-04-16T19:30:00.000Z";0
"2026-04-16T19:30:00.000Z";"2026-04-16T19:45:00.000Z";0
"2026-04-16T19:45:00.000Z";"2026-04-16T20:00:00.000Z";0
"2026-04-16T20:00:00.000Z";"2026-04-16T20:15:00.000Z";0
"2026-04-16T20:15:00.000Z";"2026-04-16T20:30:00.000Z";0
"2026-04-16T20:30:00.000Z";"2026-04-16T20:45:00.000Z";0
"2026-04-16T20:45:00.000Z";"2026-04-16T21:00:00.000Z";0
"2026-04-16T21:00:00.000Z";"2026-04-16T21:15:00.000Z";0
"2026-04-16T21:15:00.000Z";"2026-04-16T21:30:00.000Z";0
"2026-04-16T21:30:00.000Z";"2026-04-16T21:45:00.000Z";0
"2026-04-16T21:45:00.000Z";"2026-04-16T22:00:00.000Z";0
"2026-04-16T22:00:00.000Z";"2026-04-16T22:15:00.000Z";0
"2026-04-16T22:15:00.000Z";"2026-04-16T22:30:00.000Z";0
"2026-04-16T22:30:00.000Z";"2026-04-16T22:45:00.000Z";0
"2026-04-16T22:45:00.000Z";"2026-04-16T23:00:00.000Z";0
"2026-04-16T23:00:00.000Z";"2026-04-16T23:15:00.000Z";0
"2026-04-16T23:15:00.000Z";"2026-04-16T23:30:00.000Z";0
"2026-04-16T23:30:00.000Z";"2026-04-16T23:45:00.000Z";0
"2026-04-16T23:45:00.000Z";"2026-04-17T00:00:00.000Z";0
"2026-04-17T00:00:00.000Z";"2026-04-17T00:15:00.000Z";0
"2026-04-17T00:15:00.000Z";"2026-04-17T00:30:00.000Z";0
"2026-04-17T00:30:00.000Z";"2026-04-17T00:45:00.000Z";0
"2026-04-17T00:45:00.000Z";"2026-04-17T01:00:00.000Z";0
"2026-04-17T01:00:00.000Z";"2026-04-17T01:15:00.000Z";0
"2026-04-17T01:15:00.000Z";"2026-04-17T01:30:00.000Z";0
"2026-04-17T01:30:00.000Z";"2026-04-17T01:45:00.000Z";0
"2026-04-17T01:45:00.000Z";"2026-04-17T02:00:00.000Z";0
"2026-04-17T02:00:00.000Z";"2026-04-17T02:15:00.000Z";0
"2026-04-17T02:15:00.000Z";"2026-04-17T02:30:00.000Z";0
"2026-04-17T02:30:00.000Z";"2026-04-17T02:45:00.000Z";0
"2026-04-17T02:45:00.000Z";"2026-04-17T03:00:00.000Z";0
"2026-04-17T03:00:00.000Z";"2026-04-17T03:15:00.000Z";12.5
"2026-04-17T03:15:00.000Z";"2026-04-17T03:30:00.000Z";36.7
"2026-04-17T03:30:00.000Z";"2026-04-17T03:45:00.000Z";60.9
"2026-04-17T03:45:00.000Z";"2026-04-17T04:00:00.000Z";85.2
"2026-04-17T04:00:00.000Z";"2026-04-17T04:15:00.000Z";128.5
"2026-04-17T04:15:00.000Z";"2026-04-17T04:30:00.000Z";172
"2026-04-17T04:30:00.000Z";"2026-04-17T04:45:00.000Z";215.6
"2026-04-17T04:45:00.000Z";"2026-04-17T05:00:00.000Z";259.1
"2026-04-17T05:00:00.000Z";"2026-04-17T05:15:00.000Z";325
"2026-04-17T05:15:00.000Z";"2026-04-17T05:30:00.000Z";373.2
"2026-04-17T05:30:00.000Z";"2026-04-17T05:45:00.000Z";421.3
"2026-04-17T05:45:00.000Z";"2026-04-17T06:00:00.000Z";469.5
"2026-04-17T06:00:00.000Z";"2026-04-17T06:15:00.000Z";513.5
"2026-04-17T06:15:00.000Z";"2026-04-17T06:30:00.000Z";557.2
"2026-04-17T06:30:00.000Z";"2026-04-17T06:45:00.000Z";600.8
"2026-04-17T06:45:00.000Z";"2026-04-17T07:00:00.000Z";644.5
"2026-04-17T07:00:00.000Z";"2026-04-17T07:15:00.000Z";695.9
"2026-04-17T07:15:00.000Z";"2026-04-17T07:30:00.000Z";729.7
"2026-04-17T07:30:00.000Z";"2026-04-17T07:45:00.000Z";763.6
"2026-04-17T07:45:00.000Z";"2026-04-17T08:00:00.000Z";797.4
"2026-04-17T08:00:00.000Z";"2026-04-17T08:15:00.000Z";819.4
"2026-04-17T08:15:00.000Z";"2026-04-17T08:30:00.000Z";839.6
"2026-04-17T08:30:00.000Z";"2026-04-17T08:45:00.000Z";859.8
"2026-04-17T08:45:00.000Z";"2026-04-17T09:00:00.000Z";880
"2026-04-17T09:00:00.000Z";"2026-04-17T09:15:00.000Z";901.3
"2026-04-17T09:15:00.000Z";"2026-04-17T09:30:00.000Z";906.5
"2026-04-17T09:30:00.000Z";"2026-04-17T09:45:00.000Z";910
"2026-04-17T09:45:00.000Z";"2026-04-17T10:00:00.000Z";915.3
"2026-04-17T10:00:00.000Z";"2026-04-17T10:15:00.000Z";915.3
"2026-04-17T10:15:00.000Z";"2026-04-17T10:30:00.000Z";918.8
"2026-04-17T10:30:00.000Z";"2026-04-17T10:45:00.000Z";918.8
"2026-04-17T10:45:00.000Z";"2026-04-17T11:00:00.000Z";915.3
"2026-04-17T11:00:00.000Z";"2026-04-17T11:15:00.000Z";901.3
"2026-04-17T11:15:00.000Z";"2026-04-17T11:30:00.000Z";884.5
"2026-04-17T11:30:00.000Z";"2026-04-17T11:45:00.000Z";867.7
"2026-04-17T11:45:00.000Z";"2026-04-17T12:00:00.000Z";851
"2026-04-17T12:00:00.000Z";"2026-04-17T12:15:00.000Z";830
"2026-04-17T12:15:00.000Z";"2026-04-17T12:30:00.000Z";798.5
"2026-04-17T12:30:00.000Z";"2026-04-17T12:45:00.000Z";767
"2026-04-17T12:45:00.000Z";"2026-04-17T13:00:00.000Z";735.6
"2026-04-17T13:00:00.000Z";"2026-04-17T13:15:00.000Z";684.6
"2026-04-17T13:15:00.000Z";"2026-04-17T13:30:00.000Z";644.5
"2026-04-17T13:30:00.000Z";"2026-04-17T13:45:00.000Z";604.4
"2026-04-17T13:45:00.000Z";"2026-04-17T14:00:00.000Z";564.3
"2026-04-17T14:00:00.000Z";"2026-04-17T14:15:00.000Z";526.2
"2026-04-17T14:15:00.000Z";"2026-04-17T14:30:00.000Z";483.3
"2026-04-17T14:30:00.000Z";"2026-04-17T14:45:00.000Z";440.5
"2026-04-17T14:45:00.000Z";"2026-04-17T15:00:00.000Z";397.6
"2026-04-17T15:00:00.000Z";"2026-04-17T15:15:00.000Z";346.4
"2026-04-17T15:15:00.000Z";"2026-04-17T15:30:00.000Z";303.2
"2026-04-17T15:30:00.000Z";"2026-04-17T15:45:00.000Z";260
"2026-04-17T15:45:00.000Z";"2026-04-17T16:00:00.000Z";216.8
"2026-04-17T16:00:00.000Z";"2026-04-17T16:15:00.000Z";168
"2026-04-17T16:15:00.000Z";"2026-04-17T16:30:00.000Z";133.6
"2026-04-17T16:30:00.000Z";"2026-04-17T16:45:00.000Z";99.2
"2026-04-17T16:45:00.000Z";"2026-04-17T17:00:00.000Z";64.8
"2026-04-17T17:00:00.000Z";"2026-04-17T17:15:00.000Z";12.9
"2026-04-17T17:15:00.000Z";"2026-04-17T17:30:00.000Z";8.6
"2026-04-17T17:30:00.000Z";"2026-04-17T17:45:00.000Z";4.3
"2026-04-17T17:45:00.000Z";"2026-04-17T18:00:00.000Z";0
"2026-04-17T18:00:00.000Z";"2026-04-17T18:15:00.000Z";0
"2026-04-17T18:15:00.000Z";"2026-04-17T18:30:00.000Z";0
"2026-04-17T18:30:00.000Z";"2026-04-17T18:45:00.000Z";0
"2026-04-17T18:45:00.000Z";"2026-04-17T19:00:00.000Z";0
"2026-04-17T19:00:00.000Z";"2026-04-17T19:15:00.000Z";0
"2026-04-17T19:15:00.000Z";"2026-04-17T19:30:00.000Z";0
"2026-04-17T19:30:00.000Z";"2026-04-17T19:45:00.000Z";0
"2026-04-17T19:45:00.000Z";"2026-04-17T20:00:00.000Z";0
"2026-04-17T20:00:00.000Z";"2026-04-17T20:15:00.000Z";0
"2026-04-17T20:15:00.000Z";"2026-04-17T20:30:00.000Z";0
"2026-04-17T20:30:00.000Z";"2026-04-17T20:45:00.000Z";0
"2026-04-17T20:45:00.000Z";"2026-04-17T21:00:00.000Z";0
"2026-04-17T21:00:00.000Z";"2026-04-17T21:15:00.000Z";0
"2026-04-17T21:15:00.000Z";"2026-04-17T21:30:00.000Z";0
"2026-04-17T21:30:00.000Z";"2026-04-17T21:45:00.000Z";0
"2026-04-17T21:45:00.000Z";"2026-04-17T22:00:00.000Z";0
"2026-04-17T22:00:00.000Z";"2026-04-17T22:15:00.000Z";0
"2026-04-17T22:15:00.000Z";"2026-04-17T22:30:00.000Z";0
"2026-04-17T22:30:00.000Z";"2026-04-17T22:45:00.000Z";0
"2026-04-17T22:45:00.000Z";"2026-04-17T23:00:00.000Z";0
"2026-04-17T23:00:00.000Z";"2026-04-17T23:15:00.000Z";0
"2026-04-17T23:15:00.000Z";"2026-04-17T23:30:00.000Z";0
"2026-04-17T23:30:00.000Z";"2026-04-17T23:45:00.000Z";0
"2026-04-17T23:45:00.000Z";"2026-04-18T00:00:00.000Z";0
"2026-04-18T00:00:00.000Z";"2026-04-18T00:15:00.000Z";0
"2026-04-18T00:15:00.000Z";"2026-04-18T00:30:00.000Z";0
"2026-04-18T00:30:00.000Z";"2026-04-18T00:45:00.000Z";0
"2026-04-18T00:45:00.000Z";"2026-04-18T01:00:00.000Z";0
"2026-04-18T01:00:00.000Z";"2026-04-18T01:15:00.000Z";0
"2026-04-18T01:15:00.000Z";"2026-04-18T01:30:00.000Z";0
"2026-04-18T01:30:00.000Z";"2026-04-18T01:45:00.000Z";0
"2026-04-18T01:45:00.000Z";"2026-04-18T02:00:00.000Z";0
"2026-04-18T02:00:00.000Z";"2026-04-18T02:15:00.000Z";0
"2026-04-18T02:15:00.000Z";"2026-04-18T02:30:00.000Z";0
"2026-04-18T02:30:00.000Z";"2026-04-18T02:45:00.000Z";0
"2026-04-18T02:45:00.000Z";"2026-04-18T03:00:00.000Z";0
"2026-04-18T03:00:00.000Z";"2026-04-18T03:15:00.000Z";21.6
"2026-04-18T03:15:00.000Z";"2026-04-18T03:30:00.000Z";43.8
"2026-04-18T03:30:00.000Z";"2026-04-18T03:45:00.000Z";65.9
"2026-04-18T03:45:00.000Z";"2026-04-18T04:00:00.000Z";88.1
"2026-04-18T04:00:00.000Z";"2026-04-18T04:15:00.000Z";118.9
"2026-04-18T04:15:00.000Z";"2026-04-18T04:30:00.000Z";157.7
"2026-04-18T04:30:00.000Z";"2026-04-18T04:45:00.000Z";196.6
"2026-04-18T04:45:00.000Z";"2026-04-18T05:00:00.000Z";235.5
"2026-04-18T05:00:00.000Z";"2026-04-18T05:15:00.000Z";297.1
"2026-04-18T05:15:00.000Z";"2026-04-18T05:30:00.000Z";342.9
"2026-04-18T05:30:00.000Z";"2026-04-18T05:45:00.000Z";388.8
"2026-04-18T05:45:00.000Z";"2026-04-18T06:00:00.000Z";434.6
"2026-04-18T06:00:00.000Z";"2026-04-18T06:15:00.000Z";491.8
"2026-04-18T06:15:00.000Z";"2026-04-18T06:30:00.000Z";526.6
"2026-04-18T06:30:00.000Z";"2026-04-18T06:45:00.000Z";561.4
"2026-04-18T06:45:00.000Z";"2026-04-18T07:00:00.000Z";596.3
"2026-04-18T07:00:00.000Z";"2026-04-18T07:15:00.000Z";605.2
"2026-04-18T07:15:00.000Z";"2026-04-18T07:30:00.000Z";631.3
"2026-04-18T07:30:00.000Z";"2026-04-18T07:45:00.000Z";657.4
"2026-04-18T07:45:00.000Z";"2026-04-18T08:00:00.000Z";683.5
"2026-04-18T08:00:00.000Z";"2026-04-18T08:15:00.000Z";721.7
"2026-04-18T08:15:00.000Z";"2026-04-18T08:30:00.000Z";742.5
"2026-04-18T08:30:00.000Z";"2026-04-18T08:45:00.000Z";763.4
"2026-04-18T08:45:00.000Z";"2026-04-18T09:00:00.000Z";784.2
"2026-04-18T09:00:00.000Z";"2026-04-18T09:15:00.000Z";804.7
"2026-04-18T09:15:00.000Z";"2026-04-18T09:30:00.000Z";817.6
"2026-04-18T09:30:00.000Z";"2026-04-18T09:45:00.000Z";817.6
"2026-04-18T09:45:00.000Z";"2026-04-18T10:00:00.000Z";804.7
"2026-04-18T10:00:00.000Z";"2026-04-18T10:15:00.000Z";788.6
"2026-04-18T10:15:00.000Z";"2026-04-18T10:30:00.000Z";781.4
"2026-04-18T10:30:00.000Z";"2026-04-18T10:45:00.000Z";776.6
"2026-04-18T10:45:00.000Z";"2026-04-18T11:00:00.000Z";769.4
"2026-04-18T11:00:00.000Z";"2026-04-18T11:15:00.000Z";769.4
"2026-04-18T11:15:00.000Z";"2026-04-18T11:30:00.000Z";752.6
"2026-04-18T11:30:00.000Z";"2026-04-18T11:45:00.000Z";735.8
"2026-04-18T11:45:00.000Z";"2026-04-18T12:00:00.000Z";719.1
"2026-04-18T12:00:00.000Z";"2026-04-18T12:15:00.000Z";673.9
"2026-04-18T12:15:00.000Z";"2026-04-18T12:30:00.000Z";652.1
"2026-04-18T12:30:00.000Z";"2026-04-18T12:45:00.000Z";637.5
"2026-04-18T12:45:00.000Z";"2026-04-18T13:00:00.000Z";615.7
"2026-04-18T13:00:00.000Z";"2026-04-18T13:15:00.000Z";615.7
"2026-04-18T13:15:00.000Z";"2026-04-18T13:30:00.000Z";585.1
"2026-04-18T13:30:00.000Z";"2026-04-18T13:45:00.000Z";554.5
"2026-04-18T13:45:00.000Z";"2026-04-18T14:00:00.000Z";523.9
"2026-04-18T14:00:00.000Z";"2026-04-18T14:15:00.000Z";461.9
"2026-04-18T14:15:00.000Z";"2026-04-18T14:30:00.000Z";420.7
"2026-04-18T14:30:00.000Z";"2026-04-18T14:45:00.000Z";379.5
"2026-04-18T14:45:00.000Z";"2026-04-18T15:00:00.000Z";338.3
"2026-04-18T15:00:00.000Z";"2026-04-18T15:15:00.000Z";296
"2026-04-18T15:15:00.000Z";"2026-04-18T15:30:00.000Z";258.9
"2026-04-18T15:30:00.000Z";"2026-04-18T15:45:00.000Z";221.7
"2026-04-18T15:45:00.000Z";"2026-04-18T16:00:00.000Z";184.5
"2026-04-18T16:00:00.000Z";"2026-04-18T16:15:00.000Z";146.5
"2026-04-18T16:15:00.000Z";"2026-04-18T16:30:00.000Z";117.2
"2026-04-18T16:30:00.000Z";"2026-04-18T16:45:00.000Z";87.9
"2026-04-18T16:45:00.000Z";"2026-04-18T17:00:00.000Z";58.6
"2026-04-18T17:00:00.000Z";"2026-04-18T17:15:00.000Z";11.4
"2026-04-18T17:15:00.000Z";"2026-04-18T17:30:00.000Z";7.6
"2026-04-18T17:30:00.000Z";"2026-04-18T17:45:00.000Z";3.8
"2026-04-18T17:45:00.000Z";"2026-04-18T18:00:00.000Z";0
"2026-04-18T18:00:00.000Z";"2026-04-18T18:15:00.000Z";0
"2026-04-18T18:15:00.000Z";"2026-04-18T18:30:00.000Z";0
"2026-04-18T18:30:00.000Z";"2026-04-18T18:45:00.000Z";0
"2026-04-18T18:45:00.000Z";"2026-04-18T19:00:00.000Z";0
"2026-04-18T19:00:00.000Z";"2026-04-18T19:15:00.000Z";0
"2026-04-18T19:15:00.000Z";"2026-04-18T19:30:00.000Z";0
"2026-04-18T19:30:00.000Z";"2026-04-18T19:45:00.000Z";0
"2026-04-18T19:45:00.000Z";"2026-04-18T20:00:00.000Z";0
"2026-04-18T20:00:00.000Z";"2026-04-18T20:15:00.000Z";0
"2026-04-18T20:15:00.000Z";"2026-04-18T20:30:00.000Z";0
"2026-04-18T20:30:00.000Z";"2026-04-18T20:45:00.000Z";0
"2026-04-18T20:45:00.000Z";"2026-04-18T21:00:00.000Z";0
"2026-04-18T21:00:00.000Z";"2026-04-18T21:15:00.000Z";0
"2026-04-18T21:15:00.000Z";"2026-04-18T21:30:00.000Z";0
"2026-04-18T21:30:00.000Z";"2026-04-18T21:45:00.000Z";0
"2026-04-18T21:45:00.000Z";"2026-04-18T22:00:00.000Z";0
"2026-04-18T22:00:00.000Z";"2026-04-18T22:15:00.000Z";0
"2026-04-18T22:15:00.000Z";"2026-04-18T22:30:00.000Z";0
"2026-04-18T22:30:00.000Z";"2026-04-18T22:45:00.000Z";0
"2026-04-18T22:45:00.000Z";"2026-04-18T23:00:00.000Z";0
"2026-04-18T23:00:00.000Z";"2026-04-18T23:15:00.000Z";0
"2026-04-18T23:15:00.000Z";"2026-04-18T23:30:00.000Z";0
"2026-04-18T23:30:00.000Z";"2026-04-18T23:45:00.000Z";0
"2026-04-18T23:45:00.000Z";"2026-04-19T00:00:00.000Z";0
"2026-04-19T00:00:00.000Z";"2026-04-19T00:15:00.000Z";0
"2026-04-19T00:15:00.000Z";"2026-04-19T00:30:00.000Z";0
"2026-04-19T00:30:00.000Z";"2026-04-19T00:45:00.000Z";0
"2026-04-19T00:45:00.000Z";"2026-04-19T01:00:00.000Z";0
"2026-04-19T01:00:00.000Z";"2026-04-19T01:15:00.000Z";0
"2026-04-19T01:15:00.000Z";"2026-04-19T01:30:00.000Z";0
"2026-04-19T01:30:00.000Z";"2026-04-19T01:45:00.000Z";0
"2026-04-19T01:45:00.000Z";"2026-04-19T02:00:00.000Z";0
"2026-04-19T02:00:00.000Z";"2026-04-19T02:15:00.000Z";0
"2026-04-19T02:15:00.000Z";"2026-04-19T02:30:00.000Z";0
"2026-04-19T02:30:00.000Z";"2026-04-19T02:45:00.000Z";0
"2026-04-19T02:45:00.000Z";"2026-04-19T03:00:00.000Z";0
"2026-04-19T03:00:00.000Z";"2026-04-19T03:15:00.000Z";25.8
"2026-04-19T03:15:00.000Z";"2026-04-19T03:30:00.000Z";54.1
"2026-04-19T03:30:00.000Z";"2026-04-19T03:45:00.000Z";82.5
"2026-04-19T03:45:00.000Z";"2026-04-19T04:00:00.000Z";110.8
"2026-04-19T04:00:00.000Z";"2026-04-19T04:15:00.000Z";160.6
"2026-04-19T04:15:00.000Z";"2026-04-19T04:30:00.000Z";204.8
"2026-04-19T04:30:00.000Z";"2026-04-19T04:45:00.000Z";249
"2026-04-19T04:45:00.000Z";"2026-04-19T05:00:00.000Z";293.2
"2026-04-19T05:00:00.000Z";"2026-04-19T05:15:00.000Z";350.5
"2026-04-19T05:15:00.000Z";"2026-04-19T05:30:00.000Z";398.1
"2026-04-19T05:30:00.000Z";"2026-04-19T05:45:00.000Z";445.7
"2026-04-19T05:45:00.000Z";"2026-04-19T06:00:00.000Z";493.3
"2026-04-19T06:00:00.000Z";"2026-04-19T06:15:00.000Z";548.1
"2026-04-19T06:15:00.000Z";"2026-04-19T06:30:00.000Z";587.9
"2026-04-19T06:30:00.000Z";"2026-04-19T06:45:00.000Z";627.7
"2026-04-19T06:45:00.000Z";"2026-04-19T07:00:00.000Z";667.5
"2026-04-19T07:00:00.000Z";"2026-04-19T07:15:00.000Z";690.6
"2026-04-19T07:15:00.000Z";"2026-04-19T07:30:00.000Z";723.8
"2026-04-19T07:30:00.000Z";"2026-04-19T07:45:00.000Z";757.1
"2026-04-19T07:45:00.000Z";"2026-04-19T08:00:00.000Z";790.3
"2026-04-19T08:00:00.000Z";"2026-04-19T08:15:00.000Z";834.5
"2026-04-19T08:15:00.000Z";"2026-04-19T08:30:00.000Z";860.7
"2026-04-19T08:30:00.000Z";"2026-04-19T08:45:00.000Z";887
"2026-04-19T08:45:00.000Z";"2026-04-19T09:00:00.000Z";913.3
"2026-04-19T09:00:00.000Z";"2026-04-19T09:15:00.000Z";944.7
"2026-04-19T09:15:00.000Z";"2026-04-19T09:30:00.000Z";949.1
"2026-04-19T09:30:00.000Z";"2026-04-19T09:45:00.000Z";952.1
"2026-04-19T09:45:00.000Z";"2026-04-19T10:00:00.000Z";956.6
"2026-04-19T10:00:00.000Z";"2026-04-19T10:15:00.000Z";956.6
"2026-04-19T10:15:00.000Z";"2026-04-19T10:30:00.000Z";959.5
"2026-04-19T10:30:00.000Z";"2026-04-19T10:45:00.000Z";959.5
"2026-04-19T10:45:00.000Z";"2026-04-19T11:00:00.000Z";956.6
"2026-04-19T11:00:00.000Z";"2026-04-19T11:15:00.000Z";941.2
"2026-04-19T11:15:00.000Z";"2026-04-19T11:30:00.000Z";925
"2026-04-19T11:30:00.000Z";"2026-04-19T11:45:00.000Z";908.7
"2026-04-19T11:45:00.000Z";"2026-04-19T12:00:00.000Z";892.5
"2026-04-19T12:00:00.000Z";"2026-04-19T12:15:00.000Z";870.1
"2026-04-19T12:15:00.000Z";"2026-04-19T12:30:00.000Z";842.1
"2026-04-19T12:30:00.000Z";"2026-04-19T12:45:00.000Z";814.1
"2026-04-19T12:45:00.000Z";"2026-04-19T13:00:00.000Z";786
"2026-04-19T13:00:00.000Z";"2026-04-19T13:15:00.000Z";751.3
"2026-04-19T13:15:00.000Z";"2026-04-19T13:30:00.000Z";712.2
"2026-04-19T13:30:00.000Z";"2026-04-19T13:45:00.000Z";673
"2026-04-19T13:45:00.000Z";"2026-04-19T14:00:00.000Z";633.9
"2026-04-19T14:00:00.000Z";"2026-04-19T14:15:00.000Z";585
"2026-04-19T14:15:00.000Z";"2026-04-19T14:30:00.000Z";538.3
"2026-04-19T14:30:00.000Z";"2026-04-19T14:45:00.000Z";491.6
"2026-04-19T14:45:00.000Z";"2026-04-19T15:00:00.000Z";444.8
"2026-04-19T15:00:00.000Z";"2026-04-19T15:15:00.000Z";389.4
"2026-04-19T15:15:00.000Z";"2026-04-19T15:30:00.000Z";342.3
"2026-04-19T15:30:00.000Z";"2026-04-19T15:45:00.000Z";295.2
"2026-04-19T15:45:00.000Z";"2026-04-19T16:00:00.000Z";248.1
"2026-04-19T16:00:00.000Z";"2026-04-19T16:15:00.000Z";195.6
"2026-04-19T16:15:00.000Z";"2026-04-19T16:30:00.000Z";157.2
"2026-04-19T16:30:00.000Z";"2026-04-19T16:45:00.000Z";118.9
"2026-04-19T16:45:00.000Z";"2026-04-19T17:00:00.000Z";80.5
"2026-04-19T17:00:00.000Z";"2026-04-19T17:15:00.000Z";23.9
"2026-04-19T17:15:00.000Z";"2026-04-19T17:30:00.000Z";15.9
"2026-04-19T17:30:00.000Z";"2026-04-19T17:45:00.000Z";8
"2026-04-19T17:45:00.000Z";"2026-04-19T18:00:00.000Z";0
"2026-04-19T18:00:00.000Z";"2026-04-19T18:15:00.000Z";0
"2026-04-19T18:15:00.000Z";"2026-04-19T18:30:00.000Z";0
"2026-04-19T18:30:00.000Z";"2026-04-19T18:45:00.000Z";0
"2026-04-19T18:45:00.000Z";"2026-04-19T19:00:00.000Z";0
"2026-04-19T19:00:00.000Z";"2026-04-19T19:15:00.000Z";0
"2026-04-19T19:15:00.000Z";"2026-04-19T19:30:00.000Z";0
"2026-04-19T19:30:00.000Z";"2026-04-19T19:45:00.000Z";0
"2026-04-19T19:45:00.000Z";"2026-04-19T20:00:00.000Z";0
"2026-04-19T20:00:00.000Z";"2026-04-19T20:15:00.000Z";0
"2026-04-19T20:15:00.000Z";"2026-04-19T20:30:00.000Z";0
"2026-04-19T20:30:00.000Z";"2026-04-19T20:45:00.000Z";0
"2026-04-19T20:45:00.000Z";"2026-04-19T21:00:00.000Z";0
"2026-04-19T21:00:00.000Z";"2026-04-19T21:15:00.000Z";0
"2026-04-19T21:15:00.000Z";"2026-04-19T21:30:00.000Z";0
"2026-04-19T21:30:00.000Z";"2026-04-19T21:45:00.000Z";0
"2026-04-19T21:45:00.000Z";"2026-04-19T22:00:00.000Z";0
"2026-04-19T22:00:00.000Z";"2026-04-19T22:15:00.000Z";0
"2026-04-19T22:15:00.000Z";"2026-04-19T22:30:00.000Z";0
"2026-04-19T22:30:00.000Z";"2026-04-19T22:45:00.000Z";0
"2026-04-19T22:45:00.000Z";"2026-04-19T23:00:00.000Z";0
"2026-04-19T23:00:00.000Z";"2026-04-19T23:15:00.000Z";0
"2026-04-19T23:15:00.000Z";"2026-04-19T23:30:00.000Z";0
"2026-04-19T23:30:00.000Z";"2026-04-19T23:45:00.000Z";0
"2026-04-19T23:45:00.000Z";"2026-04-20T00:00:00.000Z";0
"2026-04-20T00:00:00.000Z";"2026-04-20T00:15:00.000Z";0
"2026-04-20T00:15:00.000Z";"2026-04-20T00:30:00.000Z";0
"2026-04-20T00:30:00.000Z";"2026-04-20T00:45:00.000Z";0
"2026-04-20T00:45:00.000Z";"2026-04-20T01:00:00.000Z";0
"2026-04-20T01:00:00.000Z";"2026-04-20T01:15:00.000Z";0
"2026-04-20T01:15:00.000Z";"2026-04-20T01:30:00.000Z";0
"2026-04-20T01:30:00.000Z";"2026-04-20T01:45:00.000Z";0
"2026-04-20T01:45:00.000Z";"2026-04-20T02:00:00.000Z";0
"2026-04-20T02:00:00.000Z";"2026-04-20T02:15:00.000Z";0
"2026-04-20T02:15:00.000Z";"2026-04-20T02:30:00.000Z";0.7
"2026-04-20T02:30:00.000Z";"2026-04-20T02:45:00.000Z";1.4
"2026-04-20T02:45:00.000Z";"2026-04-20T03:00:00.000Z";2
"2026-04-20T03:00:00.000Z";"2026-04-20T03:15:00.000Z";35.9
"2026-04-20T03:15:00.000Z";"2026-04-20T03:30:00.000Z";65.9
"2026-04-20T03:30:00.000Z";"2026-04-20T03:45:00.000Z";95.9
"2026-04-20T03:45:00.000Z";"2026-04-20T04:00:00.000Z";125.9
"2026-04-20T04:00:00.000Z";"2026-04-20T04:15:00.000Z";173.4
"2026-04-20T04:15:00.000Z";"2026-04-20T04:30:00.000Z";218.6
"2026-04-20T04:30:00.000Z";"2026-04-20T04:45:00.000Z";263.8
"2026-04-20T04:45:00.000Z";"2026-04-20T05:00:00.000Z";309.1
"2026-04-20T05:00:00.000Z";"2026-04-20T05:15:00.000Z";369
"2026-04-20T05:15:00.000Z";"2026-04-20T05:30:00.000Z";418.2
"2026-04-20T05:30:00.000Z";"2026-04-20T05:45:00.000Z";467.4
"2026-04-20T05:45:00.000Z";"2026-04-20T06:00:00.000Z";516.5
"2026-04-20T06:00:00.000Z";"2026-04-20T06:15:00.000Z";567.9
"2026-04-20T06:15:00.000Z";"2026-04-20T06:30:00.000Z";612.3
"2026-04-20T06:30:00.000Z";"2026-04-20T06:45:00.000Z";656.8
"2026-04-20T06:45:00.000Z";"2026-04-20T07:00:00.000Z";701.2
"2026-04-20T07:00:00.000Z";"2026-04-20T07:15:00.000Z";747
"2026-04-20T07:15:00.000Z";"2026-04-20T07:30:00.000Z";781.1
"2026-04-20T07:30:00.000Z";"2026-04-20T07:45:00.000Z";815.3
"2026-04-20T07:45:00.000Z";"2026-04-20T08:00:00.000Z";849.5
"2026-04-20T08:00:00.000Z";"2026-04-20T08:15:00.000Z";875.4
"2026-04-20T08:15:00.000Z";"2026-04-20T08:30:00.000Z";897
"2026-04-20T08:30:00.000Z";"2026-04-20T08:45:00.000Z";918.7
"2026-04-20T08:45:00.000Z";"2026-04-20T09:00:00.000Z";940.3
"2026-04-20T09:00:00.000Z";"2026-04-20T09:15:00.000Z";965.4
"2026-04-20T09:15:00.000Z";"2026-04-20T09:30:00.000Z";970
"2026-04-20T09:30:00.000Z";"2026-04-20T09:45:00.000Z";973
"2026-04-20T09:45:00.000Z";"2026-04-20T10:00:00.000Z";977.5
"2026-04-20T10:00:00.000Z";"2026-04-20T10:15:00.000Z";977.5
"2026-04-20T10:15:00.000Z";"2026-04-20T10:30:00.000Z";980.5
"2026-04-20T10:30:00.000Z";"2026-04-20T10:45:00.000Z";980.5
"2026-04-20T10:45:00.000Z";"2026-04-20T11:00:00.000Z";977.5
"2026-04-20T11:00:00.000Z";"2026-04-20T11:15:00.000Z";962.3
"2026-04-20T11:15:00.000Z";"2026-04-20T11:30:00.000Z";945
"2026-04-20T11:30:00.000Z";"2026-04-20T11:45:00.000Z";927.7
"2026-04-20T11:45:00.000Z";"2026-04-20T12:00:00.000Z";910.5
"2026-04-20T12:00:00.000Z";"2026-04-20T12:15:00.000Z";884.4
"2026-04-20T12:15:00.000Z";"2026-04-20T12:30:00.000Z";855.4
"2026-04-20T12:30:00.000Z";"2026-04-20T12:45:00.000Z";826.3
"2026-04-20T12:45:00.000Z";"2026-04-20T13:00:00.000Z";797.3
"2026-04-20T13:00:00.000Z";"2026-04-20T13:15:00.000Z";762.8
"2026-04-20T13:15:00.000Z";"2026-04-20T13:30:00.000Z";723.6
"2026-04-20T13:30:00.000Z";"2026-04-20T13:45:00.000Z";684.4
"2026-04-20T13:45:00.000Z";"2026-04-20T14:00:00.000Z";645.2
"2026-04-20T14:00:00.000Z";"2026-04-20T14:15:00.000Z";597
"2026-04-20T14:15:00.000Z";"2026-04-20T14:30:00.000Z";550.4
"2026-04-20T14:30:00.000Z";"2026-04-20T14:45:00.000Z";503.9
"2026-04-20T14:45:00.000Z";"2026-04-20T15:00:00.000Z";457.3
"2026-04-20T15:00:00.000Z";"2026-04-20T15:15:00.000Z";402.6
"2026-04-20T15:15:00.000Z";"2026-04-20T15:30:00.000Z";355.1
"2026-04-20T15:30:00.000Z";"2026-04-20T15:45:00.000Z";307.6
"2026-04-20T15:45:00.000Z";"2026-04-20T16:00:00.000Z";260.2
"2026-04-20T16:00:00.000Z";"2026-04-20T16:15:00.000Z";206.6
"2026-04-20T16:15:00.000Z";"2026-04-20T16:30:00.000Z";167.2
"2026-04-20T16:30:00.000Z";"2026-04-20T16:45:00.000Z";127.8
"2026-04-20T16:45:00.000Z";"2026-04-20T17:00:00.000Z";88.3
"2026-04-20T17:00:00.000Z";"2026-04-20T17:15:00.000Z";32
"2026-04-20T17:15:00.000Z";"2026-04-20T17:30:00.000Z";21.3
"2026-04-20T17:30:00.000Z";"2026-04-20T17:45:00.000Z";10.7
"2026-04-20T17:45:00.000Z";"2026-04-20T18:00:00.000Z";0
"2026-04-20T18:00:00.000Z";"2026-04-20T18:15:00.000Z";0
"2026-04-20T18:15:00.000Z";"2026-04-20T18:30:00.000Z";0
"2026-04-20T18:30:00.000Z";"2026-04-20T18:45:00.000Z";0
"2026-04-20T18:45:00.000Z";"2026-04-20T19:00:00.000Z";0
"2026-04-20T19:00:00.000Z";"2026-04-20T19:15:00.000Z";0
"2026-04-20T19:15:00.000Z";"2026-04-20T19:30:00.000Z";0
"2026-04-20T19:30:00.000Z";"2026-04-20T19:45:00.000Z";0
"2026-04-20T19:45:00.000Z";"2026-04-20T20:00:00.000Z";0
"2026-04-20T20:00:00.000Z";"2026-04-20T20:15:00.000Z";0
"2026-04-20T20:15:00.000Z";"2026-04-20T20:30:00.000Z";0
"2026-04-20T20:30:00.000Z";"2026-04-20T20:45:00.000Z";0
"2026-04-20T20:45:00.000Z";"2026-04-20T21:00:00.000Z";0
"2026-04-20T21:00:00.000Z";"2026-04-20T21:15:00.000Z";0
"2026-04-20T21:15:00.000Z";"2026-04-20T21:30:00.000Z";0
"2026-04-20T21:30:00.000Z";"2026-04-20T21:45:00.000Z";0
"2026-04-20T21:45:00.000Z";"2026-04-20T22:00:00.000Z";0
"2026-04-20T22:00:00.000Z";"2026-04-20T22:15:00.000Z";0
"2026-04-20T22:15:00.000Z";"2026-04-20T22:30:00.000Z";0
"2026-04-20T22:30:00.000Z";"2026-04-20T22:45:00.000Z";0
"2026-04-20T22:45:00.000Z";"2026-04-20T23:00:00.000Z";0
"2026-04-20T23:00:00.000Z";"2026-04-20T23:15:00.000Z";0
"2026-04-20T23:15:00.000Z";"2026-04-20T23:30:00.000Z";0
"2026-04-20T23:30:00.000Z";"2026-04-20T23:45:00.000Z";0
"2026-04-20T23:45:00.000Z";"2026-04-21T00:00:00.000Z";0
"2026-04-21T00:00:00.000Z";"2026-04-21T00:15:00.000Z";0
"2026-04-21T00:15:00.000Z";"2026-04-21T00:30:00.000Z";0
"2026-04-21T00:30:00.000Z";"2026-04-21T00:45:00.000Z";0
"2026-04-21T00:45:00.000Z";"2026-04-21T01:00:00.000Z";0
"2026-04-21T01:00:00.000Z";"2026-04-21T01:15:00.000Z";0
"2026-04-21T01:15:00.000Z";"2026-04-21T01:30:00.000Z";0
"2026-04-21T01:30:00.000Z";"2026-04-21T01:45:00.000Z";0
"2026-04-21T01:45:00.000Z";"2026-04-21T02:00:00.000Z";0
"2026-04-21T02:00:00.000Z";"2026-04-21T02:15:00.000Z";0
"2026-04-21T02:15:00.000Z";"2026-04-21T02:30:00.000Z";1.9
"2026-04-21T02:30:00.000Z";"2026-04-21T02:45:00.000Z";3.7
"2026-04-21T02:45:00.000Z";"2026-04-21T03:00:00.000Z";5.6
"2026-04-21T03:00:00.000Z";"2026-04-21T03:15:00.000Z";41.9
"2026-04-21T03:15:00.000Z";"2026-04-21T03:30:00.000Z";73.6
"2026-04-21T03:30:00.000Z";"2026-04-21T03:45:00.000Z";105.4
"2026-04-21T03:45:00.000Z";"2026-04-21T04:00:00.000Z";137.2
"2026-04-21T04:00:00.000Z";"2026-04-21T04:15:00.000Z";189.2
"2026-04-21T04:15:00.000Z";"2026-04-21T04:30:00.000Z";234.4
"2026-04-21T04:30:00.000Z";"2026-04-21T04:45:00.000Z";279.7
"2026-04-21T04:45:00.000Z";"2026-04-21T05:00:00.000Z";324.9
"2026-04-21T05:00:00.000Z";"2026-04-21T05:15:00.000Z";379.1
"2026-04-21T05:15:00.000Z";"2026-04-21T05:30:00.000Z";427.4
"2026-04-21T05:30:00.000Z";"2026-04-21T05:45:00.000Z";475.7
"2026-04-21T05:45:00.000Z";"2026-04-21T06:00:00.000Z";524.1
"2026-04-21T06:00:00.000Z";"2026-04-21T06:15:00.000Z";577.4
"2026-04-21T06:15:00.000Z";"2026-04-21T06:30:00.000Z";621.7
"2026-04-21T06:30:00.000Z";"2026-04-21T06:45:00.000Z";665.9
"2026-04-21T06:45:00.000Z";"2026-04-21T07:00:00.000Z";710.2
"2026-04-21T07:00:00.000Z";"2026-04-21T07:15:00.000Z";755.9
"2026-04-21T07:15:00.000Z";"2026-04-21T07:30:00.000Z";789
"2026-04-21T07:30:00.000Z";"2026-04-21T07:45:00.000Z";822.1
"2026-04-21T07:45:00.000Z";"2026-04-21T08:00:00.000Z";855.3
"2026-04-21T08:00:00.000Z";"2026-04-21T08:15:00.000Z";878.6
"2026-04-21T08:15:00.000Z";"2026-04-21T08:30:00.000Z";898.8
"2026-04-21T08:30:00.000Z";"2026-04-21T08:45:00.000Z";919
"2026-04-21T08:45:00.000Z";"2026-04-21T09:00:00.000Z";939.3
"2026-04-21T09:00:00.000Z";"2026-04-21T09:15:00.000Z";961.7
"2026-04-21T09:15:00.000Z";"2026-04-21T09:30:00.000Z";966
"2026-04-21T09:30:00.000Z";"2026-04-21T09:45:00.000Z";968.9
"2026-04-21T09:45:00.000Z";"2026-04-21T10:00:00.000Z";973.2
"2026-04-21T10:00:00.000Z";"2026-04-21T10:15:00.000Z";973.2
"2026-04-21T10:15:00.000Z";"2026-04-21T10:30:00.000Z";976.1
"2026-04-21T10:30:00.000Z";"2026-04-21T10:45:00.000Z";976.1
"2026-04-21T10:45:00.000Z";"2026-04-21T11:00:00.000Z";973.2
"2026-04-21T11:00:00.000Z";"2026-04-21T11:15:00.000Z";957.8
"2026-04-21T11:15:00.000Z";"2026-04-21T11:30:00.000Z";940.3
"2026-04-21T11:30:00.000Z";"2026-04-21T11:45:00.000Z";922.8
"2026-04-21T11:45:00.000Z";"2026-04-21T12:00:00.000Z";905.3
"2026-04-21T12:00:00.000Z";"2026-04-21T12:15:00.000Z";878.2
"2026-04-21T12:15:00.000Z";"2026-04-21T12:30:00.000Z";849.2
"2026-04-21T12:30:00.000Z";"2026-04-21T12:45:00.000Z";820.3
"2026-04-21T12:45:00.000Z";"2026-04-21T13:00:00.000Z";791.3
"2026-04-21T13:00:00.000Z";"2026-04-21T13:15:00.000Z";757.4
"2026-04-21T13:15:00.000Z";"2026-04-21T13:30:00.000Z";719
"2026-04-21T13:30:00.000Z";"2026-04-21T13:45:00.000Z";680.6
"2026-04-21T13:45:00.000Z";"2026-04-21T14:00:00.000Z";642.1
"2026-04-21T14:00:00.000Z";"2026-04-21T14:15:00.000Z";596
"2026-04-21T14:15:00.000Z";"2026-04-21T14:30:00.000Z";550.2
"2026-04-21T14:30:00.000Z";"2026-04-21T14:45:00.000Z";504.4
"2026-04-21T14:45:00.000Z";"2026-04-21T15:00:00.000Z";458.6
"2026-04-21T15:00:00.000Z";"2026-04-21T15:15:00.000Z";403.9
"2026-04-21T15:15:00.000Z";"2026-04-21T15:30:00.000Z";356.8
"2026-04-21T15:30:00.000Z";"2026-04-21T15:45:00.000Z";309.7
"2026-04-21T15:45:00.000Z";"2026-04-21T16:00:00.000Z";262.6
"2026-04-21T16:00:00.000Z";"2026-04-21T16:15:00.000Z";209.5
"2026-04-21T16:15:00.000Z";"2026-04-21T16:30:00.000Z";170.1
"2026-04-21T16:30:00.000Z";"2026-04-21T16:45:00.000Z";130.6
"2026-04-21T16:45:00.000Z";"2026-04-21T17:00:00.000Z";91.1
"2026-04-21T17:00:00.000Z";"2026-04-21T17:15:00.000Z";35.1
"2026-04-21T17:15:00.000Z";"2026-04-21T17:30:00.000Z";23.4
"2026-04-21T17:30:00.000Z";"2026-04-21T17:45:00.000Z";11.7
"2026-04-21T17:45:00.000Z";"2026-04-21T18:00:00.000Z";0
"2026-04-21T18:00:00.000Z";"2026-04-21T18:15:00.000Z";0
"2026-04-21T18:15:00.000Z";"2026-04-21T18:30:00.000Z";0
"2026-04-21T18:30:00.000Z";"2026-04-21T18:45:00.000Z";0
"2026-04-21T18:45:00.000Z";"2026-04-21T19:00:00.000Z";0
"2026-04-21T19:00:00.000Z";"2026-04-21T19:15:00.000Z";0
"2026-04-21T19:15:00.000Z";"2026-04-21T19:30:00.000Z";0
"2026-04-21T19:30:00.000Z";"2026-04-21T19:45:00.000Z";0
"2026-04-21T19:45:00.000Z";"2026-04-21T20:00:00.000Z";0
"2026-04-21T20:00:00.000Z";"2026-04-21T20:15:00.000Z";0
"2026-04-21T20:15:00.000Z";"2026-04-21T20:30:00.000Z";0
"2026-04-21T20:30:00.000Z";"2026-04-21T20:45:00.000Z";0
"2026-04-21T20:45:00.000Z";"2026-04-21T21:00:00.000Z";0
"2026-04-21T21:00:00.000Z";"2026-04-21T21:15:00.000Z";0
"2026-04-21T21:15:00.000Z";"2026-04-21T21:30:00.000Z";0
"2026-04-21T21:30:00.000Z";"2026-04-21T21:45:00.000Z";0
"2026-04-21T21:45:00.000Z";"2026-04-21T22:00:00.000Z";0
"2026-04-21T22:00:00.000Z";"2026-04-21T22:15:00.000Z";0
"2026-04-21T22:15:00.000Z";"2026-04-21T22:30:00.000Z";0
"2026-04-21T22:30:00.000Z";"2026-04-21T22:45:00.000Z";0
"2026-04-21T22:45:00.000Z";"2026-04-21T23:00:00.000Z";0
"2026-04-21T23:00:00.000Z";"2026-04-21T23:15:00.000Z";0
"2026-04-21T23:15:00.000Z";"2026-04-21T23:30:00.000Z";0
"2026-04-21T23:30:00.000Z";"2026-04-21T23:45:00.000Z";0
"2026-04-21T23:45:00.000Z";"2026-04-22T00:00:00.000Z";0
"2026-04-22T00:00:00.000Z";"2026-04-22T00:15:00.000Z";0
"2026-04-22T00:15:00.000Z";"2026-04-22T00:30:00.000Z";0
"2026-04-22T00:30:00.000Z";"2026-04-22T00:45:00.000Z";0
"2026-04-22T00:45:00.000Z";"2026-04-22T01:00:00.000Z";0
"2026-04-22T01:00:00.000Z";"2026-04-22T01:15:00.000Z";0
"2026-04-22T01:15:00.000Z";"2026-04-22T01:30:00.000Z";0
"2026-04-22T01:30:00.000Z";"2026-04-22T01:45:00.000Z";0
"2026-04-22T01:45:00.000Z";"2026-04-22T02:00:00.000Z";0
"2026-04-22T02:00:00.000Z";"2026-04-22T02:15:00.000Z";0
"2026-04-22T02:15:00.000Z";"2026-04-22T02:30:00.000Z";0.8
"2026-04-22T02:30:00.000Z";"2026-04-22T02:45:00.000Z";1.6
"2026-04-22T02:45:00.000Z";"2026-04-22T03:00:00.000Z";2.4
"2026-04-22T03:00:00.000Z";"2026-04-22T03:15:00.000Z";37.2
"2026-04-22T03:15:00.000Z";"2026-04-22T03:30:00.000Z";62.1
"2026-04-22T03:30:00.000Z";"2026-04-22T03:45:00.000Z";87.1
"2026-04-22T03:45:00.000Z";"2026-04-22T04:00:00.000Z";112
"2026-04-22T04:00:00.000Z";"2026-04-22T04:15:00.000Z";150.3
"2026-04-22T04:15:00.000Z";"2026-04-22T04:30:00.000Z";183.8
"2026-04-22T04:30:00.000Z";"2026-04-22T04:45:00.000Z";217.3
"2026-04-22T04:45:00.000Z";"2026-04-22T05:00:00.000Z";250.8
"2026-04-22T05:00:00.000Z";"2026-04-22T05:15:00.000Z";284.8
"2026-04-22T05:15:00.000Z";"2026-04-22T05:30:00.000Z";323.3
"2026-04-22T05:30:00.000Z";"2026-04-22T05:45:00.000Z";361.8
"2026-04-22T05:45:00.000Z";"2026-04-22T06:00:00.000Z";400.3
"2026-04-22T06:00:00.000Z";"2026-04-22T06:15:00.000Z";464.6
"2026-04-22T06:15:00.000Z";"2026-04-22T06:30:00.000Z";494
"2026-04-22T06:30:00.000Z";"2026-04-22T06:45:00.000Z";523.3
"2026-04-22T06:45:00.000Z";"2026-04-22T07:00:00.000Z";552.6
"2026-04-22T07:00:00.000Z";"2026-04-22T07:15:00.000Z";556.5
"2026-04-22T07:15:00.000Z";"2026-04-22T07:30:00.000Z";570.2
"2026-04-22T07:30:00.000Z";"2026-04-22T07:45:00.000Z";583.9
"2026-04-22T07:45:00.000Z";"2026-04-22T08:00:00.000Z";597.6
"2026-04-22T08:00:00.000Z";"2026-04-22T08:15:00.000Z";618.1
"2026-04-22T08:15:00.000Z";"2026-04-22T08:30:00.000Z";618.1
"2026-04-22T08:30:00.000Z";"2026-04-22T08:45:00.000Z";618.1
"2026-04-22T08:45:00.000Z";"2026-04-22T09:00:00.000Z";618.1
"2026-04-22T09:00:00.000Z";"2026-04-22T09:15:00.000Z";618.1
"2026-04-22T09:15:00.000Z";"2026-04-22T09:30:00.000Z";622
"2026-04-22T09:30:00.000Z";"2026-04-22T09:45:00.000Z";625.9
"2026-04-22T09:45:00.000Z";"2026-04-22T10:00:00.000Z";629.8
"2026-04-22T10:00:00.000Z";"2026-04-22T10:15:00.000Z";660.5
"2026-04-22T10:15:00.000Z";"2026-04-22T10:30:00.000Z";667.9
"2026-04-22T10:30:00.000Z";"2026-04-22T10:45:00.000Z";667.9
"2026-04-22T10:45:00.000Z";"2026-04-22T11:00:00.000Z";660.5
"2026-04-22T11:00:00.000Z";"2026-04-22T11:15:00.000Z";657.1
"2026-04-22T11:15:00.000Z";"2026-04-22T11:30:00.000Z";649.4
"2026-04-22T11:30:00.000Z";"2026-04-22T11:45:00.000Z";641.7
"2026-04-22T11:45:00.000Z";"2026-04-22T12:00:00.000Z";634.1
"2026-04-22T12:00:00.000Z";"2026-04-22T12:15:00.000Z";627.4
"2026-04-22T12:15:00.000Z";"2026-04-22T12:30:00.000Z";611
"2026-04-22T12:30:00.000Z";"2026-04-22T12:45:00.000Z";594.5
"2026-04-22T12:45:00.000Z";"2026-04-22T13:00:00.000Z";578.1
"2026-04-22T13:00:00.000Z";"2026-04-22T13:15:00.000Z";556
"2026-04-22T13:15:00.000Z";"2026-04-22T13:30:00.000Z";528
"2026-04-22T13:30:00.000Z";"2026-04-22T13:45:00.000Z";500
"2026-04-22T13:45:00.000Z";"2026-04-22T14:00:00.000Z";471.9
"2026-04-22T14:00:00.000Z";"2026-04-22T14:15:00.000Z";428.9
"2026-04-22T14:15:00.000Z";"2026-04-22T14:30:00.000Z";395.4
"2026-04-22T14:30:00.000Z";"2026-04-22T14:45:00.000Z";361.8
"2026-04-22T14:45:00.000Z";"2026-04-22T15:00:00.000Z";328.3
"2026-04-22T15:00:00.000Z";"2026-04-22T15:15:00.000Z";294.1
"2026-04-22T15:15:00.000Z";"2026-04-22T15:30:00.000Z";261.8
"2026-04-22T15:30:00.000Z";"2026-04-22T15:45:00.000Z";229.6
"2026-04-22T15:45:00.000Z";"2026-04-22T16:00:00.000Z";197.4
"2026-04-22T16:00:00.000Z";"2026-04-22T16:15:00.000Z";163.2
"2026-04-22T16:15:00.000Z";"2026-04-22T16:30:00.000Z";135
"2026-04-22T16:30:00.000Z";"2026-04-22T16:45:00.000Z";106.8
"2026-04-22T16:45:00.000Z";"2026-04-22T17:00:00.000Z";78.6
"2026-04-22T17:00:00.000Z";"2026-04-22T17:15:00.000Z";40.1
"2026-04-22T17:15:00.000Z";"2026-04-22T17:30:00.000Z";26.7
"2026-04-22T17:30:00.000Z";"2026-04-22T17:45:00.000Z";13.4
"2026-04-22T17:45:00.000Z";"2026-04-22T18:00:00.000Z";0
"2026-04-22T18:00:00.000Z";"2026-04-22T18:15:00.000Z";0
"2026-04-22T18:15:00.000Z";"2026-04-22T18:30:00.000Z";0
"2026-04-22T18:30:00.000Z";"2026-04-22T18:45:00.000Z";0
"2026-04-22T18:45:00.000Z";"2026-04-22T19:00:00.000Z";0
"2026-04-22T19:00:00.000Z";"2026-04-22T19:15:00.000Z";0
"2026-04-22T19:15:00.000Z";"2026-04-22T19:30:00.000Z";0
"2026-04-22T19:30:00.000Z";"2026-04-22T19:45:00.000Z";0
"2026-04-22T19:45:00.000Z";"2026-04-22T20:00:00.000Z";0
"2026-04-22T20:00:00.000Z";"2026-04-22T20:15:00.000Z";0
"2026-04-22T20:15:00.000Z";"2026-04-22T20:30:00.000Z";0
"2026-04-22T20:30:00.000Z";"2026-04-22T20:45:00.000Z";0
"2026-04-22T20:45:00.000Z";"2026-04-22T21:00:00.000Z";0
"2026-04-22T21:00:00.000Z";"2026-04-22T21:15:00.000Z";0
"2026-04-22T21:15:00.000Z";"2026-04-22T21:30:00.000Z";0
"2026-04-22T21:30:00.000Z";"2026-04-22T21:45:00.000Z";0
"2026-04-22T21:45:00.000Z";"2026-04-22T22:00:00.000Z";0
"2026-04-22T22:00:00.000Z";"2026-04-22T22:15:00.000Z";0
"2026-04-22T22:15:00.000Z";"2026-04-22T22:30:00.000Z";0
"2026-04-22T22:30:00.000Z";"2026-04-22T22:45:00.000Z";0
"2026-04-22T22:45:00.000Z";"2026-04-22T23:00:00.000Z";0
"2026-04-22T23:00:00.000Z";"2026-04-22T23:15:00.000Z";0
"2026-04-22T23:15:00.000Z";"2026-04-22T23:30:00.000Z";0
"2026-04-22T23:30:00.000Z";"2026-04-22T23:45:00.000Z";0
"2026-04-22T23:45:00.000Z";"2026-04-23T00:00:00.000Z";0
"2026-04-23T00:00:00.000Z";"2026-04-23T00:15:00.000Z";0
"2026-04-23T00:15:00.000Z";"2026-04-23T00:30:00.000Z";0
"2026-04-23T00:30:00.000Z";"2026-04-23T00:45:00.000Z";0
"2026-04-23T00:45:00.000Z";"2026-04-23T01:00:00.000Z";0
"2026-04-23T01:00:00.000Z";"2026-04-23T01:15:00.000Z";0
"2026-04-23T01:15:00.000Z";"2026-04-23T01:30:00.000Z";0
"2026-04-23T01:30:00.000Z";"2026-04-23T01:45:00.000Z";0
"2026-04-23T01:45:00.000Z";"2026-04-23T02:00:00.000Z";0
"2026-04-23T02:00:00.000Z";"2026-04-23T02:15:00.000Z";0
"2026-04-23T02:15:00.000Z";"2026-04-23T02:30:00.000Z";0.5
"2026-04-23T02:30:00.000Z";"2026-04-23T02:45:00.000Z";0.9
"2026-04-23T02:45:00.000Z";"2026-04-23T03:00:00.000Z";1.4
"2026-04-23T03:00:00.000Z";"2026-04-23T03:15:00.000Z";48.6
"2026-04-23T03:15:00.000Z";"2026-04-23T03:30:00.000Z";80.6
"2026-04-23T03:30:00.000Z";"2026-04-23T03:45:00.000Z";112.6
"2026-04-23T03:45:00.000Z";"2026-04-23T04:00:00.000Z";144.7
"2026-04-23T04:00:00.000Z";"2026-04-23T04:15:00.000Z";192.3
"2026-04-23T04:15:00.000Z";"2026-04-23T04:30:00.000Z";235.3
"2026-04-23T04:30:00.000Z";"2026-04-23T04:45:00.000Z";278.4
"2026-04-23T04:45:00.000Z";"2026-04-23T05:00:00.000Z";321.4
"2026-04-23T05:00:00.000Z";"2026-04-23T05:15:00.000Z";373.6
"2026-04-23T05:15:00.000Z";"2026-04-23T05:30:00.000Z";418.5
"2026-04-23T05:30:00.000Z";"2026-04-23T05:45:00.000Z";463.3
"2026-04-23T05:45:00.000Z";"2026-04-23T06:00:00.000Z";508.2
"2026-04-23T06:00:00.000Z";"2026-04-23T06:15:00.000Z";554.6
"2026-04-23T06:15:00.000Z";"2026-04-23T06:30:00.000Z";595.3
"2026-04-23T06:30:00.000Z";"2026-04-23T06:45:00.000Z";636.1
"2026-04-23T06:45:00.000Z";"2026-04-23T07:00:00.000Z";676.9
"2026-04-23T07:00:00.000Z";"2026-04-23T07:15:00.000Z";720.7
"2026-04-23T07:15:00.000Z";"2026-04-23T07:30:00.000Z";751.6
"2026-04-23T07:30:00.000Z";"2026-04-23T07:45:00.000Z";782.6
"2026-04-23T07:45:00.000Z";"2026-04-23T08:00:00.000Z";813.6
"2026-04-23T08:00:00.000Z";"2026-04-23T08:15:00.000Z";835.9
"2026-04-23T08:15:00.000Z";"2026-04-23T08:30:00.000Z";854.3
"2026-04-23T08:30:00.000Z";"2026-04-23T08:45:00.000Z";872.6
"2026-04-23T08:45:00.000Z";"2026-04-23T09:00:00.000Z";891
"2026-04-23T09:00:00.000Z";"2026-04-23T09:15:00.000Z";909.1
"2026-04-23T09:15:00.000Z";"2026-04-23T09:30:00.000Z";918.7
"2026-04-23T09:30:00.000Z";"2026-04-23T09:45:00.000Z";918.7
"2026-04-23T09:45:00.000Z";"2026-04-23T10:00:00.000Z";909.1
"2026-04-23T10:00:00.000Z";"2026-04-23T10:15:00.000Z";904.7
"2026-04-23T10:15:00.000Z";"2026-04-23T10:30:00.000Z";894.8
"2026-04-23T10:30:00.000Z";"2026-04-23T10:45:00.000Z";885
"2026-04-23T10:45:00.000Z";"2026-04-23T11:00:00.000Z";875.2
"2026-04-23T11:00:00.000Z";"2026-04-23T11:15:00.000Z";865.8
"2026-04-23T11:15:00.000Z";"2026-04-23T11:30:00.000Z";845.4
"2026-04-23T11:30:00.000Z";"2026-04-23T11:45:00.000Z";825
"2026-04-23T11:45:00.000Z";"2026-04-23T12:00:00.000Z";804.6
"2026-04-23T12:00:00.000Z";"2026-04-23T12:15:00.000Z";773.1
"2026-04-23T12:15:00.000Z";"2026-04-23T12:30:00.000Z";742.2
"2026-04-23T12:30:00.000Z";"2026-04-23T12:45:00.000Z";711.3
"2026-04-23T12:45:00.000Z";"2026-04-23T13:00:00.000Z";680.4
"2026-04-23T13:00:00.000Z";"2026-04-23T13:15:00.000Z";643.9
"2026-04-23T13:15:00.000Z";"2026-04-23T13:30:00.000Z";606.7
"2026-04-23T13:30:00.000Z";"2026-04-23T13:45:00.000Z";569.5
"2026-04-23T13:45:00.000Z";"2026-04-23T14:00:00.000Z";532.2
"2026-04-23T14:00:00.000Z";"2026-04-23T14:15:00.000Z";487.8
"2026-04-23T14:15:00.000Z";"2026-04-23T14:30:00.000Z";448.6
"2026-04-23T14:30:00.000Z";"2026-04-23T14:45:00.000Z";409.5
"2026-04-23T14:45:00.000Z";"2026-04-23T15:00:00.000Z";370.4
"2026-04-23T15:00:00.000Z";"2026-04-23T15:15:00.000Z";331.3
"2026-04-23T15:15:00.000Z";"2026-04-23T15:30:00.000Z";293.8
"2026-04-23T15:30:00.000Z";"2026-04-23T15:45:00.000Z";256.2
"2026-04-23T15:45:00.000Z";"2026-04-23T16:00:00.000Z";218.7
"2026-04-23T16:00:00.000Z";"2026-04-23T16:15:00.000Z";177.5
"2026-04-23T16:15:00.000Z";"2026-04-23T16:30:00.000Z";145.1
"2026-04-23T16:30:00.000Z";"2026-04-23T16:45:00.000Z";112.7
"2026-04-23T16:45:00.000Z";"2026-04-23T17:00:00.000Z";80.2
"2026-04-23T17:00:00.000Z";"2026-04-23T17:15:00.000Z";30.9
"2026-04-23T17:15:00.000Z";"2026-04-23T17:30:00.000Z";20.6
"2026-04-23T17:30:00.000Z";"2026-04-23T17:45:00.000Z";10.3
"2026-04-23T17:45:00.000Z";"2026-04-23T18:00:00.000Z";0
"2026-04-23T18:00:00.000Z";"2026-04-23T18:15:00.000Z";0
"2026-04-23T18:15:00.000Z";"2026-04-23T18:30:00.000Z";0
"2026-04-23T18:30:00.000Z";"2026-04-23T18:45:00.000Z";0
"2026-04-23T18:45:00.000Z";"2026-04-23T19:00:00.000Z";0
"2026-04-23T19:00:00.000Z";"2026-04-23T19:15:00.000Z";0
"2026-04-23T19:15:00.000Z";"2026-04-23T19:30:00.000Z";0
"2026-04-23T19:30:00.000Z";"2026-04-23T19:45:00.000Z";0
"2026-04-23T19:45:00.000Z";"2026-04-23T20:00:00.000Z";0
"2026-04-23T20:00:00.000Z";"2026-04-23T20:15:00.000Z";0
"2026-04-23T20:15:00.000Z";"2026-04-23T20:30:00.000Z";0
"2026-04-23T20:30:00.000Z";"2026-04-23T20:45:00.000Z";0
"2026-04-23T20:45:00.000Z";"2026-04-23T21:00:00.000Z";0
"2026-04-23T21:00:00.000Z";"2026-04-23T21:15:00.000Z";0
"2026-04-23T21:15:00.000Z";"2026-04-23T21:30:00.000Z";0
"2026-04-23T21:30:00.000Z";"2026-04-23T21:45:00.000Z";0
"2026-04-23T21:45:00.000Z";"2026-04-23T22:00:00.000Z";0
"2026-04-23T22:00:00.000Z";"2026-04-23T22:15:00.000Z";0
"2026-04-23T22:15:00.000Z";"2026-04-23T22:30:00.000Z";0
"2026-04-23T22:30:00.000Z";"2026-04-23T22:45:00.000Z";0
"2026-04-23T22:45:00.000Z";"2026-04-23T23:00:00.000Z";0
"2026-04-23T23:00:00.000Z";"2026-04-23T23:15:00.000Z";0
"2026-04-23T23:15:00.000Z";"2026-04-23T23:30:00.000Z";0
"2026-04-23T23:30:00.000Z";"2026-04-23T23:45:00.000Z";0
"2026-04-23T23:45:00.000Z";"2026-04-24T00:00:00.000Z";0
"2026-04-24T00:00:00.000Z";"2026-04-24T00:15:00.000Z";0
"2026-04-24T00:15:00.000Z";"2026-04-24T00:30:00.000Z";0
"2026-04-24T00:30:00.000Z";"2026-04-24T00:45:00.000Z";0
"2026-04-24T00:45:00.000Z";"2026-04-24T01:00:00.000Z";0
"2026-04-24T01:00:00.000Z";"2026-04-24T01:15:00.000Z";0
"2026-04-24T01:15:00.000Z";"2026-04-24T01:30:00.000Z";0
"2026-04-24T01:30:00.000Z";"2026-04-24T01:45:00.000Z";0
"2026-04-24T01:45:00.000Z";"2026-04-24T02:00:00.000Z";0
"2026-04-24T02:00:00.000Z";"2026-04-24T02:15:00.000Z";0
"2026-04-24T02:15:00.000Z";"2026-04-24T02:30:00.000Z";0.8
"2026-04-24T02:30:00.000Z";"2026-04-24T02:45:00.000Z";1.7
"2026-04-24T02:45:00.000Z";"2026-04-24T03:00:00.000Z";2.5
"2026-04-24T03:00:00.000Z";"2026-04-24T03:15:00.000Z";41.6
"2026-04-24T03:15:00.000Z";"2026-04-24T03:30:00.000Z";68.2
"2026-04-24T03:30:00.000Z";"2026-04-24T03:45:00.000Z";94.7
"2026-04-24T03:45:00.000Z";"2026-04-24T04:00:00.000Z";121.3
"2026-04-24T04:00:00.000Z";"2026-04-24T04:15:00.000Z";152.2
"2026-04-24T04:15:00.000Z";"2026-04-24T04:30:00.000Z";193.4
"2026-04-24T04:30:00.000Z";"2026-04-24T04:45:00.000Z";234.7
"2026-04-24T04:45:00.000Z";"2026-04-24T05:00:00.000Z";275.9
"2026-04-24T05:00:00.000Z";"2026-04-24T05:15:00.000Z";336.3
"2026-04-24T05:15:00.000Z";"2026-04-24T05:30:00.000Z";386.2
"2026-04-24T05:30:00.000Z";"2026-04-24T05:45:00.000Z";436.2
"2026-04-24T05:45:00.000Z";"2026-04-24T06:00:00.000Z";486.1
"2026-04-24T06:00:00.000Z";"2026-04-24T06:15:00.000Z";543.9
"2026-04-24T06:15:00.000Z";"2026-04-24T06:30:00.000Z";590.4
"2026-04-24T06:30:00.000Z";"2026-04-24T06:45:00.000Z";636.9
"2026-04-24T06:45:00.000Z";"2026-04-24T07:00:00.000Z";683.4
"2026-04-24T07:00:00.000Z";"2026-04-24T07:15:00.000Z";731.1
"2026-04-24T07:15:00.000Z";"2026-04-24T07:30:00.000Z";765.8
"2026-04-24T07:30:00.000Z";"2026-04-24T07:45:00.000Z";800.5
"2026-04-24T07:45:00.000Z";"2026-04-24T08:00:00.000Z";835.2
"2026-04-24T08:00:00.000Z";"2026-04-24T08:15:00.000Z";855.1
"2026-04-24T08:15:00.000Z";"2026-04-24T08:30:00.000Z";879.1
"2026-04-24T08:30:00.000Z";"2026-04-24T08:45:00.000Z";903.1
"2026-04-24T08:45:00.000Z";"2026-04-24T09:00:00.000Z";927.1
"2026-04-24T09:00:00.000Z";"2026-04-24T09:15:00.000Z";974.3
"2026-04-24T09:15:00.000Z";"2026-04-24T09:30:00.000Z";976.1
"2026-04-24T09:30:00.000Z";"2026-04-24T09:45:00.000Z";976.1
"2026-04-24T09:45:00.000Z";"2026-04-24T10:00:00.000Z";974.3
"2026-04-24T10:00:00.000Z";"2026-04-24T10:15:00.000Z";974.3
"2026-04-24T10:15:00.000Z";"2026-04-24T10:30:00.000Z";971.5
"2026-04-24T10:30:00.000Z";"2026-04-24T10:45:00.000Z";969.7
"2026-04-24T10:45:00.000Z";"2026-04-24T11:00:00.000Z";967
"2026-04-24T11:00:00.000Z";"2026-04-24T11:15:00.000Z";932.4
"2026-04-24T11:15:00.000Z";"2026-04-24T11:30:00.000Z";912.1
"2026-04-24T11:30:00.000Z";"2026-04-24T11:45:00.000Z";891.9
"2026-04-24T11:45:00.000Z";"2026-04-24T12:00:00.000Z";871.7
"2026-04-24T12:00:00.000Z";"2026-04-24T12:15:00.000Z";852.4
"2026-04-24T12:15:00.000Z";"2026-04-24T12:30:00.000Z";823.4
"2026-04-24T12:30:00.000Z";"2026-04-24T12:45:00.000Z";794.3
"2026-04-24T12:45:00.000Z";"2026-04-24T13:00:00.000Z";765.3
"2026-04-24T13:00:00.000Z";"2026-04-24T13:15:00.000Z";730.8
"2026-04-24T13:15:00.000Z";"2026-04-24T13:30:00.000Z";690.1
"2026-04-24T13:30:00.000Z";"2026-04-24T13:45:00.000Z";649.4
"2026-04-24T13:45:00.000Z";"2026-04-24T14:00:00.000Z";608.6
"2026-04-24T14:00:00.000Z";"2026-04-24T14:15:00.000Z";552.2
"2026-04-24T14:15:00.000Z";"2026-04-24T14:30:00.000Z";506.1
"2026-04-24T14:30:00.000Z";"2026-04-24T14:45:00.000Z";459.9
"2026-04-24T14:45:00.000Z";"2026-04-24T15:00:00.000Z";413.8
"2026-04-24T15:00:00.000Z";"2026-04-24T15:15:00.000Z";365.3
"2026-04-24T15:15:00.000Z";"2026-04-24T15:30:00.000Z";322.2
"2026-04-24T15:30:00.000Z";"2026-04-24T15:45:00.000Z";279.2
"2026-04-24T15:45:00.000Z";"2026-04-24T16:00:00.000Z";236.1
"2026-04-24T16:00:00.000Z";"2026-04-24T16:15:00.000Z";190.9
"2026-04-24T16:15:00.000Z";"2026-04-24T16:30:00.000Z";156
"2026-04-24T16:30:00.000Z";"2026-04-24T16:45:00.000Z";121.1
"2026-04-24T16:45:00.000Z";"2026-04-24T17:00:00.000Z";86.1
"2026-04-24T17:00:00.000Z";"2026-04-24T17:15:00.000Z";42.5
"2026-04-24T17:15:00.000Z";"2026-04-24T17:30:00.000Z";28.3
"2026-04-24T17:30:00.000Z";"2026-04-24T17:45:00.000Z";14.2
"2026-04-24T17:45:00.000Z";"2026-04-24T18:00:00.000Z";0
"2026-04-24T18:00:00.000Z";"2026-04-24T18:15:00.000Z";0
"2026-04-24T18:15:00.000Z";"2026-04-24T18:30:00.000Z";0
"2026-04-24T18:30:00.000Z";"2026-04-24T18:45:00.000Z";0
"2026-04-24T18:45:00.000Z";"2026-04-24T19:00:00.000Z";0
"2026-04-24T19:00:00.000Z";"2026-04-24T19:15:00.000Z";0
"2026-04-24T19:15:00.000Z";"2026-04-24T19:30:00.000Z";0
"2026-04-24T19:30:00.000Z";"2026-04-24T19:45:00.000Z";0
"2026-04-24T19:45:00.000Z";"2026-04-24T20:00:00.000Z";0
"2026-04-24T20:00:00.000Z";"2026-04-24T20:15:00.000Z";0
"2026-04-24T20:15:00.000Z";"2026-04-24T20:30:00.000Z";0
"2026-04-24T20:30:00.000Z";"2026-04-24T20:45:00.000Z";0
"2026-04-24T20:45:00.000Z";"2026-04-24T21:00:00.000Z";0
"2026-04-24T21:00:00.000Z";"2026-04-24T21:15:00.000Z";0
"2026-04-24T21:15:00.000Z";"2026-04-24T21:30:00.000Z";0
"2026-04-24T21:30:00.000Z";"2026-04-24T21:45:00.000Z";0
"2026-04-24T21:45:00.000Z";"2026-04-24T22:00:00.000Z";0
"2026-04-24T22:00:00.000Z";"2026-04-24T22:15:00.000Z";0
"2026-04-24T22:15:00.000Z";"2026-04-24T22:30:00.000Z";0
"2026-04-24T22:30:00.000Z";"2026-04-24T22:45:00.000Z";0
"2026-04-24T22:45:00.000Z";"2026-04-24T23:00:00.000Z";0
"2026-04-24T23:00:00.000Z";"2026-04-24T23:15:00.000Z";0
"2026-04-24T23:15:00.000Z";"2026-04-24T23:30:00.000Z";0
"2026-04-24T23:30:00.000Z";"2026-04-24T23:45:00.000Z";0
"2026-04-24T23:45:00.000Z";"2026-04-25T00:00:00.000Z";0
"2026-04-25T00:00:00.000Z";"2026-04-25T00:15:00.000Z";0
"2026-04-25T00:15:00.000Z";"2026-04-25T00:30:00.000Z";0
"2026-04-25T00:30:00.000Z";"2026-04-25T00:45:00.000Z";0
"2026-04-25T00:45:00.000Z";"2026-04-25T01:00:00.000Z";0
"2026-04-25T01:00:00.000Z";"2026-04-25T01:15:00.000Z";0
"2026-04-25T01:15:00.000Z";"2026-04-25T01:30:00.000Z";0
"2026-04-25T01:30:00.000Z";"2026-04-25T01:45:00.000Z";0
"2026-04-25T01:45:00.000Z";"2026-04-25T02:00:00.000Z";0
"2026-04-25T02:00:00.000Z";"2026-04-25T02:15:00.000Z";0
"2026-04-25T02:15:00.000Z";"2026-04-25T02:30:00.000Z";1.5
"2026-04-25T02:30:00.000Z";"2026-04-25T02:45:00.000Z";3
"2026-04-25T02:45:00.000Z";"2026-04-25T03:00:00.000Z";4.4
"2026-04-25T03:00:00.000Z";"2026-04-25T03:15:00.000Z";16.4
"2026-04-25T03:15:00.000Z";"2026-04-25T03:30:00.000Z";32.6
"2026-04-25T03:30:00.000Z";"2026-04-25T03:45:00.000Z";48.9
"2026-04-25T03:45:00.000Z";"2026-04-25T04:00:00.000Z";65.1
"2026-04-25T04:00:00.000Z";"2026-04-25T04:15:00.000Z";96.5
"2026-04-25T04:15:00.000Z";"2026-04-25T04:30:00.000Z";120.3
"2026-04-25T04:30:00.000Z";"2026-04-25T04:45:00.000Z";144.1
"2026-04-25T04:45:00.000Z";"2026-04-25T05:00:00.000Z";167.8
"2026-04-25T05:00:00.000Z";"2026-04-25T05:15:00.000Z";197.6
"2026-04-25T05:15:00.000Z";"2026-04-25T05:30:00.000Z";219.8
"2026-04-25T05:30:00.000Z";"2026-04-25T05:45:00.000Z";242.1
"2026-04-25T05:45:00.000Z";"2026-04-25T06:00:00.000Z";264.3
"2026-04-25T06:00:00.000Z";"2026-04-25T06:15:00.000Z";283.6
"2026-04-25T06:15:00.000Z";"2026-04-25T06:30:00.000Z";301.1
"2026-04-25T06:30:00.000Z";"2026-04-25T06:45:00.000Z";318.7
"2026-04-25T06:45:00.000Z";"2026-04-25T07:00:00.000Z";336.2
"2026-04-25T07:00:00.000Z";"2026-04-25T07:15:00.000Z";350
"2026-04-25T07:15:00.000Z";"2026-04-25T07:30:00.000Z";364.1
"2026-04-25T07:30:00.000Z";"2026-04-25T07:45:00.000Z";378.3
"2026-04-25T07:45:00.000Z";"2026-04-25T08:00:00.000Z";392.5
"2026-04-25T08:00:00.000Z";"2026-04-25T08:15:00.000Z";403.2
"2026-04-25T08:15:00.000Z";"2026-04-25T08:30:00.000Z";416.6
"2026-04-25T08:30:00.000Z";"2026-04-25T08:45:00.000Z";430
"2026-04-25T08:45:00.000Z";"2026-04-25T09:00:00.000Z";443.4
"2026-04-25T09:00:00.000Z";"2026-04-25T09:15:00.000Z";467.7
"2026-04-25T09:15:00.000Z";"2026-04-25T09:30:00.000Z";489.2
"2026-04-25T09:30:00.000Z";"2026-04-25T09:45:00.000Z";489.2
"2026-04-25T09:45:00.000Z";"2026-04-25T10:00:00.000Z";467.7
"2026-04-25T10:00:00.000Z";"2026-04-25T10:15:00.000Z";427.1
"2026-04-25T10:15:00.000Z";"2026-04-25T10:30:00.000Z";422.2
"2026-04-25T10:30:00.000Z";"2026-04-25T10:45:00.000Z";422.2
"2026-04-25T10:45:00.000Z";"2026-04-25T11:00:00.000Z";427.1
"2026-04-25T11:00:00.000Z";"2026-04-25T11:15:00.000Z";434.3
"2026-04-25T11:15:00.000Z";"2026-04-25T11:30:00.000Z";439.2
"2026-04-25T11:30:00.000Z";"2026-04-25T11:45:00.000Z";439.2
"2026-04-25T11:45:00.000Z";"2026-04-25T12:00:00.000Z";434.3
"2026-04-25T12:00:00.000Z";"2026-04-25T12:15:00.000Z";385.4
"2026-04-25T12:15:00.000Z";"2026-04-25T12:30:00.000Z";375.8
"2026-04-25T12:30:00.000Z";"2026-04-25T12:45:00.000Z";369.3
"2026-04-25T12:45:00.000Z";"2026-04-25T13:00:00.000Z";359.7
"2026-04-25T13:00:00.000Z";"2026-04-25T13:15:00.000Z";359.7
"2026-04-25T13:15:00.000Z";"2026-04-25T13:30:00.000Z";346.9
"2026-04-25T13:30:00.000Z";"2026-04-25T13:45:00.000Z";334.1
"2026-04-25T13:45:00.000Z";"2026-04-25T14:00:00.000Z";321.4
"2026-04-25T14:00:00.000Z";"2026-04-25T14:15:00.000Z";301.6
"2026-04-25T14:15:00.000Z";"2026-04-25T14:30:00.000Z";280.8
"2026-04-25T14:30:00.000Z";"2026-04-25T14:45:00.000Z";259.9
"2026-04-25T14:45:00.000Z";"2026-04-25T15:00:00.000Z";239
"2026-04-25T15:00:00.000Z";"2026-04-25T15:15:00.000Z";207.8
"2026-04-25T15:15:00.000Z";"2026-04-25T15:30:00.000Z";185
"2026-04-25T15:30:00.000Z";"2026-04-25T15:45:00.000Z";162.2
"2026-04-25T15:45:00.000Z";"2026-04-25T16:00:00.000Z";139.3
"2026-04-25T16:00:00.000Z";"2026-04-25T16:15:00.000Z";116.1
"2026-04-25T16:15:00.000Z";"2026-04-25T16:30:00.000Z";97.1
"2026-04-25T16:30:00.000Z";"2026-04-25T16:45:00.000Z";78
"2026-04-25T16:45:00.000Z";"2026-04-25T17:00:00.000Z";59
"2026-04-25T17:00:00.000Z";"2026-04-25T17:15:00.000Z";37.6
"2026-04-25T17:15:00.000Z";"2026-04-25T17:30:00.000Z";26.7
"2026-04-25T17:30:00.000Z";"2026-04-25T17:45:00.000Z";15.8
"2026-04-25T17:45:00.000Z";"2026-04-25T18:00:00.000Z";4.8
"2026-04-25T18:00:00.000Z";"2026-04-25T18:15:00.000Z";0
"2026-04-25T18:15:00.000Z";"2026-04-25T18:30:00.000Z";0
"2026-04-25T18:30:00.000Z";"2026-04-25T18:45:00.000Z";0
"2026-04-25T18:45:00.000Z";"2026-04-25T19:00:00.000Z";0
"2026-04-25T19:00:00.000Z";"2026-04-25T19:15:00.000Z";0
"2026-04-25T19:15:00.000Z";"2026-04-25T19:30:00.000Z";0
"2026-04-25T19:30:00.000Z";"2026-04-25T19:45:00.000Z";0
"2026-04-25T19:45:00.000Z";"2026-04-25T20:00:00.000Z";0
"2026-04-25T20:00:00.000Z";"2026-04-25T20:15:00.000Z";0
"2026-04-25T20:15:00.000Z";"2026-04-25T20:30:00.000Z";0
"2026-04-25T20:30:00.000Z";"2026-04-25T20:45:00.000Z";0
"2026-04-25T20:45:00.000Z";"2026-04-25T21:00:00.000Z";0
"2026-04-25T21:00:00.000Z";"2026-04-25T21:15:00.000Z";0
"2026-04-25T21:15:00.000Z";"2026-04-25T21:30:00.000Z";0
"2026-04-25T21:30:00.000Z";"2026-04-25T21:45:00.000Z";0
"2026-04-25T21:45:00.000Z";"2026-04-25T22:00:00.000Z";0
"2026-04-25T22:00:00.000Z";"2026-04-25T22:15:00.000Z";0
"2026-04-25T22:15:00.000Z";"2026-04-25T22:30:00.000Z";0
"2026-04-25T22:30:00.000Z";"2026-04-25T22:45:00.000Z";0
"2026-04-25T22:45:00.000Z";"2026-04-25T23:00:00.000Z";0
"2026-04-25T23:00:00.000Z";"2026-04-25T23:15:00.000Z";0
"2026-04-25T23:15:00.000Z";"2026-04-25T23:30:00.000Z";0
"2026-04-25T23:30:00.000Z";"2026-04-25T23:45:00.000Z";0
"2026-04-25T23:45:00.000Z";"2026-04-26T00:00:00.000Z";0
"2026-04-26T00:00:00.000Z";"2026-04-26T00:15:00.000Z";0
"2026-04-26T00:15:00.000Z";"2026-04-26T00:30:00.000Z";0
"2026-04-26T00:30:00.000Z";"2026-04-26T00:45:00.000Z";0
"2026-04-26T00:45:00.000Z";"2026-04-26T01:00:00.000Z";0
"2026-04-26T01:00:00.000Z";"2026-04-26T01:15:00.000Z";0
"2026-04-26T01:15:00.000Z";"2026-04-26T01:30:00.000Z";0
"2026-04-26T01:30:00.000Z";"2026-04-26T01:45:00.000Z";0
"2026-04-26T01:45:00.000Z";"2026-04-26T02:00:00.000Z";0
"2026-04-26T02:00:00.000Z";"2026-04-26T02:15:00.000Z";0
"2026-04-26T02:15:00.000Z";"2026-04-26T02:30:00.000Z";3.3
"2026-04-26T02:30:00.000Z";"2026-04-26T02:45:00.000Z";6.6
"2026-04-26T02:45:00.000Z";"2026-04-26T03:00:00.000Z";9.9
"2026-04-26T03:00:00.000Z";"2026-04-26T03:15:00.000Z";56
"2026-04-26T03:15:00.000Z";"2026-04-26T03:30:00.000Z";89.4
"2026-04-26T03:30:00.000Z";"2026-04-26T03:45:00.000Z";122.7
"2026-04-26T03:45:00.000Z";"2026-04-26T04:00:00.000Z";156
"2026-04-26T04:00:00.000Z";"2026-04-26T04:15:00.000Z";201.1
"2026-04-26T04:15:00.000Z";"2026-04-26T04:30:00.000Z";248.2
"2026-04-26T04:30:00.000Z";"2026-04-26T04:45:00.000Z";295.3
"2026-04-26T04:45:00.000Z";"2026-04-26T05:00:00.000Z";342.4
"2026-04-26T05:00:00.000Z";"2026-04-26T05:15:00.000Z";407.9
"2026-04-26T05:15:00.000Z";"2026-04-26T05:30:00.000Z";457.9
"2026-04-26T05:30:00.000Z";"2026-04-26T05:45:00.000Z";507.9
"2026-04-26T05:45:00.000Z";"2026-04-26T06:00:00.000Z";557.9
"2026-04-26T06:00:00.000Z";"2026-04-26T06:15:00.000Z";611.8
"2026-04-26T06:15:00.000Z";"2026-04-26T06:30:00.000Z";651.8
"2026-04-26T06:30:00.000Z";"2026-04-26T06:45:00.000Z";691.8
"2026-04-26T06:45:00.000Z";"2026-04-26T07:00:00.000Z";731.8
"2026-04-26T07:00:00.000Z";"2026-04-26T07:15:00.000Z";766.6
"2026-04-26T07:15:00.000Z";"2026-04-26T07:30:00.000Z";790.8
"2026-04-26T07:30:00.000Z";"2026-04-26T07:45:00.000Z";815
"2026-04-26T07:45:00.000Z";"2026-04-26T08:00:00.000Z";839.2
"2026-04-26T08:00:00.000Z";"2026-04-26T08:15:00.000Z";848.1
"2026-04-26T08:15:00.000Z";"2026-04-26T08:30:00.000Z";859.6
"2026-04-26T08:30:00.000Z";"2026-04-26T08:45:00.000Z";871.2
"2026-04-26T08:45:00.000Z";"2026-04-26T09:00:00.000Z";882.8
"2026-04-26T09:00:00.000Z";"2026-04-26T09:15:00.000Z";890.2
"2026-04-26T09:15:00.000Z";"2026-04-26T09:30:00.000Z";900.8
"2026-04-26T09:30:00.000Z";"2026-04-26T09:45:00.000Z";900.8
"2026-04-26T09:45:00.000Z";"2026-04-26T10:00:00.000Z";890.2
"2026-04-26T10:00:00.000Z";"2026-04-26T10:15:00.000Z";885.8
"2026-04-26T10:15:00.000Z";"2026-04-26T10:30:00.000Z";874.7
"2026-04-26T10:30:00.000Z";"2026-04-26T10:45:00.000Z";863.6
"2026-04-26T10:45:00.000Z";"2026-04-26T11:00:00.000Z";852.5
"2026-04-26T11:00:00.000Z";"2026-04-26T11:15:00.000Z";823
"2026-04-26T11:15:00.000Z";"2026-04-26T11:30:00.000Z";810.9
"2026-04-26T11:30:00.000Z";"2026-04-26T11:45:00.000Z";802.9
"2026-04-26T11:45:00.000Z";"2026-04-26T12:00:00.000Z";790.8
"2026-04-26T12:00:00.000Z";"2026-04-26T12:15:00.000Z";790.8
"2026-04-26T12:15:00.000Z";"2026-04-26T12:30:00.000Z";769.2
"2026-04-26T12:30:00.000Z";"2026-04-26T12:45:00.000Z";747.6
"2026-04-26T12:45:00.000Z";"2026-04-26T13:00:00.000Z";726
"2026-04-26T13:00:00.000Z";"2026-04-26T13:15:00.000Z";686.5
"2026-04-26T13:15:00.000Z";"2026-04-26T13:30:00.000Z";651.5
"2026-04-26T13:30:00.000Z";"2026-04-26T13:45:00.000Z";616.5
"2026-04-26T13:45:00.000Z";"2026-04-26T14:00:00.000Z";581.5
"2026-04-26T14:00:00.000Z";"2026-04-26T14:15:00.000Z";537.3
"2026-04-26T14:15:00.000Z";"2026-04-26T14:30:00.000Z";498
"2026-04-26T14:30:00.000Z";"2026-04-26T14:45:00.000Z";458.8
"2026-04-26T14:45:00.000Z";"2026-04-26T15:00:00.000Z";419.5
"2026-04-26T15:00:00.000Z";"2026-04-26T15:15:00.000Z";376.8
"2026-04-26T15:15:00.000Z";"2026-04-26T15:30:00.000Z";338.9
"2026-04-26T15:30:00.000Z";"2026-04-26T15:45:00.000Z";301.1
"2026-04-26T15:45:00.000Z";"2026-04-26T16:00:00.000Z";263.2
"2026-04-26T16:00:00.000Z";"2026-04-26T16:15:00.000Z";227.9
"2026-04-26T16:15:00.000Z";"2026-04-26T16:30:00.000Z";193
"2026-04-26T16:30:00.000Z";"2026-04-26T16:45:00.000Z";158.1
"2026-04-26T16:45:00.000Z";"2026-04-26T17:00:00.000Z";123.2
"2026-04-26T17:00:00.000Z";"2026-04-26T17:15:00.000Z";73.9
"2026-04-26T17:15:00.000Z";"2026-04-26T17:30:00.000Z";52
"2026-04-26T17:30:00.000Z";"2026-04-26T17:45:00.000Z";30
"2026-04-26T17:45:00.000Z";"2026-04-26T18:00:00.000Z";8.1
"2026-04-26T18:00:00.000Z";"2026-04-26T18:15:00.000Z";0
"2026-04-26T18:15:00.000Z";"2026-04-26T18:30:00.000Z";0
"2026-04-26T18:30:00.000Z";"2026-04-26T18:45:00.000Z";0
"2026-04-26T18:45:00.000Z";"2026-04-26T19:00:00.000Z";0
"2026-04-26T19:00:00.000Z";"2026-04-26T19:15:00.000Z";0
"2026-04-26T19:15:00.000Z";"2026-04-26T19:30:00.000Z";0
"2026-04-26T19:30:00.000Z";"2026-04-26T19:45:00.000Z";0
"2026-04-26T19:45:00.000Z";"2026-04-26T20:00:00.000Z";0
"2026-04-26T20:00:00.000Z";"2026-04-26T20:15:00.000Z";0
"2026-04-26T20:15:00.000Z";"2026-04-26T20:30:00.000Z";0
"2026-04-26T20:30:00.000Z";"2026-04-26T20:45:00.000Z";0
"2026-04-26T20:45:00.000Z";"2026-04-26T21:00:00.000Z";0
"2026-04-26T21:00:00.000Z";"2026-04-26T21:15:00.000Z";0
"2026-04-26T21:15:00.000Z";"2026-04-26T21:30:00.000Z";0
"2026-04-26T21:30:00.000Z";"2026-04-26T21:45:00.000Z";0
"2026-04-26T21:45:00.000Z";"2026-04-26T22:00:00.000Z";0
"2026-04-26T22:00:00.000Z";"2026-04-26T22:15:00.000Z";0
"2026-04-26T22:15:00.000Z";"2026-04-26T22:30:00.000Z";0
"2026-04-26T22:30:00.000Z";"2026-04-26T22:45:00.000Z";0
"2026-04-26T22:45:00.000Z";"2026-04-26T23:00:00.000Z";0
"2026-04-26T23:00:00.000Z";"2026-04-26T23:15:00.000Z";0
"2026-04-26T23:15:00.000Z";"2026-04-26T23:30:00.000Z";0
"2026-04-26T23:30:00.000Z";"2026-04-26T23:45:00.000Z";0
"2026-04-26T23:45:00.000Z";"2026-04-27T00:00:00.000Z";0
"2026-04-27T00:00:00.000Z";"2026-04-27T00:15:00.000Z";0
"2026-04-27T00:15:00.000Z";"2026-04-27T00:30:00.000Z";0
"2026-04-27T00:30:00.000Z";"2026-04-27T00:45:00.000Z";0
"2026-04-27T00:45:00.000Z";"2026-04-27T01:00:00.000Z";0
"2026-04-27T01:00:00.000Z";"2026-04-27T01:15:00.000Z";0
"2026-04-27T01:15:00.000Z";"2026-04-27T01:30:00.000Z";0
"2026-04-27T01:30:00.000Z";"2026-04-27T01:45:00.000Z";0
"2026-04-27T01:45:00.000Z";"2026-04-27T02:00:00.000Z";0
"2026-04-27T02:00:00.000Z";"2026-04-27T02:15:00.000Z";0
"2026-04-27T02:15:00.000Z";"2026-04-27T02:30:00.000Z";4
"2026-04-27T02:30:00.000Z";"2026-04-27T02:45:00.000Z";8
"2026-04-27T02:45:00.000Z";"2026-04-27T03:00:00.000Z";12
"2026-04-27T03:00:00.000Z";"2026-04-27T03:15:00.000Z";57.2
"2026-04-27T03:15:00.000Z";"2026-04-27T03:30:00.000Z";92.4
"2026-04-27T03:30:00.000Z";"2026-04-27T03:45:00.000Z";127.5
"2026-04-27T03:45:00.000Z";"2026-04-27T04:00:00.000Z";162.6
"2026-04-27T04:00:00.000Z";"2026-04-27T04:15:00.000Z";216.8
"2026-04-27T04:15:00.000Z";"2026-04-27T04:30:00.000Z";263.6
"2026-04-27T04:30:00.000Z";"2026-04-27T04:45:00.000Z";310.5
"2026-04-27T04:45:00.000Z";"2026-04-27T05:00:00.000Z";357.3
"2026-04-27T05:00:00.000Z";"2026-04-27T05:15:00.000Z";409.2
"2026-04-27T05:15:00.000Z";"2026-04-27T05:30:00.000Z";459.4
"2026-04-27T05:30:00.000Z";"2026-04-27T05:45:00.000Z";509.6
"2026-04-27T05:45:00.000Z";"2026-04-27T06:00:00.000Z";559.8
"2026-04-27T06:00:00.000Z";"2026-04-27T06:15:00.000Z";622.2
"2026-04-27T06:15:00.000Z";"2026-04-27T06:30:00.000Z";666.4
"2026-04-27T06:30:00.000Z";"2026-04-27T06:45:00.000Z";710.6
"2026-04-27T06:45:00.000Z";"2026-04-27T07:00:00.000Z";754.9
"2026-04-27T07:00:00.000Z";"2026-04-27T07:15:00.000Z";800.6
"2026-04-27T07:15:00.000Z";"2026-04-27T07:30:00.000Z";825.7
"2026-04-27T07:30:00.000Z";"2026-04-27T07:45:00.000Z";850.9
"2026-04-27T07:45:00.000Z";"2026-04-27T08:00:00.000Z";876
"2026-04-27T08:00:00.000Z";"2026-04-27T08:15:00.000Z";877.2
"2026-04-27T08:15:00.000Z";"2026-04-27T08:30:00.000Z";885.5
"2026-04-27T08:30:00.000Z";"2026-04-27T08:45:00.000Z";893.9
"2026-04-27T08:45:00.000Z";"2026-04-27T09:00:00.000Z";902.2
"2026-04-27T09:00:00.000Z";"2026-04-27T09:15:00.000Z";902.6
"2026-04-27T09:15:00.000Z";"2026-04-27T09:30:00.000Z";907.4
"2026-04-27T09:30:00.000Z";"2026-04-27T09:45:00.000Z";907.4
"2026-04-27T09:45:00.000Z";"2026-04-27T10:00:00.000Z";902.6
"2026-04-27T10:00:00.000Z";"2026-04-27T10:15:00.000Z";902.5
"2026-04-27T10:15:00.000Z";"2026-04-27T10:30:00.000Z";896.2
"2026-04-27T10:30:00.000Z";"2026-04-27T10:45:00.000Z";889.9
"2026-04-27T10:45:00.000Z";"2026-04-27T11:00:00.000Z";883.6
"2026-04-27T11:00:00.000Z";"2026-04-27T11:15:00.000Z";878.1
"2026-04-27T11:15:00.000Z";"2026-04-27T11:30:00.000Z";862.5
"2026-04-27T11:30:00.000Z";"2026-04-27T11:45:00.000Z";846.8
"2026-04-27T11:45:00.000Z";"2026-04-27T12:00:00.000Z";831.2
"2026-04-27T12:00:00.000Z";"2026-04-27T12:15:00.000Z";808.2
"2026-04-27T12:15:00.000Z";"2026-04-27T12:30:00.000Z";781.3
"2026-04-27T12:30:00.000Z";"2026-04-27T12:45:00.000Z";754.4
"2026-04-27T12:45:00.000Z";"2026-04-27T13:00:00.000Z";727.5
"2026-04-27T13:00:00.000Z";"2026-04-27T13:15:00.000Z";689.6
"2026-04-27T13:15:00.000Z";"2026-04-27T13:30:00.000Z";656.1
"2026-04-27T13:30:00.000Z";"2026-04-27T13:45:00.000Z";622.6
"2026-04-27T13:45:00.000Z";"2026-04-27T14:00:00.000Z";589.1
"2026-04-27T14:00:00.000Z";"2026-04-27T14:15:00.000Z";555.5
"2026-04-27T14:15:00.000Z";"2026-04-27T14:30:00.000Z";518.3
"2026-04-27T14:30:00.000Z";"2026-04-27T14:45:00.000Z";481.1
"2026-04-27T14:45:00.000Z";"2026-04-27T15:00:00.000Z";443.8
"2026-04-27T15:00:00.000Z";"2026-04-27T15:15:00.000Z";401.3
"2026-04-27T15:15:00.000Z";"2026-04-27T15:30:00.000Z";361.4
"2026-04-27T15:30:00.000Z";"2026-04-27T15:45:00.000Z";321.6
"2026-04-27T15:45:00.000Z";"2026-04-27T16:00:00.000Z";281.8
"2026-04-27T16:00:00.000Z";"2026-04-27T16:15:00.000Z";237.2
"2026-04-27T16:15:00.000Z";"2026-04-27T16:30:00.000Z";199.9
"2026-04-27T16:30:00.000Z";"2026-04-27T16:45:00.000Z";162.6
"2026-04-27T16:45:00.000Z";"2026-04-27T17:00:00.000Z";125.3
"2026-04-27T17:00:00.000Z";"2026-04-27T17:15:00.000Z";77.1
"2026-04-27T17:15:00.000Z";"2026-04-27T17:30:00.000Z";54.5
"2026-04-27T17:30:00.000Z";"2026-04-27T17:45:00.000Z";31.8
"2026-04-27T17:45:00.000Z";"2026-04-27T18:00:00.000Z";9.1
"2026-04-27T18:00:00.000Z";"2026-04-27T18:15:00.000Z";0
"2026-04-27T18:15:00.000Z";"2026-04-27T18:30:00.000Z";0
"2026-04-27T18:30:00.000Z";"2026-04-27T18:45:00.000Z";0
"2026-04-27T18:45:00.000Z";"2026-04-27T19:00:00.000Z";0
"2026-04-27T19:00:00.000Z";"2026-04-27T19:15:00.000Z";0
"2026-04-27T19:15:00.000Z";"2026-04-27T19:30:00.000Z";0
"2026-04-27T19:30:00.000Z";"2026-04-27T19:45:00.000Z";0
"2026-04-27T19:45:00.000Z";"2026-04-27T20:00:00.000Z";0
"2026-04-27T20:00:00.000Z";"2026-04-27T20:15:00.000Z";0
"2026-04-27T20:15:00.000Z";"2026-04-27T20:30:00.000Z";0
"2026-04-27T20:30:00.000Z";"2026-04-27T20:45:00.000Z";0
"2026-04-27T20:45:00.000Z";"2026-04-27T21:00:00.000Z";0
"2026-04-27T21:00:00.000Z";"2026-04-27T21:15:00.000Z";0
"2026-04-27T21:15:00.000Z";"2026-04-27T21:30:00.000Z";0
"2026-04-27T21:30:00.000Z";"2026-04-27T21:45:00.000Z";0
"2026-04-27T21:45:00.000Z";"2026-04-27T22:00:00.000Z";0
"2026-04-27T22:00:00.000Z";"2026-04-27T22:15:00.000Z";0
"2026-04-27T22:15:00.000Z";"2026-04-27T22:30:00.000Z";0
"2026-04-27T22:30:00.000Z";"2026-04-27T22:45:00.000Z";0
"2026-04-27T22:45:00.000Z";"2026-04-27T23:00:00.000Z";0
"2026-04-27T23:00:00.000Z";"2026-04-27T23:15:00.000Z";0
"2026-04-27T23:15:00.000Z";"2026-04-27T23:30:00.000Z";0
"2026-04-27T23:30:00.000Z";"2026-04-27T23:45:00.000Z";0
"2026-04-27T23:45:00.000Z";"2026-04-28T00:00:00.000Z";0
"2026-04-28T00:00:00.000Z";"2026-04-28T00:15:00.000Z";0
"2026-04-28T00:15:00.000Z";"2026-04-28T00:30:00.000Z";0
"2026-04-28T00:30:00.000Z";"2026-04-28T00:45:00.000Z";0
"2026-04-28T00:45:00.000Z";"2026-04-28T01:00:00.000Z";0
"2026-04-28T01:00:00.000Z";"2026-04-28T01:15:00.000Z";0
"2026-04-28T01:15:00.000Z";"2026-04-28T01:30:00.000Z";0
"2026-04-28T01:30:00.000Z";"2026-04-28T01:45:00.000Z";0
"2026-04-28T01:45:00.000Z";"2026-04-28T02:00:00.000Z";0
"2026-04-28T02:00:00.000Z";"2026-04-28T02:15:00.000Z";0
"2026-04-28T02:15:00.000Z";"2026-04-28T02:30:00.000Z";7.4
"2026-04-28T02:30:00.000Z";"2026-04-28T02:45:00.000Z";14.9
"2026-04-28T02:45:00.000Z";"2026-04-28T03:00:00.000Z";22.3
"2026-04-28T03:00:00.000Z";"2026-04-28T03:15:00.000Z";73.6
"2026-04-28T03:15:00.000Z";"2026-04-28T03:30:00.000Z";111.4
"2026-04-28T03:30:00.000Z";"2026-04-28T03:45:00.000Z";149.2
"2026-04-28T03:45:00.000Z";"2026-04-28T04:00:00.000Z";187
"2026-04-28T04:00:00.000Z";"2026-04-28T04:15:00.000Z";241.4
"2026-04-28T04:15:00.000Z";"2026-04-28T04:30:00.000Z";289.5
"2026-04-28T04:30:00.000Z";"2026-04-28T04:45:00.000Z";337.7
"2026-04-28T04:45:00.000Z";"2026-04-28T05:00:00.000Z";385.8
"2026-04-28T05:00:00.000Z";"2026-04-28T05:15:00.000Z";447.1
"2026-04-28T05:15:00.000Z";"2026-04-28T05:30:00.000Z";492.6
"2026-04-28T05:30:00.000Z";"2026-04-28T05:45:00.000Z";538.1
"2026-04-28T05:45:00.000Z";"2026-04-28T06:00:00.000Z";583.6
"2026-04-28T06:00:00.000Z";"2026-04-28T06:15:00.000Z";618.8
"2026-04-28T06:15:00.000Z";"2026-04-28T06:30:00.000Z";658
"2026-04-28T06:30:00.000Z";"2026-04-28T06:45:00.000Z";697.1
"2026-04-28T06:45:00.000Z";"2026-04-28T07:00:00.000Z";736.3
"2026-04-28T07:00:00.000Z";"2026-04-28T07:15:00.000Z";828.5
"2026-04-28T07:15:00.000Z";"2026-04-28T07:30:00.000Z";828.5
"2026-04-28T07:30:00.000Z";"2026-04-28T07:45:00.000Z";828.5
"2026-04-28T07:45:00.000Z";"2026-04-28T08:00:00.000Z";828.5
"2026-04-28T08:00:00.000Z";"2026-04-28T08:15:00.000Z";828.5
"2026-04-28T08:15:00.000Z";"2026-04-28T08:30:00.000Z";839.9
"2026-04-28T08:30:00.000Z";"2026-04-28T08:45:00.000Z";847.4
"2026-04-28T08:45:00.000Z";"2026-04-28T09:00:00.000Z";858.8
"2026-04-28T09:00:00.000Z";"2026-04-28T09:15:00.000Z";897.4
"2026-04-28T09:15:00.000Z";"2026-04-28T09:30:00.000Z";924.2
"2026-04-28T09:30:00.000Z";"2026-04-28T09:45:00.000Z";924.2
"2026-04-28T09:45:00.000Z";"2026-04-28T10:00:00.000Z";897.4
"2026-04-28T10:00:00.000Z";"2026-04-28T10:15:00.000Z";830.9
"2026-04-28T10:15:00.000Z";"2026-04-28T10:30:00.000Z";830.9
"2026-04-28T10:30:00.000Z";"2026-04-28T10:45:00.000Z";830.9
"2026-04-28T10:45:00.000Z";"2026-04-28T11:00:00.000Z";830.9
"2026-04-28T11:00:00.000Z";"2026-04-28T11:15:00.000Z";830.9
"2026-04-28T11:15:00.000Z";"2026-04-28T11:30:00.000Z";829.1
"2026-04-28T11:30:00.000Z";"2026-04-28T11:45:00.000Z";827.3
"2026-04-28T11:45:00.000Z";"2026-04-28T12:00:00.000Z";825.5
"2026-04-28T12:00:00.000Z";"2026-04-28T12:15:00.000Z";794.7
"2026-04-28T12:15:00.000Z";"2026-04-28T12:30:00.000Z";771.9
"2026-04-28T12:30:00.000Z";"2026-04-28T12:45:00.000Z";749.1
"2026-04-28T12:45:00.000Z";"2026-04-28T13:00:00.000Z";726.2
"2026-04-28T13:00:00.000Z";"2026-04-28T13:15:00.000Z";699.6
"2026-04-28T13:15:00.000Z";"2026-04-28T13:30:00.000Z";663.6
"2026-04-28T13:30:00.000Z";"2026-04-28T13:45:00.000Z";627.6
"2026-04-28T13:45:00.000Z";"2026-04-28T14:00:00.000Z";591.5
"2026-04-28T14:00:00.000Z";"2026-04-28T14:15:00.000Z";534.2
"2026-04-28T14:15:00.000Z";"2026-04-28T14:30:00.000Z";493
"2026-04-28T14:30:00.000Z";"2026-04-28T14:45:00.000Z";451.8
"2026-04-28T14:45:00.000Z";"2026-04-28T15:00:00.000Z";410.6
"2026-04-28T15:00:00.000Z";"2026-04-28T15:15:00.000Z";374.7
"2026-04-28T15:15:00.000Z";"2026-04-28T15:30:00.000Z";335.6
"2026-04-28T15:30:00.000Z";"2026-04-28T15:45:00.000Z";296.6
"2026-04-28T15:45:00.000Z";"2026-04-28T16:00:00.000Z";257.5
"2026-04-28T16:00:00.000Z";"2026-04-28T16:15:00.000Z";211.2
"2026-04-28T16:15:00.000Z";"2026-04-28T16:30:00.000Z";177
"2026-04-28T16:30:00.000Z";"2026-04-28T16:45:00.000Z";142.8
"2026-04-28T16:45:00.000Z";"2026-04-28T17:00:00.000Z";108.5
"2026-04-28T17:00:00.000Z";"2026-04-28T17:15:00.000Z";71.8
"2026-04-28T17:15:00.000Z";"2026-04-28T17:30:00.000Z";52.1
"2026-04-28T17:30:00.000Z";"2026-04-28T17:45:00.000Z";32.4
"2026-04-28T17:45:00.000Z";"2026-04-28T18:00:00.000Z";12.7
"2026-04-28T18:00:00.000Z";"2026-04-28T18:15:00.000Z";4.5
"2026-04-28T18:15:00.000Z";"2026-04-28T18:30:00.000Z";3
"2026-04-28T18:30:00.000Z";"2026-04-28T18:45:00.000Z";1.5
"2026-04-28T18:45:00.000Z";"2026-04-28T19:00:00.000Z";0
"2026-04-28T19:00:00.000Z";"2026-04-28T19:15:00.000Z";0
"2026-04-28T19:15:00.000Z";"2026-04-28T19:30:00.000Z";0
"2026-04-28T19:30:00.000Z";"2026-04-28T19:45:00.000Z";0
"2026-04-28T19:45:00.000Z";"2026-04-28T20:00:00.000Z";0
"2026-04-28T20:00:00.000Z";"2026-04-28T20:15:00.000Z";0
"2026-04-28T20:15:00.000Z";"2026-04-28T20:30:00.000Z";0
"2026-04-28T20:30:00.000Z";"2026-04-28T20:45:00.000Z";0
"2026-04-28T20:45:00.000Z";"2026-04-28T21:00:00.000Z";0
"2026-04-28T21:00:00.000Z";"2026-04-28T21:15:00.000Z";0
"2026-04-28T21:15:00.000Z";"2026-04-28T21:30:00.000Z";0
"2026-04-28T21:30:00.000Z";"2026-04-28T21:45:00.000Z";0
"2026-04-28T21:45:00.000Z";"2026-04-28T22:00:00.000Z";0
"2026-04-28T22:00:00.000Z";"2026-04-28T22:15:00.000Z";0
"2026-04-28T22:15:00.000Z";"2026-04-28T22:30:00.000Z";0
"2026-04-28T22:30:00.000Z";"2026-04-28T22:45:00.000Z";0
"2026-04-28T22:45:00.000Z";"2026-04-28T23:00:00.000Z";0
"2026-04-28T23:00:00.000Z";"2026-04-28T23:15:00.000Z";0
"2026-04-28T23:15:00.000Z";"2026-04-28T23:30:00.000Z";0
"2026-04-28T23:30:00.000Z";"2026-04-28T23:45:00.000Z";0
"2026-04-28T23:45:00.000Z";"2026-04-29T00:00:00.000Z";0
"2026-04-29T00:00:00.000Z";"2026-04-29T00:15:00.000Z";0
"2026-04-29T00:15:00.000Z";"2026-04-29T00:30:00.000Z";0
"2026-04-29T00:30:00.000Z";"2026-04-29T00:45:00.000Z";0
"2026-04-29T00:45:00.000Z";"2026-04-29T01:00:00.000Z";0
"2026-04-29T01:00:00.000Z";"2026-04-29T01:15:00.000Z";0
"2026-04-29T01:15:00.000Z";"2026-04-29T01:30:00.000Z";0
"2026-04-29T01:30:00.000Z";"2026-04-29T01:45:00.000Z";0
"2026-04-29T01:45:00.000Z";"2026-04-29T02:00:00.000Z";0
"2026-04-29T02:00:00.000Z";"2026-04-29T02:15:00.000Z";0
"2026-04-29T02:15:00.000Z";"2026-04-29T02:30:00.000Z";4.6
"2026-04-29T02:30:00.000Z";"2026-04-29T02:45:00.000Z";9.2
"2026-04-29T02:45:00.000Z";"2026-04-29T03:00:00.000Z";13.9
"2026-04-29T03:00:00.000Z";"2026-04-29T03:15:00.000Z";56.7
"2026-04-29T03:15:00.000Z";"2026-04-29T03:30:00.000Z";89.4
"2026-04-29T03:30:00.000Z";"2026-04-29T03:45:00.000Z";122.2
"2026-04-29T03:45:00.000Z";"2026-04-29T04:00:00.000Z";154.9
"2026-04-29T04:00:00.000Z";"2026-04-29T04:15:00.000Z";206.2
"2026-04-29T04:15:00.000Z";"2026-04-29T04:30:00.000Z";247.9
"2026-04-29T04:30:00.000Z";"2026-04-29T04:45:00.000Z";289.6
"2026-04-29T04:45:00.000Z";"2026-04-29T05:00:00.000Z";331.2
"2026-04-29T05:00:00.000Z";"2026-04-29T05:15:00.000Z";374.7
"2026-04-29T05:15:00.000Z";"2026-04-29T05:30:00.000Z";417.7
"2026-04-29T05:30:00.000Z";"2026-04-29T05:45:00.000Z";460.6
"2026-04-29T05:45:00.000Z";"2026-04-29T06:00:00.000Z";503.6
"2026-04-29T06:00:00.000Z";"2026-04-29T06:15:00.000Z";546.9
"2026-04-29T06:15:00.000Z";"2026-04-29T06:30:00.000Z";590.7
"2026-04-29T06:30:00.000Z";"2026-04-29T06:45:00.000Z";634.5
"2026-04-29T06:45:00.000Z";"2026-04-29T07:00:00.000Z";678.2
"2026-04-29T07:00:00.000Z";"2026-04-29T07:15:00.000Z";733.6
"2026-04-29T07:15:00.000Z";"2026-04-29T07:30:00.000Z";770.7
"2026-04-29T07:30:00.000Z";"2026-04-29T07:45:00.000Z";807.9
"2026-04-29T07:45:00.000Z";"2026-04-29T08:00:00.000Z";845.1
"2026-04-29T08:00:00.000Z";"2026-04-29T08:15:00.000Z";873.5
"2026-04-29T08:15:00.000Z";"2026-04-29T08:30:00.000Z";897.9
"2026-04-29T08:30:00.000Z";"2026-04-29T08:45:00.000Z";922.3
"2026-04-29T08:45:00.000Z";"2026-04-29T09:00:00.000Z";946.6
"2026-04-29T09:00:00.000Z";"2026-04-29T09:15:00.000Z";963.6
"2026-04-29T09:15:00.000Z";"2026-04-29T09:30:00.000Z";977.4
"2026-04-29T09:30:00.000Z";"2026-04-29T09:45:00.000Z";991.1
"2026-04-29T09:45:00.000Z";"2026-04-29T10:00:00.000Z";1004.9
"2026-04-29T10:00:00.000Z";"2026-04-29T10:15:00.000Z";1012.9
"2026-04-29T10:15:00.000Z";"2026-04-29T10:30:00.000Z";1027.2
"2026-04-29T10:30:00.000Z";"2026-04-29T10:45:00.000Z";1027.2
"2026-04-29T10:45:00.000Z";"2026-04-29T11:00:00.000Z";1012.9
"2026-04-29T11:00:00.000Z";"2026-04-29T11:15:00.000Z";1012.3
"2026-04-29T11:15:00.000Z";"2026-04-29T11:30:00.000Z";993
"2026-04-29T11:30:00.000Z";"2026-04-29T11:45:00.000Z";973.8
"2026-04-29T11:45:00.000Z";"2026-04-29T12:00:00.000Z";954.5
"2026-04-29T12:00:00.000Z";"2026-04-29T12:15:00.000Z";917.2
"2026-04-29T12:15:00.000Z";"2026-04-29T12:30:00.000Z";883
"2026-04-29T12:30:00.000Z";"2026-04-29T12:45:00.000Z";848.8
"2026-04-29T12:45:00.000Z";"2026-04-29T13:00:00.000Z";814.6
"2026-04-29T13:00:00.000Z";"2026-04-29T13:15:00.000Z";773.7
"2026-04-29T13:15:00.000Z";"2026-04-29T13:30:00.000Z";731.1
"2026-04-29T13:30:00.000Z";"2026-04-29T13:45:00.000Z";688.6
"2026-04-29T13:45:00.000Z";"2026-04-29T14:00:00.000Z";646
"2026-04-29T14:00:00.000Z";"2026-04-29T14:15:00.000Z";596.9
"2026-04-29T14:15:00.000Z";"2026-04-29T14:30:00.000Z";549.3
"2026-04-29T14:30:00.000Z";"2026-04-29T14:45:00.000Z";501.8
"2026-04-29T14:45:00.000Z";"2026-04-29T15:00:00.000Z";454.3
"2026-04-29T15:00:00.000Z";"2026-04-29T15:15:00.000Z";397.6
"2026-04-29T15:15:00.000Z";"2026-04-29T15:30:00.000Z";352.3
"2026-04-29T15:30:00.000Z";"2026-04-29T15:45:00.000Z";306.9
"2026-04-29T15:45:00.000Z";"2026-04-29T16:00:00.000Z";261.5
"2026-04-29T16:00:00.000Z";"2026-04-29T16:15:00.000Z";217.6
"2026-04-29T16:15:00.000Z";"2026-04-29T16:30:00.000Z";180.9
"2026-04-29T16:30:00.000Z";"2026-04-29T16:45:00.000Z";144.2
"2026-04-29T16:45:00.000Z";"2026-04-29T17:00:00.000Z";107.5
"2026-04-29T17:00:00.000Z";"2026-04-29T17:15:00.000Z";65.9
"2026-04-29T17:15:00.000Z";"2026-04-29T17:30:00.000Z";45.8
"2026-04-29T17:30:00.000Z";"2026-04-29T17:45:00.000Z";25.8
"2026-04-29T17:45:00.000Z";"2026-04-29T18:00:00.000Z";5.7
"2026-04-29T18:00:00.000Z";"2026-04-29T18:15:00.000Z";4.4
"2026-04-29T18:15:00.000Z";"2026-04-29T18:30:00.000Z";2.9
"2026-04-29T18:30:00.000Z";"2026-04-29T18:45:00.000Z";1.5
"2026-04-29T18:45:00.000Z";"2026-04-29T19:00:00.000Z";0
"2026-04-29T19:00:00.000Z";"2026-04-29T19:15:00.000Z";0
"2026-04-29T19:15:00.000Z";"2026-04-29T19:30:00.000Z";0
"2026-04-29T19:30:00.000Z";"2026-04-29T19:45:00.000Z";0
"2026-04-29T19:45:00.000Z";"2026-04-29T20:00:00.000Z";0
"2026-04-29T20:00:00.000Z";"2026-04-29T20:15:00.000Z";0
"2026-04-29T20:15:00.000Z";"2026-04-29T20:30:00.000Z";0
"2026-04-29T20:30:00.000Z";"2026-04-29T20:45:00.000Z";0
"2026-04-29T20:45:00.000Z";"2026-04-29T21:00:00.000Z";0