"startTime";"endTime";"Wind power production - real-time data"
"2026-03-31T21:00:00.000Z";"2026-03-31T21:03:00.000Z";1256.31
"2026-03-31T21:03:00.000Z";"2026-03-31T21:06:00.000Z";1288.33
"2026-03-31T21:06:00.000Z";"2026-03-31T21:09:00.000Z";1297.16
"2026-03-31T21:09:00.000Z";"2026-03-31T21:12:00.000Z";1321.66
"2026-03-31T21:12:00.000Z";"2026-03-31T21:15:00.000Z";1337.98
"2026-03-31T21:15:00.000Z";"2026-03-31T21:18:00.000Z";1345.69
"2026-03-31T21:18:00.000Z";"2026-03-31T21:21:00.000Z";1345.67
"2026-03-31T21:21:00.000Z";"2026-03-31T21:24:00.000Z";1360.99
"2026-03-31T21:24:00.000Z";"2026-03-31T21:27:00.000Z";1363.68
"2026-03-31T21:27:00.000Z";"2026-03-31T21:30:00.000Z";1353.84
"2026-03-31T21:30:00.000Z";"2026-03-31T21:33:00.000Z";1349.68
"2026-03-31T21:33:00.000Z";"2026-03-31T21:36:00.000Z";1336.66
"2026-03-31T21:36:00.000Z";"2026-03-31T21:39:00.000Z";1345.67
"2026-03-31T21:39:00.000Z";"2026-03-31T21:42:00.000Z";1349
"2026-03-31T21:42:00.000Z";"2026-03-31T21:45:00.000Z";1355.99
"2026-03-31T21:45:00.000Z";"2026-03-31T21:48:00.000Z";1313.19
"2026-03-31T21:48:00.000Z";"2026-03-31T21:51:00.000Z";1319.64
"2026-03-31T21:51:00.000Z";"2026-03-31T21:54:00.000Z";1339.82
"2026-03-31T21:54:00.000Z";"2026-03-31T21:57:00.000Z";1350.33
"2026-03-31T21:57:00.000Z";"2026-03-31T22:00:00.000Z";1349.87
"2026-03-31T22:00:00.000Z";"2026-03-31T22:03:00.000Z";1311.57
"2026-03-31T22:03:00.000Z";"2026-03-31T22:06:00.000Z";1294.18
"2026-03-31T22:06:00.000Z";"2026-03-31T22:09:00.000Z";1296.02
"2026-03-31T22:09:00.000Z";"2026-03-31T22:12:00.000Z";1295.49
"2026-03-31T22:12:00.000Z";"2026-03-31T22:15:00.000Z";1311
"2026-03-31T22:15:00.000Z";"2026-03-31T22:18:00.000Z";1318.7
"2026-03-31T22:18:00.000Z";"2026-03-31T22:21:00.000Z";1347.77
"2026-03-31T22:21:00.000Z";"2026-03-31T22:24:00.000Z";1422.33
"2026-03-31T22:24:00.000Z";"2026-03-31T22:27:00.000Z";1421.82
"2026-03-31T22:27:00.000Z";"2026-03-31T22:30:00.000Z";1442.62
"2026-03-31T22:30:00.000Z";"2026-03-31T22:33:00.000Z";1435.18
"2026-03-31T22:33:00.000Z";"2026-03-31T22:36:00.000Z";1468.93
"2026-03-31T22:36:00.000Z";"2026-03-31T22:39:00.000Z";1503.67
"2026-03-31T22:39:00.000Z";"2026-03-31T22:42:00.000Z";1505.99
"2026-03-31T22:42:00.000Z";"2026-03-31T22:45:00.000Z";1509
"2026-03-31T22:45:00.000Z";"2026-03-31T22:48:00.000Z";1529.14
"2026-03-31T22:48:00.000Z";"2026-03-31T22:51:00.000Z";1520
"2026-03-31T22:51:00.000Z";"2026-03-31T22:54:00.000Z";1525.5
"2026-03-31T22:54:00.000Z";"2026-03-31T22:57:00.000Z";1531.81
"2026-03-31T22:57:00.000Z";"2026-03-31T23:00:00.000Z";1536.8
"2026-03-31T23:00:00.000Z";"2026-03-31T23:03:00.000Z";1548.99
"2026-03-31T23:03:00.000Z";"2026-03-31T23:06:00.000Z";1641.49
"2026-03-31T23:06:00.000Z";"2026-03-31T23:09:00.000Z";1665.15
"2026-03-31T23:09:00.000Z";"2026-03-31T23:12:00.000Z";1666.34
"2026-03-31T23:12:00.000Z";"2026-03-31T23:15:00.000Z";1654.85
"2026-03-31T23:15:00.000Z";"2026-03-31T23:18:00.000Z";1644.52
"2026-03-31T23:18:00.000Z";"2026-03-31T23:21:00.000Z";1619.36
"2026-03-31T23:21:00.000Z";"2026-03-31T23:24:00.000Z";1617.67
"2026-03-31T23:24:00.000Z";"2026-03-31T23:27:00.000Z";1630.33
"2026-03-31T23:27:00.000Z";"2026-03-31T23:30:00.000Z";1628.32
"2026-03-31T23:30:00.000Z";"2026-03-31T23:33:00.000Z";1602.7
"2026-03-31T23:33:00.000Z";"2026-03-31T23:36:00.000Z";1581.51
"2026-03-31T23:36:00.000Z";"2026-03-31T23:39:00.000Z";1596.32
"2026-03-31T23:39:00.000Z";"2026-03-31T23:42:00.000Z";1601.5
"2026-03-31T23:42:00.000Z";"2026-03-31T23:45:00.000Z";1580.33
"2026-03-31T23:45:00.000Z";"2026-03-31T23:48:00.000Z";1591.64
"2026-03-31T23:48:00.000Z";"2026-03-31T23:51:00.000Z";1661.97
"2026-03-31T23:51:00.000Z";"2026-03-31T23:54:00.000Z";1679.21
"2026-03-31T23:54:00.000Z";"2026-03-31T23:57:00.000Z";1666.98
"2026-03-31T23:57:00.000Z";"2026-04-01T00:00:00.000Z";1675.16
"2026-04-01T00:00:00.000Z";"2026-04-01T00:03:00.000Z";1626.35
"2026-04-01T00:03:00.000Z";"2026-04-01T00:06:00.000Z";1581.18
"2026-04-01T00:06:00.000Z";"2026-04-01T00:09:00.000Z";1585.18
"2026-04-01T00:09:00.000Z";"2026-04-01T00:12:00.000Z";1599.47
"2026-04-01T00:12:00.000Z";"2026-04-01T00:15:00.000Z";1590.17
"2026-04-01T00:15:00.000Z";"2026-04-01T00:18:00.000Z";1591.65
"2026-04-01T00:18:00.000Z";"2026-04-01T00:21:00.000Z";1664.2
"2026-04-01T00:21:00.000Z";"2026-04-01T00:24:00.000Z";1705.33
"2026-04-01T00:24:00.000Z";"2026-04-01T00:27:00.000Z";1709.35
"2026-04-01T00:27:00.000Z";"2026-04-01T00:30:00.000Z";1702.83
"2026-04-01T00:30:00.000Z";"2026-04-01T00:33:00.000Z";1706.31
"2026-04-01T00:33:00.000Z";"2026-04-01T00:36:00.000Z";1716.35
"2026-04-01T00:36:00.000Z";"2026-04-01T00:39:00.000Z";1718.46
"2026-04-01T00:39:00.000Z";"2026-04-01T00:42:00.000Z";1712.19
"2026-04-01T00:42:00.000Z";"2026-04-01T00:45:00.000Z";1701.67
"2026-04-01T00:45:00.000Z";"2026-04-01T00:48:00.000Z";1718.51
"2026-04-01T00:48:00.000Z";"2026-04-01T00:51:00.000Z";1719.34
"2026-04-01T00:51:00.000Z";"2026-04-01T00:54:00.000Z";1692.52
"2026-04-01T00:54:00.000Z";"2026-04-01T00:57:00.000Z";1688.34
"2026-04-01T00:57:00.000Z";"2026-04-01T01:00:00.000Z";1689.16
"2026-04-01T01:00:00.000Z";"2026-04-01T01:03:00.000Z";1673.21
"2026-04-01T01:03:00.000Z";"2026-04-01T01:06:00.000Z";1692.65
"2026-04-01T01:06:00.000Z";"2026-04-01T01:09:00.000Z";1685.69
"2026-04-01T01:09:00.000Z";"2026-04-01T01:12:00.000Z";1700.82
"2026-04-01T01:12:00.000Z";"2026-04-01T01:15:00.000Z";1697.83
"2026-04-01T01:15:00.000Z";"2026-04-01T01:18:00.000Z";1699.97
"2026-04-01T01:18:00.000Z";"2026-04-01T01:21:00.000Z";1681.34
"2026-04-01T01:21:00.000Z";"2026-04-01T01:24:00.000Z";1692.84
"2026-04-01T01:24:00.000Z";"2026-04-01T01:27:00.000Z";1716.14
"2026-04-01T01:27:00.000Z";"2026-04-01T01:30:00.000Z";1716.84
"2026-04-01T01:30:00.000Z";"2026-04-01T01:33:00.000Z";1701.03
"2026-04-01T01:33:00.000Z";"2026-04-01T01:36:00.000Z";1688.51
"2026-04-01T01:36:00.000Z";"2026-04-01T01:39:00.000Z";1668.84
"2026-04-01T01:39:00.000Z";"2026-04-01T01:42:00.000Z";1657.81
"2026-04-01T01:42:00.000Z";"2026-04-01T01:45:00.000Z";1671.85
"2026-04-01T01:45:00.000Z";"2026-04-01T01:48:00.000Z";1679.35
"2026-04-01T01:48:00.000Z";"2026-04-01T01:51:00.000Z";1685.35
"2026-04-01T01:51:00.000Z";"2026-04-01T01:54:00.000Z";1684.32
"2026-04-01T01:54:00.000Z";"2026-04-01T01:57:00.000Z";1713.15
"2026-04-01T01:57:00.000Z";"2026-04-01T02:00:00.000Z";1711.51
"2026-04-01T02:00:00.000Z";"2026-04-01T02:03:00.000Z";1713.83
"2026-04-01T02:03:00.000Z";"2026-04-01T02:06:00.000Z";1713.17
"2026-04-01T02:06:00.000Z";"2026-04-01T02:09:00.000Z";1736.99
"2026-04-01T02:09:00.000Z";"2026-04-01T02:12:00.000Z";1737.51
"2026-04-01T02:12:00.000Z";"2026-04-01T02:15:00.000Z";1754.13
"2026-04-01T02:15:00.000Z";"2026-04-01T02:18:00.000Z";1765.7
"2026-04-01T02:18:00.000Z";"2026-04-01T02:21:00.000Z";1755.67
"2026-04-01T02:21:00.000Z";"2026-04-01T02:24:00.000Z";1766.84
"2026-04-01T02:24:00.000Z";"2026-04-01T02:27:00.000Z";1757.02
"2026-04-01T02:27:00.000Z";"2026-04-01T02:30:00.000Z";1748.16
"2026-04-01T02:30:00.000Z";"2026-04-01T02:33:00.000Z";1759.85
"2026-04-01T02:33:00.000Z";"2026-04-01T02:36:00.000Z";1769.16
"2026-04-01T02:36:00.000Z";"2026-04-01T02:39:00.000Z";1781.17
"2026-04-01T02:39:00.000Z";"2026-04-01T02:42:00.000Z";1797.95
"2026-04-01T02:42:00.000Z";"2026-04-01T02:45:00.000Z";1805.13
"2026-04-01T02:45:00.000Z";"2026-04-01T02:48:00.000Z";1808.67
"2026-04-01T02:48:00.000Z";"2026-04-01T02:51:00.000Z";1830.82
"2026-04-01T02:51:00.000Z";"2026-04-01T02:54:00.000Z";1851.82
"2026-04-01T02:54:00.000Z";"2026-04-01T02:57:00.000Z";1878.83
"2026-04-01T02:57:00.000Z";"2026-04-01T03:00:00.000Z";1900.17
"2026-04-01T03:00:00.000Z";"2026-04-01T03:03:00.000Z";1925.43
"2026-04-01T03:03:00.000Z";"2026-04-01T03:06:00.000Z";1941.5
"2026-04-01T03:06:00.000Z";"2026-04-01T03:09:00.000Z";1980.64
"2026-04-01T03:09:00.000Z";"2026-04-01T03:12:00.000Z";1988.01
"2026-04-01T03:12:00.000Z";"2026-04-01T03:15:00.000Z";2015.81
"2026-04-01T03:15:00.000Z";"2026-04-01T03:18:00.000Z";2031.49
"2026-04-01T03:18:00.000Z";"2026-04-01T03:21:00.000Z";2077.69
"2026-04-01T03:21:00.000Z";"2026-04-01T03:24:00.000Z";2091.06
"2026-04-01T03:24:00.000Z";"2026-04-01T03:27:00.000Z";2141.14
"2026-04-01T03:27:00.000Z";"2026-04-01T03:30:00.000Z";2159.15
"2026-04-01T03:30:00.000Z";"2026-04-01T03:33:00.000Z";2232.92
"2026-04-01T03:33:00.000Z";"2026-04-01T03:36:00.000Z";2302.93
"2026-04-01T03:36:00.000Z";"2026-04-01T03:39:00.000Z";2348.04
"2026-04-01T03:39:00.000Z";"2026-04-01T03:42:00.000Z";2364.35
"2026-04-01T03:42:00.000Z";"2026-04-01T03:45:00.000Z";2402.33
"2026-04-01T03:45:00.000Z";"2026-04-01T03:48:00.000Z";2417.5
"2026-04-01T03:48:00.000Z";"2026-04-01T03:51:00.000Z";2419.68
"2026-04-01T03:51:00.000Z";"2026-04-01T03:54:00.000Z";2440.99
"2026-04-01T03:54:00.000Z";"2026-04-01T03:57:00.000Z";2490.4
"2026-04-01T03:57:00.000Z";"2026-04-01T04:00:00.000Z";2549.82
"2026-04-01T04:00:00.000Z";"2026-04-01T04:03:00.000Z";2585.3
"2026-04-01T04:03:00.000Z";"2026-04-01T04:06:00.000Z";2615.17
"2026-04-01T04:06:00.000Z";"2026-04-01T04:09:00.000Z";2642.67
"2026-04-01T04:09:00.000Z";"2026-04-01T04:12:00.000Z";2661.3
"2026-04-01T04:12:00.000Z";"2026-04-01T04:15:00.000Z";2682.36
"2026-04-01T04:15:00.000Z";"2026-04-01T04:18:00.000Z";2737.29
"2026-04-01T04:18:00.000Z";"2026-04-01T04:21:00.000Z";2753.5
"2026-04-01T04:21:00.000Z";"2026-04-01T04:24:00.000Z";2793.47
"2026-04-01T04:24:00.000Z";"2026-04-01T04:27:00.000Z";2829.45
"2026-04-01T04:27:00.000Z";"2026-04-01T04:30:00.000Z";2866.8
"2026-04-01T04:30:00.000Z";"2026-04-01T04:33:00.000Z";2925.97
"2026-04-01T04:33:00.000Z";"2026-04-01T04:36:00.000Z";2991.44
"2026-04-01T04:36:00.000Z";"2026-04-01T04:39:00.000Z";3085.74
"2026-04-01T04:39:00.000Z";"2026-04-01T04:42:00.000Z";3174.31
"2026-04-01T04:42:00.000Z";"2026-04-01T04:45:00.000Z";3235.12
"2026-04-01T04:45:00.000Z";"2026-04-01T04:48:00.000Z";3291.98
"2026-04-01T04:48:00.000Z";"2026-04-01T04:51:00.000Z";3359.65
"2026-04-01T04:51:00.000Z";"2026-04-01T04:54:00.000Z";3398.92
"2026-04-01T04:54:00.000Z";"2026-04-01T04:57:00.000Z";3477.07
"2026-04-01T04:57:00.000Z";"2026-04-01T05:00:00.000Z";3552.95
"2026-04-01T05:00:00.000Z";"2026-04-01T05:03:00.000Z";3626.85
"2026-04-01T05:03:00.000Z";"2026-04-01T05:06:00.000Z";3716.31
"2026-04-01T05:06:00.000Z";"2026-04-01T05:09:00.000Z";3784.96
"2026-04-01T05:09:00.000Z";"2026-04-01T05:12:00.000Z";3827.81
"2026-04-01T05:12:00.000Z";"2026-04-01T05:15:00.000Z";3883.46
"2026-04-01T05:15:00.000Z";"2026-04-01T05:18:00.000Z";3888.49
"2026-04-01T05:18:00.000Z";"2026-04-01T05:21:00.000Z";3934.83
"2026-04-01T05:21:00.000Z";"2026-04-01T05:24:00.000Z";3900.24
"2026-04-01T05:24:00.000Z";"2026-04-01T05:27:00.000Z";3885.66
"2026-04-01T05:27:00.000Z";"2026-04-01T05:30:00.000Z";3932.76
"2026-04-01T05:30:00.000Z";"2026-04-01T05:33:00.000Z";4038.32
"2026-04-01T05:33:00.000Z";"2026-04-01T05:36:00.000Z";4054.51
"2026-04-01T05:36:00.000Z";"2026-04-01T05:39:00.000Z";4102.49
"2026-04-01T05:39:00.000Z";"2026-04-01T05:42:00.000Z";4130.67
"2026-04-01T05:42:00.000Z";"2026-04-01T05:45:00.000Z";4111.79
"2026-04-01T05:45:00.000Z";"2026-04-01T05:48:00.000Z";4141.98
"2026-04-01T05:48:00.000Z";"2026-04-01T05:51:00.000Z";4314.25
"2026-04-01T05:51:00.000Z";"2026-04-01T05:54:00.000Z";4365.31
"2026-04-01T05:54:00.000Z";"2026-04-01T05:57:00.000Z";4369.67
"2026-04-01T05:57:00.000Z";"2026-04-01T06:00:00.000Z";4375.98
"2026-04-01T06:00:00.000Z";"2026-04-01T06:03:00.000Z";4430.57
"2026-04-01T06:03:00.000Z";"2026-04-01T06:06:00.000Z";4400.23
"2026-04-01T06:06:00.000Z";"2026-04-01T06:09:00.000Z";4392.7
"2026-04-01T06:12:00.000Z";"2026-04-01T06:15:00.000Z";4430.5
"2026-04-01T06:15:00.000Z";"2026-04-01T06:18:00.000Z";4414.33
"2026-04-01T06:18:00.000Z";"2026-04-01T06:21:00.000Z";4400.33
"2026-04-01T06:21:00.000Z";"2026-04-01T06:24:00.000Z";4379.48
"2026-04-01T06:24:00.000Z";"2026-04-01T06:27:00.000Z";4385.15
"2026-04-01T06:27:00.000Z";"2026-04-01T06:30:00.000Z";4418.33
"2026-04-01T06:30:00.000Z";"2026-04-01T06:33:00.000Z";4412.5
"2026-04-01T06:33:00.000Z";"2026-04-01T06:36:00.000Z";4423.2
"2026-04-01T06:36:00.000Z";"2026-04-01T06:39:00.000Z";4450.56
"2026-04-01T06:39:00.000Z";"2026-04-01T06:42:00.000Z";4494.11
"2026-04-01T06:42:00.000Z";"2026-04-01T06:45:00.000Z";4496.86
"2026-04-01T06:45:00.000Z";"2026-04-01T06:48:00.000Z";4449.01
"2026-04-01T06:48:00.000Z";"2026-04-01T06:51:00.000Z";4477.96
"2026-04-01T06:51:00.000Z";"2026-04-01T06:54:00.000Z";4537.62
"2026-04-01T06:54:00.000Z";"2026-04-01T06:57:00.000Z";4552.06
"2026-04-01T06:57:00.000Z";"2026-04-01T07:00:00.000Z";4553.61
"2026-04-01T07:00:00.000Z";"2026-04-01T07:03:00.000Z";4572.84
"2026-04-01T07:03:00.000Z";"2026-04-01T07:06:00.000Z";4603.45
"2026-04-01T07:06:00.000Z";"2026-04-01T07:09:00.000Z";4603.4
"2026-04-01T07:09:00.000Z";"2026-04-01T07:12:00.000Z";4590.84
"2026-04-01T07:12:00.000Z";"2026-04-01T07:15:00.000Z";4640.5
"2026-04-01T07:15:00.000Z";"2026-04-01T07:18:00.000Z";4615.02
"2026-04-01T07:18:00.000Z";"2026-04-01T07:21:00.000Z";4641.1
"2026-04-01T07:21:00.000Z";"2026-04-01T07:24:00.000Z";4596.84
"2026-04-01T07:24:00.000Z";"2026-04-01T07:27:00.000Z";4622.13
"2026-04-01T07:27:00.000Z";"2026-04-01T07:30:00.000Z";4649.15
"2026-04-01T07:30:00.000Z";"2026-04-01T07:33:00.000Z";4613.19
"2026-04-01T07:33:00.000Z";"2026-04-01T07:36:00.000Z";4621.3
"2026-04-01T07:36:00.000Z";"2026-04-01T07:39:00.000Z";4639.35
"2026-04-01T07:39:00.000Z";"2026-04-01T07:42:00.000Z";4645.31
"2026-04-01T07:42:00.000Z";"2026-04-01T07:45:00.000Z";4645.48
"2026-04-01T07:45:00.000Z";"2026-04-01T07:48:00.000Z";4675.17
"2026-04-01T07:48:00.000Z";"2026-04-01T07:51:00.000Z";4654.65
"2026-04-01T07:51:00.000Z";"2026-04-01T07:54:00.000Z";4680.02
"2026-04-01T07:54:00.000Z";"2026-04-01T07:57:00.000Z";4686.15
"2026-04-01T07:57:00.000Z";"2026-04-01T08:00:00.000Z";4735.99
"2026-04-01T08:00:00.000Z";"2026-04-01T08:03:00.000Z";4898.27
"2026-04-01T08:03:00.000Z";"2026-04-01T08:06:00.000Z";5123.74
"2026-04-01T08:06:00.000Z";"2026-04-01T08:09:00.000Z";5214.83
"2026-04-01T08:12:00.000Z";"2026-04-01T08:15:00.000Z";5226.63
"2026-04-01T08:15:00.000Z";"2026-04-01T08:18:00.000Z";5215.29
"2026-04-01T08:18:00.000Z";"2026-04-01T08:21:00.000Z";5185.73
"2026-04-01T08:21:00.000Z";"2026-04-01T08:24:00.000Z";5168.78
"2026-04-01T08:24:00.000Z";"2026-04-01T08:27:00.000Z";5190.31
"2026-04-01T08:27:00.000Z";"2026-04-01T08:30:00.000Z";5209.79
"2026-04-01T08:30:00.000Z";"2026-04-01T08:33:00.000Z";5201.65
"2026-04-01T08:33:00.000Z";"2026-04-01T08:36:00.000Z";5215.38
"2026-04-01T08:36:00.000Z";"2026-04-01T08:39:00.000Z";5218.36
"2026-04-01T08:39:00.000Z";"2026-04-01T08:42:00.000Z";5235.31
"2026-04-01T08:42:00.000Z";"2026-04-01T08:45:00.000Z";5271.65
"2026-04-01T08:45:00.000Z";"2026-04-01T08:48:00.000Z";5246.75
"2026-04-01T08:48:00.000Z";"2026-04-01T08:51:00.000Z";5298.63
"2026-04-01T08:51:00.000Z";"2026-04-01T08:54:00.000Z";5351.98
"2026-04-01T08:54:00.000Z";"2026-04-01T08:57:00.000Z";5353.11
"2026-04-01T08:57:00.000Z";"2026-04-01T09:00:00.000Z";5415.92
"2026-04-01T09:00:00.000Z";"2026-04-01T09:03:00.000Z";5458.15
"2026-04-01T09:03:00.000Z";"2026-04-01T09:06:00.000Z";5542.57
"2026-04-01T09:06:00.000Z";"2026-04-01T09:09:00.000Z";5630.27
"2026-04-01T09:09:00.000Z";"2026-04-01T09:12:00.000Z";5669.1
"2026-04-01T09:12:00.000Z";"2026-04-01T09:15:00.000Z";5628.76
"2026-04-01T09:15:00.000Z";"2026-04-01T09:18:00.000Z";5655.85
"2026-04-01T09:18:00.000Z";"2026-04-01T09:21:00.000Z";5640.83
"2026-04-01T09:21:00.000Z";"2026-04-01T09:24:00.000Z";5639.81
"2026-04-01T09:24:00.000Z";"2026-04-01T09:27:00.000Z";5703.84
"2026-04-01T09:27:00.000Z";"2026-04-01T09:30:00.000Z";5715.84
"2026-04-01T09:30:00.000Z";"2026-04-01T09:33:00.000Z";5688.04
"2026-04-01T09:33:00.000Z";"2026-04-01T09:36:00.000Z";5657.49
"2026-04-01T09:36:00.000Z";"2026-04-01T09:39:00.000Z";5718.85
"2026-04-01T09:39:00.000Z";"2026-04-01T09:42:00.000Z";5719.56
"2026-04-01T09:42:00.000Z";"2026-04-01T09:45:00.000Z";5715.21
"2026-04-01T09:45:00.000Z";"2026-04-01T09:48:00.000Z";5658.99
"2026-04-01T09:48:00.000Z";"2026-04-01T09:51:00.000Z";5673.31
"2026-04-01T09:51:00.000Z";"2026-04-01T09:54:00.000Z";5684.48
"2026-04-01T09:54:00.000Z";"2026-04-01T09:57:00.000Z";5683.28
"2026-04-01T09:57:00.000Z";"2026-04-01T10:00:00.000Z";5710.46
"2026-04-01T10:00:00.000Z";"2026-04-01T10:03:00.000Z";5741.79
"2026-04-01T10:03:00.000Z";"2026-04-01T10:06:00.000Z";5730.53
"2026-04-01T10:06:00.000Z";"2026-04-01T10:09:00.000Z";5743.8
"2026-04-01T10:09:00.000Z";"2026-04-01T10:12:00.000Z";5715.52
"2026-04-01T10:12:00.000Z";"2026-04-01T10:15:00.000Z";5716.05
"2026-04-01T10:15:00.000Z";"2026-04-01T10:18:00.000Z";5746.93
"2026-04-01T10:18:00.000Z";"2026-04-01T10:21:00.000Z";5711.15
"2026-04-01T10:21:00.000Z";"2026-04-01T10:24:00.000Z";5709.69
"2026-04-01T10:24:00.000Z";"2026-04-01T10:27:00.000Z";5733.32
"2026-04-01T10:27:00.000Z";"2026-04-01T10:30:00.000Z";5717.16
"2026-04-01T10:30:00.000Z";"2026-04-01T10:33:00.000Z";5728.59
"2026-04-01T10:33:00.000Z";"2026-04-01T10:36:00.000Z";5812.29
"2026-04-01T10:36:00.000Z";"2026-04-01T10:39:00.000Z";5818.99
"2026-04-01T10:39:00.000Z";"2026-04-01T10:42:00.000Z";5866.28
"2026-04-01T10:42:00.000Z";"2026-04-01T10:45:00.000Z";5876.04
"2026-04-01T10:45:00.000Z";"2026-04-01T10:48:00.000Z";5830.94
"2026-04-01T10:48:00.000Z";"2026-04-01T10:51:00.000Z";5896.98
"2026-04-01T10:51:00.000Z";"2026-04-01T10:54:00.000Z";5910.99
"2026-04-01T10:54:00.000Z";"2026-04-01T10:57:00.000Z";5913.22
"2026-04-01T10:57:00.000Z";"2026-04-01T11:00:00.000Z";5965.02
"2026-04-01T11:00:00.000Z";"2026-04-01T11:03:00.000Z";5860.13
"2026-04-01T11:03:00.000Z";"2026-04-01T11:06:00.000Z";5637.41
"2026-04-01T11:06:00.000Z";"2026-04-01T11:09:00.000Z";5661.49
"2026-04-01T11:09:00.000Z";"2026-04-01T11:12:00.000Z";5635.68
"2026-04-01T11:12:00.000Z";"2026-04-01T11:15:00.000Z";5620.05
"2026-04-01T11:15:00.000Z";"2026-04-01T11:18:00.000Z";5550.93
"2026-04-01T11:18:00.000Z";"2026-04-01T11:21:00.000Z";5459.49
"2026-04-01T11:21:00.000Z";"2026-04-01T11:24:00.000Z";5438.23
"2026-04-01T11:24:00.000Z";"2026-04-01T11:27:00.000Z";5410.13
"2026-04-01T11:27:00.000Z";"2026-04-01T11:30:00.000Z";5464.68
"2026-04-01T11:30:00.000Z";"2026-04-01T11:33:00.000Z";5460.66
"2026-04-01T11:33:00.000Z";"2026-04-01T11:36:00.000Z";5523.83
"2026-04-01T11:36:00.000Z";"2026-04-01T11:39:00.000Z";5602.08
"2026-04-01T11:39:00.000Z";"2026-04-01T11:42:00.000Z";5593.02
"2026-04-01T11:42:00.000Z";"2026-04-01T11:45:00.000Z";5636.46
"2026-04-01T11:45:00.000Z";"2026-04-01T11:48:00.000Z";5612.7
"2026-04-01T11:48:00.000Z";"2026-04-01T11:51:00.000Z";5523.83
"2026-04-01T11:51:00.000Z";"2026-04-01T11:54:00.000Z";5490.83
"2026-04-01T11:54:00.000Z";"2026-04-01T11:57:00.000Z";5488.65
"2026-04-01T11:57:00.000Z";"2026-04-01T12:00:00.000Z";5563.25
"2026-04-01T12:00:00.000Z";"2026-04-01T12:03:00.000Z";5551.16
"2026-04-01T12:03:00.000Z";"2026-04-01T12:06:00.000Z";5542.5
"2026-04-01T12:06:00.000Z";"2026-04-01T12:09:00.000Z";5580.27
"2026-04-01T12:09:00.000Z";"2026-04-01T12:12:00.000Z";5597.95
"2026-04-01T12:12:00.000Z";"2026-04-01T12:15:00.000Z";5626.99
"2026-04-01T12:15:00.000Z";"2026-04-01T12:18:00.000Z";5646.32
"2026-04-01T12:18:00.000Z";"2026-04-01T12:21:00.000Z";5714.62
"2026-04-01T12:21:00.000Z";"2026-04-01T12:24:00.000Z";5773.07
"2026-04-01T12:27:00.000Z";"2026-04-01T12:30:00.000Z";5811.18
"2026-04-01T12:30:00.000Z";"2026-04-01T12:33:00.000Z";5800.93
"2026-04-01T12:36:00.000Z";"2026-04-01T12:39:00.000Z";5808.34
"2026-04-01T12:42:00.000Z";"2026-04-01T12:45:00.000Z";5784.33
"2026-04-01T12:45:00.000Z";"2026-04-01T12:48:00.000Z";5782.8
"2026-04-01T12:48:00.000Z";"2026-04-01T12:51:00.000Z";5769.68
"2026-04-01T12:51:00.000Z";"2026-04-01T12:54:00.000Z";5820.42
"2026-04-01T12:54:00.000Z";"2026-04-01T12:57:00.000Z";5837.53
"2026-04-01T12:57:00.000Z";"2026-04-01T13:00:00.000Z";5857.21
"2026-04-01T13:00:00.000Z";"2026-04-01T13:03:00.000Z";5753.43
"2026-04-01T13:03:00.000Z";"2026-04-01T13:06:00.000Z";5735.15
"2026-04-01T13:06:00.000Z";"2026-04-01T13:09:00.000Z";5749.14
"2026-04-01T13:09:00.000Z";"2026-04-01T13:12:00.000Z";5752.82
"2026-04-01T13:12:00.000Z";"2026-04-01T13:15:00.000Z";5761.49
"2026-04-01T13:15:00.000Z";"2026-04-01T13:18:00.000Z";5710.04
"2026-04-01T13:18:00.000Z";"2026-04-01T13:21:00.000Z";5770.31
"2026-04-01T13:21:00.000Z";"2026-04-01T13:24:00.000Z";5792
"2026-04-01T13:24:00.000Z";"2026-04-01T13:27:00.000Z";5747.2
"2026-04-01T13:27:00.000Z";"2026-04-01T13:30:00.000Z";5703.47
"2026-04-01T13:30:00.000Z";"2026-04-01T13:33:00.000Z";5699.17
"2026-04-01T13:33:00.000Z";"2026-04-01T13:36:00.000Z";5736.83
"2026-04-01T13:39:00.000Z";"2026-04-01T13:42:00.000Z";5692.46
"2026-04-01T13:42:00.000Z";"2026-04-01T13:45:00.000Z";5699.97
"2026-04-01T13:45:00.000Z";"2026-04-01T13:48:00.000Z";5811.83
"2026-04-01T13:48:00.000Z";"2026-04-01T13:51:00.000Z";5842.63
"2026-04-01T13:51:00.000Z";"2026-04-01T13:54:00.000Z";5798.03
"2026-04-01T13:54:00.000Z";"2026-04-01T13:57:00.000Z";5795.33
"2026-04-01T13:57:00.000Z";"2026-04-01T14:00:00.000Z";5786.85
"2026-04-01T14:00:00.000Z";"2026-04-01T14:03:00.000Z";5728.04
"2026-04-01T14:03:00.000Z";"2026-04-01T14:06:00.000Z";5723.9
"2026-04-01T14:06:00.000Z";"2026-04-01T14:09:00.000Z";5757.97
"2026-04-01T14:09:00.000Z";"2026-04-01T14:12:00.000Z";5780.14
"2026-04-01T14:12:00.000Z";"2026-04-01T14:15:00.000Z";5814.26
"2026-04-01T14:15:00.000Z";"2026-04-01T14:18:00.000Z";5909.95
"2026-04-01T14:18:00.000Z";"2026-04-01T14:21:00.000Z";6003.29
"2026-04-01T14:21:00.000Z";"2026-04-01T14:24:00.000Z";6051.36
"2026-04-01T14:27:00.000Z";"2026-04-01T14:30:00.000Z";6042.82
"2026-04-01T14:30:00.000Z";"2026-04-01T14:33:00.000Z";6115.61
"2026-04-01T14:33:00.000Z";"2026-04-01T14:36:00.000Z";6217.61
"2026-04-01T14:36:00.000Z";"2026-04-01T14:39:00.000Z";6343.08
"2026-04-01T14:39:00.000Z";"2026-04-01T14:42:00.000Z";6326.14
"2026-04-01T14:42:00.000Z";"2026-04-01T14:45:00.000Z";6339.01
"2026-04-01T14:45:00.000Z";"2026-04-01T14:48:00.000Z";6377.29
"2026-04-01T14:48:00.000Z";"2026-04-01T14:51:00.000Z";6412.82
"2026-04-01T14:51:00.000Z";"2026-04-01T14:54:00.000Z";6446.5
"2026-04-01T14:54:00.000Z";"2026-04-01T14:57:00.000Z";6469
"2026-04-01T14:57:00.000Z";"2026-04-01T15:00:00.000Z";6466.35
"2026-04-01T15:00:00.000Z";"2026-04-01T15:03:00.000Z";6375.36
"2026-04-01T15:03:00.000Z";"2026-04-01T15:06:00.000Z";6299.15
"2026-04-01T15:06:00.000Z";"2026-04-01T15:09:00.000Z";6325.18
"2026-04-01T15:09:00.000Z";"2026-04-01T15:12:00.000Z";6317.15
"2026-04-01T15:12:00.000Z";"2026-04-01T15:15:00.000Z";6320.86
"2026-04-01T15:15:00.000Z";"2026-04-01T15:18:00.000Z";6295.35
"2026-04-01T15:18:00.000Z";"2026-04-01T15:21:00.000Z";6356.61
"2026-04-01T15:21:00.000Z";"2026-04-01T15:24:00.000Z";6345.23
"2026-04-01T15:24:00.000Z";"2026-04-01T15:27:00.000Z";6344.17
"2026-04-01T15:27:00.000Z";"2026-04-01T15:30:00.000Z";6370
"2026-04-01T15:30:00.000Z";"2026-04-01T15:33:00.000Z";6465.49
"2026-04-01T15:33:00.000Z";"2026-04-01T15:36:00.000Z";6577.88
"2026-04-01T15:36:00.000Z";"2026-04-01T15:39:00.000Z";6592.83
"2026-04-01T15:39:00.000Z";"2026-04-01T15:42:00.000Z";6606
"2026-04-01T15:42:00.000Z";"2026-04-01T15:45:00.000Z";6626.31
"2026-04-01T15:45:00.000Z";"2026-04-01T15:48:00.000Z";6655.61
"2026-04-01T15:48:00.000Z";"2026-04-01T15:51:00.000Z";6705.03
"2026-04-01T15:51:00.000Z";"2026-04-01T15:54:00.000Z";6725.33
"2026-04-01T15:54:00.000Z";"2026-04-01T15:57:00.000Z";6742.43
"2026-04-01T15:57:00.000Z";"2026-04-01T16:00:00.000Z";6739.97
"2026-04-01T16:00:00.000Z";"2026-04-01T16:03:00.000Z";6711.13
"2026-04-01T16:03:00.000Z";"2026-04-01T16:06:00.000Z";6650.49
"2026-04-01T16:06:00.000Z";"2026-04-01T16:09:00.000Z";6673.03
"2026-04-01T16:09:00.000Z";"2026-04-01T16:12:00.000Z";6633.94
"2026-04-01T16:12:00.000Z";"2026-04-01T16:15:00.000Z";6658.21
"2026-04-01T16:15:00.000Z";"2026-04-01T16:18:00.000Z";6697.62
"2026-04-01T16:18:00.000Z";"2026-04-01T16:21:00.000Z";6721.85
"2026-04-01T16:21:00.000Z";"2026-04-01T16:24:00.000Z";6693.8
"2026-04-01T16:24:00.000Z";"2026-04-01T16:27:00.000Z";6718.32
"2026-04-01T16:27:00.000Z";"2026-04-01T16:30:00.000Z";6712.56
"2026-04-01T16:30:00.000Z";"2026-04-01T16:33:00.000Z";6777.7
"2026-04-01T16:33:00.000Z";"2026-04-01T16:36:00.000Z";6831.49
"2026-04-01T16:36:00.000Z";"2026-04-01T16:39:00.000Z";6858.51
"2026-04-01T16:39:00.000Z";"2026-04-01T16:42:00.000Z";6896.96
"2026-04-01T16:42:00.000Z";"2026-04-01T16:45:00.000Z";6898.39
"2026-04-01T16:45:00.000Z";"2026-04-01T16:48:00.000Z";6967.61
"2026-04-01T16:48:00.000Z";"2026-04-01T16:51:00.000Z";7101.79
"2026-04-01T16:51:00.000Z";"2026-04-01T16:54:00.000Z";7116.99
"2026-04-01T16:54:00.000Z";"2026-04-01T16:57:00.000Z";7114.35
"2026-04-01T16:57:00.000Z";"2026-04-01T17:00:00.000Z";7124.15
"2026-04-01T17:00:00.000Z";"2026-04-01T17:03:00.000Z";7093.91
"2026-04-01T17:03:00.000Z";"2026-04-01T17:06:00.000Z";7040.74
"2026-04-01T17:06:00.000Z";"2026-04-01T17:09:00.000Z";7078.16
"2026-04-01T17:09:00.000Z";"2026-04-01T17:12:00.000Z";7094.02
"2026-04-01T17:12:00.000Z";"2026-04-01T17:15:00.000Z";7103.48
"2026-04-01T17:15:00.000Z";"2026-04-01T17:18:00.000Z";7137.47
"2026-04-01T17:18:00.000Z";"2026-04-01T17:21:00.000Z";7183.79
"2026-04-01T17:21:00.000Z";"2026-04-01T17:24:00.000Z";7183.51
"2026-04-01T17:24:00.000Z";"2026-04-01T17:27:00.000Z";7186.17
"2026-04-01T17:27:00.000Z";"2026-04-01T17:30:00.000Z";7170.62
"2026-04-01T17:30:00.000Z";"2026-04-01T17:33:00.000Z";7183.62
"2026-04-01T17:33:00.000Z";"2026-04-01T17:36:00.000Z";7180.96
"2026-04-01T17:36:00.000Z";"2026-04-01T17:39:00.000Z";7206.01
"2026-04-01T17:39:00.000Z";"2026-04-01T17:42:00.000Z";7233.48
"2026-04-01T17:42:00.000Z";"2026-04-01T17:45:00.000Z";7250.15
"2026-04-01T17:45:00.000Z";"2026-04-01T17:48:00.000Z";7227.33
"2026-04-01T17:48:00.000Z";"2026-04-01T17:51:00.000Z";7187.87
"2026-04-01T17:51:00.000Z";"2026-04-01T17:54:00.000Z";7186
"2026-04-01T17:54:00.000Z";"2026-04-01T17:57:00.000Z";7185.84
"2026-04-01T17:57:00.000Z";"2026-04-01T18:00:00.000Z";7184.69
"2026-04-01T18:00:00.000Z";"2026-04-01T18:03:00.000Z";7195.43
"2026-04-01T18:03:00.000Z";"2026-04-01T18:06:00.000Z";7178.01
"2026-04-01T18:06:00.000Z";"2026-04-01T18:09:00.000Z";7165.5
"2026-04-01T18:09:00.000Z";"2026-04-01T18:12:00.000Z";7160.85
"2026-04-01T18:12:00.000Z";"2026-04-01T18:15:00.000Z";7128.51
"2026-04-01T18:15:00.000Z";"2026-04-01T18:18:00.000Z";7129.01
"2026-04-01T18:18:00.000Z";"2026-04-01T18:21:00.000Z";7132.45
"2026-04-01T18:21:00.000Z";"2026-04-01T18:24:00.000Z";7138.05
"2026-04-01T18:24:00.000Z";"2026-04-01T18:27:00.000Z";7117.17
"2026-04-01T18:27:00.000Z";"2026-04-01T18:30:00.000Z";7102.71
"2026-04-01T18:30:00.000Z";"2026-04-01T18:33:00.000Z";7068.69
"2026-04-01T18:33:00.000Z";"2026-04-01T18:36:00.000Z";7073.5
"2026-04-01T18:36:00.000Z";"2026-04-01T18:39:00.000Z";7045.13
"2026-04-01T18:39:00.000Z";"2026-04-01T18:42:00.000Z";7033.53
"2026-04-01T18:42:00.000Z";"2026-04-01T18:45:00.000Z";7004.51
"2026-04-01T18:45:00.000Z";"2026-04-01T18:48:00.000Z";6969.66
"2026-04-01T18:48:00.000Z";"2026-04-01T18:51:00.000Z";6939.53
"2026-04-01T18:51:00.000Z";"2026-04-01T18:54:00.000Z";6930.88
"2026-04-01T18:54:00.000Z";"2026-04-01T18:57:00.000Z";6926.41
"2026-04-01T18:57:00.000Z";"2026-04-01T19:00:00.000Z";6921.18
"2026-04-01T19:00:00.000Z";"2026-04-01T19:03:00.000Z";6908.37
"2026-04-01T19:03:00.000Z";"2026-04-01T19:06:00.000Z";6906.29
"2026-04-01T19:06:00.000Z";"2026-04-01T19:09:00.000Z";6890.42
"2026-04-01T19:09:00.000Z";"2026-04-01T19:12:00.000Z";6934.67
"2026-04-01T19:12:00.000Z";"2026-04-01T19:15:00.000Z";6932.01
"2026-04-01T19:15:00.000Z";"2026-04-01T19:18:00.000Z";6929.96
"2026-04-01T19:18:00.000Z";"2026-04-01T19:21:00.000Z";6893.52
"2026-04-01T19:21:00.000Z";"2026-04-01T19:24:00.000Z";6866.87
"2026-04-01T19:24:00.000Z";"2026-04-01T19:27:00.000Z";6879.67
"2026-04-01T19:27:00.000Z";"2026-04-01T19:30:00.000Z";6853.7
"2026-04-01T19:30:00.000Z";"2026-04-01T19:33:00.000Z";6788.31
"2026-04-01T19:33:00.000Z";"2026-04-01T19:36:00.000Z";6726.21
"2026-04-01T19:36:00.000Z";"2026-04-01T19:39:00.000Z";6683.06
"2026-04-01T19:39:00.000Z";"2026-04-01T19:42:00.000Z";6636.54
"2026-04-01T19:42:00.000Z";"2026-04-01T19:45:00.000Z";6565.86
"2026-04-01T19:45:00.000Z";"2026-04-01T19:48:00.000Z";6557.31
"2026-04-01T19:48:00.000Z";"2026-04-01T19:51:00.000Z";6561.7
"2026-04-01T19:51:00.000Z";"2026-04-01T19:54:00.000Z";6562.21
"2026-04-01T19:54:00.000Z";"2026-04-01T19:57:00.000Z";6552.29
"2026-04-01T19:57:00.000Z";"2026-04-01T20:00:00.000Z";6579.98
"2026-04-01T20:00:00.000Z";"2026-04-01T20:03:00.000Z";6601.12
"2026-04-01T20:03:00.000Z";"2026-04-01T20:06:00.000Z";6613.16
"2026-04-01T20:06:00.000Z";"2026-04-01T20:09:00.000Z";6591.85
"2026-04-01T20:09:00.000Z";"2026-04-01T20:12:00.000Z";6615.99
"2026-04-01T20:12:00.000Z";"2026-04-01T20:15:00.000Z";6592.69
"2026-04-01T20:15:00.000Z";"2026-04-01T20:18:00.000Z";6559.48
"2026-04-01T20:18:00.000Z";"2026-04-01T20:21:00.000Z";6524.7
"2026-04-01T20:21:00.000Z";"2026-04-01T20:24:00.000Z";6515.34
"2026-04-01T20:24:00.000Z";"2026-04-01T20:27:00.000Z";6462.27
"2026-04-01T20:27:00.000Z";"2026-04-01T20:30:00.000Z";6435.93
"2026-04-01T20:30:00.000Z";"2026-04-01T20:33:00.000Z";6432.83
"2026-04-01T20:33:00.000Z";"2026-04-01T20:36:00.000Z";6342.43
"2026-04-01T20:36:00.000Z";"2026-04-01T20:39:00.000Z";6277.04
"2026-04-01T20:39:00.000Z";"2026-04-01T20:42:00.000Z";6247.19
"2026-04-01T20:42:00.000Z";"2026-04-01T20:45:00.000Z";6174.2
"2026-04-01T20:45:00.000Z";"2026-04-01T20:48:00.000Z";6147.15
"2026-04-01T20:48:00.000Z";"2026-04-01T20:51:00.000Z";6121.33
"2026-04-01T20:51:00.000Z";"2026-04-01T20:54:00.000Z";6099.81
"2026-04-01T20:54:00.000Z";"2026-04-01T20:57:00.000Z";6068.05
"2026-04-01T20:57:00.000Z";"2026-04-01T21:00:00.000Z";6057.84
"2026-04-01T21:00:00.000Z";"2026-04-01T21:03:00.000Z";5933.17
"2026-04-01T21:03:00.000Z";"2026-04-01T21:06:00.000Z";5666.49
"2026-04-01T21:06:00.000Z";"2026-04-01T21:09:00.000Z";5614.72
"2026-04-01T21:09:00.000Z";"2026-04-01T21:12:00.000Z";5587.16
"2026-04-01T21:12:00.000Z";"2026-04-01T21:15:00.000Z";5558.17
"2026-04-01T21:15:00.000Z";"2026-04-01T21:18:00.000Z";5509.36
"2026-04-01T21:18:00.000Z";"2026-04-01T21:21:00.000Z";5492.62
"2026-04-01T21:21:00.000Z";"2026-04-01T21:24:00.000Z";5465.23
"2026-04-01T21:24:00.000Z";"2026-04-01T21:27:00.000Z";5452.38
"2026-04-01T21:27:00.000Z";"2026-04-01T21:30:00.000Z";5456.84
"2026-04-01T21:30:00.000Z";"2026-04-01T21:33:00.000Z";5448.17
"2026-04-01T21:33:00.000Z";"2026-04-01T21:36:00.000Z";5381.22
"2026-04-01T21:36:00.000Z";"2026-04-01T21:39:00.000Z";5347.84
"2026-04-01T21:39:00.000Z";"2026-04-01T21:42:00.000Z";5279.36
"2026-04-01T21:42:00.000Z";"2026-04-01T21:45:00.000Z";5199.2
"2026-04-01T21:45:00.000Z";"2026-04-01T21:48:00.000Z";5123.23
"2026-04-01T21:48:00.000Z";"2026-04-01T21:51:00.000Z";5059.7
"2026-04-01T21:51:00.000Z";"2026-04-01T21:54:00.000Z";5021.06
"2026-04-01T21:54:00.000Z";"2026-04-01T21:57:00.000Z";4970.18
"2026-04-01T21:57:00.000Z";"2026-04-01T22:00:00.000Z";4960.35
"2026-04-01T22:00:00.000Z";"2026-04-01T22:03:00.000Z";5022.91
"2026-04-01T22:03:00.000Z";"2026-04-01T22:06:00.000Z";5074.99
"2026-04-01T22:06:00.000Z";"2026-04-01T22:09:00.000Z";5029.39
"2026-04-01T22:09:00.000Z";"2026-04-01T22:12:00.000Z";5026.49
"2026-04-01T22:12:00.000Z";"2026-04-01T22:15:00.000Z";4995.88
"2026-04-01T22:15:00.000Z";"2026-04-01T22:18:00.000Z";4882.08
"2026-04-01T22:18:00.000Z";"2026-04-01T22:21:00.000Z";4807.02
"2026-04-01T22:21:00.000Z";"2026-04-01T22:24:00.000Z";4765.02
"2026-04-01T22:24:00.000Z";"2026-04-01T22:27:00.000Z";4739.52
"2026-04-01T22:27:00.000Z";"2026-04-01T22:30:00.000Z";4726.34
"2026-04-01T22:30:00.000Z";"2026-04-01T22:33:00.000Z";4751.15
"2026-04-01T22:33:00.000Z";"2026-04-01T22:36:00.000Z";4807.34
"2026-04-01T22:36:00.000Z";"2026-04-01T22:39:00.000Z";4757.86
"2026-04-01T22:39:00.000Z";"2026-04-01T22:42:00.000Z";4732.85
"2026-04-01T22:42:00.000Z";"2026-04-01T22:45:00.000Z";4727.85
"2026-04-01T22:45:00.000Z";"2026-04-01T22:48:00.000Z";4741.83
"2026-04-01T22:48:00.000Z";"2026-04-01T22:51:00.000Z";4742.65
"2026-04-01T22:51:00.000Z";"2026-04-01T22:54:00.000Z";4711.85
"2026-04-01T22:54:00.000Z";"2026-04-01T22:57:00.000Z";4699.82
"2026-04-01T22:57:00.000Z";"2026-04-01T23:00:00.000Z";4654.89
"2026-04-01T23:00:00.000Z";"2026-04-01T23:03:00.000Z";4479.47
"2026-04-01T23:03:00.000Z";"2026-04-01T23:06:00.000Z";4316.75
"2026-04-01T23:06:00.000Z";"2026-04-01T23:09:00.000Z";4232.17
"2026-04-01T23:09:00.000Z";"2026-04-01T23:12:00.000Z";4191.83
"2026-04-01T23:12:00.000Z";"2026-04-01T23:15:00.000Z";4202.49
"2026-04-01T23:15:00.000Z";"2026-04-01T23:18:00.000Z";4265.94
"2026-04-01T23:18:00.000Z";"2026-04-01T23:21:00.000Z";4304.32
"2026-04-01T23:21:00.000Z";"2026-04-01T23:24:00.000Z";4264.39
"2026-04-01T23:24:00.000Z";"2026-04-01T23:27:00.000Z";4210.69
"2026-04-01T23:27:00.000Z";"2026-04-01T23:30:00.000Z";4181.86
"2026-04-01T23:30:00.000Z";"2026-04-01T23:33:00.000Z";4201.78
"2026-04-01T23:33:00.000Z";"2026-04-01T23:36:00.000Z";4171.01
"2026-04-01T23:36:00.000Z";"2026-04-01T23:39:00.000Z";4167.95
"2026-04-01T23:39:00.000Z";"2026-04-01T23:42:00.000Z";4175.85
"2026-04-01T23:42:00.000Z";"2026-04-01T23:45:00.000Z";4186.19
"2026-04-01T23:45:00.000Z";"2026-04-01T23:48:00.000Z";4203.81
"2026-04-01T23:48:00.000Z";"2026-04-01T23:51:00.000Z";4214.01
"2026-04-01T23:51:00.000Z";"2026-04-01T23:54:00.000Z";4212.15
"2026-04-01T23:54:00.000Z";"2026-04-01T23:57:00.000Z";4172.85
"2026-04-01T23:57:00.000Z";"2026-04-02T00:00:00.000Z";4129.52
"2026-04-02T00:00:00.000Z";"2026-04-02T00:03:00.000Z";3973.23
"2026-04-02T00:03:00.000Z";"2026-04-02T00:06:00.000Z";3946.12
"2026-04-02T00:06:00.000Z";"2026-04-02T00:09:00.000Z";3913.92
"2026-04-02T00:09:00.000Z";"2026-04-02T00:12:00.000Z";3905.29
"2026-04-02T00:12:00.000Z";"2026-04-02T00:15:00.000Z";3911.17
"2026-04-02T00:15:00.000Z";"2026-04-02T00:18:00.000Z";3917.64
"2026-04-02T00:18:00.000Z";"2026-04-02T00:21:00.000Z";4014.38
"2026-04-02T00:21:00.000Z";"2026-04-02T00:24:00.000Z";4034.72
"2026-04-02T00:24:00.000Z";"2026-04-02T00:27:00.000Z";4023.33
"2026-04-02T00:27:00.000Z";"2026-04-02T00:30:00.000Z";4012.67
"2026-04-02T00:30:00.000Z";"2026-04-02T00:33:00.000Z";3928.41
"2026-04-02T00:33:00.000Z";"2026-04-02T00:36:00.000Z";3864.7
"2026-04-02T00:36:00.000Z";"2026-04-02T00:39:00.000Z";3841.69
"2026-04-02T00:39:00.000Z";"2026-04-02T00:42:00.000Z";3800.71
"2026-04-02T00:42:00.000Z";"2026-04-02T00:45:00.000Z";3772.02
"2026-04-02T00:45:00.000Z";"2026-04-02T00:48:00.000Z";3735.36
"2026-04-02T00:48:00.000Z";"2026-04-02T00:51:00.000Z";3673.41
"2026-04-02T00:51:00.000Z";"2026-04-02T00:54:00.000Z";3627.54
"2026-04-02T00:54:00.000Z";"2026-04-02T00:57:00.000Z";3585.2
"2026-04-02T00:57:00.000Z";"2026-04-02T01:00:00.000Z";3548.54
"2026-04-02T01:00:00.000Z";"2026-04-02T01:03:00.000Z";3517.36
"2026-04-02T01:03:00.000Z";"2026-04-02T01:06:00.000Z";3480.22
"2026-04-02T01:06:00.000Z";"2026-04-02T01:09:00.000Z";3444.84
"2026-04-02T01:09:00.000Z";"2026-04-02T01:12:00.000Z";3429.08
"2026-04-02T01:12:00.000Z";"2026-04-02T01:15:00.000Z";3386.71
"2026-04-02T01:15:00.000Z";"2026-04-02T01:18:00.000Z";3366.33
"2026-04-02T01:18:00.000Z";"2026-04-02T01:21:00.000Z";3371.18
"2026-04-02T01:21:00.000Z";"2026-04-02T01:24:00.000Z";3343.88
"2026-04-02T01:24:00.000Z";"2026-04-02T01:27:00.000Z";3310.35
"2026-04-02T01:27:00.000Z";"2026-04-02T01:30:00.000Z";3280.16
"2026-04-02T01:30:00.000Z";"2026-04-02T01:33:00.000Z";3264.34
"2026-04-02T01:33:00.000Z";"2026-04-02T01:36:00.000Z";3262.98
"2026-04-02T01:36:00.000Z";"2026-04-02T01:39:00.000Z";3270.63
"2026-04-02T01:39:00.000Z";"2026-04-02T01:42:00.000Z";3296.63
"2026-04-02T01:42:00.000Z";"2026-04-02T01:45:00.000Z";3345.88
"2026-04-02T01:45:00.000Z";"2026-04-02T01:48:00.000Z";3354.03
"2026-04-02T01:48:00.000Z";"2026-04-02T01:51:00.000Z";3318.38
"2026-04-02T01:51:00.000Z";"2026-04-02T01:54:00.000Z";3261.36
"2026-04-02T01:54:00.000Z";"2026-04-02T01:57:00.000Z";3249.17
"2026-04-02T01:57:00.000Z";"2026-04-02T02:00:00.000Z";3271.51
"2026-04-02T02:00:00.000Z";"2026-04-02T02:03:00.000Z";3273.18
"2026-04-02T02:03:00.000Z";"2026-04-02T02:06:00.000Z";3260.06
"2026-04-02T02:06:00.000Z";"2026-04-02T02:09:00.000Z";3241.44
"2026-04-02T02:09:00.000Z";"2026-04-02T02:12:00.000Z";3216.73
"2026-04-02T02:12:00.000Z";"2026-04-02T02:15:00.000Z";3216.35
"2026-04-02T02:15:00.000Z";"2026-04-02T02:18:00.000Z";3185.51
"2026-04-02T02:18:00.000Z";"2026-04-02T02:21:00.000Z";3182.19
"2026-04-02T02:21:00.000Z";"2026-04-02T02:24:00.000Z";3164.86
"2026-04-02T02:24:00.000Z";"2026-04-02T02:27:00.000Z";3140.35
"2026-04-02T02:27:00.000Z";"2026-04-02T02:30:00.000Z";3109.85
"2026-04-02T02:30:00.000Z";"2026-04-02T02:33:00.000Z";3098.36
"2026-04-02T02:33:00.000Z";"2026-04-02T02:36:00.000Z";3092.33
"2026-04-02T02:36:00.000Z";"2026-04-02T02:39:00.000Z";3064.21
"2026-04-02T02:39:00.000Z";"2026-04-02T02:42:00.000Z";3047.18
"2026-04-02T02:42:00.000Z";"2026-04-02T02:45:00.000Z";3028.5
"2026-04-02T02:45:00.000Z";"2026-04-02T02:48:00.000Z";2998.03
"2026-04-02T02:48:00.000Z";"2026-04-02T02:51:00.000Z";2954.7
"2026-04-02T02:51:00.000Z";"2026-04-02T02:54:00.000Z";2890.55
"2026-04-02T02:54:00.000Z";"2026-04-02T02:57:00.000Z";2853.18
"2026-04-02T02:57:00.000Z";"2026-04-02T03:00:00.000Z";2903.15
"2026-04-02T03:00:00.000Z";"2026-04-02T03:03:00.000Z";2872.88
"2026-04-02T03:03:00.000Z";"2026-04-02T03:06:00.000Z";2814.42
"2026-04-02T03:06:00.000Z";"2026-04-02T03:09:00.000Z";2772.38
"2026-04-02T03:09:00.000Z";"2026-04-02T03:12:00.000Z";2750.49
"2026-04-02T03:12:00.000Z";"2026-04-02T03:15:00.000Z";2717.52
"2026-04-02T03:15:00.000Z";"2026-04-02T03:18:00.000Z";2728.69
"2026-04-02T03:18:00.000Z";"2026-04-02T03:21:00.000Z";2726.31
"2026-04-02T03:21:00.000Z";"2026-04-02T03:24:00.000Z";2716.35
"2026-04-02T03:24:00.000Z";"2026-04-02T03:27:00.000Z";2685.02
"2026-04-02T03:27:00.000Z";"2026-04-02T03:30:00.000Z";2653.52
"2026-04-02T03:30:00.000Z";"2026-04-02T03:33:00.000Z";2628.86
"2026-04-02T03:33:00.000Z";"2026-04-02T03:36:00.000Z";2612.65
"2026-04-02T03:36:00.000Z";"2026-04-02T03:39:00.000Z";2591.34
"2026-04-02T03:39:00.000Z";"2026-04-02T03:42:00.000Z";2566.02
"2026-04-02T03:42:00.000Z";"2026-04-02T03:45:00.000Z";2535.18
"2026-04-02T03:45:00.000Z";"2026-04-02T03:48:00.000Z";2503.54
"2026-04-02T03:48:00.000Z";"2026-04-02T03:51:00.000Z";2468.36
"2026-04-02T03:51:00.000Z";"2026-04-02T03:54:00.000Z";2444.67
"2026-04-02T03:54:00.000Z";"2026-04-02T03:57:00.000Z";2428.19
"2026-04-02T03:57:00.000Z";"2026-04-02T04:00:00.000Z";2399.55
"2026-04-02T04:00:00.000Z";"2026-04-02T04:03:00.000Z";2356.37
"2026-04-02T04:03:00.000Z";"2026-04-02T04:06:00.000Z";2313.86
"2026-04-02T04:06:00.000Z";"2026-04-02T04:09:00.000Z";2285.03
"2026-04-02T04:09:00.000Z";"2026-04-02T04:12:00.000Z";2241.03
"2026-04-02T04:12:00.000Z";"2026-04-02T04:15:00.000Z";2200.21
"2026-04-02T04:15:00.000Z";"2026-04-02T04:18:00.000Z";2146.54
"2026-04-02T04:18:00.000Z";"2026-04-02T04:21:00.000Z";2090.21
"2026-04-02T04:21:00.000Z";"2026-04-02T04:24:00.000Z";2056.03
"2026-04-02T04:24:00.000Z";"2026-04-02T04:27:00.000Z";2026.68
"2026-04-02T04:27:00.000Z";"2026-04-02T04:30:00.000Z";1983.86
"2026-04-02T04:30:00.000Z";"2026-04-02T04:33:00.000Z";1941.35
"2026-04-02T04:33:00.000Z";"2026-04-02T04:36:00.000Z";1911.71
"2026-04-02T04:36:00.000Z";"2026-04-02T04:39:00.000Z";1876.87
"2026-04-02T04:39:00.000Z";"2026-04-02T04:42:00.000Z";1843.74
"2026-04-02T04:42:00.000Z";"2026-04-02T04:45:00.000Z";1809.52
"2026-04-02T04:45:00.000Z";"2026-04-02T04:48:00.000Z";1779.69
"2026-04-02T04:48:00.000Z";"2026-04-02T04:51:00.000Z";1749.35
"2026-04-02T04:51:00.000Z";"2026-04-02T04:54:00.000Z";1707.88
"2026-04-02T04:54:00.000Z";"2026-04-02T04:57:00.000Z";1668.19
"2026-04-02T04:57:00.000Z";"2026-04-02T05:00:00.000Z";1632.86
"2026-04-02T05:00:00.000Z";"2026-04-02T05:03:00.000Z";1589.2
"2026-04-02T05:03:00.000Z";"2026-04-02T05:06:00.000Z";1520.51
"2026-04-02T05:06:00.000Z";"2026-04-02T05:09:00.000Z";1491.02
"2026-04-02T05:09:00.000Z";"2026-04-02T05:12:00.000Z";1439.55
"2026-04-02T05:12:00.000Z";"2026-04-02T05:15:00.000Z";1426.66
"2026-04-02T05:15:00.000Z";"2026-04-02T05:18:00.000Z";1418.34
"2026-04-02T05:18:00.000Z";"2026-04-02T05:21:00.000Z";1397.36
"2026-04-02T05:21:00.000Z";"2026-04-02T05:24:00.000Z";1375.01
"2026-04-02T05:24:00.000Z";"2026-04-02T05:27:00.000Z";1375.5
"2026-04-02T05:27:00.000Z";"2026-04-02T05:30:00.000Z";1354.68
"2026-04-02T05:30:00.000Z";"2026-04-02T05:33:00.000Z";1341.17
"2026-04-02T05:33:00.000Z";"2026-04-02T05:36:00.000Z";1297.37
"2026-04-02T05:36:00.000Z";"2026-04-02T05:39:00.000Z";1251.27
"2026-04-02T05:39:00.000Z";"2026-04-02T05:42:00.000Z";1208.56
"2026-04-02T05:42:00.000Z";"2026-04-02T05:45:00.000Z";1173.5
"2026-04-02T05:45:00.000Z";"2026-04-02T05:48:00.000Z";1133.19
"2026-04-02T05:48:00.000Z";"2026-04-02T05:51:00.000Z";1102.03
"2026-04-02T05:51:00.000Z";"2026-04-02T05:54:00.000Z";1073.51
"2026-04-02T05:54:00.000Z";"2026-04-02T05:57:00.000Z";1067.67
"2026-04-02T05:57:00.000Z";"2026-04-02T06:00:00.000Z";1038.03
"2026-04-02T06:00:00.000Z";"2026-04-02T06:03:00.000Z";1009.19
"2026-04-02T06:03:00.000Z";"2026-04-02T06:06:00.000Z";990.556
"2026-04-02T06:06:00.000Z";"2026-04-02T06:09:00.000Z";974.834
"2026-04-02T06:09:00.000Z";"2026-04-02T06:12:00.000Z";964.658
"2026-04-02T06:12:00.000Z";"2026-04-02T06:15:00.000Z";944.53
"2026-04-02T06:15:00.000Z";"2026-04-02T06:18:00.000Z";907.523
"2026-04-02T06:18:00.000Z";"2026-04-02T06:21:00.000Z";876.022
"2026-04-02T06:21:00.000Z";"2026-04-02T06:24:00.000Z";854.678
"2026-04-02T06:24:00.000Z";"2026-04-02T06:27:00.000Z";830.838
"2026-04-02T06:27:00.000Z";"2026-04-02T06:30:00.000Z";802.707
"2026-04-02T06:30:00.000Z";"2026-04-02T06:33:00.000Z";788.503
"2026-04-02T06:33:00.000Z";"2026-04-02T06:36:00.000Z";763.343
"2026-04-02T06:36:00.000Z";"2026-04-02T06:39:00.000Z";746.35
"2026-04-02T06:39:00.000Z";"2026-04-02T06:42:00.000Z";723.349
"2026-04-02T06:42:00.000Z";"2026-04-02T06:45:00.000Z";712.165
"2026-04-02T06:45:00.000Z";"2026-04-02T06:48:00.000Z";679.838
"2026-04-02T06:48:00.000Z";"2026-04-02T06:51:00.000Z";673.169
"2026-04-02T06:51:00.000Z";"2026-04-02T06:54:00.000Z";666.843
"2026-04-02T06:54:00.000Z";"2026-04-02T06:57:00.000Z";659.338
"2026-04-02T06:57:00.000Z";"2026-04-02T07:00:00.000Z";646.33
"2026-04-02T07:00:00.000Z";"2026-04-02T07:03:00.000Z";652.5
"2026-04-02T07:03:00.000Z";"2026-04-02T07:06:00.000Z";637.172
"2026-04-02T07:06:00.000Z";"2026-04-02T07:09:00.000Z";631.848
"2026-04-02T07:09:00.000Z";"2026-04-02T07:12:00.000Z";614.677
"2026-04-02T07:12:00.000Z";"2026-04-02T07:15:00.000Z";607.673
"2026-04-02T07:15:00.000Z";"2026-04-02T07:18:00.000Z";595.519
"2026-04-02T07:18:00.000Z";"2026-04-02T07:21:00.000Z";597.496
"2026-04-02T07:21:00.000Z";"2026-04-02T07:24:00.000Z";607.983
"2026-04-02T07:24:00.000Z";"2026-04-02T07:27:00.000Z";603.855
"2026-04-02T07:27:00.000Z";"2026-04-02T07:30:00.000Z";590.501
"2026-04-02T07:30:00.000Z";"2026-04-02T07:33:00.000Z";587.666
"2026-04-02T07:33:00.000Z";"2026-04-02T07:36:00.000Z";580.512
"2026-04-02T07:36:00.000Z";"2026-04-02T07:39:00.000Z";585.655
"2026-04-02T07:39:00.000Z";"2026-04-02T07:42:00.000Z";581.312
"2026-04-02T07:42:00.000Z";"2026-04-02T07:45:00.000Z";576.336
"2026-04-02T07:45:00.000Z";"2026-04-02T07:48:00.000Z";564.005
"2026-04-02T07:48:00.000Z";"2026-04-02T07:51:00.000Z";559.677
"2026-04-02T07:51:00.000Z";"2026-04-02T07:54:00.000Z";538.823
"2026-04-02T07:54:00.000Z";"2026-04-02T07:57:00.000Z";539.169
"2026-04-02T07:57:00.000Z";"2026-04-02T08:00:00.000Z";533.349
"2026-04-02T08:00:00.000Z";"2026-04-02T08:03:00.000Z";515.85
"2026-04-02T08:03:00.000Z";"2026-04-02T08:06:00.000Z";521.158
"2026-04-02T08:06:00.000Z";"2026-04-02T08:09:00.000Z";513.342
"2026-04-02T08:09:00.000Z";"2026-04-02T08:12:00.000Z";485.025
"2026-04-02T08:12:00.000Z";"2026-04-02T08:15:00.000Z";479.5
"2026-04-02T08:15:00.000Z";"2026-04-02T08:18:00.000Z";474.836
"2026-04-02T08:18:00.000Z";"2026-04-02T08:21:00.000Z";470.821
"2026-04-02T08:21:00.000Z";"2026-04-02T08:24:00.000Z";460.183
"2026-04-02T08:24:00.000Z";"2026-04-02T08:27:00.000Z";466.484
"2026-04-02T08:27:00.000Z";"2026-04-02T08:30:00.000Z";448.344
"2026-04-02T08:30:00.000Z";"2026-04-02T08:33:00.000Z";441.034
"2026-04-02T08:33:00.000Z";"2026-04-02T08:36:00.000Z";440.143
"2026-04-02T08:36:00.000Z";"2026-04-02T08:39:00.000Z";446.669
"2026-04-02T08:39:00.000Z";"2026-04-02T08:42:00.000Z";451.984
"2026-04-02T08:42:00.000Z";"2026-04-02T08:45:00.000Z";450.66
"2026-04-02T08:45:00.000Z";"2026-04-02T08:48:00.000Z";460.504
"2026-04-02T08:48:00.000Z";"2026-04-02T08:51:00.000Z";463.659
"2026-04-02T08:51:00.000Z";"2026-04-02T08:54:00.000Z";465.977
"2026-04-02T08:54:00.000Z";"2026-04-02T08:57:00.000Z";468.194
"2026-04-02T08:57:00.000Z";"2026-04-02T09:00:00.000Z";457.852
"2026-04-02T09:00:00.000Z";"2026-04-02T09:03:00.000Z";458.16
"2026-04-02T09:03:00.000Z";"2026-04-02T09:06:00.000Z";456.832
"2026-04-02T09:06:00.000Z";"2026-04-02T09:09:00.000Z";460.337
"2026-04-02T09:09:00.000Z";"2026-04-02T09:12:00.000Z";448.162
"2026-04-02T09:12:00.000Z";"2026-04-02T09:15:00.000Z";458.824
"2026-04-02T09:15:00.000Z";"2026-04-02T09:18:00.000Z";464.84
"2026-04-02T09:18:00.000Z";"2026-04-02T09:21:00.000Z";467.339
"2026-04-02T09:21:00.000Z";"2026-04-02T09:24:00.000Z";450.669
"2026-04-02T09:24:00.000Z";"2026-04-02T09:27:00.000Z";455.498
"2026-04-02T09:27:00.000Z";"2026-04-02T09:30:00.000Z";472.489
"2026-04-02T09:30:00.000Z";"2026-04-02T09:33:00.000Z";476.164
"2026-04-02T09:33:00.000Z";"2026-04-02T09:36:00.000Z";462.501
"2026-04-02T09:36:00.000Z";"2026-04-02T09:39:00.000Z";445.18
"2026-04-02T09:39:00.000Z";"2026-04-02T09:42:00.000Z";433.659
"2026-04-02T09:42:00.000Z";"2026-04-02T09:45:00.000Z";440.165
"2026-04-02T09:45:00.000Z";"2026-04-02T09:48:00.000Z";442.001
"2026-04-02T09:48:00.000Z";"2026-04-02T09:51:00.000Z";438.335
"2026-04-02T09:51:00.000Z";"2026-04-02T09:54:00.000Z";441.338
"2026-04-02T09:54:00.000Z";"2026-04-02T09:57:00.000Z";438.163
"2026-04-02T09:57:00.000Z";"2026-04-02T10:00:00.000Z";453.824
"2026-04-02T10:00:00.000Z";"2026-04-02T10:03:00.000Z";444.682
"2026-04-02T10:03:00.000Z";"2026-04-02T10:06:00.000Z";433.335
"2026-04-02T10:06:00.000Z";"2026-04-02T10:09:00.000Z";438.32
"2026-04-02T10:09:00.000Z";"2026-04-02T10:12:00.000Z";430.836
"2026-04-02T10:12:00.000Z";"2026-04-02T10:15:00.000Z";428.167
"2026-04-02T10:15:00.000Z";"2026-04-02T10:18:00.000Z";437.013
"2026-04-02T10:18:00.000Z";"2026-04-02T10:21:00.000Z";416.843
"2026-04-02T10:21:00.000Z";"2026-04-02T10:24:00.000Z";432.651
"2026-04-02T10:24:00.000Z";"2026-04-02T10:27:00.000Z";434.667
"2026-04-02T10:27:00.000Z";"2026-04-02T10:30:00.000Z";449.487
"2026-04-02T10:30:00.000Z";"2026-04-02T10:33:00.000Z";469.989
"2026-04-02T10:33:00.000Z";"2026-04-02T10:36:00.000Z";480.837
"2026-04-02T10:36:00.000Z";"2026-04-02T10:39:00.000Z";479.833
"2026-04-02T10:39:00.000Z";"2026-04-02T10:42:00.000Z";491.827
"2026-04-02T10:42:00.000Z";"2026-04-02T10:45:00.000Z";493.169
"2026-04-02T10:45:00.000Z";"2026-04-02T10:48:00.000Z";490.99
"2026-04-02T10:48:00.000Z";"2026-04-02T10:51:00.000Z";497.306
"2026-04-02T10:51:00.000Z";"2026-04-02T10:54:00.000Z";496.009
"2026-04-02T10:54:00.000Z";"2026-04-02T10:57:00.000Z";493.662
"2026-04-02T10:57:00.000Z";"2026-04-02T11:00:00.000Z";485.335
"2026-04-02T11:00:00.000Z";"2026-04-02T11:03:00.000Z";477.346
"2026-04-02T11:03:00.000Z";"2026-04-02T11:06:00.000Z";455.339
"2026-04-02T11:06:00.000Z";"2026-04-02T11:09:00.000Z";448.834
"2026-04-02T11:09:00.000Z";"2026-04-02T11:12:00.000Z";452.837
"2026-04-02T11:12:00.000Z";"2026-04-02T11:15:00.000Z";467.833
"2026-04-02T11:15:00.000Z";"2026-04-02T11:18:00.000Z";469.035
"2026-04-02T11:18:00.000Z";"2026-04-02T11:21:00.000Z";455.335
"2026-04-02T11:21:00.000Z";"2026-04-02T11:24:00.000Z";446.538
"2026-04-02T11:24:00.000Z";"2026-04-02T11:27:00.000Z";433.838
"2026-04-02T11:27:00.000Z";"2026-04-02T11:30:00.000Z";438.993
"2026-04-02T11:30:00.000Z";"2026-04-02T11:33:00.000Z";433.84
"2026-04-02T11:33:00.000Z";"2026-04-02T11:36:00.000Z";436.67
"2026-04-02T11:36:00.000Z";"2026-04-02T11:39:00.000Z";430.68
"2026-04-02T11:39:00.000Z";"2026-04-02T11:42:00.000Z";436.988
"2026-04-02T11:42:00.000Z";"2026-04-02T11:45:00.000Z";424.002
"2026-04-02T11:45:00.000Z";"2026-04-02T11:48:00.000Z";435.507
"2026-04-02T11:48:00.000Z";"2026-04-02T11:51:00.000Z";444.315
"2026-04-02T11:51:00.000Z";"2026-04-02T11:54:00.000Z";456.335
"2026-04-02T11:54:00.000Z";"2026-04-02T11:57:00.000Z";449.172
"2026-04-02T11:57:00.000Z";"2026-04-02T12:00:00.000Z";445.497
"2026-04-02T12:00:00.000Z";"2026-04-02T12:03:00.000Z";450.168
"2026-04-02T12:03:00.000Z";"2026-04-02T12:06:00.000Z";441.192
"2026-04-02T12:06:00.000Z";"2026-04-02T12:09:00.000Z";443.334
"2026-04-02T12:09:00.000Z";"2026-04-02T12:12:00.000Z";441.993
"2026-04-02T12:12:00.000Z";"2026-04-02T12:15:00.000Z";467.476
"2026-04-02T12:15:00.000Z";"2026-04-02T12:18:00.000Z";462.023
"2026-04-02T12:18:00.000Z";"2026-04-02T12:21:00.000Z";455.506
"2026-04-02T12:21:00.000Z";"2026-04-02T12:24:00.000Z";455.855
"2026-04-02T12:24:00.000Z";"2026-04-02T12:27:00.000Z";439.794
"2026-04-02T12:27:00.000Z";"2026-04-02T12:30:00.000Z";457.159
"2026-04-02T12:30:00.000Z";"2026-04-02T12:33:00.000Z";449.986
"2026-04-02T12:33:00.000Z";"2026-04-02T12:36:00.000Z";459.152
"2026-04-02T12:36:00.000Z";"2026-04-02T12:39:00.000Z";462.001
"2026-04-02T12:39:00.000Z";"2026-04-02T12:42:00.000Z";469.993
"2026-04-02T12:42:00.000Z";"2026-04-02T12:45:00.000Z";441.172
"2026-04-02T12:45:00.000Z";"2026-04-02T12:48:00.000Z";447.826
"2026-04-02T12:48:00.000Z";"2026-04-02T12:51:00.000Z";456.488
"2026-04-02T12:51:00.000Z";"2026-04-02T12:54:00.000Z";458.833
"2026-04-02T12:54:00.000Z";"2026-04-02T12:57:00.000Z";471.006
"2026-04-02T12:57:00.000Z";"2026-04-02T13:00:00.000Z";468.667
"2026-04-02T13:00:00.000Z";"2026-04-02T13:03:00.000Z";465.001
"2026-04-02T13:03:00.000Z";"2026-04-02T13:06:00.000Z";470.506
"2026-04-02T13:06:00.000Z";"2026-04-02T13:09:00.000Z";469.827
"2026-04-02T13:09:00.000Z";"2026-04-02T13:12:00.000Z";470.311
"2026-04-02T13:12:00.000Z";"2026-04-02T13:15:00.000Z";483.501
"2026-04-02T13:15:00.000Z";"2026-04-02T13:18:00.000Z";488.661
"2026-04-02T13:18:00.000Z";"2026-04-02T13:21:00.000Z";487.997
"2026-04-02T13:21:00.000Z";"2026-04-02T13:24:00.000Z";488.503
"2026-04-02T13:24:00.000Z";"2026-04-02T13:27:00.000Z";493.811
"2026-04-02T13:27:00.000Z";"2026-04-02T13:30:00.000Z";504.84
"2026-04-02T13:30:00.000Z";"2026-04-02T13:33:00.000Z";493
"2026-04-02T13:33:00.000Z";"2026-04-02T13:36:00.000Z";484.012
"2026-04-02T13:36:00.000Z";"2026-04-02T13:39:00.000Z";475.843
"2026-04-02T13:39:00.000Z";"2026-04-02T13:42:00.000Z";471.166
"2026-04-02T13:42:00.000Z";"2026-04-02T13:45:00.000Z";480.144
"2026-04-02T13:45:00.000Z";"2026-04-02T13:48:00.000Z";486.483
"2026-04-02T13:48:00.000Z";"2026-04-02T13:51:00.000Z";485.503
"2026-04-02T13:51:00.000Z";"2026-04-02T13:54:00.000Z";483.171
"2026-04-02T13:54:00.000Z";"2026-04-02T13:57:00.000Z";483.84
"2026-04-02T13:57:00.000Z";"2026-04-02T14:00:00.000Z";496.169
"2026-04-02T14:00:00.000Z";"2026-04-02T14:03:00.000Z";496.673
"2026-04-02T14:03:00.000Z";"2026-04-02T14:06:00.000Z";514.291
"2026-04-02T14:06:00.000Z";"2026-04-02T14:09:00.000Z";519.662
"2026-04-02T14:09:00.000Z";"2026-04-02T14:12:00.000Z";524.314
"2026-04-02T14:12:00.000Z";"2026-04-02T14:15:00.000Z";543.317
"2026-04-02T14:15:00.000Z";"2026-04-02T14:18:00.000Z";545.837
"2026-04-02T14:18:00.000Z";"2026-04-02T14:21:00.000Z";560.657
"2026-04-02T14:21:00.000Z";"2026-04-02T14:24:00.000Z";567.83
"2026-04-02T14:24:00.000Z";"2026-04-02T14:27:00.000Z";578.165
"2026-04-02T14:27:00.000Z";"2026-04-02T14:30:00.000Z";572.501
"2026-04-02T14:30:00.000Z";"2026-04-02T14:33:00.000Z";578.658
"2026-04-02T14:33:00.000Z";"2026-04-02T14:36:00.000Z";593.478
"2026-04-02T14:36:00.000Z";"2026-04-02T14:39:00.000Z";582.886
"2026-04-02T14:39:00.000Z";"2026-04-02T14:42:00.000Z";587.67
"2026-04-02T14:42:00.000Z";"2026-04-02T14:45:00.000Z";577.666
"2026-04-02T14:45:00.000Z";"2026-04-02T14:48:00.000Z";567.679
"2026-04-02T14:48:00.000Z";"2026-04-02T14:51:00.000Z";567.663
"2026-04-02T14:51:00.000Z";"2026-04-02T14:54:00.000Z";569.666
"2026-04-02T14:54:00.000Z";"2026-04-02T14:57:00.000Z";575.473
"2026-04-02T14:57:00.000Z";"2026-04-02T15:00:00.000Z";575.174
"2026-04-02T15:00:00.000Z";"2026-04-02T15:03:00.000Z";585.314
"2026-04-02T15:03:00.000Z";"2026-04-02T15:06:00.000Z";593.313
"2026-04-02T15:06:00.000Z";"2026-04-02T15:09:00.000Z";608.831
"2026-04-02T15:09:00.000Z";"2026-04-02T15:12:00.000Z";608.679
"2026-04-02T15:12:00.000Z";"2026-04-02T15:15:00.000Z";609.494
"2026-04-02T15:15:00.000Z";"2026-04-02T15:18:00.000Z";603.82
"2026-04-02T15:18:00.000Z";"2026-04-02T15:21:00.000Z";582.534
"2026-04-02T15:21:00.000Z";"2026-04-02T15:24:00.000Z";587.815
"2026-04-02T15:24:00.000Z";"2026-04-02T15:27:00.000Z";602.986
"2026-04-02T15:27:00.000Z";"2026-04-02T15:30:00.000Z";618.497
"2026-04-02T15:30:00.000Z";"2026-04-02T15:33:00.000Z";630.001
"2026-04-02T15:33:00.000Z";"2026-04-02T15:36:00.000Z";622.823
"2026-04-02T15:36:00.000Z";"2026-04-02T15:39:00.000Z";623.002
"2026-04-02T15:39:00.000Z";"2026-04-02T15:42:00.000Z";618.85
"2026-04-02T15:42:00.000Z";"2026-04-02T15:45:00.000Z";616.161
"2026-04-02T15:45:00.000Z";"2026-04-02T15:48:00.000Z";609.334
"2026-04-02T15:48:00.000Z";"2026-04-02T15:51:00.000Z";612.992
"2026-04-02T15:51:00.000Z";"2026-04-02T15:54:00.000Z";612.168
"2026-04-02T15:54:00.000Z";"2026-04-02T15:57:00.000Z";606.175
"2026-04-02T15:57:00.000Z";"2026-04-02T16:00:00.000Z";610.506
"2026-04-02T16:00:00.000Z";"2026-04-02T16:03:00.000Z";614.5
"2026-04-02T16:03:00.000Z";"2026-04-02T16:06:00.000Z";617.49
"2026-04-02T16:06:00.000Z";"2026-04-02T16:09:00.000Z";625.677
"2026-04-02T16:09:00.000Z";"2026-04-02T16:12:00.000Z";621.341
"2026-04-02T16:12:00.000Z";"2026-04-02T16:15:00.000Z";618.334
"2026-04-02T16:15:00.000Z";"2026-04-02T16:18:00.000Z";623.982
"2026-04-02T16:18:00.000Z";"2026-04-02T16:21:00.000Z";625.307
"2026-04-02T16:21:00.000Z";"2026-04-02T16:24:00.000Z";635.14
"2026-04-02T16:24:00.000Z";"2026-04-02T16:27:00.000Z";655.814
"2026-04-02T16:27:00.000Z";"2026-04-02T16:30:00.000Z";660.834
"2026-04-02T16:30:00.000Z";"2026-04-02T16:33:00.000Z";658.162
"2026-04-02T16:33:00.000Z";"2026-04-02T16:36:00.000Z";658.667
"2026-04-02T16:36:00.000Z";"2026-04-02T16:39:00.000Z";661.834
"2026-04-02T16:39:00.000Z";"2026-04-02T16:42:00.000Z";671.338
"2026-04-02T16:42:00.000Z";"2026-04-02T16:45:00.000Z";677.664
"2026-04-02T16:45:00.000Z";"2026-04-02T16:48:00.000Z";696.15
"2026-04-02T16:48:00.000Z";"2026-04-02T16:51:00.000Z";718.967
"2026-04-02T16:51:00.000Z";"2026-04-02T16:54:00.000Z";739.819
"2026-04-02T16:54:00.000Z";"2026-04-02T16:57:00.000Z";756.824
"2026-04-02T16:57:00.000Z";"2026-04-02T17:00:00.000Z";766.168
"2026-04-02T17:00:00.000Z";"2026-04-02T17:03:00.000Z";773.496
"2026-04-02T17:03:00.000Z";"2026-04-02T17:06:00.000Z";784.822
"2026-04-02T17:06:00.000Z";"2026-04-02T17:09:00.000Z";792.995
"2026-04-02T17:09:00.000Z";"2026-04-02T17:12:00.000Z";798.327
"2026-04-02T17:12:00.000Z";"2026-04-02T17:15:00.000Z";809.496
"2026-04-02T17:15:00.000Z";"2026-04-02T17:18:00.000Z";830.824
"2026-04-02T17:18:00.000Z";"2026-04-02T17:21:00.000Z";844.312
"2026-04-02T17:21:00.000Z";"2026-04-02T17:24:00.000Z";855.158
"2026-04-02T17:24:00.000Z";"2026-04-02T17:27:00.000Z";859.164
"2026-04-02T17:27:00.000Z";"2026-04-02T17:30:00.000Z";880.983
"2026-04-02T17:30:00.000Z";"2026-04-02T17:33:00.000Z";886.635
"2026-04-02T17:33:00.000Z";"2026-04-02T17:36:00.000Z";906.521
"2026-04-02T17:36:00.000Z";"2026-04-02T17:39:00.000Z";920.651
"2026-04-02T17:39:00.000Z";"2026-04-02T17:42:00.000Z";938.163
"2026-04-02T17:42:00.000Z";"2026-04-02T17:45:00.000Z";945.001
"2026-04-02T17:45:00.000Z";"2026-04-02T17:48:00.000Z";951.332
"2026-04-02T17:48:00.000Z";"2026-04-02T17:51:00.000Z";956.986
"2026-04-02T17:51:00.000Z";"2026-04-02T17:54:00.000Z";961.666
"2026-04-02T17:54:00.000Z";"2026-04-02T17:57:00.000Z";957.179
"2026-04-02T17:57:00.000Z";"2026-04-02T18:00:00.000Z";958
"2026-04-02T18:00:00.000Z";"2026-04-02T18:03:00.000Z";949.991
"2026-04-02T18:03:00.000Z";"2026-04-02T18:06:00.000Z";952.495
"2026-04-02T18:06:00.000Z";"2026-04-02T18:09:00.000Z";954.647
"2026-04-02T18:09:00.000Z";"2026-04-02T18:12:00.000Z";958.164
"2026-04-02T18:12:00.000Z";"2026-04-02T18:15:00.000Z";966.652
"2026-04-02T18:15:00.000Z";"2026-04-02T18:18:00.000Z";968.17
"2026-04-02T18:18:00.000Z";"2026-04-02T18:21:00.000Z";971.987
"2026-04-02T18:21:00.000Z";"2026-04-02T18:24:00.000Z";972.836
"2026-04-02T18:24:00.000Z";"2026-04-02T18:27:00.000Z";979.82
"2026-04-02T18:27:00.000Z";"2026-04-02T18:30:00.000Z";987.327
"2026-04-02T18:30:00.000Z";"2026-04-02T18:33:00.000Z";992.323
"2026-04-02T18:33:00.000Z";"2026-04-02T18:36:00.000Z";1007.66
"2026-04-02T18:36:00.000Z";"2026-04-02T18:39:00.000Z";1023.82
"2026-04-02T18:39:00.000Z";"2026-04-02T18:42:00.000Z";1039.99
"2026-04-02T18:42:00.000Z";"2026-04-02T18:45:00.000Z";1047.66
"2026-04-02T18:45:00.000Z";"2026-04-02T18:48:00.000Z";1047.51
"2026-04-02T18:48:00.000Z";"2026-04-02T18:51:00.000Z";1053.66
"2026-04-02T18:51:00.000Z";"2026-04-02T18:54:00.000Z";1057.17
"2026-04-02T18:54:00.000Z";"2026-04-02T18:57:00.000Z";1055.16
"2026-04-02T18:57:00.000Z";"2026-04-02T19:00:00.000Z";1057.99
"2026-04-02T19:00:00.000Z";"2026-04-02T19:03:00.000Z";1060.33
"2026-04-02T19:03:00.000Z";"2026-04-02T19:06:00.000Z";1063.32
"2026-04-02T19:06:00.000Z";"2026-04-02T19:09:00.000Z";1076.66
"2026-04-02T19:09:00.000Z";"2026-04-02T19:12:00.000Z";1079.16
"2026-04-02T19:12:00.000Z";"2026-04-02T19:15:00.000Z";1076.01
"2026-04-02T19:15:00.000Z";"2026-04-02T19:18:00.000Z";1084.32
"2026-04-02T19:18:00.000Z";"2026-04-02T19:21:00.000Z";1096.99
"2026-04-02T19:21:00.000Z";"2026-04-02T19:24:00.000Z";1093.67
"2026-04-02T19:24:00.000Z";"2026-04-02T19:27:00.000Z";1092
"2026-04-02T19:27:00.000Z";"2026-04-02T19:30:00.000Z";1093.83
"2026-04-02T19:30:00.000Z";"2026-04-02T19:33:00.000Z";1090.72
"2026-04-02T19:33:00.000Z";"2026-04-02T19:36:00.000Z";1090.99
"2026-04-02T19:36:00.000Z";"2026-04-02T19:39:00.000Z";1098.33
"2026-04-02T19:39:00.000Z";"2026-04-02T19:42:00.000Z";1104.67
"2026-04-02T19:42:00.000Z";"2026-04-02T19:45:00.000Z";1114.82
"2026-04-02T19:45:00.000Z";"2026-04-02T19:48:00.000Z";1116.67
"2026-04-02T19:48:00.000Z";"2026-04-02T19:51:00.000Z";1121.84
"2026-04-02T19:51:00.000Z";"2026-04-02T19:54:00.000Z";1120.67
"2026-04-02T19:54:00.000Z";"2026-04-02T19:57:00.000Z";1132
"2026-04-02T19:57:00.000Z";"2026-04-02T20:00:00.000Z";1138.67
"2026-04-02T20:00:00.000Z";"2026-04-02T20:03:00.000Z";1162.63
"2026-04-02T20:03:00.000Z";"2026-04-02T20:06:00.000Z";1196.34
"2026-04-02T20:06:00.000Z";"2026-04-02T20:09:00.000Z";1183.01
"2026-04-02T20:09:00.000Z";"2026-04-02T20:12:00.000Z";1186.34
"2026-04-02T20:12:00.000Z";"2026-04-02T20:15:00.000Z";1184.84
"2026-04-02T20:15:00.000Z";"2026-04-02T20:18:00.000Z";1165.72
"2026-04-02T20:18:00.000Z";"2026-04-02T20:21:00.000Z";1133.83
"2026-04-02T20:21:00.000Z";"2026-04-02T20:24:00.000Z";1135.66
"2026-04-02T20:24:00.000Z";"2026-04-02T20:27:00.000Z";1134.18
"2026-04-02T20:27:00.000Z";"2026-04-02T20:30:00.000Z";1128.84
"2026-04-02T20:30:00.000Z";"2026-04-02T20:33:00.000Z";1131.99
"2026-04-02T20:33:00.000Z";"2026-04-02T20:36:00.000Z";1137.14
"2026-04-02T20:36:00.000Z";"2026-04-02T20:39:00.000Z";1145.99
"2026-04-02T20:39:00.000Z";"2026-04-02T20:42:00.000Z";1159.64
"2026-04-02T20:42:00.000Z";"2026-04-02T20:45:00.000Z";1171.97
"2026-04-02T20:45:00.000Z";"2026-04-02T20:48:00.000Z";1204.89
"2026-04-02T20:48:00.000Z";"2026-04-02T20:51:00.000Z";1254.18
"2026-04-02T20:51:00.000Z";"2026-04-02T20:54:00.000Z";1241.5
"2026-04-02T20:54:00.000Z";"2026-04-02T20:57:00.000Z";1243.99
"2026-04-02T20:57:00.000Z";"2026-04-02T21:00:00.000Z";1247.33
"2026-04-02T21:00:00.000Z";"2026-04-02T21:03:00.000Z";1248.64
"2026-04-02T21:03:00.000Z";"2026-04-02T21:06:00.000Z";1216.36
"2026-04-02T21:06:00.000Z";"2026-04-02T21:09:00.000Z";1205.18
"2026-04-02T21:09:00.000Z";"2026-04-02T21:12:00.000Z";1195.84
"2026-04-02T21:12:00.000Z";"2026-04-02T21:15:00.000Z";1194.17
"2026-04-02T21:15:00.000Z";"2026-04-02T21:18:00.000Z";1192.17
"2026-04-02T21:18:00.000Z";"2026-04-02T21:21:00.000Z";1190.67
"2026-04-02T21:21:00.000Z";"2026-04-02T21:24:00.000Z";1190
"2026-04-02T21:24:00.000Z";"2026-04-02T21:27:00.000Z";1191.66
"2026-04-02T21:27:00.000Z";"2026-04-02T21:30:00.000Z";1197
"2026-04-02T21:30:00.000Z";"2026-04-02T21:33:00.000Z";1201.82
"2026-04-02T21:33:00.000Z";"2026-04-02T21:36:00.000Z";1207.66
"2026-04-02T21:36:00.000Z";"2026-04-02T21:39:00.000Z";1208.33
"2026-04-02T21:39:00.000Z";"2026-04-02T21:42:00.000Z";1206.84
"2026-04-02T21:42:00.000Z";"2026-04-02T21:45:00.000Z";1202.66
"2026-04-02T21:45:00.000Z";"2026-04-02T21:48:00.000Z";1202.5
"2026-04-02T21:48:00.000Z";"2026-04-02T21:51:00.000Z";1216.83
"2026-04-02T21:51:00.000Z";"2026-04-02T21:54:00.000Z";1226.32
"2026-04-02T21:54:00.000Z";"2026-04-02T21:57:00.000Z";1233.49
"2026-04-02T21:57:00.000Z";"2026-04-02T22:00:00.000Z";1231.83
"2026-04-02T22:00:00.000Z";"2026-04-02T22:03:00.000Z";1271.95
"2026-04-02T22:03:00.000Z";"2026-04-02T22:06:00.000Z";1327.36
"2026-04-02T22:06:00.000Z";"2026-04-02T22:09:00.000Z";1302.52
"2026-04-02T22:09:00.000Z";"2026-04-02T22:12:00.000Z";1279.85
"2026-04-02T22:12:00.000Z";"2026-04-02T22:15:00.000Z";1278.32
"2026-04-02T22:15:00.000Z";"2026-04-02T22:18:00.000Z";1277.01
"2026-04-02T22:18:00.000Z";"2026-04-02T22:21:00.000Z";1259.67
"2026-04-02T22:21:00.000Z";"2026-04-02T22:24:00.000Z";1263.98
"2026-04-02T22:24:00.000Z";"2026-04-02T22:27:00.000Z";1257.03
"2026-04-02T22:27:00.000Z";"2026-04-02T22:30:00.000Z";1237.7
"2026-04-02T22:30:00.000Z";"2026-04-02T22:33:00.000Z";1217.84
"2026-04-02T22:33:00.000Z";"2026-04-02T22:36:00.000Z";1214.16
"2026-04-02T22:36:00.000Z";"2026-04-02T22:39:00.000Z";1206.01
"2026-04-02T22:39:00.000Z";"2026-04-02T22:42:00.000Z";1198.85
"2026-04-02T22:42:00.000Z";"2026-04-02T22:45:00.000Z";1185.68
"2026-04-02T22:45:00.000Z";"2026-04-02T22:48:00.000Z";1165.51
"2026-04-02T22:48:00.000Z";"2026-04-02T22:51:00.000Z";1158.66
"2026-04-02T22:51:00.000Z";"2026-04-02T22:54:00.000Z";1164.34
"2026-04-02T22:54:00.000Z";"2026-04-02T22:57:00.000Z";1153.17
"2026-04-02T22:57:00.000Z";"2026-04-02T23:00:00.000Z";1152.01
"2026-04-02T23:00:00.000Z";"2026-04-02T23:03:00.000Z";1140.17
"2026-04-02T23:03:00.000Z";"2026-04-02T23:06:00.000Z";1162.97
"2026-04-02T23:06:00.000Z";"2026-04-02T23:09:00.000Z";1156.34
"2026-04-02T23:09:00.000Z";"2026-04-02T23:12:00.000Z";1134.34
"2026-04-02T23:12:00.000Z";"2026-04-02T23:15:00.000Z";1116.01
"2026-04-02T23:15:00.000Z";"2026-04-02T23:18:00.000Z";1103.01
"2026-04-02T23:18:00.000Z";"2026-04-02T23:21:00.000Z";1090.54
"2026-04-02T23:21:00.000Z";"2026-04-02T23:24:00.000Z";1094.82
"2026-04-02T23:24:00.000Z";"2026-04-02T23:27:00.000Z";1111.99
"2026-04-02T23:27:00.000Z";"2026-04-02T23:30:00.000Z";1122.16
"2026-04-02T23:30:00.000Z";"2026-04-02T23:33:00.000Z";1113.5
"2026-04-02T23:33:00.000Z";"2026-04-02T23:36:00.000Z";1117.48
"2026-04-02T23:36:00.000Z";"2026-04-02T23:39:00.000Z";1115
"2026-04-02T23:39:00.000Z";"2026-04-02T23:42:00.000Z";1119.65
"2026-04-02T23:42:00.000Z";"2026-04-02T23:45:00.000Z";1121.34
"2026-04-02T23:45:00.000Z";"2026-04-02T23:48:00.000Z";1123.17
"2026-04-02T23:48:00.000Z";"2026-04-02T23:51:00.000Z";1114.51
"2026-04-02T23:51:00.000Z";"2026-04-02T23:54:00.000Z";1116.32
"2026-04-02T23:57:00.000Z";"2026-04-03T00:00:00.000Z";1124.32
"2026-04-03T00:00:00.000Z";"2026-04-03T00:03:00.000Z";1117.17
"2026-04-03T00:03:00.000Z";"2026-04-03T00:06:00.000Z";1106.17
"2026-04-03T00:06:00.000Z";"2026-04-03T00:09:00.000Z";1106.66
"2026-04-03T00:09:00.000Z";"2026-04-03T00:12:00.000Z";1106.34
"2026-04-03T00:12:00.000Z";"2026-04-03T00:15:00.000Z";1102.35
"2026-04-03T00:15:00.000Z";"2026-04-03T00:18:00.000Z";1103.33
"2026-04-03T00:18:00.000Z";"2026-04-03T00:21:00.000Z";1101.51
"2026-04-03T00:21:00.000Z";"2026-04-03T00:24:00.000Z";1102.33
"2026-04-03T00:27:00.000Z";"2026-04-03T00:30:00.000Z";1125.48
"2026-04-03T00:30:00.000Z";"2026-04-03T00:33:00.000Z";1124.83
"2026-04-03T00:36:00.000Z";"2026-04-03T00:39:00.000Z";1144.49
"2026-04-03T00:39:00.000Z";"2026-04-03T00:42:00.000Z";1144.84
"2026-04-03T00:45:00.000Z";"2026-04-03T00:48:00.000Z";1145.32
"2026-04-03T00:48:00.000Z";"2026-04-03T00:51:00.000Z";1167.15
"2026-04-03T00:51:00.000Z";"2026-04-03T00:54:00.000Z";1194.64
"2026-04-03T00:57:00.000Z";"2026-04-03T01:00:00.000Z";1219.01
"2026-04-03T01:00:00.000Z";"2026-04-03T01:03:00.000Z";1187.52
"2026-04-03T01:06:00.000Z";"2026-04-03T01:09:00.000Z";1147.35
"2026-04-03T01:12:00.000Z";"2026-04-03T01:15:00.000Z";1124.51
"2026-04-03T01:15:00.000Z";"2026-04-03T01:18:00.000Z";1105.85
"2026-04-03T01:18:00.000Z";"2026-04-03T01:21:00.000Z";1091.83
"2026-04-03T01:21:00.000Z";"2026-04-03T01:24:00.000Z";1087.67
"2026-04-03T01:24:00.000Z";"2026-04-03T01:27:00.000Z";1095.49
"2026-04-03T01:27:00.000Z";"2026-04-03T01:30:00.000Z";1093.51
"2026-04-03T01:30:00.000Z";"2026-04-03T01:33:00.000Z";1083.34
"2026-04-03T01:36:00.000Z";"2026-04-03T01:39:00.000Z";1059.17
"2026-04-03T01:39:00.000Z";"2026-04-03T01:42:00.000Z";1072.65
"2026-04-03T01:42:00.000Z";"2026-04-03T01:45:00.000Z";1088.83
"2026-04-03T01:45:00.000Z";"2026-04-03T01:48:00.000Z";1088.66
"2026-04-03T01:48:00.000Z";"2026-04-03T01:51:00.000Z";1089.5
"2026-04-03T01:51:00.000Z";"2026-04-03T01:54:00.000Z";1127.94
"2026-04-03T01:54:00.000Z";"2026-04-03T01:57:00.000Z";1179.43
"2026-04-03T01:57:00.000Z";"2026-04-03T02:00:00.000Z";1108.71
"2026-04-03T02:00:00.000Z";"2026-04-03T02:03:00.000Z";1122.98
"2026-04-03T02:03:00.000Z";"2026-04-03T02:06:00.000Z";1176.99
"2026-04-03T02:06:00.000Z";"2026-04-03T02:09:00.000Z";1183.69
"2026-04-03T02:09:00.000Z";"2026-04-03T02:12:00.000Z";1174.01
"2026-04-03T02:12:00.000Z";"2026-04-03T02:15:00.000Z";1173.83
"2026-04-03T02:15:00.000Z";"2026-04-03T02:18:00.000Z";1169.82
"2026-04-03T02:18:00.000Z";"2026-04-03T02:21:00.000Z";1168.67
"2026-04-03T02:21:00.000Z";"2026-04-03T02:24:00.000Z";1156.18
"2026-04-03T02:24:00.000Z";"2026-04-03T02:27:00.000Z";1144.35
"2026-04-03T02:27:00.000Z";"2026-04-03T02:30:00.000Z";1144.67
"2026-04-03T02:30:00.000Z";"2026-04-03T02:33:00.000Z";1140.33
"2026-04-03T02:33:00.000Z";"2026-04-03T02:36:00.000Z";1141.33
"2026-04-03T02:36:00.000Z";"2026-04-03T02:39:00.000Z";1143
"2026-04-03T02:39:00.000Z";"2026-04-03T02:42:00.000Z";1156.48
"2026-04-03T02:42:00.000Z";"2026-04-03T02:45:00.000Z";1144.86
"2026-04-03T02:45:00.000Z";"2026-04-03T02:48:00.000Z";1118.34
"2026-04-03T02:48:00.000Z";"2026-04-03T02:51:00.000Z";1100.52
"2026-04-03T02:51:00.000Z";"2026-04-03T02:54:00.000Z";1088.17
"2026-04-03T02:54:00.000Z";"2026-04-03T02:57:00.000Z";1071.84
"2026-04-03T03:00:00.000Z";"2026-04-03T03:03:00.000Z";1014.68
"2026-04-03T03:03:00.000Z";"2026-04-03T03:06:00.000Z";991.182
"2026-04-03T03:06:00.000Z";"2026-04-03T03:09:00.000Z";947.526
"2026-04-03T03:09:00.000Z";"2026-04-03T03:12:00.000Z";904.676
"2026-04-03T03:12:00.000Z";"2026-04-03T03:15:00.000Z";883.511
"2026-04-03T03:15:00.000Z";"2026-04-03T03:18:00.000Z";871.349
"2026-04-03T03:18:00.000Z";"2026-04-03T03:21:00.000Z";899.123
"2026-04-03T03:21:00.000Z";"2026-04-03T03:24:00.000Z";930.687
"2026-04-03T03:24:00.000Z";"2026-04-03T03:27:00.000Z";908.849
"2026-04-03T03:27:00.000Z";"2026-04-03T03:30:00.000Z";917.839
"2026-04-03T03:30:00.000Z";"2026-04-03T03:33:00.000Z";907.032
"2026-04-03T03:33:00.000Z";"2026-04-03T03:36:00.000Z";905.67
"2026-04-03T03:39:00.000Z";"2026-04-03T03:42:00.000Z";871.019
"2026-04-03T03:42:00.000Z";"2026-04-03T03:45:00.000Z";846.179
"2026-04-03T03:45:00.000Z";"2026-04-03T03:48:00.000Z";833.181
"2026-04-03T03:48:00.000Z";"2026-04-03T03:51:00.000Z";814.174
"2026-04-03T03:54:00.000Z";"2026-04-03T03:57:00.000Z";776.006
"2026-04-03T03:57:00.000Z";"2026-04-03T04:00:00.000Z";758.191
"2026-04-03T04:00:00.000Z";"2026-04-03T04:03:00.000Z";731.188
"2026-04-03T04:03:00.000Z";"2026-04-03T04:06:00.000Z";733.668
"2026-04-03T04:06:00.000Z";"2026-04-03T04:09:00.000Z";724.837
"2026-04-03T04:09:00.000Z";"2026-04-03T04:12:00.000Z";717.337
"2026-04-03T04:12:00.000Z";"2026-04-03T04:15:00.000Z";712.506
"2026-04-03T04:15:00.000Z";"2026-04-03T04:18:00.000Z";690.355
"2026-04-03T04:21:00.000Z";"2026-04-03T04:24:00.000Z";675.675
"2026-04-03T04:24:00.000Z";"2026-04-03T04:27:00.000Z";662.342
"2026-04-03T04:27:00.000Z";"2026-04-03T04:30:00.000Z";637.012
"2026-04-03T04:30:00.000Z";"2026-04-03T04:33:00.000Z";622.175
"2026-04-03T04:33:00.000Z";"2026-04-03T04:36:00.000Z";612.5
"2026-04-03T04:36:00.000Z";"2026-04-03T04:39:00.000Z";601.858
"2026-04-03T04:39:00.000Z";"2026-04-03T04:42:00.000Z";580.206
"2026-04-03T04:42:00.000Z";"2026-04-03T04:45:00.000Z";558.515
"2026-04-03T04:45:00.000Z";"2026-04-03T04:48:00.000Z";538.187
"2026-04-03T04:48:00.000Z";"2026-04-03T04:51:00.000Z";525.181
"2026-04-03T04:51:00.000Z";"2026-04-03T04:54:00.000Z";505.531
"2026-04-03T04:57:00.000Z";"2026-04-03T05:00:00.000Z";482.174
"2026-04-03T05:00:00.000Z";"2026-04-03T05:03:00.000Z";463.672
"2026-04-03T05:03:00.000Z";"2026-04-03T05:06:00.000Z";442.519
"2026-04-03T05:06:00.000Z";"2026-04-03T05:09:00.000Z";436.683
"2026-04-03T05:09:00.000Z";"2026-04-03T05:12:00.000Z";416.003
"2026-04-03T05:12:00.000Z";"2026-04-03T05:15:00.000Z";407.171
"2026-04-03T05:15:00.000Z";"2026-04-03T05:18:00.000Z";396.678
"2026-04-03T05:18:00.000Z";"2026-04-03T05:21:00.000Z";379.843
"2026-04-03T05:21:00.000Z";"2026-04-03T05:24:00.000Z";366.838
"2026-04-03T05:24:00.000Z";"2026-04-03T05:27:00.000Z";350.507
"2026-04-03T05:27:00.000Z";"2026-04-03T05:30:00.000Z";339.337
"2026-04-03T05:30:00.000Z";"2026-04-03T05:33:00.000Z";332.34
"2026-04-03T05:33:00.000Z";"2026-04-03T05:36:00.000Z";318.847
"2026-04-03T05:36:00.000Z";"2026-04-03T05:39:00.000Z";312.846
"2026-04-03T05:39:00.000Z";"2026-04-03T05:42:00.000Z";303.676
"2026-04-03T05:42:00.000Z";"2026-04-03T05:45:00.000Z";282.181
"2026-04-03T05:45:00.000Z";"2026-04-03T05:48:00.000Z";267.343
"2026-04-03T05:48:00.000Z";"2026-04-03T05:51:00.000Z";253.17
"2026-04-03T05:51:00.000Z";"2026-04-03T05:54:00.000Z";237.699
"2026-04-03T05:54:00.000Z";"2026-04-03T05:57:00.000Z";221.339
"2026-04-03T05:57:00.000Z";"2026-04-03T06:00:00.000Z";213.843
"2026-04-03T06:00:00.000Z";"2026-04-03T06:03:00.000Z";206.176
"2026-04-03T06:03:00.000Z";"2026-04-03T06:06:00.000Z";196.501
"2026-04-03T06:06:00.000Z";"2026-04-03T06:09:00.000Z";195.172
"2026-04-03T06:09:00.000Z";"2026-04-03T06:12:00.000Z";191.837
"2026-04-03T06:12:00.000Z";"2026-04-03T06:15:00.000Z";180.006
"2026-04-03T06:15:00.000Z";"2026-04-03T06:18:00.000Z";175.003
"2026-04-03T06:18:00.000Z";"2026-04-03T06:21:00.000Z";165.677
"2026-04-03T06:21:00.000Z";"2026-04-03T06:24:00.000Z";147.85
"2026-04-03T06:24:00.000Z";"2026-04-03T06:27:00.000Z";135.339
"2026-04-03T06:27:00.000Z";"2026-04-03T06:30:00.000Z";119.345
"2026-04-03T06:30:00.000Z";"2026-04-03T06:33:00.000Z";98.193
"2026-04-03T06:33:00.000Z";"2026-04-03T06:36:00.000Z";81.846
"2026-04-03T06:36:00.000Z";"2026-04-03T06:39:00.000Z";69.004
"2026-04-03T06:39:00.000Z";"2026-04-03T06:42:00.000Z";56.005
"2026-04-03T06:42:00.000Z";"2026-04-03T06:45:00.000Z";48.175
"2026-04-03T06:45:00.000Z";"2026-04-03T06:48:00.000Z";40.673
"2026-04-03T06:48:00.000Z";"2026-04-03T06:51:00.000Z";31.342
"2026-04-03T06:51:00.000Z";"2026-04-03T06:54:00.000Z";28.82
"2026-04-03T06:54:00.000Z";"2026-04-03T06:57:00.000Z";27.002
"2026-04-03T06:57:00.000Z";"2026-04-03T07:00:00.000Z";26.338
"2026-04-03T07:00:00.000Z";"2026-04-03T07:03:00.000Z";23.004
"2026-04-03T07:03:00.000Z";"2026-04-03T07:06:00.000Z";21
"2026-04-03T07:06:00.000Z";"2026-04-03T07:09:00.000Z";19.334
"2026-04-03T07:09:00.000Z";"2026-04-03T07:12:00.000Z";17.334
"2026-04-03T07:12:00.000Z";"2026-04-03T07:15:00.000Z";16.001
"2026-04-03T07:15:00.000Z";"2026-04-03T07:18:00.000Z";12.668
"2026-04-03T07:18:00.000Z";"2026-04-03T07:21:00.000Z";10.003
"2026-04-03T07:21:00.000Z";"2026-04-03T07:24:00.000Z";7.833
"2026-04-03T07:24:00.000Z";"2026-04-03T07:27:00.000Z";5.667
"2026-04-03T07:27:00.000Z";"2026-04-03T07:30:00.000Z";4.331
"2026-04-03T07:30:00.000Z";"2026-04-03T07:33:00.000Z";4
"2026-04-03T07:33:00.000Z";"2026-04-03T07:36:00.000Z";4.663
"2026-04-03T07:36:00.000Z";"2026-04-03T07:39:00.000Z";4.339
"2026-04-03T07:39:00.000Z";"2026-04-03T07:42:00.000Z";3.669
"2026-04-03T07:42:00.000Z";"2026-04-03T07:45:00.000Z";3.667
"2026-04-03T07:45:00.000Z";"2026-04-03T07:48:00.000Z";5.665
"2026-04-03T07:48:00.000Z";"2026-04-03T07:51:00.000Z";9.833
"2026-04-03T07:51:00.000Z";"2026-04-03T07:54:00.000Z";12.003
"2026-04-03T07:54:00.000Z";"2026-04-03T07:57:00.000Z";12.661
"2026-04-03T07:57:00.000Z";"2026-04-03T08:00:00.000Z";18.993
"2026-04-03T08:00:00.000Z";"2026-04-03T08:03:00.000Z";22
"2026-04-03T08:03:00.000Z";"2026-04-03T08:06:00.000Z";25.837
"2026-04-03T08:06:00.000Z";"2026-04-03T08:09:00.000Z";26.325
"2026-04-03T08:09:00.000Z";"2026-04-03T08:12:00.000Z";33.496
"2026-04-03T08:12:00.000Z";"2026-04-03T08:15:00.000Z";39.005
"2026-04-03T08:15:00.000Z";"2026-04-03T08:18:00.000Z";42.993
"2026-04-03T08:18:00.000Z";"2026-04-03T08:21:00.000Z";51.66
"2026-04-03T08:21:00.000Z";"2026-04-03T08:24:00.000Z";59.331
"2026-04-03T08:24:00.000Z";"2026-04-03T08:27:00.000Z";63.165
"2026-04-03T08:27:00.000Z";"2026-04-03T08:30:00.000Z";66.004
"2026-04-03T08:30:00.000Z";"2026-04-03T08:33:00.000Z";75.827
"2026-04-03T08:33:00.000Z";"2026-04-03T08:36:00.000Z";84.498
"2026-04-03T08:36:00.000Z";"2026-04-03T08:39:00.000Z";90.995
"2026-04-03T08:42:00.000Z";"2026-04-03T08:45:00.000Z";111.155
"2026-04-03T08:45:00.000Z";"2026-04-03T08:48:00.000Z";112.997
"2026-04-03T08:48:00.000Z";"2026-04-03T08:51:00.000Z";122.659
"2026-04-03T08:51:00.000Z";"2026-04-03T08:54:00.000Z";130.831
"2026-04-03T08:54:00.000Z";"2026-04-03T08:57:00.000Z";131.832
"2026-04-03T08:57:00.000Z";"2026-04-03T09:00:00.000Z";140.667
"2026-04-03T09:00:00.000Z";"2026-04-03T09:03:00.000Z";143.983
"2026-04-03T09:03:00.000Z";"2026-04-03T09:06:00.000Z";149.498
"2026-04-03T09:06:00.000Z";"2026-04-03T09:09:00.000Z";151.658
"2026-04-03T09:09:00.000Z";"2026-04-03T09:12:00.000Z";155.836
"2026-04-03T09:12:00.000Z";"2026-04-03T09:15:00.000Z";154.834
"2026-04-03T09:15:00.000Z";"2026-04-03T09:18:00.000Z";160.657
"2026-04-03T09:18:00.000Z";"2026-04-03T09:21:00.000Z";162.833
"2026-04-03T09:21:00.000Z";"2026-04-03T09:24:00.000Z";168.497
"2026-04-03T09:24:00.000Z";"2026-04-03T09:27:00.000Z";171.998
"2026-04-03T09:27:00.000Z";"2026-04-03T09:30:00.000Z";171.338
"2026-04-03T09:30:00.000Z";"2026-04-03T09:33:00.000Z";169.661
"2026-04-03T09:33:00.000Z";"2026-04-03T09:36:00.000Z";179.985
"2026-04-03T09:36:00.000Z";"2026-04-03T09:39:00.000Z";175.669
"2026-04-03T09:39:00.000Z";"2026-04-03T09:42:00.000Z";189.988
"2026-04-03T09:42:00.000Z";"2026-04-03T09:45:00.000Z";192.002
"2026-04-03T09:45:00.000Z";"2026-04-03T09:48:00.000Z";186.502
"2026-04-03T09:48:00.000Z";"2026-04-03T09:51:00.000Z";196.985
"2026-04-03T09:51:00.000Z";"2026-04-03T09:54:00.000Z";196.836
"2026-04-03T09:54:00.000Z";"2026-04-03T09:57:00.000Z";196.01
"2026-04-03T09:57:00.000Z";"2026-04-03T10:00:00.000Z";188.33
"2026-04-03T10:00:00.000Z";"2026-04-03T10:03:00.000Z";191.156
"2026-04-03T10:03:00.000Z";"2026-04-03T10:06:00.000Z";198.475
"2026-04-03T10:06:00.000Z";"2026-04-03T10:09:00.000Z";196.169
"2026-04-03T10:09:00.000Z";"2026-04-03T10:12:00.000Z";212.326
"2026-04-03T10:12:00.000Z";"2026-04-03T10:15:00.000Z";210.503
"2026-04-03T10:15:00.000Z";"2026-04-03T10:18:00.000Z";210.656
"2026-04-03T10:18:00.000Z";"2026-04-03T10:21:00.000Z";219.334
"2026-04-03T10:21:00.000Z";"2026-04-03T10:24:00.000Z";212.493
"2026-04-03T10:24:00.000Z";"2026-04-03T10:27:00.000Z";217.668
"2026-04-03T10:27:00.000Z";"2026-04-03T10:30:00.000Z";221.337
"2026-04-03T10:30:00.000Z";"2026-04-03T10:33:00.000Z";228.657
"2026-04-03T10:33:00.000Z";"2026-04-03T10:36:00.000Z";231.174
"2026-04-03T10:36:00.000Z";"2026-04-03T10:39:00.000Z";240.33
"2026-04-03T10:39:00.000Z";"2026-04-03T10:42:00.000Z";240.674
"2026-04-03T10:45:00.000Z";"2026-04-03T10:48:00.000Z";238.334
"2026-04-03T10:48:00.000Z";"2026-04-03T10:51:00.000Z";240.335
"2026-04-03T10:51:00.000Z";"2026-04-03T10:54:00.000Z";229.015
"2026-04-03T10:54:00.000Z";"2026-04-03T10:57:00.000Z";233.498
"2026-04-03T10:57:00.000Z";"2026-04-03T11:00:00.000Z";227.656
"2026-04-03T11:00:00.000Z";"2026-04-03T11:03:00.000Z";225.503
"2026-04-03T11:03:00.000Z";"2026-04-03T11:06:00.000Z";238.155
"2026-04-03T11:06:00.000Z";"2026-04-03T11:09:00.000Z";252.49
"2026-04-03T11:09:00.000Z";"2026-04-03T11:12:00.000Z";242.001
"2026-04-03T11:12:00.000Z";"2026-04-03T11:15:00.000Z";235.005
"2026-04-03T11:15:00.000Z";"2026-04-03T11:18:00.000Z";241.481
"2026-04-03T11:18:00.000Z";"2026-04-03T11:21:00.000Z";246.835
"2026-04-03T11:21:00.000Z";"2026-04-03T11:24:00.000Z";244.336
"2026-04-03T11:24:00.000Z";"2026-04-03T11:27:00.000Z";248.823
"2026-04-03T11:27:00.000Z";"2026-04-03T11:30:00.000Z";258.16
"2026-04-03T11:30:00.000Z";"2026-04-03T11:33:00.000Z";258.339
"2026-04-03T11:33:00.000Z";"2026-04-03T11:36:00.000Z";256.667
"2026-04-03T11:36:00.000Z";"2026-04-03T11:39:00.000Z";263.997
"2026-04-03T11:39:00.000Z";"2026-04-03T11:42:00.000Z";272.969
"2026-04-03T11:42:00.000Z";"2026-04-03T11:45:00.000Z";281.843
"2026-04-03T11:45:00.000Z";"2026-04-03T11:48:00.000Z";277.843
"2026-04-03T11:48:00.000Z";"2026-04-03T11:51:00.000Z";292.159
"2026-04-03T11:51:00.000Z";"2026-04-03T11:54:00.000Z";294.004
"2026-04-03T11:57:00.000Z";"2026-04-03T12:00:00.000Z";294.001
"2026-04-03T12:00:00.000Z";"2026-04-03T12:03:00.000Z";293.024
"2026-04-03T12:06:00.000Z";"2026-04-03T12:09:00.000Z";309.502
"2026-04-03T12:09:00.000Z";"2026-04-03T12:12:00.000Z";300.666
"2026-04-03T12:12:00.000Z";"2026-04-03T12:15:00.000Z";292.673
"2026-04-03T12:15:00.000Z";"2026-04-03T12:18:00.000Z";295.163
"2026-04-03T12:18:00.000Z";"2026-04-03T12:21:00.000Z";293.498
"2026-04-03T12:21:00.000Z";"2026-04-03T12:24:00.000Z";286.676
"2026-04-03T12:24:00.000Z";"2026-04-03T12:27:00.000Z";294.492
"2026-04-03T12:27:00.000Z";"2026-04-03T12:30:00.000Z";296.166
"2026-04-03T12:30:00.000Z";"2026-04-03T12:33:00.000Z";285.019
"2026-04-03T12:33:00.000Z";"2026-04-03T12:36:00.000Z";279.844
"2026-04-03T12:36:00.000Z";"2026-04-03T12:39:00.000Z";269.005
"2026-04-03T12:39:00.000Z";"2026-04-03T12:42:00.000Z";267.186
"2026-04-03T12:42:00.000Z";"2026-04-03T12:45:00.000Z";266.654
"2026-04-03T12:45:00.000Z";"2026-04-03T12:48:00.000Z";267.826
"2026-04-03T12:48:00.000Z";"2026-04-03T12:51:00.000Z";263.337
"2026-04-03T12:51:00.000Z";"2026-04-03T12:54:00.000Z";263.82
"2026-04-03T12:54:00.000Z";"2026-04-03T12:57:00.000Z";266.494
"2026-04-03T12:57:00.000Z";"2026-04-03T13:00:00.000Z";270.665
"2026-04-03T13:00:00.000Z";"2026-04-03T13:03:00.000Z";270.49
"2026-04-03T13:03:00.000Z";"2026-04-03T13:06:00.000Z";281.823
"2026-04-03T13:06:00.000Z";"2026-04-03T13:09:00.000Z";284.996
"2026-04-03T13:09:00.000Z";"2026-04-03T13:12:00.000Z";278.843
"2026-04-03T13:12:00.000Z";"2026-04-03T13:15:00.000Z";282.001
"2026-04-03T13:15:00.000Z";"2026-04-03T13:18:00.000Z";286
"2026-04-03T13:18:00.000Z";"2026-04-03T13:21:00.000Z";278.841
"2026-04-03T13:21:00.000Z";"2026-04-03T13:24:00.000Z";270.833
"2026-04-03T13:24:00.000Z";"2026-04-03T13:27:00.000Z";267.165
"2026-04-03T13:27:00.000Z";"2026-04-03T13:30:00.000Z";260.02
"2026-04-03T13:30:00.000Z";"2026-04-03T13:33:00.000Z";257.002
"2026-04-03T13:33:00.000Z";"2026-04-03T13:36:00.000Z";256.159
"2026-04-03T13:36:00.000Z";"2026-04-03T13:39:00.000Z";264.996
"2026-04-03T13:39:00.000Z";"2026-04-03T13:42:00.000Z";265.165
"2026-04-03T13:42:00.000Z";"2026-04-03T13:45:00.000Z";268.007
"2026-04-03T13:45:00.000Z";"2026-04-03T13:48:00.000Z";264.503
"2026-04-03T13:48:00.000Z";"2026-04-03T13:51:00.000Z";259.667
"2026-04-03T13:51:00.000Z";"2026-04-03T13:54:00.000Z";253.671
"2026-04-03T13:54:00.000Z";"2026-04-03T13:57:00.000Z";251.817
"2026-04-03T13:57:00.000Z";"2026-04-03T14:00:00.000Z";245.515
"2026-04-03T14:00:00.000Z";"2026-04-03T14:03:00.000Z";238.675
"2026-04-03T14:03:00.000Z";"2026-04-03T14:06:00.000Z";229.854
"2026-04-03T14:06:00.000Z";"2026-04-03T14:09:00.000Z";227.335
"2026-04-03T14:09:00.000Z";"2026-04-03T14:12:00.000Z";229.331
"2026-04-03T14:12:00.000Z";"2026-04-03T14:15:00.000Z";228.342
"2026-04-03T14:15:00.000Z";"2026-04-03T14:18:00.000Z";226.663
"2026-04-03T14:18:00.000Z";"2026-04-03T14:21:00.000Z";216.177
"2026-04-03T14:21:00.000Z";"2026-04-03T14:24:00.000Z";217.496
"2026-04-03T14:24:00.000Z";"2026-04-03T14:27:00.000Z";216.345
"2026-04-03T14:27:00.000Z";"2026-04-03T14:30:00.000Z";216.668
"2026-04-03T14:30:00.000Z";"2026-04-03T14:33:00.000Z";213.5
"2026-04-03T14:33:00.000Z";"2026-04-03T14:36:00.000Z";205.505
"2026-04-03T14:36:00.000Z";"2026-04-03T14:39:00.000Z";200.336
"2026-04-03T14:42:00.000Z";"2026-04-03T14:45:00.000Z";201.004
"2026-04-03T14:45:00.000Z";"2026-04-03T14:48:00.000Z";190.681
"2026-04-03T14:48:00.000Z";"2026-04-03T14:51:00.000Z";190.317
"2026-04-03T14:51:00.000Z";"2026-04-03T14:54:00.000Z";196.997
"2026-04-03T14:54:00.000Z";"2026-04-03T14:57:00.000Z";203.323
"2026-04-03T14:57:00.000Z";"2026-04-03T15:00:00.000Z";211.494
"2026-04-03T15:03:00.000Z";"2026-04-03T15:06:00.000Z";225.833
"2026-04-03T15:06:00.000Z";"2026-04-03T15:09:00.000Z";223.003
"2026-04-03T15:09:00.000Z";"2026-04-03T15:12:00.000Z";223.988
"2026-04-03T15:15:00.000Z";"2026-04-03T15:18:00.000Z";229.161
"2026-04-03T15:18:00.000Z";"2026-04-03T15:21:00.000Z";228.333
"2026-04-03T15:21:00.000Z";"2026-04-03T15:24:00.000Z";230.167
"2026-04-03T15:24:00.000Z";"2026-04-03T15:27:00.000Z";228.5
"2026-04-03T15:27:00.000Z";"2026-04-03T15:30:00.000Z";225.329
"2026-04-03T15:30:00.000Z";"2026-04-03T15:33:00.000Z";228.996
"2026-04-03T15:33:00.000Z";"2026-04-03T15:36:00.000Z";227.668
"2026-04-03T15:36:00.000Z";"2026-04-03T15:39:00.000Z";225.659
"2026-04-03T15:39:00.000Z";"2026-04-03T15:42:00.000Z";230
"2026-04-03T15:42:00.000Z";"2026-04-03T15:45:00.000Z";229.329
"2026-04-03T15:45:00.000Z";"2026-04-03T15:48:00.000Z";223.848
"2026-04-03T15:48:00.000Z";"2026-04-03T15:51:00.000Z";225.498
"2026-04-03T15:51:00.000Z";"2026-04-03T15:54:00.000Z";221.342
"2026-04-03T15:54:00.000Z";"2026-04-03T15:57:00.000Z";215.51
"2026-04-03T15:57:00.000Z";"2026-04-03T16:00:00.000Z";211.167
"2026-04-03T16:00:00.000Z";"2026-04-03T16:03:00.000Z";206.843
"2026-04-03T16:03:00.000Z";"2026-04-03T16:06:00.000Z";196.168
"2026-04-03T16:06:00.000Z";"2026-04-03T16:09:00.000Z";195.501
"2026-04-03T16:09:00.000Z";"2026-04-03T16:12:00.000Z";189.178
"2026-04-03T16:12:00.000Z";"2026-04-03T16:15:00.000Z";186
"2026-04-03T16:15:00.000Z";"2026-04-03T16:18:00.000Z";184.828
"2026-04-03T16:18:00.000Z";"2026-04-03T16:21:00.000Z";187.332
"2026-04-03T16:21:00.000Z";"2026-04-03T16:24:00.000Z";191.485
"2026-04-03T16:24:00.000Z";"2026-04-03T16:27:00.000Z";198.33
"2026-04-03T16:27:00.000Z";"2026-04-03T16:30:00.000Z";201.995
"2026-04-03T16:30:00.000Z";"2026-04-03T16:33:00.000Z";207.995
"2026-04-03T16:33:00.000Z";"2026-04-03T16:36:00.000Z";209.331
"2026-04-03T16:36:00.000Z";"2026-04-03T16:39:00.000Z";218.996
"2026-04-03T16:39:00.000Z";"2026-04-03T16:42:00.000Z";218.842
"2026-04-03T16:42:00.000Z";"2026-04-03T16:45:00.000Z";221.997
"2026-04-03T16:45:00.000Z";"2026-04-03T16:48:00.000Z";223.334
"2026-04-03T16:48:00.000Z";"2026-04-03T16:51:00.000Z";226.993
"2026-04-03T16:51:00.000Z";"2026-04-03T16:54:00.000Z";233.995
"2026-04-03T16:54:00.000Z";"2026-04-03T16:57:00.000Z";240.823
"2026-04-03T16:57:00.000Z";"2026-04-03T17:00:00.000Z";245.988
"2026-04-03T17:00:00.000Z";"2026-04-03T17:03:00.000Z";253.83
"2026-04-03T17:03:00.000Z";"2026-04-03T17:06:00.000Z";260.662
"2026-04-03T17:06:00.000Z";"2026-04-03T17:09:00.000Z";266.808
"2026-04-03T17:09:00.000Z";"2026-04-03T17:12:00.000Z";280.979
"2026-04-03T17:12:00.000Z";"2026-04-03T17:15:00.000Z";289.497
"2026-04-03T17:15:00.000Z";"2026-04-03T17:18:00.000Z";300.824
"2026-04-03T17:18:00.000Z";"2026-04-03T17:21:00.000Z";306.167
"2026-04-03T17:21:00.000Z";"2026-04-03T17:24:00.000Z";313.659
"2026-04-03T17:24:00.000Z";"2026-04-03T17:27:00.000Z";331.323
"2026-04-03T17:27:00.000Z";"2026-04-03T17:30:00.000Z";339.994
"2026-04-03T17:30:00.000Z";"2026-04-03T17:33:00.000Z";351.333
"2026-04-03T17:33:00.000Z";"2026-04-03T17:36:00.000Z";361.983
"2026-04-03T17:36:00.000Z";"2026-04-03T17:39:00.000Z";368.491
"2026-04-03T17:39:00.000Z";"2026-04-03T17:42:00.000Z";380.984
"2026-04-03T17:42:00.000Z";"2026-04-03T17:45:00.000Z";390.65
"2026-04-03T17:45:00.000Z";"2026-04-03T17:48:00.000Z";401.318
"2026-04-03T17:48:00.000Z";"2026-04-03T17:51:00.000Z";412.329
"2026-04-03T17:51:00.000Z";"2026-04-03T17:54:00.000Z";418.997
"2026-04-03T17:54:00.000Z";"2026-04-03T17:57:00.000Z";427.497
"2026-04-03T17:57:00.000Z";"2026-04-03T18:00:00.000Z";437.317
"2026-04-03T18:00:00.000Z";"2026-04-03T18:03:00.000Z";446.998
"2026-04-03T18:03:00.000Z";"2026-04-03T18:06:00.000Z";453.818
"2026-04-03T18:06:00.000Z";"2026-04-03T18:09:00.000Z";466.65
"2026-04-03T18:09:00.000Z";"2026-04-03T18:12:00.000Z";476.159
"2026-04-03T18:12:00.000Z";"2026-04-03T18:15:00.000Z";482.334
"2026-04-03T18:15:00.000Z";"2026-04-03T18:18:00.000Z";488.164
"2026-04-03T18:18:00.000Z";"2026-04-03T18:21:00.000Z";492.002
"2026-04-03T18:21:00.000Z";"2026-04-03T18:24:00.000Z";499.323
"2026-04-03T18:24:00.000Z";"2026-04-03T18:27:00.000Z";510.822
"2026-04-03T18:27:00.000Z";"2026-04-03T18:30:00.000Z";523.652
"2026-04-03T18:30:00.000Z";"2026-04-03T18:33:00.000Z";526.495
"2026-04-03T18:33:00.000Z";"2026-04-03T18:36:00.000Z";535.658
"2026-04-03T18:36:00.000Z";"2026-04-03T18:39:00.000Z";541.997
"2026-04-03T18:39:00.000Z";"2026-04-03T18:42:00.000Z";548.499
"2026-04-03T18:42:00.000Z";"2026-04-03T18:45:00.000Z";551.986
"2026-04-03T18:45:00.000Z";"2026-04-03T18:48:00.000Z";551.166
"2026-04-03T18:48:00.000Z";"2026-04-03T18:51:00.000Z";558.491
"2026-04-03T18:51:00.000Z";"2026-04-03T18:54:00.000Z";565.66
"2026-04-03T18:54:00.000Z";"2026-04-03T18:57:00.000Z";569.164
"2026-04-03T18:57:00.000Z";"2026-04-03T19:00:00.000Z";575.665
"2026-04-03T19:00:00.000Z";"2026-04-03T19:03:00.000Z";582.825
"2026-04-03T19:03:00.000Z";"2026-04-03T19:06:00.000Z";588.324
"2026-04-03T19:06:00.000Z";"2026-04-03T19:09:00.000Z";596.99
"2026-04-03T19:09:00.000Z";"2026-04-03T19:12:00.000Z";607.831
"2026-04-03T19:12:00.000Z";"2026-04-03T19:15:00.000Z";614.332
"2026-04-03T19:15:00.000Z";"2026-04-03T19:18:00.000Z";623.317
"2026-04-03T19:18:00.000Z";"2026-04-03T19:21:00.000Z";634.333
"2026-04-03T19:21:00.000Z";"2026-04-03T19:24:00.000Z";634.335
"2026-04-03T19:24:00.000Z";"2026-04-03T19:27:00.000Z";636.165
"2026-04-03T19:27:00.000Z";"2026-04-03T19:30:00.000Z";636
"2026-04-03T19:30:00.000Z";"2026-04-03T19:33:00.000Z";640.491
"2026-04-03T19:33:00.000Z";"2026-04-03T19:36:00.000Z";644.171
"2026-04-03T19:36:00.000Z";"2026-04-03T19:39:00.000Z";652.321
"2026-04-03T19:39:00.000Z";"2026-04-03T19:42:00.000Z";666.488
"2026-04-03T19:42:00.000Z";"2026-04-03T19:45:00.000Z";677.666
"2026-04-03T19:45:00.000Z";"2026-04-03T19:48:00.000Z";678.5
"2026-04-03T19:48:00.000Z";"2026-04-03T19:51:00.000Z";681.499
"2026-04-03T19:51:00.000Z";"2026-04-03T19:54:00.000Z";686.992
"2026-04-03T19:54:00.000Z";"2026-04-03T19:57:00.000Z";691.157
"2026-04-03T19:57:00.000Z";"2026-04-03T20:00:00.000Z";696.335
"2026-04-03T20:00:00.000Z";"2026-04-03T20:03:00.000Z";694.164
"2026-04-03T20:03:00.000Z";"2026-04-03T20:06:00.000Z";697.502
"2026-04-03T20:06:00.000Z";"2026-04-03T20:09:00.000Z";701.333
"2026-04-03T20:09:00.000Z";"2026-04-03T20:12:00.000Z";700.833
"2026-04-03T20:12:00.000Z";"2026-04-03T20:15:00.000Z";704.488
"2026-04-03T20:15:00.000Z";"2026-04-03T20:18:00.000Z";698.514
"2026-04-03T20:18:00.000Z";"2026-04-03T20:21:00.000Z";702.165
"2026-04-03T20:21:00.000Z";"2026-04-03T20:24:00.000Z";702.335
"2026-04-03T20:24:00.000Z";"2026-04-03T20:27:00.000Z";713.317
"2026-04-03T20:27:00.000Z";"2026-04-03T20:30:00.000Z";729.318
"2026-04-03T20:30:00.000Z";"2026-04-03T20:33:00.000Z";707.357
"2026-04-03T20:33:00.000Z";"2026-04-03T20:36:00.000Z";694.666
"2026-04-03T20:36:00.000Z";"2026-04-03T20:39:00.000Z";704.832
"2026-04-03T20:39:00.000Z";"2026-04-03T20:42:00.000Z";708.831
"2026-04-03T20:42:00.000Z";"2026-04-03T20:45:00.000Z";721.657
"2026-04-03T20:45:00.000Z";"2026-04-03T20:48:00.000Z";730.158
"2026-04-03T20:48:00.000Z";"2026-04-03T20:51:00.000Z";742.162
"2026-04-03T20:51:00.000Z";"2026-04-03T20:54:00.000Z";742.335
"2026-04-03T20:54:00.000Z";"2026-04-03T20:57:00.000Z";717.035
"2026-04-03T20:57:00.000Z";"2026-04-03T21:00:00.000Z";717.989
"2026-04-03T21:00:00.000Z";"2026-04-03T21:03:00.000Z";721.328
"2026-04-03T21:03:00.000Z";"2026-04-03T21:06:00.000Z";729.995
"2026-04-03T21:06:00.000Z";"2026-04-03T21:09:00.000Z";735.493
"2026-04-03T21:12:00.000Z";"2026-04-03T21:15:00.000Z";743.496
"2026-04-03T21:15:00.000Z";"2026-04-03T21:18:00.000Z";742.67
"2026-04-03T21:21:00.000Z";"2026-04-03T21:24:00.000Z";752.663
"2026-04-03T21:24:00.000Z";"2026-04-03T21:27:00.000Z";765.494
"2026-04-03T21:27:00.000Z";"2026-04-03T21:30:00.000Z";771.663
"2026-04-03T21:30:00.000Z";"2026-04-03T21:33:00.000Z";774.343
"2026-04-03T21:33:00.000Z";"2026-04-03T21:36:00.000Z";768
"2026-04-03T21:36:00.000Z";"2026-04-03T21:39:00.000Z";770.323
"2026-04-03T21:39:00.000Z";"2026-04-03T21:42:00.000Z";777.659
"2026-04-03T21:45:00.000Z";"2026-04-03T21:48:00.000Z";796.654
"2026-04-03T21:48:00.000Z";"2026-04-03T21:51:00.000Z";827.476
"2026-04-03T21:51:00.000Z";"2026-04-03T21:54:00.000Z";848.33
"2026-04-03T21:54:00.000Z";"2026-04-03T21:57:00.000Z";856.994
"2026-04-03T21:57:00.000Z";"2026-04-03T22:00:00.000Z";866.993
"2026-04-03T22:00:00.000Z";"2026-04-03T22:03:00.000Z";876.652
"2026-04-03T22:03:00.000Z";"2026-04-03T22:06:00.000Z";901.301
"2026-04-03T22:06:00.000Z";"2026-04-03T22:09:00.000Z";911.492
"2026-04-03T22:12:00.000Z";"2026-04-03T22:15:00.000Z";922.998
"2026-04-03T22:15:00.000Z";"2026-04-03T22:18:00.000Z";931.496
"2026-04-03T22:18:00.000Z";"2026-04-03T22:21:00.000Z";939.656
"2026-04-03T22:21:00.000Z";"2026-04-03T22:24:00.000Z";950.993
"2026-04-03T22:24:00.000Z";"2026-04-03T22:27:00.000Z";959.989
"2026-04-03T22:27:00.000Z";"2026-04-03T22:30:00.000Z";963.993
"2026-04-03T22:30:00.000Z";"2026-04-03T22:33:00.000Z";961.504
"2026-04-03T22:33:00.000Z";"2026-04-03T22:36:00.000Z";966.496
"2026-04-03T22:36:00.000Z";"2026-04-03T22:39:00.000Z";972.328
"2026-04-03T22:39:00.000Z";"2026-04-03T22:42:00.000Z";978.996
"2026-04-03T22:42:00.000Z";"2026-04-03T22:45:00.000Z";980.665
"2026-04-03T22:45:00.000Z";"2026-04-03T22:48:00.000Z";982.333
"2026-04-03T22:48:00.000Z";"2026-04-03T22:51:00.000Z";980.669
"2026-04-03T22:51:00.000Z";"2026-04-03T22:54:00.000Z";968.02
"2026-04-03T22:54:00.000Z";"2026-04-03T22:57:00.000Z";970.659
"2026-04-03T22:57:00.000Z";"2026-04-03T23:00:00.000Z";974.998
"2026-04-03T23:00:00.000Z";"2026-04-03T23:03:00.000Z";967.005
"2026-04-03T23:03:00.000Z";"2026-04-03T23:06:00.000Z";972.662
"2026-04-03T23:06:00.000Z";"2026-04-03T23:09:00.000Z";968.168
"2026-04-03T23:09:00.000Z";"2026-04-03T23:12:00.000Z";969.993
"2026-04-03T23:12:00.000Z";"2026-04-03T23:15:00.000Z";967.004
"2026-04-03T23:15:00.000Z";"2026-04-03T23:18:00.000Z";964.505
"2026-04-03T23:18:00.000Z";"2026-04-03T23:21:00.000Z";981.313
"2026-04-03T23:21:00.000Z";"2026-04-03T23:24:00.000Z";983.994
"2026-04-03T23:24:00.000Z";"2026-04-03T23:27:00.000Z";989.83
"2026-04-03T23:27:00.000Z";"2026-04-03T23:30:00.000Z";994.659
"2026-04-03T23:30:00.000Z";"2026-04-03T23:33:00.000Z";998.671
"2026-04-03T23:33:00.000Z";"2026-04-03T23:36:00.000Z";998.665
"2026-04-03T23:36:00.000Z";"2026-04-03T23:39:00.000Z";996.833
"2026-04-03T23:39:00.000Z";"2026-04-03T23:42:00.000Z";1007.16
"2026-04-03T23:42:00.000Z";"2026-04-03T23:45:00.000Z";1023.32
"2026-04-03T23:45:00.000Z";"2026-04-03T23:48:00.000Z";1023.51
"2026-04-03T23:48:00.000Z";"2026-04-03T23:51:00.000Z";1022.66
"2026-04-03T23:51:00.000Z";"2026-04-03T23:54:00.000Z";1032.33
"2026-04-03T23:54:00.000Z";"2026-04-03T23:57:00.000Z";1037.49
"2026-04-03T23:57:00.000Z";"2026-04-04T00:00:00.000Z";1046.66
"2026-04-04T00:03:00.000Z";"2026-04-04T00:06:00.000Z";1036.01
"2026-04-04T00:06:00.000Z";"2026-04-04T00:09:00.000Z";1026.33
"2026-04-04T00:12:00.000Z";"2026-04-04T00:15:00.000Z";1007.01
"2026-04-04T00:15:00.000Z";"2026-04-04T00:18:00.000Z";991.856
"2026-04-04T00:18:00.000Z";"2026-04-04T00:21:00.000Z";971.512
"2026-04-04T00:21:00.000Z";"2026-04-04T00:24:00.000Z";966.163
"2026-04-04T00:24:00.000Z";"2026-04-04T00:27:00.000Z";970.656
"2026-04-04T00:27:00.000Z";"2026-04-04T00:30:00.000Z";975.495
"2026-04-04T00:30:00.000Z";"2026-04-04T00:33:00.000Z";969.342
"2026-04-04T00:36:00.000Z";"2026-04-04T00:39:00.000Z";1012.32
"2026-04-04T00:39:00.000Z";"2026-04-04T00:42:00.000Z";1016.5
"2026-04-04T00:42:00.000Z";"2026-04-04T00:45:00.000Z";1003.84
"2026-04-04T00:45:00.000Z";"2026-04-04T00:48:00.000Z";997.526
"2026-04-04T00:48:00.000Z";"2026-04-04T00:51:00.000Z";990.172
"2026-04-04T00:51:00.000Z";"2026-04-04T00:54:00.000Z";988.665
"2026-04-04T00:54:00.000Z";"2026-04-04T00:57:00.000Z";1005.32
"2026-04-04T00:57:00.000Z";"2026-04-04T01:00:00.000Z";1011.31
"2026-04-04T01:00:00.000Z";"2026-04-04T01:03:00.000Z";1009.51
"2026-04-04T01:03:00.000Z";"2026-04-04T01:06:00.000Z";1020.83
"2026-04-04T01:06:00.000Z";"2026-04-04T01:09:00.000Z";1015.85
"2026-04-04T01:09:00.000Z";"2026-04-04T01:12:00.000Z";1010.5
"2026-04-04T01:12:00.000Z";"2026-04-04T01:15:00.000Z";1010.67
"2026-04-04T01:15:00.000Z";"2026-04-04T01:18:00.000Z";993.533
"2026-04-04T01:18:00.000Z";"2026-04-04T01:21:00.000Z";946.006
"2026-04-04T01:21:00.000Z";"2026-04-04T01:24:00.000Z";949.99
"2026-04-04T01:24:00.000Z";"2026-04-04T01:27:00.000Z";958.664
"2026-04-04T01:27:00.000Z";"2026-04-04T01:30:00.000Z";960.162
"2026-04-04T01:33:00.000Z";"2026-04-04T01:36:00.000Z";995.468
"2026-04-04T01:36:00.000Z";"2026-04-04T01:39:00.000Z";1018.17
"2026-04-04T01:42:00.000Z";"2026-04-04T01:45:00.000Z";1011.83
"2026-04-04T01:45:00.000Z";"2026-04-04T01:48:00.000Z";1004.34
"2026-04-04T01:48:00.000Z";"2026-04-04T01:51:00.000Z";1003.16
"2026-04-04T01:51:00.000Z";"2026-04-04T01:54:00.000Z";999.182
"2026-04-04T01:54:00.000Z";"2026-04-04T01:57:00.000Z";994.499
"2026-04-04T01:57:00.000Z";"2026-04-04T02:00:00.000Z";1003
"2026-04-04T02:00:00.000Z";"2026-04-04T02:03:00.000Z";1003.36
"2026-04-04T02:03:00.000Z";"2026-04-04T02:06:00.000Z";1001.83
"2026-04-04T02:06:00.000Z";"2026-04-04T02:09:00.000Z";1011.83
"2026-04-04T02:09:00.000Z";"2026-04-04T02:12:00.000Z";1021.16
"2026-04-04T02:12:00.000Z";"2026-04-04T02:15:00.000Z";1028.67
"2026-04-04T02:15:00.000Z";"2026-04-04T02:18:00.000Z";1034.66
"2026-04-04T02:21:00.000Z";"2026-04-04T02:24:00.000Z";1063.69
"2026-04-04T02:24:00.000Z";"2026-04-04T02:27:00.000Z";1065.33
"2026-04-04T02:27:00.000Z";"2026-04-04T02:30:00.000Z";1068
"2026-04-04T02:30:00.000Z";"2026-04-04T02:33:00.000Z";1078.49
"2026-04-04T02:33:00.000Z";"2026-04-04T02:36:00.000Z";1093.49
"2026-04-04T02:36:00.000Z";"2026-04-04T02:39:00.000Z";1100.66
"2026-04-04T02:39:00.000Z";"2026-04-04T02:42:00.000Z";1110.5
"2026-04-04T02:45:00.000Z";"2026-04-04T02:48:00.000Z";1138.49
"2026-04-04T02:48:00.000Z";"2026-04-04T02:51:00.000Z";1165.82
"2026-04-04T02:51:00.000Z";"2026-04-04T02:57:00.000Z";1194.82
"2026-04-04T02:57:00.000Z";"2026-04-04T03:00:00.000Z";1230.66
"2026-04-04T03:03:00.000Z";"2026-04-04T03:06:00.000Z";1290.65
"2026-04-04T03:06:00.000Z";"2026-04-04T03:09:00.000Z";1294
"2026-04-04T03:09:00.000Z";"2026-04-04T03:12:00.000Z";1297
"2026-04-04T03:12:00.000Z";"2026-04-04T03:15:00.000Z";1300.17
"2026-04-04T03:15:00.000Z";"2026-04-04T03:18:00.000Z";1305.82
"2026-04-04T03:21:00.000Z";"2026-04-04T03:24:00.000Z";1328.99
"2026-04-04T03:24:00.000Z";"2026-04-04T03:27:00.000Z";1338.66
"2026-04-04T03:27:00.000Z";"2026-04-04T03:30:00.000Z";1350
"2026-04-04T03:30:00.000Z";"2026-04-04T03:33:00.000Z";1308.54
"2026-04-04T03:33:00.000Z";"2026-04-04T03:36:00.000Z";1289.01
"2026-04-04T03:36:00.000Z";"2026-04-04T03:39:00.000Z";1289.67
"2026-04-04T03:39:00.000Z";"2026-04-04T03:42:00.000Z";1291.83
"2026-04-04T03:42:00.000Z";"2026-04-04T03:45:00.000Z";1301.66
"2026-04-04T03:45:00.000Z";"2026-04-04T03:48:00.000Z";1312.99
"2026-04-04T03:48:00.000Z";"2026-04-04T03:51:00.000Z";1320.49
"2026-04-04T03:51:00.000Z";"2026-04-04T03:54:00.000Z";1325.66
"2026-04-04T03:54:00.000Z";"2026-04-04T03:57:00.000Z";1335.33
"2026-04-04T03:57:00.000Z";"2026-04-04T04:00:00.000Z";1343.49
"2026-04-04T04:00:00.000Z";"2026-04-04T04:03:00.000Z";1362.32
"2026-04-04T04:03:00.000Z";"2026-04-04T04:06:00.000Z";1373.66
"2026-04-04T04:06:00.000Z";"2026-04-04T04:09:00.000Z";1388
"2026-04-04T04:09:00.000Z";"2026-04-04T04:12:00.000Z";1394
"2026-04-04T04:12:00.000Z";"2026-04-04T04:15:00.000Z";1390.83
"2026-04-04T04:15:00.000Z";"2026-04-04T04:18:00.000Z";1398.65
"2026-04-04T04:18:00.000Z";"2026-04-04T04:21:00.000Z";1403.99
"2026-04-04T04:21:00.000Z";"2026-04-04T04:24:00.000Z";1408
"2026-04-04T04:24:00.000Z";"2026-04-04T04:27:00.000Z";1414.49
"2026-04-04T04:27:00.000Z";"2026-04-04T04:30:00.000Z";1423.16
"2026-04-04T04:30:00.000Z";"2026-04-04T04:33:00.000Z";1428.83
"2026-04-04T04:33:00.000Z";"2026-04-04T04:36:00.000Z";1456.29
"2026-04-04T04:36:00.000Z";"2026-04-04T04:39:00.000Z";1500.84
"2026-04-04T04:39:00.000Z";"2026-04-04T04:42:00.000Z";1505.83
"2026-04-04T04:42:00.000Z";"2026-04-04T04:45:00.000Z";1519.82
"2026-04-04T04:45:00.000Z";"2026-04-04T04:48:00.000Z";1540.48
"2026-04-04T04:48:00.000Z";"2026-04-04T04:51:00.000Z";1577.47
"2026-04-04T04:51:00.000Z";"2026-04-04T04:54:00.000Z";1603.65
"2026-04-04T04:54:00.000Z";"2026-04-04T04:57:00.000Z";1601.51
"2026-04-04T04:57:00.000Z";"2026-04-04T05:00:00.000Z";1603
"2026-04-04T05:00:00.000Z";"2026-04-04T05:03:00.000Z";1557.69
"2026-04-04T05:03:00.000Z";"2026-04-04T05:06:00.000Z";1558.65
"2026-04-04T05:06:00.000Z";"2026-04-04T05:09:00.000Z";1572.32
"2026-04-04T05:09:00.000Z";"2026-04-04T05:12:00.000Z";1585.67
"2026-04-04T05:12:00.000Z";"2026-04-04T05:15:00.000Z";1592.16
"2026-04-04T05:15:00.000Z";"2026-04-04T05:18:00.000Z";1603.65
"2026-04-04T05:18:00.000Z";"2026-04-04T05:21:00.000Z";1630.49
"2026-04-04T05:21:00.000Z";"2026-04-04T05:24:00.000Z";1642.16
"2026-04-04T05:24:00.000Z";"2026-04-04T05:27:00.000Z";1657.82
"2026-04-04T05:27:00.000Z";"2026-04-04T05:30:00.000Z";1682.15
"2026-04-04T05:30:00.000Z";"2026-04-04T05:33:00.000Z";1693.48
"2026-04-04T05:33:00.000Z";"2026-04-04T05:36:00.000Z";1721.32
"2026-04-04T05:36:00.000Z";"2026-04-04T05:39:00.000Z";1751.31
"2026-04-04T05:39:00.000Z";"2026-04-04T05:42:00.000Z";1772.5
"2026-04-04T05:42:00.000Z";"2026-04-04T05:45:00.000Z";1783.49
"2026-04-04T05:45:00.000Z";"2026-04-04T05:48:00.000Z";1796.81
"2026-04-04T05:48:00.000Z";"2026-04-04T05:51:00.000Z";1797.87
"2026-04-04T05:51:00.000Z";"2026-04-04T05:54:00.000Z";1749.84
"2026-04-04T05:54:00.000Z";"2026-04-04T05:57:00.000Z";1760.65
"2026-04-04T05:57:00.000Z";"2026-04-04T06:00:00.000Z";1761.99
"2026-04-04T06:00:00.000Z";"2026-04-04T06:03:00.000Z";1782.65
"2026-04-04T06:03:00.000Z";"2026-04-04T06:06:00.000Z";1798.67
"2026-04-04T06:06:00.000Z";"2026-04-04T06:09:00.000Z";1814.15
"2026-04-04T06:09:00.000Z";"2026-04-04T06:12:00.000Z";1813.34
"2026-04-04T06:12:00.000Z";"2026-04-04T06:15:00.000Z";1791.87
"2026-04-04T06:15:00.000Z";"2026-04-04T06:18:00.000Z";1776.5
"2026-04-04T06:18:00.000Z";"2026-04-04T06:21:00.000Z";1761.85
"2026-04-04T06:21:00.000Z";"2026-04-04T06:24:00.000Z";1740.01
"2026-04-04T06:24:00.000Z";"2026-04-04T06:27:00.000Z";1701.54
"2026-04-04T06:27:00.000Z";"2026-04-04T06:30:00.000Z";1633.57
"2026-04-04T06:30:00.000Z";"2026-04-04T06:33:00.000Z";1589.01
"2026-04-04T06:33:00.000Z";"2026-04-04T06:36:00.000Z";1552.87
"2026-04-04T06:36:00.000Z";"2026-04-04T06:39:00.000Z";1501.2
"2026-04-04T06:39:00.000Z";"2026-04-04T06:42:00.000Z";1442.45
"2026-04-04T06:42:00.000Z";"2026-04-04T06:45:00.000Z";1376.2
"2026-04-04T06:45:00.000Z";"2026-04-04T06:48:00.000Z";1300.04
"2026-04-04T06:48:00.000Z";"2026-04-04T06:51:00.000Z";1238.72
"2026-04-04T06:51:00.000Z";"2026-04-04T06:54:00.000Z";1200.51
"2026-04-04T06:54:00.000Z";"2026-04-04T06:57:00.000Z";1160.36
"2026-04-04T06:57:00.000Z";"2026-04-04T07:00:00.000Z";1109.23
"2026-04-04T07:00:00.000Z";"2026-04-04T07:03:00.000Z";1010.27
"2026-04-04T07:03:00.000Z";"2026-04-04T07:06:00.000Z";966.683
"2026-04-04T07:06:00.000Z";"2026-04-04T07:09:00.000Z";918.951
"2026-04-04T07:09:00.000Z";"2026-04-04T07:12:00.000Z";894.351
"2026-04-04T07:12:00.000Z";"2026-04-04T07:15:00.000Z";868.042
"2026-04-04T07:15:00.000Z";"2026-04-04T07:18:00.000Z";850.689
"2026-04-04T07:18:00.000Z";"2026-04-04T07:21:00.000Z";844.001
"2026-04-04T07:21:00.000Z";"2026-04-04T07:24:00.000Z";855.965
"2026-04-04T07:24:00.000Z";"2026-04-04T07:27:00.000Z";836.052
"2026-04-04T07:27:00.000Z";"2026-04-04T07:30:00.000Z";818.979
"2026-04-04T07:30:00.000Z";"2026-04-04T07:33:00.000Z";807.846
"2026-04-04T07:33:00.000Z";"2026-04-04T07:36:00.000Z";814.171
"2026-04-04T07:36:00.000Z";"2026-04-04T07:39:00.000Z";826.497
"2026-04-04T07:39:00.000Z";"2026-04-04T07:42:00.000Z";815.34
"2026-04-04T07:42:00.000Z";"2026-04-04T07:45:00.000Z";838.324
"2026-04-04T07:45:00.000Z";"2026-04-04T07:48:00.000Z";899.712
"2026-04-04T07:48:00.000Z";"2026-04-04T07:51:00.000Z";964.457
"2026-04-04T07:51:00.000Z";"2026-04-04T07:54:00.000Z";1020.33
"2026-04-04T07:54:00.000Z";"2026-04-04T07:57:00.000Z";1053.13
"2026-04-04T07:57:00.000Z";"2026-04-04T08:00:00.000Z";1081.83
"2026-04-04T08:00:00.000Z";"2026-04-04T08:03:00.000Z";1118.8
"2026-04-04T08:03:00.000Z";"2026-04-04T08:06:00.000Z";1172.5
"2026-04-04T08:06:00.000Z";"2026-04-04T08:09:00.000Z";1209.82
"2026-04-04T08:09:00.000Z";"2026-04-04T08:12:00.000Z";1227.81
"2026-04-04T08:12:00.000Z";"2026-04-04T08:15:00.000Z";1253.98
"2026-04-04T08:15:00.000Z";"2026-04-04T08:18:00.000Z";1265.83
"2026-04-04T08:18:00.000Z";"2026-04-04T08:21:00.000Z";1218.35
"2026-04-04T08:21:00.000Z";"2026-04-04T08:24:00.000Z";1259.57
"2026-04-04T08:24:00.000Z";"2026-04-04T08:27:00.000Z";1302.11
"2026-04-04T08:27:00.000Z";"2026-04-04T08:30:00.000Z";1327.83
"2026-04-04T08:30:00.000Z";"2026-04-04T08:33:00.000Z";1356.21
"2026-04-04T08:33:00.000Z";"2026-04-04T08:36:00.000Z";1437.15
"2026-04-04T08:36:00.000Z";"2026-04-04T08:39:00.000Z";1477.99
"2026-04-04T08:39:00.000Z";"2026-04-04T08:42:00.000Z";1498.66
"2026-04-04T08:42:00.000Z";"2026-04-04T08:45:00.000Z";1549.99
"2026-04-04T08:45:00.000Z";"2026-04-04T08:48:00.000Z";1602.27
"2026-04-04T08:48:00.000Z";"2026-04-04T08:51:00.000Z";1625.08
"2026-04-04T08:51:00.000Z";"2026-04-04T08:54:00.000Z";1626.82
"2026-04-04T08:54:00.000Z";"2026-04-04T08:57:00.000Z";1676.31
"2026-04-04T08:57:00.000Z";"2026-04-04T09:00:00.000Z";1678.93
"2026-04-04T09:00:00.000Z";"2026-04-04T09:03:00.000Z";1619.4
"2026-04-04T09:03:00.000Z";"2026-04-04T09:06:00.000Z";1602.65
"2026-04-04T09:06:00.000Z";"2026-04-04T09:09:00.000Z";1643.65
"2026-04-04T09:09:00.000Z";"2026-04-04T09:12:00.000Z";1690.09
"2026-04-04T09:12:00.000Z";"2026-04-04T09:15:00.000Z";1705.15
"2026-04-04T09:15:00.000Z";"2026-04-04T09:18:00.000Z";1728.8
"2026-04-04T09:18:00.000Z";"2026-04-04T09:21:00.000Z";1811.77
"2026-04-04T09:21:00.000Z";"2026-04-04T09:24:00.000Z";1855.99
"2026-04-04T09:24:00.000Z";"2026-04-04T09:27:00.000Z";1858.68
"2026-04-04T09:27:00.000Z";"2026-04-04T09:30:00.000Z";1898.79
"2026-04-04T09:30:00.000Z";"2026-04-04T09:33:00.000Z";1855.7
"2026-04-04T09:33:00.000Z";"2026-04-04T09:36:00.000Z";1851.23
"2026-04-04T09:36:00.000Z";"2026-04-04T09:39:00.000Z";1818.91
"2026-04-04T09:39:00.000Z";"2026-04-04T09:42:00.000Z";1846.98
"2026-04-04T09:42:00.000Z";"2026-04-04T09:45:00.000Z";1849.2
"2026-04-04T09:45:00.000Z";"2026-04-04T09:48:00.000Z";1844.66
"2026-04-04T09:48:00.000Z";"2026-04-04T09:51:00.000Z";1798
"2026-04-04T09:51:00.000Z";"2026-04-04T09:54:00.000Z";1805.67
"2026-04-04T09:54:00.000Z";"2026-04-04T09:57:00.000Z";1783.68
"2026-04-04T09:57:00.000Z";"2026-04-04T10:00:00.000Z";1806.99
"2026-04-04T10:00:00.000Z";"2026-04-04T10:03:00.000Z";1796.4
"2026-04-04T10:03:00.000Z";"2026-04-04T10:06:00.000Z";1758.83
"2026-04-04T10:06:00.000Z";"2026-04-04T10:09:00.000Z";1729.72
"2026-04-04T10:09:00.000Z";"2026-04-04T10:12:00.000Z";1713.48
"2026-04-04T10:12:00.000Z";"2026-04-04T10:15:00.000Z";1736.66
"2026-04-04T10:15:00.000Z";"2026-04-04T10:18:00.000Z";1741.68
"2026-04-04T10:18:00.000Z";"2026-04-04T10:21:00.000Z";1787.94
"2026-04-04T10:21:00.000Z";"2026-04-04T10:24:00.000Z";1836.02
"2026-04-04T10:24:00.000Z";"2026-04-04T10:27:00.000Z";1785.15
"2026-04-04T10:27:00.000Z";"2026-04-04T10:30:00.000Z";1795.2
"2026-04-04T10:30:00.000Z";"2026-04-04T10:33:00.000Z";1724.7
"2026-04-04T10:33:00.000Z";"2026-04-04T10:36:00.000Z";1725.66
"2026-04-04T10:36:00.000Z";"2026-04-04T10:39:00.000Z";1707.87
"2026-04-04T10:39:00.000Z";"2026-04-04T10:42:00.000Z";1706.64
"2026-04-04T10:42:00.000Z";"2026-04-04T10:45:00.000Z";1726.49
"2026-04-04T10:45:00.000Z";"2026-04-04T10:48:00.000Z";1707.88
"2026-04-04T10:48:00.000Z";"2026-04-04T10:51:00.000Z";1659.48
"2026-04-04T10:51:00.000Z";"2026-04-04T10:54:00.000Z";1711.98
"2026-04-04T10:54:00.000Z";"2026-04-04T10:57:00.000Z";1702.18
"2026-04-04T10:57:00.000Z";"2026-04-04T11:00:00.000Z";1694.11
"2026-04-04T11:00:00.000Z";"2026-04-04T11:03:00.000Z";1714.33
"2026-04-04T11:03:00.000Z";"2026-04-04T11:06:00.000Z";1730.47
"2026-04-04T11:06:00.000Z";"2026-04-04T11:09:00.000Z";1774
"2026-04-04T11:09:00.000Z";"2026-04-04T11:12:00.000Z";1750.18
"2026-04-04T11:12:00.000Z";"2026-04-04T11:15:00.000Z";1735.86
"2026-04-04T11:15:00.000Z";"2026-04-04T11:18:00.000Z";1760.6
"2026-04-04T11:18:00.000Z";"2026-04-04T11:21:00.000Z";1797.16
"2026-04-04T11:21:00.000Z";"2026-04-04T11:24:00.000Z";1798
"2026-04-04T11:24:00.000Z";"2026-04-04T11:27:00.000Z";1736.37
"2026-04-04T11:27:00.000Z";"2026-04-04T11:30:00.000Z";1701.51
"2026-04-04T11:30:00.000Z";"2026-04-04T11:33:00.000Z";1710.54
"2026-04-04T11:33:00.000Z";"2026-04-04T11:36:00.000Z";1734.67
"2026-04-04T11:36:00.000Z";"2026-04-04T11:39:00.000Z";1767.82
"2026-04-04T11:39:00.000Z";"2026-04-04T11:42:00.000Z";1773.51
"2026-04-04T11:42:00.000Z";"2026-04-04T11:45:00.000Z";1777.33
"2026-04-04T11:45:00.000Z";"2026-04-04T11:48:00.000Z";1762.35
"2026-04-04T11:48:00.000Z";"2026-04-04T11:51:00.000Z";1779.63
"2026-04-04T11:51:00.000Z";"2026-04-04T11:54:00.000Z";1795.16
"2026-04-04T11:54:00.000Z";"2026-04-04T11:57:00.000Z";1779.53
"2026-04-04T11:57:00.000Z";"2026-04-04T12:00:00.000Z";1757.19
"2026-04-04T12:00:00.000Z";"2026-04-04T12:03:00.000Z";1722.01
"2026-04-04T12:03:00.000Z";"2026-04-04T12:06:00.000Z";1718.5
"2026-04-04T12:06:00.000Z";"2026-04-04T12:09:00.000Z";1745.46
"2026-04-04T12:09:00.000Z";"2026-04-04T12:12:00.000Z";1736.7
"2026-04-04T12:12:00.000Z";"2026-04-04T12:15:00.000Z";1702.71
"2026-04-04T12:15:00.000Z";"2026-04-04T12:18:00.000Z";1674.97
"2026-04-04T12:18:00.000Z";"2026-04-04T12:21:00.000Z";1685.65
"2026-04-04T12:21:00.000Z";"2026-04-04T12:24:00.000Z";1693.64
"2026-04-04T12:24:00.000Z";"2026-04-04T12:27:00.000Z";1701.99
"2026-04-04T12:27:00.000Z";"2026-04-04T12:30:00.000Z";1696.79
"2026-04-04T12:30:00.000Z";"2026-04-04T12:33:00.000Z";1711.49
"2026-04-04T12:33:00.000Z";"2026-04-04T12:36:00.000Z";1691.37
"2026-04-04T12:36:00.000Z";"2026-04-04T12:39:00.000Z";1665.66
"2026-04-04T12:39:00.000Z";"2026-04-04T12:42:00.000Z";1677.8
"2026-04-04T12:42:00.000Z";"2026-04-04T12:45:00.000Z";1747.31
"2026-04-04T12:45:00.000Z";"2026-04-04T12:48:00.000Z";1738.2
"2026-04-04T12:48:00.000Z";"2026-04-04T12:51:00.000Z";1719.84
"2026-04-04T12:51:00.000Z";"2026-04-04T12:54:00.000Z";1720.65
"2026-04-04T12:54:00.000Z";"2026-04-04T12:57:00.000Z";1749.01
"2026-04-04T12:57:00.000Z";"2026-04-04T13:00:00.000Z";1715.71
"2026-04-04T13:00:00.000Z";"2026-04-04T13:03:00.000Z";1717.64
"2026-04-04T13:03:00.000Z";"2026-04-04T13:06:00.000Z";1703.85
"2026-04-04T13:06:00.000Z";"2026-04-04T13:09:00.000Z";1645.53
"2026-04-04T13:09:00.000Z";"2026-04-04T13:12:00.000Z";1635.83
"2026-04-04T13:12:00.000Z";"2026-04-04T13:15:00.000Z";1629.52
"2026-04-04T13:15:00.000Z";"2026-04-04T13:18:00.000Z";1587.22
"2026-04-04T13:18:00.000Z";"2026-04-04T13:21:00.000Z";1544.22
"2026-04-04T13:21:00.000Z";"2026-04-04T13:24:00.000Z";1567.96
"2026-04-04T13:24:00.000Z";"2026-04-04T13:27:00.000Z";1549.19
"2026-04-04T13:27:00.000Z";"2026-04-04T13:30:00.000Z";1526.53
"2026-04-04T13:30:00.000Z";"2026-04-04T13:33:00.000Z";1487.86
"2026-04-04T13:33:00.000Z";"2026-04-04T13:36:00.000Z";1458.33
"2026-04-04T13:36:00.000Z";"2026-04-04T13:39:00.000Z";1456.97
"2026-04-04T13:39:00.000Z";"2026-04-04T13:42:00.000Z";1450.98
"2026-04-04T13:42:00.000Z";"2026-04-04T13:45:00.000Z";1489.95
"2026-04-04T13:45:00.000Z";"2026-04-04T13:48:00.000Z";1494.37
"2026-04-04T13:48:00.000Z";"2026-04-04T13:51:00.000Z";1481.67
"2026-04-04T13:51:00.000Z";"2026-04-04T13:54:00.000Z";1481.82
"2026-04-04T13:54:00.000Z";"2026-04-04T13:57:00.000Z";1483.64
"2026-04-04T13:57:00.000Z";"2026-04-04T14:00:00.000Z";1506.98
"2026-04-04T14:00:00.000Z";"2026-04-04T14:03:00.000Z";1511.02
"2026-04-04T14:03:00.000Z";"2026-04-04T14:06:00.000Z";1498.65
"2026-04-04T14:06:00.000Z";"2026-04-04T14:09:00.000Z";1500.65
"2026-04-04T14:09:00.000Z";"2026-04-04T14:12:00.000Z";1470.21
"2026-04-04T14:12:00.000Z";"2026-04-04T14:15:00.000Z";1433.69
"2026-04-04T14:15:00.000Z";"2026-04-04T14:18:00.000Z";1420.55
"2026-04-04T14:18:00.000Z";"2026-04-04T14:21:00.000Z";1427.03
"2026-04-04T14:21:00.000Z";"2026-04-04T14:24:00.000Z";1437.02
"2026-04-04T14:24:00.000Z";"2026-04-04T14:27:00.000Z";1409.84
"2026-04-04T14:27:00.000Z";"2026-04-04T14:30:00.000Z";1403.33
"2026-04-04T14:30:00.000Z";"2026-04-04T14:33:00.000Z";1380.87
"2026-04-04T14:33:00.000Z";"2026-04-04T14:36:00.000Z";1461.36
"2026-04-04T14:36:00.000Z";"2026-04-04T14:39:00.000Z";1487.29
"2026-04-04T14:39:00.000Z";"2026-04-04T14:42:00.000Z";1488.84
"2026-04-04T14:42:00.000Z";"2026-04-04T14:45:00.000Z";1507.77
"2026-04-04T14:45:00.000Z";"2026-04-04T14:48:00.000Z";1551.15
"2026-04-04T14:48:00.000Z";"2026-04-04T14:51:00.000Z";1532.86
"2026-04-04T14:51:00.000Z";"2026-04-04T14:54:00.000Z";1521.67
"2026-04-04T14:54:00.000Z";"2026-04-04T14:57:00.000Z";1501.46
"2026-04-04T14:57:00.000Z";"2026-04-04T15:00:00.000Z";1503.67
"2026-04-04T15:00:00.000Z";"2026-04-04T15:03:00.000Z";1444.06
"2026-04-04T15:03:00.000Z";"2026-04-04T15:06:00.000Z";1361.86
"2026-04-04T15:06:00.000Z";"2026-04-04T15:09:00.000Z";1328.54
"2026-04-04T15:09:00.000Z";"2026-04-04T15:12:00.000Z";1309.51
"2026-04-04T15:12:00.000Z";"2026-04-04T15:15:00.000Z";1309.83
"2026-04-04T15:15:00.000Z";"2026-04-04T15:18:00.000Z";1286.17
"2026-04-04T15:18:00.000Z";"2026-04-04T15:21:00.000Z";1296.66
"2026-04-04T15:21:00.000Z";"2026-04-04T15:24:00.000Z";1281.86
"2026-04-04T15:24:00.000Z";"2026-04-04T15:27:00.000Z";1250.39
"2026-04-04T15:27:00.000Z";"2026-04-04T15:30:00.000Z";1253.67
"2026-04-04T15:30:00.000Z";"2026-04-04T15:33:00.000Z";1249.86
"2026-04-04T15:33:00.000Z";"2026-04-04T15:36:00.000Z";1256.3
"2026-04-04T15:36:00.000Z";"2026-04-04T15:39:00.000Z";1284.35
"2026-04-04T15:39:00.000Z";"2026-04-04T15:42:00.000Z";1280.5
"2026-04-04T15:42:00.000Z";"2026-04-04T15:45:00.000Z";1271.35
"2026-04-04T15:45:00.000Z";"2026-04-04T15:48:00.000Z";1258.18
"2026-04-04T15:48:00.000Z";"2026-04-04T15:51:00.000Z";1293.65
"2026-04-04T15:51:00.000Z";"2026-04-04T15:54:00.000Z";1301.66
"2026-04-04T15:54:00.000Z";"2026-04-04T15:57:00.000Z";1292.84
"2026-04-04T15:57:00.000Z";"2026-04-04T16:00:00.000Z";1302
"2026-04-04T16:00:00.000Z";"2026-04-04T16:03:00.000Z";1332.25
"2026-04-04T16:03:00.000Z";"2026-04-04T16:06:00.000Z";1354.86
"2026-04-04T16:06:00.000Z";"2026-04-04T16:09:00.000Z";1326.66
"2026-04-04T16:09:00.000Z";"2026-04-04T16:12:00.000Z";1319.83
"2026-04-04T16:12:00.000Z";"2026-04-04T16:15:00.000Z";1309.85
"2026-04-04T16:15:00.000Z";"2026-04-04T16:18:00.000Z";1290.84
"2026-04-04T16:18:00.000Z";"2026-04-04T16:21:00.000Z";1269.02
"2026-04-04T16:21:00.000Z";"2026-04-04T16:24:00.000Z";1265.97
"2026-04-04T16:24:00.000Z";"2026-04-04T16:27:00.000Z";1279
"2026-04-04T16:27:00.000Z";"2026-04-04T16:30:00.000Z";1259.52
"2026-04-04T16:30:00.000Z";"2026-04-04T16:33:00.000Z";1248.71
"2026-04-04T16:33:00.000Z";"2026-04-04T16:36:00.000Z";1237.83
"2026-04-04T16:36:00.000Z";"2026-04-04T16:39:00.000Z";1247.34
"2026-04-04T16:39:00.000Z";"2026-04-04T16:42:00.000Z";1246
"2026-04-04T16:42:00.000Z";"2026-04-04T16:45:00.000Z";1242.83
"2026-04-04T16:45:00.000Z";"2026-04-04T16:48:00.000Z";1244.82
"2026-04-04T16:48:00.000Z";"2026-04-04T16:51:00.000Z";1244.33
"2026-04-04T16:51:00.000Z";"2026-04-04T16:54:00.000Z";1251.98
"2026-04-04T16:54:00.000Z";"2026-04-04T16:57:00.000Z";1259.68
"2026-04-04T16:57:00.000Z";"2026-04-04T17:00:00.000Z";1255.36
"2026-04-04T17:00:00.000Z";"2026-04-04T17:03:00.000Z";1233.21
"2026-04-04T17:03:00.000Z";"2026-04-04T17:06:00.000Z";1228.83
"2026-04-04T17:06:00.000Z";"2026-04-04T17:09:00.000Z";1245
"2026-04-04T17:09:00.000Z";"2026-04-04T17:12:00.000Z";1246.33
"2026-04-04T17:12:00.000Z";"2026-04-04T17:15:00.000Z";1254.47
"2026-04-04T17:15:00.000Z";"2026-04-04T17:18:00.000Z";1290.47
"2026-04-04T17:18:00.000Z";"2026-04-04T17:21:00.000Z";1296.17
"2026-04-04T17:21:00.000Z";"2026-04-04T17:24:00.000Z";1307.82
"2026-04-04T17:24:00.000Z";"2026-04-04T17:27:00.000Z";1326.32
"2026-04-04T17:27:00.000Z";"2026-04-04T17:30:00.000Z";1329.81
"2026-04-04T17:30:00.000Z";"2026-04-04T17:33:00.000Z";1394.09
"2026-04-04T17:33:00.000Z";"2026-04-04T17:36:00.000Z";1441.5
"2026-04-04T17:36:00.000Z";"2026-04-04T17:39:00.000Z";1454.65
"2026-04-04T17:39:00.000Z";"2026-04-04T17:42:00.000Z";1478.48
"2026-04-04T17:42:00.000Z";"2026-04-04T17:45:00.000Z";1507.29
"2026-04-04T17:45:00.000Z";"2026-04-04T17:48:00.000Z";1519.34
"2026-04-04T17:48:00.000Z";"2026-04-04T17:51:00.000Z";1531.15
"2026-04-04T17:51:00.000Z";"2026-04-04T17:54:00.000Z";1565.47
"2026-04-04T17:54:00.000Z";"2026-04-04T17:57:00.000Z";1567.5
"2026-04-04T17:57:00.000Z";"2026-04-04T18:00:00.000Z";1582.81
"2026-04-04T18:00:00.000Z";"2026-04-04T18:03:00.000Z";1579.85
"2026-04-04T18:03:00.000Z";"2026-04-04T18:06:00.000Z";1593.48
"2026-04-04T18:06:00.000Z";"2026-04-04T18:09:00.000Z";1602.49
"2026-04-04T18:09:00.000Z";"2026-04-04T18:12:00.000Z";1617
"2026-04-04T18:12:00.000Z";"2026-04-04T18:15:00.000Z";1619.18
"2026-04-04T18:15:00.000Z";"2026-04-04T18:18:00.000Z";1608.8
"2026-04-04T18:18:00.000Z";"2026-04-04T18:21:00.000Z";1615.67
"2026-04-04T18:21:00.000Z";"2026-04-04T18:24:00.000Z";1608.18
"2026-04-04T18:24:00.000Z";"2026-04-04T18:27:00.000Z";1588.86
"2026-04-04T18:27:00.000Z";"2026-04-04T18:30:00.000Z";1556.68
"2026-04-04T18:30:00.000Z";"2026-04-04T18:33:00.000Z";1533.66
"2026-04-04T18:33:00.000Z";"2026-04-04T18:36:00.000Z";1548.49
"2026-04-04T18:36:00.000Z";"2026-04-04T18:39:00.000Z";1575.29
"2026-04-04T18:39:00.000Z";"2026-04-04T18:42:00.000Z";1582.02
"2026-04-04T18:42:00.000Z";"2026-04-04T18:45:00.000Z";1595.34
"2026-04-04T18:45:00.000Z";"2026-04-04T18:48:00.000Z";1609
"2026-04-04T18:48:00.000Z";"2026-04-04T18:51:00.000Z";1602.97
"2026-04-04T18:51:00.000Z";"2026-04-04T18:54:00.000Z";1630.5
"2026-04-04T18:54:00.000Z";"2026-04-04T18:57:00.000Z";1586.69
"2026-04-04T18:57:00.000Z";"2026-04-04T19:00:00.000Z";1576.17
"2026-04-04T19:00:00.000Z";"2026-04-04T19:03:00.000Z";1562.5
"2026-04-04T19:03:00.000Z";"2026-04-04T19:06:00.000Z";1613.29
"2026-04-04T19:06:00.000Z";"2026-04-04T19:09:00.000Z";1666.01
"2026-04-04T19:09:00.000Z";"2026-04-04T19:12:00.000Z";1653.85
"2026-04-04T19:12:00.000Z";"2026-04-04T19:15:00.000Z";1635.67
"2026-04-04T19:15:00.000Z";"2026-04-04T19:18:00.000Z";1609.38
"2026-04-04T19:18:00.000Z";"2026-04-04T19:21:00.000Z";1592.18
"2026-04-04T19:21:00.000Z";"2026-04-04T19:24:00.000Z";1577.34
"2026-04-04T19:24:00.000Z";"2026-04-04T19:27:00.000Z";1572.34
"2026-04-04T19:27:00.000Z";"2026-04-04T19:30:00.000Z";1567.65
"2026-04-04T19:30:00.000Z";"2026-04-04T19:33:00.000Z";1552.85
"2026-04-04T19:33:00.000Z";"2026-04-04T19:36:00.000Z";1521.67
"2026-04-04T19:36:00.000Z";"2026-04-04T19:39:00.000Z";1513.51
"2026-04-04T19:39:00.000Z";"2026-04-04T19:42:00.000Z";1503.34
"2026-04-04T19:42:00.000Z";"2026-04-04T19:45:00.000Z";1508.49
"2026-04-04T19:45:00.000Z";"2026-04-04T19:48:00.000Z";1503.17
"2026-04-04T19:48:00.000Z";"2026-04-04T19:51:00.000Z";1504.33
"2026-04-04T19:51:00.000Z";"2026-04-04T19:54:00.000Z";1501.01
"2026-04-04T19:54:00.000Z";"2026-04-04T19:57:00.000Z";1485.18
"2026-04-04T19:57:00.000Z";"2026-04-04T20:00:00.000Z";1478.83
"2026-04-04T20:00:00.000Z";"2026-04-04T20:03:00.000Z";1499.8
"2026-04-04T20:03:00.000Z";"2026-04-04T20:06:00.000Z";1507.65
"2026-04-04T20:06:00.000Z";"2026-04-04T20:09:00.000Z";1510.01
"2026-04-04T20:09:00.000Z";"2026-04-04T20:12:00.000Z";1499.84
"2026-04-04T20:12:00.000Z";"2026-04-04T20:15:00.000Z";1497.48
"2026-04-04T20:15:00.000Z";"2026-04-04T20:18:00.000Z";1491.84
"2026-04-04T20:18:00.000Z";"2026-04-04T20:21:00.000Z";1488.51
"2026-04-04T20:21:00.000Z";"2026-04-04T20:24:00.000Z";1479.67
"2026-04-04T20:24:00.000Z";"2026-04-04T20:27:00.000Z";1475
"2026-04-04T20:27:00.000Z";"2026-04-04T20:30:00.000Z";1474.84
"2026-04-04T20:30:00.000Z";"2026-04-04T20:33:00.000Z";1480.66
"2026-04-04T20:33:00.000Z";"2026-04-04T20:36:00.000Z";1495.66
"2026-04-04T20:36:00.000Z";"2026-04-04T20:39:00.000Z";1471.01
"2026-04-04T20:39:00.000Z";"2026-04-04T20:42:00.000Z";1453.02
"2026-04-04T20:42:00.000Z";"2026-04-04T20:45:00.000Z";1443.34
"2026-04-04T20:45:00.000Z";"2026-04-04T20:48:00.000Z";1449.48
"2026-04-04T20:48:00.000Z";"2026-04-04T20:51:00.000Z";1458.51
"2026-04-04T20:51:00.000Z";"2026-04-04T20:54:00.000Z";1463.15
"2026-04-04T20:54:00.000Z";"2026-04-04T20:57:00.000Z";1459.67
"2026-04-04T20:57:00.000Z";"2026-04-04T21:00:00.000Z";1453.67
"2026-04-04T21:00:00.000Z";"2026-04-04T21:03:00.000Z";1437.86
"2026-04-04T21:03:00.000Z";"2026-04-04T21:06:00.000Z";1426.18
"2026-04-04T21:06:00.000Z";"2026-04-04T21:09:00.000Z";1409.51
"2026-04-04T21:09:00.000Z";"2026-04-04T21:12:00.000Z";1397.67
"2026-04-04T21:12:00.000Z";"2026-04-04T21:15:00.000Z";1384.33
"2026-04-04T21:15:00.000Z";"2026-04-04T21:18:00.000Z";1392.66
"2026-04-04T21:18:00.000Z";"2026-04-04T21:21:00.000Z";1393.86
"2026-04-04T21:21:00.000Z";"2026-04-04T21:24:00.000Z";1372.68
"2026-04-04T21:24:00.000Z";"2026-04-04T21:27:00.000Z";1359.52
"2026-04-04T21:27:00.000Z";"2026-04-04T21:30:00.000Z";1349
"2026-04-04T21:30:00.000Z";"2026-04-04T21:33:00.000Z";1350.34
"2026-04-04T21:33:00.000Z";"2026-04-04T21:36:00.000Z";1335.35
"2026-04-04T21:36:00.000Z";"2026-04-04T21:39:00.000Z";1312.53
"2026-04-04T21:39:00.000Z";"2026-04-04T21:42:00.000Z";1304.01
"2026-04-04T21:42:00.000Z";"2026-04-04T21:45:00.000Z";1298.34
"2026-04-04T21:45:00.000Z";"2026-04-04T21:48:00.000Z";1298.35
"2026-04-04T21:48:00.000Z";"2026-04-04T21:51:00.000Z";1295.99
"2026-04-04T21:51:00.000Z";"2026-04-04T21:54:00.000Z";1287.34
"2026-04-04T21:54:00.000Z";"2026-04-04T21:57:00.000Z";1278
"2026-04-04T21:57:00.000Z";"2026-04-04T22:00:00.000Z";1274.84
"2026-04-04T22:00:00.000Z";"2026-04-04T22:03:00.000Z";1271.97
"2026-04-04T22:03:00.000Z";"2026-04-04T22:06:00.000Z";1276.5
"2026-04-04T22:06:00.000Z";"2026-04-04T22:09:00.000Z";1276.66
"2026-04-04T22:09:00.000Z";"2026-04-04T22:12:00.000Z";1268.83
"2026-04-04T22:12:00.000Z";"2026-04-04T22:15:00.000Z";1258.02
"2026-04-04T22:15:00.000Z";"2026-04-04T22:18:00.000Z";1247.99
"2026-04-04T22:18:00.000Z";"2026-04-04T22:21:00.000Z";1236.53
"2026-04-04T22:21:00.000Z";"2026-04-04T22:24:00.000Z";1218.02
"2026-04-04T22:24:00.000Z";"2026-04-04T22:27:00.000Z";1202.84
"2026-04-04T22:27:00.000Z";"2026-04-04T22:30:00.000Z";1177.54
"2026-04-04T22:30:00.000Z";"2026-04-04T22:33:00.000Z";1162
"2026-04-04T22:33:00.000Z";"2026-04-04T22:36:00.000Z";1149.69
"2026-04-04T22:36:00.000Z";"2026-04-04T22:39:00.000Z";1132.16
"2026-04-04T22:39:00.000Z";"2026-04-04T22:42:00.000Z";1128.34
"2026-04-04T22:42:00.000Z";"2026-04-04T22:45:00.000Z";1112.18
"2026-04-04T22:45:00.000Z";"2026-04-04T22:48:00.000Z";1093.66
"2026-04-04T22:48:00.000Z";"2026-04-04T22:51:00.000Z";1068.86
"2026-04-04T22:51:00.000Z";"2026-04-04T22:54:00.000Z";1044.89
"2026-04-04T22:54:00.000Z";"2026-04-04T22:57:00.000Z";1025.34
"2026-04-04T22:57:00.000Z";"2026-04-04T23:00:00.000Z";1012.86
"2026-04-04T23:00:00.000Z";"2026-04-04T23:03:00.000Z";991.348
"2026-04-04T23:03:00.000Z";"2026-04-04T23:06:00.000Z";988.819
"2026-04-04T23:06:00.000Z";"2026-04-04T23:09:00.000Z";962.514
"2026-04-04T23:09:00.000Z";"2026-04-04T23:12:00.000Z";944.18
"2026-04-04T23:12:00.000Z";"2026-04-04T23:15:00.000Z";924.35
"2026-04-04T23:15:00.000Z";"2026-04-04T23:18:00.000Z";905.339
"2026-04-04T23:18:00.000Z";"2026-04-04T23:21:00.000Z";888.675
"2026-04-04T23:21:00.000Z";"2026-04-04T23:24:00.000Z";881.333
"2026-04-04T23:24:00.000Z";"2026-04-04T23:27:00.000Z";882.667
"2026-04-04T23:27:00.000Z";"2026-04-04T23:30:00.000Z";877.674
"2026-04-04T23:30:00.000Z";"2026-04-04T23:33:00.000Z";865.01
"2026-04-04T23:33:00.000Z";"2026-04-04T23:36:00.000Z";851.356
"2026-04-04T23:36:00.000Z";"2026-04-04T23:39:00.000Z";843.334
"2026-04-04T23:39:00.000Z";"2026-04-04T23:42:00.000Z";834.166
"2026-04-04T23:42:00.000Z";"2026-04-04T23:45:00.000Z";832.85
"2026-04-04T23:45:00.000Z";"2026-04-04T23:48:00.000Z";821.658
"2026-04-04T23:48:00.000Z";"2026-04-04T23:51:00.000Z";809.012
"2026-04-04T23:51:00.000Z";"2026-04-04T23:54:00.000Z";789.19
"2026-04-04T23:54:00.000Z";"2026-04-04T23:57:00.000Z";770.672
"2026-04-04T23:57:00.000Z";"2026-04-05T00:00:00.000Z";757.335
"2026-04-05T00:00:00.000Z";"2026-04-05T00:03:00.000Z";749.681
"2026-04-05T00:03:00.000Z";"2026-04-05T00:06:00.000Z";754.655
"2026-04-05T00:06:00.000Z";"2026-04-05T00:09:00.000Z";753.174
"2026-04-05T00:09:00.000Z";"2026-04-05T00:12:00.000Z";744.003
"2026-04-05T00:12:00.000Z";"2026-04-05T00:15:00.000Z";736.84
"2026-04-05T00:15:00.000Z";"2026-04-05T00:18:00.000Z";730.836
"2026-04-05T00:18:00.000Z";"2026-04-05T00:21:00.000Z";723.828
"2026-04-05T00:21:00.000Z";"2026-04-05T00:24:00.000Z";715.343
"2026-04-05T00:24:00.000Z";"2026-04-05T00:27:00.000Z";713.335
"2026-04-05T00:27:00.000Z";"2026-04-05T00:30:00.000Z";709.672
"2026-04-05T00:30:00.000Z";"2026-04-05T00:33:00.000Z";711.499
"2026-04-05T00:33:00.000Z";"2026-04-05T00:36:00.000Z";712.497
"2026-04-05T00:36:00.000Z";"2026-04-05T00:39:00.000Z";712.829
"2026-04-05T00:39:00.000Z";"2026-04-05T00:42:00.000Z";719.327
"2026-04-05T00:42:00.000Z";"2026-04-05T00:45:00.000Z";725.334
"2026-04-05T00:45:00.000Z";"2026-04-05T00:48:00.000Z";740.495
"2026-04-05T00:48:00.000Z";"2026-04-05T00:51:00.000Z";746.997
"2026-04-05T00:51:00.000Z";"2026-04-05T00:54:00.000Z";744.505
"2026-04-05T00:54:00.000Z";"2026-04-05T00:57:00.000Z";738.67
"2026-04-05T00:57:00.000Z";"2026-04-05T01:00:00.000Z";733.492
"2026-04-05T01:00:00.000Z";"2026-04-05T01:03:00.000Z";728.5
"2026-04-05T01:03:00.000Z";"2026-04-05T01:06:00.000Z";723.668
"2026-04-05T01:06:00.000Z";"2026-04-05T01:09:00.000Z";723.174
"2026-04-05T01:09:00.000Z";"2026-04-05T01:12:00.000Z";709.848
"2026-04-05T01:12:00.000Z";"2026-04-05T01:15:00.000Z";699.342
"2026-04-05T01:15:00.000Z";"2026-04-05T01:18:00.000Z";689.344
"2026-04-05T01:18:00.000Z";"2026-04-05T01:21:00.000Z";675.515
"2026-04-05T01:21:00.000Z";"2026-04-05T01:24:00.000Z";661.004
"2026-04-05T01:24:00.000Z";"2026-04-05T01:27:00.000Z";649.842
"2026-04-05T01:27:00.000Z";"2026-04-05T01:30:00.000Z";645.158
"2026-04-05T01:30:00.000Z";"2026-04-05T01:33:00.000Z";648.347
"2026-04-05T01:33:00.000Z";"2026-04-05T01:36:00.000Z";639.683
"2026-04-05T01:36:00.000Z";"2026-04-05T01:39:00.000Z";631.287
"2026-04-05T01:39:00.000Z";"2026-04-05T01:42:00.000Z";631.167
"2026-04-05T01:42:00.000Z";"2026-04-05T01:45:00.000Z";633.501
"2026-04-05T01:45:00.000Z";"2026-04-05T01:48:00.000Z";636.663
"2026-04-05T01:48:00.000Z";"2026-04-05T01:51:00.000Z";642.498
"2026-04-05T01:51:00.000Z";"2026-04-05T01:54:00.000Z";634.52
"2026-04-05T01:54:00.000Z";"2026-04-05T01:57:00.000Z";629.335
"2026-04-05T01:57:00.000Z";"2026-04-05T02:00:00.000Z";624.519
"2026-04-05T02:00:00.000Z";"2026-04-05T02:03:00.000Z";623.175
"2026-04-05T02:03:00.000Z";"2026-04-05T02:06:00.000Z";629.326
"2026-04-05T02:06:00.000Z";"2026-04-05T02:09:00.000Z";635.332
"2026-04-05T02:09:00.000Z";"2026-04-05T02:12:00.000Z";639.016
"2026-04-05T02:12:00.000Z";"2026-04-05T02:15:00.000Z";637.668
"2026-04-05T02:15:00.000Z";"2026-04-05T02:18:00.000Z";638.995
"2026-04-05T02:18:00.000Z";"2026-04-05T02:21:00.000Z";640.333
"2026-04-05T02:21:00.000Z";"2026-04-05T02:24:00.000Z";635.331
"2026-04-05T02:24:00.000Z";"2026-04-05T02:27:00.000Z";636.835
"2026-04-05T02:27:00.000Z";"2026-04-05T02:30:00.000Z";641.999
"2026-04-05T02:30:00.000Z";"2026-04-05T02:33:00.000Z";641.485
"2026-04-05T02:33:00.000Z";"2026-04-05T02:36:00.000Z";640.335
"2026-04-05T02:36:00.000Z";"2026-04-05T02:39:00.000Z";645.996
"2026-04-05T02:39:00.000Z";"2026-04-05T02:42:00.000Z";649.994
"2026-04-05T02:42:00.000Z";"2026-04-05T02:45:00.000Z";653.824
"2026-04-05T02:45:00.000Z";"2026-04-05T02:48:00.000Z";653.673
"2026-04-05T02:48:00.000Z";"2026-04-05T02:51:00.000Z";652.167
"2026-04-05T02:51:00.000Z";"2026-04-05T02:54:00.000Z";652.661
"2026-04-05T02:54:00.000Z";"2026-04-05T02:57:00.000Z";648.668
"2026-04-05T03:00:00.000Z";"2026-04-05T03:03:00.000Z";649.666
"2026-04-05T03:03:00.000Z";"2026-04-05T03:06:00.000Z";644.349
"2026-04-05T03:06:00.000Z";"2026-04-05T03:09:00.000Z";636.842
"2026-04-05T03:09:00.000Z";"2026-04-05T03:12:00.000Z";633.501
"2026-04-05T03:12:00.000Z";"2026-04-05T03:15:00.000Z";627.672
"2026-04-05T03:15:00.000Z";"2026-04-05T03:18:00.000Z";621.514
"2026-04-05T03:18:00.000Z";"2026-04-05T03:21:00.000Z";621.833
"2026-04-05T03:21:00.000Z";"2026-04-05T03:24:00.000Z";633.987
"2026-04-05T03:24:00.000Z";"2026-04-05T03:27:00.000Z";643.658
"2026-04-05T03:27:00.000Z";"2026-04-05T03:30:00.000Z";641.01
"2026-04-05T03:30:00.000Z";"2026-04-05T03:33:00.000Z";639.837
"2026-04-05T03:33:00.000Z";"2026-04-05T03:36:00.000Z";639.664
"2026-04-05T03:36:00.000Z";"2026-04-05T03:39:00.000Z";644.492
"2026-04-05T03:39:00.000Z";"2026-04-05T03:42:00.000Z";644.177
"2026-04-05T03:42:00.000Z";"2026-04-05T03:45:00.000Z";641.34
"2026-04-05T03:45:00.000Z";"2026-04-05T03:48:00.000Z";635.347
"2026-04-05T03:48:00.000Z";"2026-04-05T03:51:00.000Z";615.514
"2026-04-05T03:51:00.000Z";"2026-04-05T03:54:00.000Z";601.501
"2026-04-05T03:54:00.000Z";"2026-04-05T03:57:00.000Z";599.167
"2026-04-05T03:57:00.000Z";"2026-04-05T04:00:00.000Z";592.338
"2026-04-05T04:00:00.000Z";"2026-04-05T04:03:00.000Z";590.993
"2026-04-05T04:03:00.000Z";"2026-04-05T04:06:00.000Z";597.499
"2026-04-05T04:06:00.000Z";"2026-04-05T04:09:00.000Z";592.672
"2026-04-05T04:09:00.000Z";"2026-04-05T04:12:00.000Z";596.996
"2026-04-05T04:12:00.000Z";"2026-04-05T04:15:00.000Z";596.003
"2026-04-05T04:15:00.000Z";"2026-04-05T04:18:00.000Z";596.665
"2026-04-05T04:18:00.000Z";"2026-04-05T04:21:00.000Z";599.343
"2026-04-05T04:21:00.000Z";"2026-04-05T04:24:00.000Z";599.831
"2026-04-05T04:24:00.000Z";"2026-04-05T04:27:00.000Z";599.345
"2026-04-05T04:27:00.000Z";"2026-04-05T04:30:00.000Z";590
"2026-04-05T04:30:00.000Z";"2026-04-05T04:33:00.000Z";593.995
"2026-04-05T04:33:00.000Z";"2026-04-05T04:36:00.000Z";592.007
"2026-04-05T04:36:00.000Z";"2026-04-05T04:39:00.000Z";598.154
"2026-04-05T04:39:00.000Z";"2026-04-05T04:42:00.000Z";596.018
"2026-04-05T04:42:00.000Z";"2026-04-05T04:45:00.000Z";591.171
"2026-04-05T04:45:00.000Z";"2026-04-05T04:48:00.000Z";586.17
"2026-04-05T04:48:00.000Z";"2026-04-05T04:51:00.000Z";584.34
"2026-04-05T04:51:00.000Z";"2026-04-05T04:54:00.000Z";581.497
"2026-04-05T04:54:00.000Z";"2026-04-05T04:57:00.000Z";579.165
"2026-04-05T04:57:00.000Z";"2026-04-05T05:00:00.000Z";583.496
"2026-04-05T05:00:00.000Z";"2026-04-05T05:03:00.000Z";589.322
"2026-04-05T05:03:00.000Z";"2026-04-05T05:06:00.000Z";599.487
"2026-04-05T05:06:00.000Z";"2026-04-05T05:09:00.000Z";603.995
"2026-04-05T05:09:00.000Z";"2026-04-05T05:12:00.000Z";593.68
"2026-04-05T05:12:00.000Z";"2026-04-05T05:15:00.000Z";591.999
"2026-04-05T05:15:00.000Z";"2026-04-05T05:18:00.000Z";600.152
"2026-04-05T05:18:00.000Z";"2026-04-05T05:21:00.000Z";608.174
"2026-04-05T05:21:00.000Z";"2026-04-05T05:24:00.000Z";606.329
"2026-04-05T05:24:00.000Z";"2026-04-05T05:27:00.000Z";596.674
"2026-04-05T05:27:00.000Z";"2026-04-05T05:30:00.000Z";594.163
"2026-04-05T05:30:00.000Z";"2026-04-05T05:33:00.000Z";600.991
"2026-04-05T05:33:00.000Z";"2026-04-05T05:36:00.000Z";605.832
"2026-04-05T05:36:00.000Z";"2026-04-05T05:39:00.000Z";599.493
"2026-04-05T05:39:00.000Z";"2026-04-05T05:42:00.000Z";590.016
"2026-04-05T05:42:00.000Z";"2026-04-05T05:45:00.000Z";584.307
"2026-04-05T05:45:00.000Z";"2026-04-05T05:48:00.000Z";587.498
"2026-04-05T05:48:00.000Z";"2026-04-05T05:51:00.000Z";592.332
"2026-04-05T05:51:00.000Z";"2026-04-05T05:54:00.000Z";586.837
"2026-04-05T05:54:00.000Z";"2026-04-05T05:57:00.000Z";579.176
"2026-04-05T05:57:00.000Z";"2026-04-05T06:00:00.000Z";564.669
"2026-04-05T06:00:00.000Z";"2026-04-05T06:03:00.000Z";556.836
"2026-04-05T06:03:00.000Z";"2026-04-05T06:06:00.000Z";541.677
"2026-04-05T06:06:00.000Z";"2026-04-05T06:09:00.000Z";538.991
"2026-04-05T06:09:00.000Z";"2026-04-05T06:12:00.000Z";544.994
"2026-04-05T06:12:00.000Z";"2026-04-05T06:15:00.000Z";548.161
"2026-04-05T06:15:00.000Z";"2026-04-05T06:18:00.000Z";555.999
"2026-04-05T06:18:00.000Z";"2026-04-05T06:21:00.000Z";547.171
"2026-04-05T06:21:00.000Z";"2026-04-05T06:24:00.000Z";537.509
"2026-04-05T06:24:00.000Z";"2026-04-05T06:27:00.000Z";541.167
"2026-04-05T06:27:00.000Z";"2026-04-05T06:30:00.000Z";542.517
"2026-04-05T06:30:00.000Z";"2026-04-05T06:33:00.000Z";518.342
"2026-04-05T06:33:00.000Z";"2026-04-05T06:36:00.000Z";515.005
"2026-04-05T06:36:00.000Z";"2026-04-05T06:39:00.000Z";519.987
"2026-04-05T06:39:00.000Z";"2026-04-05T06:42:00.000Z";516.839
"2026-04-05T06:42:00.000Z";"2026-04-05T06:45:00.000Z";514.17
"2026-04-05T06:45:00.000Z";"2026-04-05T06:48:00.000Z";504.849
"2026-04-05T06:48:00.000Z";"2026-04-05T06:51:00.000Z";496.985
"2026-04-05T06:51:00.000Z";"2026-04-05T06:54:00.000Z";504.655
"2026-04-05T06:54:00.000Z";"2026-04-05T06:57:00.000Z";513.665
"2026-04-05T06:57:00.000Z";"2026-04-05T07:00:00.000Z";530.804
"2026-04-05T07:00:00.000Z";"2026-04-05T07:03:00.000Z";531.659
"2026-04-05T07:03:00.000Z";"2026-04-05T07:06:00.000Z";543.16
"2026-04-05T07:06:00.000Z";"2026-04-05T07:09:00.000Z";554.985
"2026-04-05T07:09:00.000Z";"2026-04-05T07:12:00.000Z";561.149
"2026-04-05T07:12:00.000Z";"2026-04-05T07:15:00.000Z";578.458
"2026-04-05T07:15:00.000Z";"2026-04-05T07:18:00.000Z";600.995
"2026-04-05T07:18:00.000Z";"2026-04-05T07:21:00.000Z";595.501
"2026-04-05T07:21:00.000Z";"2026-04-05T07:24:00.000Z";594.352
"2026-04-05T07:24:00.000Z";"2026-04-05T07:27:00.000Z";589.171
"2026-04-05T07:27:00.000Z";"2026-04-05T07:30:00.000Z";574.842
"2026-04-05T07:30:00.000Z";"2026-04-05T07:33:00.000Z";567.015
"2026-04-05T07:33:00.000Z";"2026-04-05T07:36:00.000Z";568.331
"2026-04-05T07:36:00.000Z";"2026-04-05T07:39:00.000Z";577.974
"2026-04-05T07:39:00.000Z";"2026-04-05T07:42:00.000Z";597.328
"2026-04-05T07:42:00.000Z";"2026-04-05T07:45:00.000Z";625.961
"2026-04-05T07:45:00.000Z";"2026-04-05T07:48:00.000Z";631.17
"2026-04-05T07:48:00.000Z";"2026-04-05T07:51:00.000Z";649.652
"2026-04-05T07:51:00.000Z";"2026-04-05T07:54:00.000Z";674.149
"2026-04-05T07:54:00.000Z";"2026-04-05T07:57:00.000Z";689.994
"2026-04-05T07:57:00.000Z";"2026-04-05T08:00:00.000Z";697.327
"2026-04-05T08:00:00.000Z";"2026-04-05T08:03:00.000Z";705.856
"2026-04-05T08:03:00.000Z";"2026-04-05T08:06:00.000Z";724.671
"2026-04-05T08:06:00.000Z";"2026-04-05T08:09:00.000Z";746.496
"2026-04-05T08:09:00.000Z";"2026-04-05T08:12:00.000Z";767.659
"2026-04-05T08:12:00.000Z";"2026-04-05T08:15:00.000Z";785.147
"2026-04-05T08:15:00.000Z";"2026-04-05T08:18:00.000Z";813.811
"2026-04-05T08:18:00.000Z";"2026-04-05T08:21:00.000Z";843.473
"2026-04-05T08:21:00.000Z";"2026-04-05T08:24:00.000Z";892.131
"2026-04-05T08:24:00.000Z";"2026-04-05T08:27:00.000Z";917.822
"2026-04-05T08:27:00.000Z";"2026-04-05T08:30:00.000Z";922.498
"2026-04-05T08:30:00.000Z";"2026-04-05T08:33:00.000Z";927.652
"2026-04-05T08:33:00.000Z";"2026-04-05T08:36:00.000Z";955.961
"2026-04-05T08:36:00.000Z";"2026-04-05T08:39:00.000Z";975.011
"2026-04-05T08:39:00.000Z";"2026-04-05T08:42:00.000Z";964.998
"2026-04-05T08:42:00.000Z";"2026-04-05T08:45:00.000Z";948.325
"2026-04-05T08:45:00.000Z";"2026-04-05T08:48:00.000Z";970.841
"2026-04-05T08:48:00.000Z";"2026-04-05T08:51:00.000Z";998.475
"2026-04-05T08:51:00.000Z";"2026-04-05T08:54:00.000Z";1015.34
"2026-04-05T08:54:00.000Z";"2026-04-05T08:57:00.000Z";1023.64
"2026-04-05T08:57:00.000Z";"2026-04-05T09:00:00.000Z";1028.19
"2026-04-05T09:00:00.000Z";"2026-04-05T09:03:00.000Z";1049.81
"2026-04-05T09:03:00.000Z";"2026-04-05T09:06:00.000Z";1066.16
"2026-04-05T09:06:00.000Z";"2026-04-05T09:09:00.000Z";1067.18
"2026-04-05T09:09:00.000Z";"2026-04-05T09:12:00.000Z";1050.84
"2026-04-05T09:12:00.000Z";"2026-04-05T09:15:00.000Z";1038.99
"2026-04-05T09:15:00.000Z";"2026-04-05T09:18:00.000Z";1065.3
"2026-04-05T09:18:00.000Z";"2026-04-05T09:21:00.000Z";1068.83
"2026-04-05T09:21:00.000Z";"2026-04-05T09:24:00.000Z";1074.5
"2026-04-05T09:24:00.000Z";"2026-04-05T09:27:00.000Z";1071
"2026-04-05T09:27:00.000Z";"2026-04-05T09:30:00.000Z";1077.35
"2026-04-05T09:30:00.000Z";"2026-04-05T09:33:00.000Z";1074.84
"2026-04-05T09:33:00.000Z";"2026-04-05T09:36:00.000Z";1055.37
"2026-04-05T09:36:00.000Z";"2026-04-05T09:39:00.000Z";1074.98
"2026-04-05T09:39:00.000Z";"2026-04-05T09:42:00.000Z";1109.45
"2026-04-05T09:42:00.000Z";"2026-04-05T09:45:00.000Z";1107.51
"2026-04-05T09:45:00.000Z";"2026-04-05T09:48:00.000Z";1104.79
"2026-04-05T09:48:00.000Z";"2026-04-05T09:51:00.000Z";1109.49
"2026-04-05T09:51:00.000Z";"2026-04-05T09:54:00.000Z";1108.99
"2026-04-05T09:54:00.000Z";"2026-04-05T09:57:00.000Z";1127.99
"2026-04-05T09:57:00.000Z";"2026-04-05T10:00:00.000Z";1127.83
"2026-04-05T10:00:00.000Z";"2026-04-05T10:03:00.000Z";1140.15
"2026-04-05T10:03:00.000Z";"2026-04-05T10:06:00.000Z";1155.33
"2026-04-05T10:06:00.000Z";"2026-04-05T10:09:00.000Z";1148.69
"2026-04-05T10:09:00.000Z";"2026-04-05T10:12:00.000Z";1160.8
"2026-04-05T10:12:00.000Z";"2026-04-05T10:15:00.000Z";1153.53
"2026-04-05T10:15:00.000Z";"2026-04-05T10:18:00.000Z";1160.98
"2026-04-05T10:18:00.000Z";"2026-04-05T10:21:00.000Z";1196.64
"2026-04-05T10:21:00.000Z";"2026-04-05T10:24:00.000Z";1193.17
"2026-04-05T10:24:00.000Z";"2026-04-05T10:27:00.000Z";1173.99
"2026-04-05T10:27:00.000Z";"2026-04-05T10:30:00.000Z";1181.32
"2026-04-05T10:30:00.000Z";"2026-04-05T10:33:00.000Z";1176.71
"2026-04-05T10:33:00.000Z";"2026-04-05T10:36:00.000Z";1199.8
"2026-04-05T10:36:00.000Z";"2026-04-05T10:39:00.000Z";1215.33
"2026-04-05T10:39:00.000Z";"2026-04-05T10:42:00.000Z";1203.46
"2026-04-05T10:42:00.000Z";"2026-04-05T10:45:00.000Z";1220.33
"2026-04-05T10:45:00.000Z";"2026-04-05T10:48:00.000Z";1206.72
"2026-04-05T10:48:00.000Z";"2026-04-05T10:51:00.000Z";1189.99
"2026-04-05T10:51:00.000Z";"2026-04-05T10:54:00.000Z";1209.01
"2026-04-05T10:54:00.000Z";"2026-04-05T10:57:00.000Z";1216.83
"2026-04-05T10:57:00.000Z";"2026-04-05T11:00:00.000Z";1235.79
"2026-04-05T11:00:00.000Z";"2026-04-05T11:03:00.000Z";1260.97
"2026-04-05T11:03:00.000Z";"2026-04-05T11:06:00.000Z";1274.17
"2026-04-05T11:06:00.000Z";"2026-04-05T11:09:00.000Z";1264.06
"2026-04-05T11:09:00.000Z";"2026-04-05T11:12:00.000Z";1255.17
"2026-04-05T11:12:00.000Z";"2026-04-05T11:15:00.000Z";1242.33
"2026-04-05T11:15:00.000Z";"2026-04-05T11:18:00.000Z";1265.64
"2026-04-05T11:18:00.000Z";"2026-04-05T11:21:00.000Z";1284.49
"2026-04-05T11:21:00.000Z";"2026-04-05T11:24:00.000Z";1303.16
"2026-04-05T11:24:00.000Z";"2026-04-05T11:27:00.000Z";1302.71
"2026-04-05T11:27:00.000Z";"2026-04-05T11:30:00.000Z";1300.66
"2026-04-05T11:30:00.000Z";"2026-04-05T11:33:00.000Z";1283.02
"2026-04-05T11:33:00.000Z";"2026-04-05T11:36:00.000Z";1278.33
"2026-04-05T11:36:00.000Z";"2026-04-05T11:39:00.000Z";1287.99
"2026-04-05T11:39:00.000Z";"2026-04-05T11:42:00.000Z";1295.97
"2026-04-05T11:42:00.000Z";"2026-04-05T11:45:00.000Z";1315.81
"2026-04-05T11:45:00.000Z";"2026-04-05T11:48:00.000Z";1307.87
"2026-04-05T11:48:00.000Z";"2026-04-05T11:51:00.000Z";1324.15
"2026-04-05T11:51:00.000Z";"2026-04-05T11:54:00.000Z";1341.66
"2026-04-05T11:54:00.000Z";"2026-04-05T11:57:00.000Z";1386.31
"2026-04-05T11:57:00.000Z";"2026-04-05T12:00:00.000Z";1426.65
"2026-04-05T12:00:00.000Z";"2026-04-05T12:03:00.000Z";1450.62
"2026-04-05T12:03:00.000Z";"2026-04-05T12:06:00.000Z";1468.36
"2026-04-05T12:06:00.000Z";"2026-04-05T12:09:00.000Z";1480.66
"2026-04-05T12:09:00.000Z";"2026-04-05T12:12:00.000Z";1488.99
"2026-04-05T12:12:00.000Z";"2026-04-05T12:15:00.000Z";1528.64
"2026-04-05T12:15:00.000Z";"2026-04-05T12:18:00.000Z";1594.97
"2026-04-05T12:18:00.000Z";"2026-04-05T12:21:00.000Z";1645.98
"2026-04-05T12:21:00.000Z";"2026-04-05T12:24:00.000Z";1669.14
"2026-04-05T12:24:00.000Z";"2026-04-05T12:27:00.000Z";1721.53
"2026-04-05T12:27:00.000Z";"2026-04-05T12:30:00.000Z";1740.49
"2026-04-05T12:30:00.000Z";"2026-04-05T12:33:00.000Z";1739.84
"2026-04-05T12:33:00.000Z";"2026-04-05T12:36:00.000Z";1744.67
"2026-04-05T12:36:00.000Z";"2026-04-05T12:39:00.000Z";1764.17
"2026-04-05T12:39:00.000Z";"2026-04-05T12:42:00.000Z";1778.47
"2026-04-05T12:42:00.000Z";"2026-04-05T12:45:00.000Z";1781.51
"2026-04-05T12:45:00.000Z";"2026-04-05T12:48:00.000Z";1763.67
"2026-04-05T12:48:00.000Z";"2026-04-05T12:51:00.000Z";1760.67
"2026-04-05T12:51:00.000Z";"2026-04-05T12:54:00.000Z";1782.97
"2026-04-05T12:54:00.000Z";"2026-04-05T12:57:00.000Z";1820.83
"2026-04-05T12:57:00.000Z";"2026-04-05T13:00:00.000Z";1826.01
"2026-04-05T13:00:00.000Z";"2026-04-05T13:03:00.000Z";1792.47
"2026-04-05T13:03:00.000Z";"2026-04-05T13:06:00.000Z";1832.97
"2026-04-05T13:06:00.000Z";"2026-04-05T13:09:00.000Z";1894.65
"2026-04-05T13:09:00.000Z";"2026-04-05T13:12:00.000Z";1909.99
"2026-04-05T13:12:00.000Z";"2026-04-05T13:15:00.000Z";1994.11
"2026-04-05T13:15:00.000Z";"2026-04-05T13:18:00.000Z";2065.74
"2026-04-05T13:18:00.000Z";"2026-04-05T13:21:00.000Z";2079.02
"2026-04-05T13:21:00.000Z";"2026-04-05T13:24:00.000Z";2102.5
"2026-04-05T13:24:00.000Z";"2026-04-05T13:27:00.000Z";2095.39
"2026-04-05T13:27:00.000Z";"2026-04-05T13:30:00.000Z";2114.29
"2026-04-05T13:30:00.000Z";"2026-04-05T13:33:00.000Z";2152.07
"2026-04-05T13:33:00.000Z";"2026-04-05T13:36:00.000Z";2237.11
"2026-04-05T13:36:00.000Z";"2026-04-05T13:39:00.000Z";2281.46
"2026-04-05T13:39:00.000Z";"2026-04-05T13:42:00.000Z";2284.84
"2026-04-05T13:42:00.000Z";"2026-04-05T13:45:00.000Z";2300.98
"2026-04-05T13:45:00.000Z";"2026-04-05T13:48:00.000Z";2299.52
"2026-04-05T13:48:00.000Z";"2026-04-05T13:51:00.000Z";2312.67
"2026-04-05T13:51:00.000Z";"2026-04-05T13:54:00.000Z";2344.83
"2026-04-05T13:54:00.000Z";"2026-04-05T13:57:00.000Z";2352.98
"2026-04-05T13:57:00.000Z";"2026-04-05T14:00:00.000Z";2361.33
"2026-04-05T14:00:00.000Z";"2026-04-05T14:03:00.000Z";2409.28
"2026-04-05T14:03:00.000Z";"2026-04-05T14:06:00.000Z";2456.35
"2026-04-05T14:06:00.000Z";"2026-04-05T14:09:00.000Z";2488.49
"2026-04-05T14:09:00.000Z";"2026-04-05T14:12:00.000Z";2489.39
"2026-04-05T14:12:00.000Z";"2026-04-05T14:15:00.000Z";2519.4
"2026-04-05T14:15:00.000Z";"2026-04-05T14:18:00.000Z";2561.34
"2026-04-05T14:18:00.000Z";"2026-04-05T14:21:00.000Z";2580.15
"2026-04-05T14:21:00.000Z";"2026-04-05T14:24:00.000Z";2559.99
"2026-04-05T14:24:00.000Z";"2026-04-05T14:27:00.000Z";2565.16
"2026-04-05T14:27:00.000Z";"2026-04-05T14:30:00.000Z";2562.1
"2026-04-05T14:30:00.000Z";"2026-04-05T14:33:00.000Z";2565.05
"2026-04-05T14:33:00.000Z";"2026-04-05T14:36:00.000Z";2599.14
"2026-04-05T14:36:00.000Z";"2026-04-05T14:39:00.000Z";2599.72
"2026-04-05T14:39:00.000Z";"2026-04-05T14:42:00.000Z";2614.54
"2026-04-05T14:42:00.000Z";"2026-04-05T14:45:00.000Z";2638.55
"2026-04-05T14:45:00.000Z";"2026-04-05T14:48:00.000Z";2639.97
"2026-04-05T14:48:00.000Z";"2026-04-05T14:51:00.000Z";2729.94
"2026-04-05T14:51:00.000Z";"2026-04-05T14:54:00.000Z";2802.64
"2026-04-05T14:54:00.000Z";"2026-04-05T14:57:00.000Z";2843.48
"2026-04-05T14:57:00.000Z";"2026-04-05T15:00:00.000Z";2870.65
"2026-04-05T15:00:00.000Z";"2026-04-05T15:03:00.000Z";2913.09
"2026-04-05T15:03:00.000Z";"2026-04-05T15:06:00.000Z";2938.18
"2026-04-05T15:06:00.000Z";"2026-04-05T15:09:00.000Z";2931.81
"2026-04-05T15:09:00.000Z";"2026-04-05T15:12:00.000Z";2933.86
"2026-04-05T15:12:00.000Z";"2026-04-05T15:15:00.000Z";2973.37
"2026-04-05T15:15:00.000Z";"2026-04-05T15:18:00.000Z";3010.8
"2026-04-05T15:18:00.000Z";"2026-04-05T15:21:00.000Z";3005.24
"2026-04-05T15:21:00.000Z";"2026-04-05T15:24:00.000Z";3065.3
"2026-04-05T15:24:00.000Z";"2026-04-05T15:27:00.000Z";3107.97
"2026-04-05T15:27:00.000Z";"2026-04-05T15:30:00.000Z";3187.79
"2026-04-05T15:30:00.000Z";"2026-04-05T15:33:00.000Z";3236.14
"2026-04-05T15:33:00.000Z";"2026-04-05T15:36:00.000Z";3266.15
"2026-04-05T15:36:00.000Z";"2026-04-05T15:39:00.000Z";3345.23
"2026-04-05T15:39:00.000Z";"2026-04-05T15:42:00.000Z";3419.59
"2026-04-05T15:42:00.000Z";"2026-04-05T15:45:00.000Z";3481.94
"2026-04-05T15:45:00.000Z";"2026-04-05T15:48:00.000Z";3553.28
"2026-04-05T15:48:00.000Z";"2026-04-05T15:51:00.000Z";3582.01
"2026-04-05T15:51:00.000Z";"2026-04-05T15:54:00.000Z";3607.83
"2026-04-05T15:54:00.000Z";"2026-04-05T15:57:00.000Z";3619.68
"2026-04-05T15:57:00.000Z";"2026-04-05T16:00:00.000Z";3643.93
"2026-04-05T16:00:00.000Z";"2026-04-05T16:03:00.000Z";3690.83
"2026-04-05T16:03:00.000Z";"2026-04-05T16:06:00.000Z";3705.62
"2026-04-05T16:06:00.000Z";"2026-04-05T16:09:00.000Z";3724
"2026-04-05T16:09:00.000Z";"2026-04-05T16:12:00.000Z";3743.82
"2026-04-05T16:12:00.000Z";"2026-04-05T16:15:00.000Z";3770.31
"2026-04-05T16:15:00.000Z";"2026-04-05T16:18:00.000Z";3775.15
"2026-04-05T16:18:00.000Z";"2026-04-05T16:21:00.000Z";3824.39
"2026-04-05T16:21:00.000Z";"2026-04-05T16:24:00.000Z";3849.95
"2026-04-05T16:24:00.000Z";"2026-04-05T16:27:00.000Z";3856.85
"2026-04-05T16:27:00.000Z";"2026-04-05T16:30:00.000Z";3886.82
"2026-04-05T16:30:00.000Z";"2026-04-05T16:33:00.000Z";3912.28
"2026-04-05T16:33:00.000Z";"2026-04-05T16:36:00.000Z";3957.63
"2026-04-05T16:36:00.000Z";"2026-04-05T16:39:00.000Z";3997.3
"2026-04-05T16:39:00.000Z";"2026-04-05T16:42:00.000Z";4052.27
"2026-04-05T16:42:00.000Z";"2026-04-05T16:45:00.000Z";4110.28
"2026-04-05T16:45:00.000Z";"2026-04-05T16:48:00.000Z";4166.28
"2026-04-05T16:48:00.000Z";"2026-04-05T16:51:00.000Z";4206.62
"2026-04-05T16:51:00.000Z";"2026-04-05T16:54:00.000Z";4226.19
"2026-04-05T16:54:00.000Z";"2026-04-05T16:57:00.000Z";4266.58
"2026-04-05T16:57:00.000Z";"2026-04-05T17:00:00.000Z";4289.48
"2026-04-05T17:00:00.000Z";"2026-04-05T17:03:00.000Z";4352.04
"2026-04-05T17:03:00.000Z";"2026-04-05T17:06:00.000Z";4409.31
"2026-04-05T17:06:00.000Z";"2026-04-05T17:09:00.000Z";4447.09
"2026-04-05T17:09:00.000Z";"2026-04-05T17:12:00.000Z";4510.81
"2026-04-05T17:12:00.000Z";"2026-04-05T17:15:00.000Z";4560.62
"2026-04-05T17:15:00.000Z";"2026-04-05T17:18:00.000Z";4603.8
"2026-04-05T17:18:00.000Z";"2026-04-05T17:21:00.000Z";4665.28
"2026-04-05T17:21:00.000Z";"2026-04-05T17:24:00.000Z";4732.8
"2026-04-05T17:24:00.000Z";"2026-04-05T17:27:00.000Z";4788.94
"2026-04-05T17:27:00.000Z";"2026-04-05T17:30:00.000Z";4812.64
"2026-04-05T17:30:00.000Z";"2026-04-05T17:33:00.000Z";4857.97
"2026-04-05T17:33:00.000Z";"2026-04-05T17:36:00.000Z";4880.99
"2026-04-05T17:36:00.000Z";"2026-04-05T17:39:00.000Z";4917
"2026-04-05T17:39:00.000Z";"2026-04-05T17:42:00.000Z";4946.15
"2026-04-05T17:42:00.000Z";"2026-04-05T17:45:00.000Z";4993.32
"2026-04-05T17:45:00.000Z";"2026-04-05T17:48:00.000Z";5021.64
"2026-04-05T17:48:00.000Z";"2026-04-05T17:51:00.000Z";5055.83
"2026-04-05T17:51:00.000Z";"2026-04-05T17:54:00.000Z";5084.32
"2026-04-05T17:54:00.000Z";"2026-04-05T17:57:00.000Z";5139.31
"2026-04-05T17:57:00.000Z";"2026-04-05T18:00:00.000Z";5181.14
"2026-04-05T18:00:00.000Z";"2026-04-05T18:03:00.000Z";5252.56
"2026-04-05T18:03:00.000Z";"2026-04-05T18:06:00.000Z";5330.69
"2026-04-05T18:06:00.000Z";"2026-04-05T18:09:00.000Z";5388.79
"2026-04-05T18:09:00.000Z";"2026-04-05T18:12:00.000Z";5457.98
"2026-04-05T18:12:00.000Z";"2026-04-05T18:15:00.000Z";5499.63
"2026-04-05T18:15:00.000Z";"2026-04-05T18:18:00.000Z";5559.97
"2026-04-05T18:18:00.000Z";"2026-04-05T18:21:00.000Z";5637.14
"2026-04-05T18:21:00.000Z";"2026-04-05T18:24:00.000Z";5679.97
"2026-04-05T18:24:00.000Z";"2026-04-05T18:27:00.000Z";5729.47
"2026-04-05T18:27:00.000Z";"2026-04-05T18:30:00.000Z";5752.52
"2026-04-05T18:30:00.000Z";"2026-04-05T18:33:00.000Z";5772.78
"2026-04-05T18:33:00.000Z";"2026-04-05T18:36:00.000Z";5881
"2026-04-05T18:36:00.000Z";"2026-04-05T18:39:00.000Z";5873.48
"2026-04-05T18:39:00.000Z";"2026-04-05T18:42:00.000Z";5899.67
"2026-04-05T18:42:00.000Z";"2026-04-05T18:45:00.000Z";5930.8
"2026-04-05T18:45:00.000Z";"2026-04-05T18:48:00.000Z";5936.31
"2026-04-05T18:48:00.000Z";"2026-04-05T18:51:00.000Z";5962.32
"2026-04-05T18:51:00.000Z";"2026-04-05T18:54:00.000Z";5998.97
"2026-04-05T18:54:00.000Z";"2026-04-05T18:57:00.000Z";6041.29
"2026-04-05T18:57:00.000Z";"2026-04-05T19:00:00.000Z";6076.14
"2026-04-05T19:00:00.000Z";"2026-04-05T19:03:00.000Z";6080.98
"2026-04-05T19:03:00.000Z";"2026-04-05T19:06:00.000Z";6076.53
"2026-04-05T19:06:00.000Z";"2026-04-05T19:09:00.000Z";6086.63
"2026-04-05T19:09:00.000Z";"2026-04-05T19:12:00.000Z";6103.78
"2026-04-05T19:12:00.000Z";"2026-04-05T19:15:00.000Z";6086.09
"2026-04-05T19:15:00.000Z";"2026-04-05T19:18:00.000Z";6099.95
"2026-04-05T19:18:00.000Z";"2026-04-05T19:21:00.000Z";6099.35
"2026-04-05T19:21:00.000Z";"2026-04-05T19:24:00.000Z";6078.25
"2026-04-05T19:24:00.000Z";"2026-04-05T19:27:00.000Z";6126.13
"2026-04-05T19:27:00.000Z";"2026-04-05T19:30:00.000Z";6130.18
"2026-04-05T19:30:00.000Z";"2026-04-05T19:33:00.000Z";6163.51
"2026-04-05T19:33:00.000Z";"2026-04-05T19:36:00.000Z";6179.96
"2026-04-05T19:36:00.000Z";"2026-04-05T19:39:00.000Z";6194.55
"2026-04-05T19:39:00.000Z";"2026-04-05T19:42:00.000Z";6184.18
"2026-04-05T19:42:00.000Z";"2026-04-05T19:45:00.000Z";6190.43
"2026-04-05T19:45:00.000Z";"2026-04-05T19:48:00.000Z";6199.31
"2026-04-05T19:48:00.000Z";"2026-04-05T19:51:00.000Z";6214.61
"2026-04-05T19:51:00.000Z";"2026-04-05T19:54:00.000Z";6222.68
"2026-04-05T19:54:00.000Z";"2026-04-05T19:57:00.000Z";6247.47
"2026-04-05T19:57:00.000Z";"2026-04-05T20:00:00.000Z";6227.46
"2026-04-05T20:00:00.000Z";"2026-04-05T20:03:00.000Z";6228.05
"2026-04-05T20:03:00.000Z";"2026-04-05T20:06:00.000Z";6192.32
"2026-04-05T20:06:00.000Z";"2026-04-05T20:09:00.000Z";6204.4
"2026-04-05T20:09:00.000Z";"2026-04-05T20:12:00.000Z";6197.65
"2026-04-05T20:12:00.000Z";"2026-04-05T20:15:00.000Z";6173.35
"2026-04-05T20:15:00.000Z";"2026-04-05T20:18:00.000Z";6138.98
"2026-04-05T20:18:00.000Z";"2026-04-05T20:21:00.000Z";6153.16
"2026-04-05T20:21:00.000Z";"2026-04-05T20:24:00.000Z";6106.37
"2026-04-05T20:24:00.000Z";"2026-04-05T20:27:00.000Z";6080.38
"2026-04-05T20:27:00.000Z";"2026-04-05T20:30:00.000Z";6073.1
"2026-04-05T20:30:00.000Z";"2026-04-05T20:33:00.000Z";6033.74
"2026-04-05T20:33:00.000Z";"2026-04-05T20:36:00.000Z";5846.31
"2026-04-05T20:36:00.000Z";"2026-04-05T20:39:00.000Z";5832.85
"2026-04-05T20:39:00.000Z";"2026-04-05T20:42:00.000Z";5800.55
"2026-04-05T20:42:00.000Z";"2026-04-05T20:45:00.000Z";5761.52
"2026-04-05T20:45:00.000Z";"2026-04-05T20:48:00.000Z";5790.1
"2026-04-05T20:48:00.000Z";"2026-04-05T20:51:00.000Z";5828.43
"2026-04-05T20:51:00.000Z";"2026-04-05T20:54:00.000Z";5834.83
"2026-04-05T20:54:00.000Z";"2026-04-05T20:57:00.000Z";5834.3
"2026-04-05T20:57:00.000Z";"2026-04-05T21:00:00.000Z";5877.06
"2026-04-05T21:00:00.000Z";"2026-04-05T21:03:00.000Z";5892.4
"2026-04-05T21:03:00.000Z";"2026-04-05T21:06:00.000Z";5911.72
"2026-04-05T21:06:00.000Z";"2026-04-05T21:09:00.000Z";5873.85
"2026-04-05T21:09:00.000Z";"2026-04-05T21:12:00.000Z";5869.19
"2026-04-05T21:12:00.000Z";"2026-04-05T21:15:00.000Z";5837
"2026-04-05T21:15:00.000Z";"2026-04-05T21:18:00.000Z";5834.86
"2026-04-05T21:18:00.000Z";"2026-04-05T21:21:00.000Z";5818.81
"2026-04-05T21:21:00.000Z";"2026-04-05T21:24:00.000Z";5803.56
"2026-04-05T21:24:00.000Z";"2026-04-05T21:27:00.000Z";5776.16
"2026-04-05T21:27:00.000Z";"2026-04-05T21:30:00.000Z";5775.84
"2026-04-05T21:30:00.000Z";"2026-04-05T21:33:00.000Z";5763.15
"2026-04-05T21:33:00.000Z";"2026-04-05T21:36:00.000Z";5732.6
"2026-04-05T21:36:00.000Z";"2026-04-05T21:39:00.000Z";5712.67
"2026-04-05T21:39:00.000Z";"2026-04-05T21:42:00.000Z";5677.23
"2026-04-05T21:42:00.000Z";"2026-04-05T21:45:00.000Z";5703.16
"2026-04-05T21:45:00.000Z";"2026-04-05T21:48:00.000Z";5641.08
"2026-04-05T21:48:00.000Z";"2026-04-05T21:51:00.000Z";5626.35
"2026-04-05T21:51:00.000Z";"2026-04-05T21:54:00.000Z";5629.51
"2026-04-05T21:54:00.000Z";"2026-04-05T21:57:00.000Z";5629.71
"2026-04-05T21:57:00.000Z";"2026-04-05T22:00:00.000Z";5599.57
"2026-04-05T22:00:00.000Z";"2026-04-05T22:03:00.000Z";5448.78
"2026-04-05T22:03:00.000Z";"2026-04-05T22:06:00.000Z";5232.71
"2026-04-05T22:06:00.000Z";"2026-04-05T22:09:00.000Z";5202.3
"2026-04-05T22:09:00.000Z";"2026-04-05T22:12:00.000Z";5209.01
"2026-04-05T22:12:00.000Z";"2026-04-05T22:15:00.000Z";5176.71
"2026-04-05T22:15:00.000Z";"2026-04-05T22:18:00.000Z";5146.2
"2026-04-05T22:18:00.000Z";"2026-04-05T22:21:00.000Z";5048.06
"2026-04-05T22:21:00.000Z";"2026-04-05T22:24:00.000Z";5037.77
"2026-04-05T22:24:00.000Z";"2026-04-05T22:27:00.000Z";5048.99
"2026-04-05T22:27:00.000Z";"2026-04-05T22:30:00.000Z";5052.83
"2026-04-05T22:30:00.000Z";"2026-04-05T22:33:00.000Z";5074.08
"2026-04-05T22:33:00.000Z";"2026-04-05T22:36:00.000Z";5088.21
"2026-04-05T22:36:00.000Z";"2026-04-05T22:39:00.000Z";5056.98
"2026-04-05T22:39:00.000Z";"2026-04-05T22:42:00.000Z";5032.22
"2026-04-05T22:42:00.000Z";"2026-04-05T22:45:00.000Z";5034.69
"2026-04-05T22:45:00.000Z";"2026-04-05T22:48:00.000Z";5026.43
"2026-04-05T22:48:00.000Z";"2026-04-05T22:51:00.000Z";4994.97
"2026-04-05T22:51:00.000Z";"2026-04-05T22:54:00.000Z";4975.32
"2026-04-05T22:54:00.000Z";"2026-04-05T22:57:00.000Z";4926.28
"2026-04-05T22:57:00.000Z";"2026-04-05T23:00:00.000Z";4921.27
"2026-04-05T23:00:00.000Z";"2026-04-05T23:03:00.000Z";4901.1
"2026-04-05T23:03:00.000Z";"2026-04-05T23:06:00.000Z";4860.81
"2026-04-05T23:06:00.000Z";"2026-04-05T23:09:00.000Z";4845.18
"2026-04-05T23:09:00.000Z";"2026-04-05T23:12:00.000Z";4866.08
"2026-04-05T23:12:00.000Z";"2026-04-05T23:15:00.000Z";4868.1
"2026-04-05T23:15:00.000Z";"2026-04-05T23:18:00.000Z";4847.37
"2026-04-05T23:18:00.000Z";"2026-04-05T23:21:00.000Z";4868.15
"2026-04-05T23:21:00.000Z";"2026-04-05T23:24:00.000Z";4838.7
"2026-04-05T23:24:00.000Z";"2026-04-05T23:27:00.000Z";4837.16
"2026-04-05T23:27:00.000Z";"2026-04-05T23:30:00.000Z";4814.69
"2026-04-05T23:30:00.000Z";"2026-04-05T23:33:00.000Z";4833.32
"2026-04-05T23:33:00.000Z";"2026-04-05T23:36:00.000Z";4817.16
"2026-04-05T23:36:00.000Z";"2026-04-05T23:39:00.000Z";4786.35
"2026-04-05T23:39:00.000Z";"2026-04-05T23:42:00.000Z";4760.67
"2026-04-05T23:42:00.000Z";"2026-04-05T23:45:00.000Z";4754.61
"2026-04-05T23:45:00.000Z";"2026-04-05T23:48:00.000Z";4687.98
"2026-04-05T23:48:00.000Z";"2026-04-05T23:51:00.000Z";4703.15
"2026-04-05T23:51:00.000Z";"2026-04-05T23:54:00.000Z";4684.39
"2026-04-05T23:54:00.000Z";"2026-04-05T23:57:00.000Z";4669.88
"2026-04-05T23:57:00.000Z";"2026-04-06T00:00:00.000Z";4629.23
"2026-04-06T00:00:00.000Z";"2026-04-06T00:03:00.000Z";4619.83
"2026-04-06T00:03:00.000Z";"2026-04-06T00:06:00.000Z";4643.08
"2026-04-06T00:06:00.000Z";"2026-04-06T00:09:00.000Z";4584.52
"2026-04-06T00:09:00.000Z";"2026-04-06T00:12:00.000Z";4585.85
"2026-04-06T00:12:00.000Z";"2026-04-06T00:15:00.000Z";4558.09
"2026-04-06T00:15:00.000Z";"2026-04-06T00:18:00.000Z";4504.52
"2026-04-06T00:18:00.000Z";"2026-04-06T00:21:00.000Z";4499.98
"2026-04-06T00:21:00.000Z";"2026-04-06T00:24:00.000Z";4489.02
"2026-04-06T00:24:00.000Z";"2026-04-06T00:27:00.000Z";4477.75
"2026-04-06T00:27:00.000Z";"2026-04-06T00:30:00.000Z";4464.34
"2026-04-06T00:30:00.000Z";"2026-04-06T00:33:00.000Z";4422.71
"2026-04-06T00:33:00.000Z";"2026-04-06T00:36:00.000Z";4353.69
"2026-04-06T00:36:00.000Z";"2026-04-06T00:39:00.000Z";4314.34
"2026-04-06T00:39:00.000Z";"2026-04-06T00:42:00.000Z";4296.7
"2026-04-06T00:42:00.000Z";"2026-04-06T00:45:00.000Z";4253.76
"2026-04-06T00:45:00.000Z";"2026-04-06T00:48:00.000Z";4144.63
"2026-04-06T00:48:00.000Z";"2026-04-06T00:51:00.000Z";3916.05
"2026-04-06T00:51:00.000Z";"2026-04-06T00:54:00.000Z";3905.68
"2026-04-06T00:54:00.000Z";"2026-04-06T00:57:00.000Z";3877.46
"2026-04-06T00:57:00.000Z";"2026-04-06T01:00:00.000Z";3866.19
"2026-04-06T01:00:00.000Z";"2026-04-06T01:03:00.000Z";3939.57
"2026-04-06T01:03:00.000Z";"2026-04-06T01:06:00.000Z";4113.12
"2026-04-06T01:06:00.000Z";"2026-04-06T01:09:00.000Z";4124.68
"2026-04-06T01:09:00.000Z";"2026-04-06T01:12:00.000Z";4083.23
"2026-04-06T01:12:00.000Z";"2026-04-06T01:15:00.000Z";4068.18
"2026-04-06T01:15:00.000Z";"2026-04-06T01:18:00.000Z";4039.3
"2026-04-06T01:18:00.000Z";"2026-04-06T01:21:00.000Z";4051.95
"2026-04-06T01:21:00.000Z";"2026-04-06T01:24:00.000Z";4061.13
"2026-04-06T01:24:00.000Z";"2026-04-06T01:27:00.000Z";4040.01
"2026-04-06T01:27:00.000Z";"2026-04-06T01:30:00.000Z";3998.24
"2026-04-06T01:30:00.000Z";"2026-04-06T01:33:00.000Z";3969.2
"2026-04-06T01:33:00.000Z";"2026-04-06T01:36:00.000Z";3952.51
"2026-04-06T01:36:00.000Z";"2026-04-06T01:39:00.000Z";3934.7
"2026-04-06T01:39:00.000Z";"2026-04-06T01:42:00.000Z";3937.99
"2026-04-06T01:42:00.000Z";"2026-04-06T01:45:00.000Z";3943.96
"2026-04-06T01:45:00.000Z";"2026-04-06T01:48:00.000Z";3919.7
"2026-04-06T01:48:00.000Z";"2026-04-06T01:51:00.000Z";3900.67
"2026-04-06T01:51:00.000Z";"2026-04-06T01:54:00.000Z";3896.84
"2026-04-06T01:54:00.000Z";"2026-04-06T01:57:00.000Z";3850.19
"2026-04-06T01:57:00.000Z";"2026-04-06T02:00:00.000Z";3866.52
"2026-04-06T02:00:00.000Z";"2026-04-06T02:03:00.000Z";3815.35
"2026-04-06T02:03:00.000Z";"2026-04-06T02:06:00.000Z";3785.87
"2026-04-06T02:06:00.000Z";"2026-04-06T02:09:00.000Z";3735.35
"2026-04-06T02:09:00.000Z";"2026-04-06T02:12:00.000Z";3734.32
"2026-04-06T02:12:00.000Z";"2026-04-06T02:15:00.000Z";3722.51
"2026-04-06T02:15:00.000Z";"2026-04-06T02:18:00.000Z";3650.88
"2026-04-06T02:18:00.000Z";"2026-04-06T02:21:00.000Z";3574.24
"2026-04-06T02:21:00.000Z";"2026-04-06T02:24:00.000Z";3570.67
"2026-04-06T02:24:00.000Z";"2026-04-06T02:27:00.000Z";3558.51
"2026-04-06T02:27:00.000Z";"2026-04-06T02:30:00.000Z";3523.53
"2026-04-06T02:30:00.000Z";"2026-04-06T02:33:00.000Z";3500.22
"2026-04-06T02:33:00.000Z";"2026-04-06T02:36:00.000Z";3485.62
"2026-04-06T02:36:00.000Z";"2026-04-06T02:39:00.000Z";3481.64
"2026-04-06T02:39:00.000Z";"2026-04-06T02:42:00.000Z";3471.51
"2026-04-06T02:42:00.000Z";"2026-04-06T02:45:00.000Z";3465.65
"2026-04-06T02:45:00.000Z";"2026-04-06T02:48:00.000Z";3460.16
"2026-04-06T02:48:00.000Z";"2026-04-06T02:51:00.000Z";3476.67
"2026-04-06T02:51:00.000Z";"2026-04-06T02:54:00.000Z";3460.66
"2026-04-06T02:54:00.000Z";"2026-04-06T02:57:00.000Z";3455.19
"2026-04-06T02:57:00.000Z";"2026-04-06T03:00:00.000Z";3458.51
"2026-04-06T03:00:00.000Z";"2026-04-06T03:03:00.000Z";3459.16
"2026-04-06T03:03:00.000Z";"2026-04-06T03:06:00.000Z";3470.43
"2026-04-06T03:06:00.000Z";"2026-04-06T03:09:00.000Z";3437.36
"2026-04-06T03:09:00.000Z";"2026-04-06T03:12:00.000Z";3433.34
"2026-04-06T03:12:00.000Z";"2026-04-06T03:15:00.000Z";3430.16
"2026-04-06T03:15:00.000Z";"2026-04-06T03:18:00.000Z";3426.06
"2026-04-06T03:18:00.000Z";"2026-04-06T03:21:00.000Z";3400.33
"2026-04-06T03:21:00.000Z";"2026-04-06T03:24:00.000Z";3380.36
"2026-04-06T03:24:00.000Z";"2026-04-06T03:27:00.000Z";3383.31
"2026-04-06T03:27:00.000Z";"2026-04-06T03:30:00.000Z";3366.05
"2026-04-06T03:30:00.000Z";"2026-04-06T03:33:00.000Z";3324.36
"2026-04-06T03:33:00.000Z";"2026-04-06T03:36:00.000Z";3315.9
"2026-04-06T03:36:00.000Z";"2026-04-06T03:39:00.000Z";3281.35
"2026-04-06T03:39:00.000Z";"2026-04-06T03:42:00.000Z";3263.32
"2026-04-06T03:42:00.000Z";"2026-04-06T03:45:00.000Z";3254.53
"2026-04-06T03:45:00.000Z";"2026-04-06T03:48:00.000Z";3231.24
"2026-04-06T03:48:00.000Z";"2026-04-06T03:51:00.000Z";3188.85
"2026-04-06T03:51:00.000Z";"2026-04-06T03:54:00.000Z";3186.15
"2026-04-06T03:54:00.000Z";"2026-04-06T03:57:00.000Z";3169.99
"2026-04-06T03:57:00.000Z";"2026-04-06T04:00:00.000Z";3142.85
"2026-04-06T04:00:00.000Z";"2026-04-06T04:03:00.000Z";3138.01
"2026-04-06T04:03:00.000Z";"2026-04-06T04:06:00.000Z";3135.2
"2026-04-06T04:06:00.000Z";"2026-04-06T04:09:00.000Z";3119.33
"2026-04-06T04:09:00.000Z";"2026-04-06T04:12:00.000Z";3114.33
"2026-04-06T04:12:00.000Z";"2026-04-06T04:15:00.000Z";3102.02
"2026-04-06T04:15:00.000Z";"2026-04-06T04:18:00.000Z";3080.18
"2026-04-06T04:18:00.000Z";"2026-04-06T04:21:00.000Z";3059.51
"2026-04-06T04:21:00.000Z";"2026-04-06T04:24:00.000Z";3037.67
"2026-04-06T04:24:00.000Z";"2026-04-06T04:27:00.000Z";3021.09
"2026-04-06T04:27:00.000Z";"2026-04-06T04:30:00.000Z";3011.19
"2026-04-06T04:30:00.000Z";"2026-04-06T04:33:00.000Z";3008.97
"2026-04-06T04:33:00.000Z";"2026-04-06T04:36:00.000Z";2976.01
"2026-04-06T04:36:00.000Z";"2026-04-06T04:39:00.000Z";2983
"2026-04-06T04:39:00.000Z";"2026-04-06T04:42:00.000Z";2947.85
"2026-04-06T04:42:00.000Z";"2026-04-06T04:45:00.000Z";2945.17
"2026-04-06T04:45:00.000Z";"2026-04-06T04:48:00.000Z";2889.09
"2026-04-06T04:48:00.000Z";"2026-04-06T04:51:00.000Z";2859.21
"2026-04-06T04:51:00.000Z";"2026-04-06T04:54:00.000Z";2830.89
"2026-04-06T04:54:00.000Z";"2026-04-06T04:57:00.000Z";2821.53
"2026-04-06T04:57:00.000Z";"2026-04-06T05:00:00.000Z";2791.51
"2026-04-06T05:00:00.000Z";"2026-04-06T05:03:00.000Z";2781.65
"2026-04-06T05:03:00.000Z";"2026-04-06T05:06:00.000Z";2769.06
"2026-04-06T05:06:00.000Z";"2026-04-06T05:09:00.000Z";2727.69
"2026-04-06T05:09:00.000Z";"2026-04-06T05:12:00.000Z";2688.85
"2026-04-06T05:12:00.000Z";"2026-04-06T05:15:00.000Z";2660.5
"2026-04-06T05:15:00.000Z";"2026-04-06T05:18:00.000Z";2655
"2026-04-06T05:18:00.000Z";"2026-04-06T05:21:00.000Z";2643.03
"2026-04-06T05:21:00.000Z";"2026-04-06T05:24:00.000Z";2598.77
"2026-04-06T05:24:00.000Z";"2026-04-06T05:27:00.000Z";2581.53
"2026-04-06T05:27:00.000Z";"2026-04-06T05:30:00.000Z";2550.2
"2026-04-06T05:30:00.000Z";"2026-04-06T05:33:00.000Z";2564.12
"2026-04-06T05:33:00.000Z";"2026-04-06T05:36:00.000Z";2616.56
"2026-04-06T05:36:00.000Z";"2026-04-06T05:39:00.000Z";2576.02
"2026-04-06T05:39:00.000Z";"2026-04-06T05:42:00.000Z";2555.19
"2026-04-06T05:42:00.000Z";"2026-04-06T05:45:00.000Z";2532.68
"2026-04-06T05:45:00.000Z";"2026-04-06T05:48:00.000Z";2498.99
"2026-04-06T05:48:00.000Z";"2026-04-06T05:51:00.000Z";2494.68
"2026-04-06T05:51:00.000Z";"2026-04-06T05:54:00.000Z";2530.68
"2026-04-06T05:54:00.000Z";"2026-04-06T05:57:00.000Z";2514.33
"2026-04-06T05:57:00.000Z";"2026-04-06T06:00:00.000Z";2473.72
"2026-04-06T06:00:00.000Z";"2026-04-06T06:03:00.000Z";2458.7
"2026-04-06T06:03:00.000Z";"2026-04-06T06:06:00.000Z";2529.64
"2026-04-06T06:06:00.000Z";"2026-04-06T06:09:00.000Z";2533.9
"2026-04-06T06:09:00.000Z";"2026-04-06T06:12:00.000Z";2505.85
"2026-04-06T06:12:00.000Z";"2026-04-06T06:15:00.000Z";2462.68
"2026-04-06T06:15:00.000Z";"2026-04-06T06:18:00.000Z";2455.49
"2026-04-06T06:18:00.000Z";"2026-04-06T06:21:00.000Z";2473.5
"2026-04-06T06:21:00.000Z";"2026-04-06T06:24:00.000Z";2433.21
"2026-04-06T06:24:00.000Z";"2026-04-06T06:27:00.000Z";2394.19
"2026-04-06T06:27:00.000Z";"2026-04-06T06:30:00.000Z";2364.06
"2026-04-06T06:30:00.000Z";"2026-04-06T06:33:00.000Z";2267.41
"2026-04-06T06:33:00.000Z";"2026-04-06T06:36:00.000Z";2207.23
"2026-04-06T06:36:00.000Z";"2026-04-06T06:39:00.000Z";2154.86
"2026-04-06T06:39:00.000Z";"2026-04-06T06:42:00.000Z";2102.91
"2026-04-06T06:42:00.000Z";"2026-04-06T06:45:00.000Z";2078
"2026-04-06T06:45:00.000Z";"2026-04-06T06:48:00.000Z";2067.84
"2026-04-06T06:48:00.000Z";"2026-04-06T06:51:00.000Z";2074.68
"2026-04-06T06:51:00.000Z";"2026-04-06T06:54:00.000Z";2032.57
"2026-04-06T06:54:00.000Z";"2026-04-06T06:57:00.000Z";1995.68
"2026-04-06T06:57:00.000Z";"2026-04-06T07:00:00.000Z";1958.33
"2026-04-06T07:00:00.000Z";"2026-04-06T07:03:00.000Z";1973.85
"2026-04-06T07:03:00.000Z";"2026-04-06T07:06:00.000Z";1979.7
"2026-04-06T07:06:00.000Z";"2026-04-06T07:09:00.000Z";1969.52
"2026-04-06T07:09:00.000Z";"2026-04-06T07:12:00.000Z";1934.56
"2026-04-06T07:12:00.000Z";"2026-04-06T07:15:00.000Z";1911.52
"2026-04-06T07:15:00.000Z";"2026-04-06T07:18:00.000Z";1877.19
"2026-04-06T07:18:00.000Z";"2026-04-06T07:21:00.000Z";1841.02
"2026-04-06T07:21:00.000Z";"2026-04-06T07:24:00.000Z";1818.01
"2026-04-06T07:24:00.000Z";"2026-04-06T07:27:00.000Z";1787.05
"2026-04-06T07:27:00.000Z";"2026-04-06T07:30:00.000Z";1747.51
"2026-04-06T07:30:00.000Z";"2026-04-06T07:33:00.000Z";1717.03
"2026-04-06T07:33:00.000Z";"2026-04-06T07:36:00.000Z";1702.02
"2026-04-06T07:36:00.000Z";"2026-04-06T07:39:00.000Z";1677.53
"2026-04-06T07:39:00.000Z";"2026-04-06T07:42:00.000Z";1652.58
"2026-04-06T07:42:00.000Z";"2026-04-06T07:45:00.000Z";1648.33
"2026-04-06T07:45:00.000Z";"2026-04-06T07:48:00.000Z";1620.04
"2026-04-06T07:48:00.000Z";"2026-04-06T07:51:00.000Z";1608.84
"2026-04-06T07:51:00.000Z";"2026-04-06T07:54:00.000Z";1601.34
"2026-04-06T07:54:00.000Z";"2026-04-06T07:57:00.000Z";1590.04
"2026-04-06T07:57:00.000Z";"2026-04-06T08:00:00.000Z";1569.84
"2026-04-06T08:00:00.000Z";"2026-04-06T08:03:00.000Z";1566.34
"2026-04-06T08:03:00.000Z";"2026-04-06T08:06:00.000Z";1543.68
"2026-04-06T08:06:00.000Z";"2026-04-06T08:09:00.000Z";1526.85
"2026-04-06T08:09:00.000Z";"2026-04-06T08:12:00.000Z";1525.32
"2026-04-06T08:12:00.000Z";"2026-04-06T08:15:00.000Z";1525
"2026-04-06T08:15:00.000Z";"2026-04-06T08:18:00.000Z";1516.67
"2026-04-06T08:18:00.000Z";"2026-04-06T08:21:00.000Z";1511.83
"2026-04-06T08:21:00.000Z";"2026-04-06T08:24:00.000Z";1502.35
"2026-04-06T08:24:00.000Z";"2026-04-06T08:27:00.000Z";1481.03
"2026-04-06T08:27:00.000Z";"2026-04-06T08:30:00.000Z";1472.52
"2026-04-06T08:30:00.000Z";"2026-04-06T08:33:00.000Z";1447.35
"2026-04-06T08:33:00.000Z";"2026-04-06T08:36:00.000Z";1432.98
"2026-04-06T08:36:00.000Z";"2026-04-06T08:39:00.000Z";1427.02
"2026-04-06T08:39:00.000Z";"2026-04-06T08:42:00.000Z";1426.52
"2026-04-06T08:42:00.000Z";"2026-04-06T08:45:00.000Z";1411.86
"2026-04-06T08:45:00.000Z";"2026-04-06T08:48:00.000Z";1398.4
"2026-04-06T08:48:00.000Z";"2026-04-06T08:51:00.000Z";1384.82
"2026-04-06T08:51:00.000Z";"2026-04-06T08:54:00.000Z";1382.37
"2026-04-06T08:54:00.000Z";"2026-04-06T08:57:00.000Z";1339.86
"2026-04-06T08:57:00.000Z";"2026-04-06T09:00:00.000Z";1336.01
"2026-04-06T09:00:00.000Z";"2026-04-06T09:03:00.000Z";1331.67
"2026-04-06T09:03:00.000Z";"2026-04-06T09:06:00.000Z";1313.49
"2026-04-06T09:06:00.000Z";"2026-04-06T09:09:00.000Z";1315.68
"2026-04-06T09:09:00.000Z";"2026-04-06T09:12:00.000Z";1296.32
"2026-04-06T09:12:00.000Z";"2026-04-06T09:15:00.000Z";1277.47
"2026-04-06T09:15:00.000Z";"2026-04-06T09:18:00.000Z";1271.38
"2026-04-06T09:18:00.000Z";"2026-04-06T09:21:00.000Z";1273.42
"2026-04-06T09:21:00.000Z";"2026-04-06T09:24:00.000Z";1236.35
"2026-04-06T09:24:00.000Z";"2026-04-06T09:27:00.000Z";1236.99
"2026-04-06T09:27:00.000Z";"2026-04-06T09:30:00.000Z";1206.19
"2026-04-06T09:30:00.000Z";"2026-04-06T09:33:00.000Z";1187.02
"2026-04-06T09:33:00.000Z";"2026-04-06T09:36:00.000Z";1202.65
"2026-04-06T09:36:00.000Z";"2026-04-06T09:39:00.000Z";1163.01
"2026-04-06T09:39:00.000Z";"2026-04-06T09:42:00.000Z";1168.64
"2026-04-06T09:42:00.000Z";"2026-04-06T09:45:00.000Z";1181.17
"2026-04-06T09:45:00.000Z";"2026-04-06T09:48:00.000Z";1201.97
"2026-04-06T09:48:00.000Z";"2026-04-06T09:51:00.000Z";1204.66
"2026-04-06T09:51:00.000Z";"2026-04-06T09:54:00.000Z";1228.65
"2026-04-06T09:54:00.000Z";"2026-04-06T09:57:00.000Z";1234.15
"2026-04-06T09:57:00.000Z";"2026-04-06T10:00:00.000Z";1221.98
"2026-04-06T10:00:00.000Z";"2026-04-06T10:03:00.000Z";1216.02
"2026-04-06T10:03:00.000Z";"2026-04-06T10:06:00.000Z";1205.01
"2026-04-06T10:06:00.000Z";"2026-04-06T10:09:00.000Z";1192.16
"2026-04-06T10:09:00.000Z";"2026-04-06T10:12:00.000Z";1171.17
"2026-04-06T10:12:00.000Z";"2026-04-06T10:15:00.000Z";1171.34
"2026-04-06T10:15:00.000Z";"2026-04-06T10:18:00.000Z";1186.82
"2026-04-06T10:18:00.000Z";"2026-04-06T10:21:00.000Z";1173.35
"2026-04-06T10:21:00.000Z";"2026-04-06T10:24:00.000Z";1159.02
"2026-04-06T10:24:00.000Z";"2026-04-06T10:27:00.000Z";1150.4
"2026-04-06T10:27:00.000Z";"2026-04-06T10:30:00.000Z";1144.16
"2026-04-06T10:30:00.000Z";"2026-04-06T10:33:00.000Z";1136.18
"2026-04-06T10:33:00.000Z";"2026-04-06T10:36:00.000Z";1127.98
"2026-04-06T10:36:00.000Z";"2026-04-06T10:39:00.000Z";1136.33
"2026-04-06T10:39:00.000Z";"2026-04-06T10:42:00.000Z";1142.48
"2026-04-06T10:42:00.000Z";"2026-04-06T10:45:00.000Z";1146.3
"2026-04-06T10:45:00.000Z";"2026-04-06T10:48:00.000Z";1169.62
"2026-04-06T10:48:00.000Z";"2026-04-06T10:51:00.000Z";1182.16
"2026-04-06T10:51:00.000Z";"2026-04-06T10:54:00.000Z";1175.01
"2026-04-06T10:54:00.000Z";"2026-04-06T10:57:00.000Z";1186.66
"2026-04-06T10:57:00.000Z";"2026-04-06T11:00:00.000Z";1191.49
"2026-04-06T11:00:00.000Z";"2026-04-06T11:03:00.000Z";1192.69
"2026-04-06T11:03:00.000Z";"2026-04-06T11:06:00.000Z";1179.51
"2026-04-06T11:06:00.000Z";"2026-04-06T11:09:00.000Z";1203.15
"2026-04-06T11:09:00.000Z";"2026-04-06T11:12:00.000Z";1220.48
"2026-04-06T11:12:00.000Z";"2026-04-06T11:15:00.000Z";1221.18
"2026-04-06T11:15:00.000Z";"2026-04-06T11:18:00.000Z";1212.84
"2026-04-06T11:18:00.000Z";"2026-04-06T11:21:00.000Z";1230.85
"2026-04-06T11:21:00.000Z";"2026-04-06T11:24:00.000Z";1217.33
"2026-04-06T11:24:00.000Z";"2026-04-06T11:27:00.000Z";1226.67
"2026-04-06T11:27:00.000Z";"2026-04-06T11:30:00.000Z";1228.31
"2026-04-06T11:30:00.000Z";"2026-04-06T11:33:00.000Z";1209.68
"2026-04-06T11:33:00.000Z";"2026-04-06T11:36:00.000Z";1214
"2026-04-06T11:36:00.000Z";"2026-04-06T11:39:00.000Z";1241.8
"2026-04-06T11:39:00.000Z";"2026-04-06T11:42:00.000Z";1277.29
"2026-04-06T11:42:00.000Z";"2026-04-06T11:45:00.000Z";1287.34
"2026-04-06T11:45:00.000Z";"2026-04-06T11:48:00.000Z";1272.49
"2026-04-06T11:48:00.000Z";"2026-04-06T11:51:00.000Z";1279.82
"2026-04-06T11:51:00.000Z";"2026-04-06T11:54:00.000Z";1300.64
"2026-04-06T11:54:00.000Z";"2026-04-06T11:57:00.000Z";1336.15
"2026-04-06T11:57:00.000Z";"2026-04-06T12:00:00.000Z";1333.46
"2026-04-06T12:00:00.000Z";"2026-04-06T12:03:00.000Z";1341.37
"2026-04-06T12:03:00.000Z";"2026-04-06T12:06:00.000Z";1343.31
"2026-04-06T12:06:00.000Z";"2026-04-06T12:09:00.000Z";1362.83
"2026-04-06T12:09:00.000Z";"2026-04-06T12:12:00.000Z";1391.15
"2026-04-06T12:12:00.000Z";"2026-04-06T12:15:00.000Z";1418.66
"2026-04-06T12:15:00.000Z";"2026-04-06T12:18:00.000Z";1448.46
"2026-04-06T12:18:00.000Z";"2026-04-06T12:21:00.000Z";1479.66
"2026-04-06T12:21:00.000Z";"2026-04-06T12:24:00.000Z";1479.02
"2026-04-06T12:24:00.000Z";"2026-04-06T12:27:00.000Z";1503.16
"2026-04-06T12:27:00.000Z";"2026-04-06T12:30:00.000Z";1509.46
"2026-04-06T12:30:00.000Z";"2026-04-06T12:33:00.000Z";1527.63
"2026-04-06T12:33:00.000Z";"2026-04-06T12:36:00.000Z";1532.66
"2026-04-06T12:36:00.000Z";"2026-04-06T12:39:00.000Z";1535.69
"2026-04-06T12:39:00.000Z";"2026-04-06T12:42:00.000Z";1567.64
"2026-04-06T12:42:00.000Z";"2026-04-06T12:45:00.000Z";1589.51
"2026-04-06T12:45:00.000Z";"2026-04-06T12:48:00.000Z";1610.32
"2026-04-06T12:48:00.000Z";"2026-04-06T12:51:00.000Z";1613.15
"2026-04-06T12:51:00.000Z";"2026-04-06T12:54:00.000Z";1627.82
"2026-04-06T12:54:00.000Z";"2026-04-06T12:57:00.000Z";1668.62
"2026-04-06T12:57:00.000Z";"2026-04-06T13:00:00.000Z";1676.29
"2026-04-06T13:00:00.000Z";"2026-04-06T13:03:00.000Z";1718.64
"2026-04-06T13:03:00.000Z";"2026-04-06T13:06:00.000Z";1753.76
"2026-04-06T13:06:00.000Z";"2026-04-06T13:09:00.000Z";1767.31
"2026-04-06T13:09:00.000Z";"2026-04-06T13:12:00.000Z";1757.83
"2026-04-06T13:12:00.000Z";"2026-04-06T13:15:00.000Z";1763.17
"2026-04-06T13:15:00.000Z";"2026-04-06T13:18:00.000Z";1776.17
"2026-04-06T13:18:00.000Z";"2026-04-06T13:21:00.000Z";1800.83
"2026-04-06T13:21:00.000Z";"2026-04-06T13:24:00.000Z";1824.18
"2026-04-06T13:24:00.000Z";"2026-04-06T13:27:00.000Z";1840.63
"2026-04-06T13:27:00.000Z";"2026-04-06T13:30:00.000Z";1835.18
"2026-04-06T13:30:00.000Z";"2026-04-06T13:33:00.000Z";1796.84
"2026-04-06T13:33:00.000Z";"2026-04-06T13:36:00.000Z";1792.98
"2026-04-06T13:36:00.000Z";"2026-04-06T13:39:00.000Z";1791.67
"2026-04-06T13:39:00.000Z";"2026-04-06T13:42:00.000Z";1812.64
"2026-04-06T13:42:00.000Z";"2026-04-06T13:45:00.000Z";1829.66
"2026-04-06T13:45:00.000Z";"2026-04-06T13:48:00.000Z";1836.13
"2026-04-06T13:48:00.000Z";"2026-04-06T13:51:00.000Z";1864.98
"2026-04-06T13:51:00.000Z";"2026-04-06T13:54:00.000Z";1870.17
"2026-04-06T13:54:00.000Z";"2026-04-06T13:57:00.000Z";1915.47
"2026-04-06T13:57:00.000Z";"2026-04-06T14:00:00.000Z";1936.63
"2026-04-06T14:00:00.000Z";"2026-04-06T14:03:00.000Z";1944.47
"2026-04-06T14:03:00.000Z";"2026-04-06T14:06:00.000Z";1976.35
"2026-04-06T14:06:00.000Z";"2026-04-06T14:09:00.000Z";1993.31
"2026-04-06T14:09:00.000Z";"2026-04-06T14:12:00.000Z";1985.64
"2026-04-06T14:12:00.000Z";"2026-04-06T14:15:00.000Z";2018.9
"2026-04-06T14:15:00.000Z";"2026-04-06T14:18:00.000Z";2029.17
"2026-04-06T14:18:00.000Z";"2026-04-06T14:21:00.000Z";2039.19
"2026-04-06T14:21:00.000Z";"2026-04-06T14:24:00.000Z";2036.65
"2026-04-06T14:24:00.000Z";"2026-04-06T14:27:00.000Z";2057.83
"2026-04-06T14:27:00.000Z";"2026-04-06T14:30:00.000Z";2075.98
"2026-04-06T14:30:00.000Z";"2026-04-06T14:33:00.000Z";2084.47
"2026-04-06T14:33:00.000Z";"2026-04-06T14:36:00.000Z";2108.2
"2026-04-06T14:36:00.000Z";"2026-04-06T14:39:00.000Z";2120.4
"2026-04-06T14:39:00.000Z";"2026-04-06T14:42:00.000Z";2140.14
"2026-04-06T14:42:00.000Z";"2026-04-06T14:45:00.000Z";2175.46
"2026-04-06T14:45:00.000Z";"2026-04-06T14:48:00.000Z";2189.01
"2026-04-06T14:48:00.000Z";"2026-04-06T14:51:00.000Z";2201.32
"2026-04-06T14:51:00.000Z";"2026-04-06T14:54:00.000Z";2205.34
"2026-04-06T14:54:00.000Z";"2026-04-06T14:57:00.000Z";2191.51
"2026-04-06T14:57:00.000Z";"2026-04-06T15:00:00.000Z";2222.49
"2026-04-06T15:00:00.000Z";"2026-04-06T15:03:00.000Z";2227.5
"2026-04-06T15:03:00.000Z";"2026-04-06T15:06:00.000Z";2256.82
"2026-04-06T15:06:00.000Z";"2026-04-06T15:09:00.000Z";2293.32
"2026-04-06T15:09:00.000Z";"2026-04-06T15:12:00.000Z";2278.84
"2026-04-06T15:12:00.000Z";"2026-04-06T15:15:00.000Z";2271.83
"2026-04-06T15:15:00.000Z";"2026-04-06T15:18:00.000Z";2258.96
"2026-04-06T15:18:00.000Z";"2026-04-06T15:21:00.000Z";2287.66
"2026-04-06T15:21:00.000Z";"2026-04-06T15:24:00.000Z";2307.31
"2026-04-06T15:24:00.000Z";"2026-04-06T15:27:00.000Z";2330.99
"2026-04-06T15:27:00.000Z";"2026-04-06T15:30:00.000Z";2359.29
"2026-04-06T15:30:00.000Z";"2026-04-06T15:33:00.000Z";2348.19
"2026-04-06T15:33:00.000Z";"2026-04-06T15:36:00.000Z";2317.04
"2026-04-06T15:36:00.000Z";"2026-04-06T15:39:00.000Z";2330.01
"2026-04-06T15:39:00.000Z";"2026-04-06T15:42:00.000Z";2312.19
"2026-04-06T15:42:00.000Z";"2026-04-06T15:45:00.000Z";2322.15
"2026-04-06T15:45:00.000Z";"2026-04-06T15:48:00.000Z";2347.16
"2026-04-06T15:48:00.000Z";"2026-04-06T15:51:00.000Z";2382.16
"2026-04-06T15:51:00.000Z";"2026-04-06T15:54:00.000Z";2410.17
"2026-04-06T15:54:00.000Z";"2026-04-06T15:57:00.000Z";2458.97
"2026-04-06T15:57:00.000Z";"2026-04-06T16:00:00.000Z";2470.17
"2026-04-06T16:00:00.000Z";"2026-04-06T16:03:00.000Z";2519.94
"2026-04-06T16:03:00.000Z";"2026-04-06T16:06:00.000Z";2524.85
"2026-04-06T16:06:00.000Z";"2026-04-06T16:09:00.000Z";2524.49
"2026-04-06T16:09:00.000Z";"2026-04-06T16:12:00.000Z";2530
"2026-04-06T16:12:00.000Z";"2026-04-06T16:15:00.000Z";2569.82
"2026-04-06T16:15:00.000Z";"2026-04-06T16:18:00.000Z";2584.47
"2026-04-06T16:18:00.000Z";"2026-04-06T16:21:00.000Z";2602.17
"2026-04-06T16:21:00.000Z";"2026-04-06T16:24:00.000Z";2613.69
"2026-04-06T16:24:00.000Z";"2026-04-06T16:27:00.000Z";2625.62
"2026-04-06T16:27:00.000Z";"2026-04-06T16:30:00.000Z";2662.49
"2026-04-06T16:30:00.000Z";"2026-04-06T16:33:00.000Z";2698.32
"2026-04-06T16:33:00.000Z";"2026-04-06T16:36:00.000Z";2729.99
"2026-04-06T16:36:00.000Z";"2026-04-06T16:39:00.000Z";2754.93
"2026-04-06T16:39:00.000Z";"2026-04-06T16:42:00.000Z";2778.81
"2026-04-06T16:42:00.000Z";"2026-04-06T16:45:00.000Z";2815.18
"2026-04-06T16:45:00.000Z";"2026-04-06T16:48:00.000Z";2839.26
"2026-04-06T16:48:00.000Z";"2026-04-06T16:51:00.000Z";2847.84
"2026-04-06T16:51:00.000Z";"2026-04-06T16:54:00.000Z";2867.97
"2026-04-06T16:54:00.000Z";"2026-04-06T16:57:00.000Z";2912.62
"2026-04-06T16:57:00.000Z";"2026-04-06T17:00:00.000Z";2909.87
"2026-04-06T17:00:00.000Z";"2026-04-06T17:03:00.000Z";2921.3
"2026-04-06T17:03:00.000Z";"2026-04-06T17:06:00.000Z";2905.14
"2026-04-06T17:06:00.000Z";"2026-04-06T17:09:00.000Z";2874.69
"2026-04-06T17:09:00.000Z";"2026-04-06T17:12:00.000Z";2855.67
"2026-04-06T17:12:00.000Z";"2026-04-06T17:15:00.000Z";2846.22
"2026-04-06T17:15:00.000Z";"2026-04-06T17:18:00.000Z";2846.16
"2026-04-06T17:18:00.000Z";"2026-04-06T17:21:00.000Z";2886.48
"2026-04-06T17:21:00.000Z";"2026-04-06T17:24:00.000Z";2943.99
"2026-04-06T17:24:00.000Z";"2026-04-06T17:27:00.000Z";2972.33
"2026-04-06T17:27:00.000Z";"2026-04-06T17:30:00.000Z";2987.81
"2026-04-06T17:30:00.000Z";"2026-04-06T17:33:00.000Z";3007.3
"2026-04-06T17:33:00.000Z";"2026-04-06T17:36:00.000Z";3040.32
"2026-04-06T17:36:00.000Z";"2026-04-06T17:39:00.000Z";3073.31
"2026-04-06T17:39:00.000Z";"2026-04-06T17:42:00.000Z";3049.99
"2026-04-06T17:42:00.000Z";"2026-04-06T17:45:00.000Z";3055.98
"2026-04-06T17:45:00.000Z";"2026-04-06T17:48:00.000Z";3033.92
"2026-04-06T17:48:00.000Z";"2026-04-06T17:51:00.000Z";3046.43
"2026-04-06T17:51:00.000Z";"2026-04-06T17:54:00.000Z";3047.48
"2026-04-06T17:54:00.000Z";"2026-04-06T17:57:00.000Z";3040.55
"2026-04-06T17:57:00.000Z";"2026-04-06T18:00:00.000Z";3059.75
"2026-04-06T18:00:00.000Z";"2026-04-06T18:03:00.000Z";3052.66
"2026-04-06T18:03:00.000Z";"2026-04-06T18:06:00.000Z";3048
"2026-04-06T18:06:00.000Z";"2026-04-06T18:09:00.000Z";3066.16
"2026-04-06T18:09:00.000Z";"2026-04-06T18:12:00.000Z";3079.26
"2026-04-06T18:12:00.000Z";"2026-04-06T18:15:00.000Z";3079
"2026-04-06T18:15:00.000Z";"2026-04-06T18:18:00.000Z";3074.82
"2026-04-06T18:18:00.000Z";"2026-04-06T18:21:00.000Z";3121.45
"2026-04-06T18:21:00.000Z";"2026-04-06T18:24:00.000Z";3221.58
"2026-04-06T18:24:00.000Z";"2026-04-06T18:27:00.000Z";3208.68
"2026-04-06T18:27:00.000Z";"2026-04-06T18:30:00.000Z";3212.22
"2026-04-06T18:30:00.000Z";"2026-04-06T18:33:00.000Z";3206.14
"2026-04-06T18:33:00.000Z";"2026-04-06T18:36:00.000Z";3218.7
"2026-04-06T18:36:00.000Z";"2026-04-06T18:39:00.000Z";3230.66
"2026-04-06T18:39:00.000Z";"2026-04-06T18:42:00.000Z";3256.32
"2026-04-06T18:42:00.000Z";"2026-04-06T18:45:00.000Z";3261.19
"2026-04-06T18:45:00.000Z";"2026-04-06T18:48:00.000Z";3269.93
"2026-04-06T18:48:00.000Z";"2026-04-06T18:51:00.000Z";3259.22
"2026-04-06T18:51:00.000Z";"2026-04-06T18:54:00.000Z";3274.29
"2026-04-06T18:54:00.000Z";"2026-04-06T18:57:00.000Z";3296.2
"2026-04-06T18:57:00.000Z";"2026-04-06T19:00:00.000Z";3320.94
"2026-04-06T19:00:00.000Z";"2026-04-06T19:03:00.000Z";3352
"2026-04-06T19:03:00.000Z";"2026-04-06T19:06:00.000Z";3331.36
"2026-04-06T19:06:00.000Z";"2026-04-06T19:09:00.000Z";3332.61
"2026-04-06T19:09:00.000Z";"2026-04-06T19:12:00.000Z";3337.98
"2026-04-06T19:12:00.000Z";"2026-04-06T19:15:00.000Z";3316.94
"2026-04-06T19:15:00.000Z";"2026-04-06T19:18:00.000Z";3226.53
"2026-04-06T19:18:00.000Z";"2026-04-06T19:21:00.000Z";3199.36
"2026-04-06T19:21:00.000Z";"2026-04-06T19:24:00.000Z";3164.67
"2026-04-06T19:24:00.000Z";"2026-04-06T19:27:00.000Z";3146.69
"2026-04-06T19:27:00.000Z";"2026-04-06T19:30:00.000Z";3121.38
"2026-04-06T19:30:00.000Z";"2026-04-06T19:33:00.000Z";3125
"2026-04-06T19:33:00.000Z";"2026-04-06T19:36:00.000Z";3085.05
"2026-04-06T19:36:00.000Z";"2026-04-06T19:39:00.000Z";3053.62
"2026-04-06T19:39:00.000Z";"2026-04-06T19:42:00.000Z";3041.69
"2026-04-06T19:42:00.000Z";"2026-04-06T19:45:00.000Z";3046.16
"2026-04-06T19:45:00.000Z";"2026-04-06T19:48:00.000Z";3008.52
"2026-04-06T19:48:00.000Z";"2026-04-06T19:51:00.000Z";3025.53
"2026-04-06T19:51:00.000Z";"2026-04-06T19:54:00.000Z";3046.04
"2026-04-06T19:54:00.000Z";"2026-04-06T19:57:00.000Z";3011.54
"2026-04-06T19:57:00.000Z";"2026-04-06T20:00:00.000Z";3017.15
"2026-04-06T20:00:00.000Z";"2026-04-06T20:03:00.000Z";3043.72
"2026-04-06T20:03:00.000Z";"2026-04-06T20:06:00.000Z";3071.52
"2026-04-06T20:06:00.000Z";"2026-04-06T20:09:00.000Z";3041.2
"2026-04-06T20:09:00.000Z";"2026-04-06T20:12:00.000Z";3024.68
"2026-04-06T20:12:00.000Z";"2026-04-06T20:15:00.000Z";3022.2
"2026-04-06T20:15:00.000Z";"2026-04-06T20:18:00.000Z";3020.67
"2026-04-06T20:18:00.000Z";"2026-04-06T20:21:00.000Z";3033.33
"2026-04-06T20:21:00.000Z";"2026-04-06T20:24:00.000Z";3039.84
"2026-04-06T20:24:00.000Z";"2026-04-06T20:27:00.000Z";3032.77
"2026-04-06T20:27:00.000Z";"2026-04-06T20:30:00.000Z";3042.68
"2026-04-06T20:30:00.000Z";"2026-04-06T20:33:00.000Z";3015.68
"2026-04-06T20:33:00.000Z";"2026-04-06T20:36:00.000Z";2993.54
"2026-04-06T20:36:00.000Z";"2026-04-06T20:39:00.000Z";2971.35
"2026-04-06T20:39:00.000Z";"2026-04-06T20:42:00.000Z";2962.49
"2026-04-06T20:42:00.000Z";"2026-04-06T20:45:00.000Z";2958.85
"2026-04-06T20:45:00.000Z";"2026-04-06T20:48:00.000Z";2969.96
"2026-04-06T20:48:00.000Z";"2026-04-06T20:51:00.000Z";2963.4
"2026-04-06T20:51:00.000Z";"2026-04-06T20:54:00.000Z";2939.2
"2026-04-06T20:54:00.000Z";"2026-04-06T20:57:00.000Z";2900.84
"2026-04-06T20:57:00.000Z";"2026-04-06T21:00:00.000Z";2892.65
"2026-04-06T21:00:00.000Z";"2026-04-06T21:03:00.000Z";2891.13
"2026-04-06T21:03:00.000Z";"2026-04-06T21:06:00.000Z";2890.66
"2026-04-06T21:06:00.000Z";"2026-04-06T21:09:00.000Z";2892.03
"2026-04-06T21:09:00.000Z";"2026-04-06T21:12:00.000Z";2877.63
"2026-04-06T21:12:00.000Z";"2026-04-06T21:15:00.000Z";2865.01
"2026-04-06T21:15:00.000Z";"2026-04-06T21:18:00.000Z";2848.47
"2026-04-06T21:18:00.000Z";"2026-04-06T21:21:00.000Z";2836.18
"2026-04-06T21:21:00.000Z";"2026-04-06T21:24:00.000Z";2840.17
"2026-04-06T21:24:00.000Z";"2026-04-06T21:27:00.000Z";2830.88
"2026-04-06T21:27:00.000Z";"2026-04-06T21:30:00.000Z";2837.83
"2026-04-06T21:30:00.000Z";"2026-04-06T21:33:00.000Z";2841.99
"2026-04-06T21:33:00.000Z";"2026-04-06T21:36:00.000Z";2821.55
"2026-04-06T21:36:00.000Z";"2026-04-06T21:39:00.000Z";2817.65
"2026-04-06T21:39:00.000Z";"2026-04-06T21:42:00.000Z";2815.01
"2026-04-06T21:42:00.000Z";"2026-04-06T21:45:00.000Z";2791
"2026-04-06T21:45:00.000Z";"2026-04-06T21:48:00.000Z";2794.49
"2026-04-06T21:48:00.000Z";"2026-04-06T21:51:00.000Z";2801.17
"2026-04-06T21:51:00.000Z";"2026-04-06T21:54:00.000Z";2798.18
"2026-04-06T21:54:00.000Z";"2026-04-06T21:57:00.000Z";2803.16
"2026-04-06T21:57:00.000Z";"2026-04-06T22:00:00.000Z";2808.81
"2026-04-06T22:00:00.000Z";"2026-04-06T22:03:00.000Z";2809.16
"2026-04-06T22:03:00.000Z";"2026-04-06T22:06:00.000Z";2820
"2026-04-06T22:06:00.000Z";"2026-04-06T22:09:00.000Z";2799.19
"2026-04-06T22:09:00.000Z";"2026-04-06T22:12:00.000Z";2800.48
"2026-04-06T22:12:00.000Z";"2026-04-06T22:15:00.000Z";2779.22
"2026-04-06T22:15:00.000Z";"2026-04-06T22:18:00.000Z";2747.15
"2026-04-06T22:18:00.000Z";"2026-04-06T22:21:00.000Z";2771.66
"2026-04-06T22:21:00.000Z";"2026-04-06T22:24:00.000Z";2791.5
"2026-04-06T22:24:00.000Z";"2026-04-06T22:27:00.000Z";2787.34
"2026-04-06T22:27:00.000Z";"2026-04-06T22:30:00.000Z";2779.66
"2026-04-06T22:30:00.000Z";"2026-04-06T22:33:00.000Z";2795.89
"2026-04-06T22:33:00.000Z";"2026-04-06T22:36:00.000Z";2804.94
"2026-04-06T22:36:00.000Z";"2026-04-06T22:39:00.000Z";2808.99
"2026-04-06T22:39:00.000Z";"2026-04-06T22:42:00.000Z";2825.79
"2026-04-06T22:42:00.000Z";"2026-04-06T22:45:00.000Z";2832.04
"2026-04-06T22:45:00.000Z";"2026-04-06T22:48:00.000Z";2843.48
"2026-04-06T22:48:00.000Z";"2026-04-06T22:51:00.000Z";2866.81
"2026-04-06T22:51:00.000Z";"2026-04-06T22:54:00.000Z";2888.03
"2026-04-06T22:54:00.000Z";"2026-04-06T22:57:00.000Z";2880.13
"2026-04-06T22:57:00.000Z";"2026-04-06T23:00:00.000Z";2892.68
"2026-04-06T23:00:00.000Z";"2026-04-06T23:03:00.000Z";2889.33
"2026-04-06T23:03:00.000Z";"2026-04-06T23:06:00.000Z";2869.32
"2026-04-06T23:06:00.000Z";"2026-04-06T23:09:00.000Z";2870.23
"2026-04-06T23:09:00.000Z";"2026-04-06T23:12:00.000Z";2884.8
"2026-04-06T23:12:00.000Z";"2026-04-06T23:15:00.000Z";2886.33
"2026-04-06T23:15:00.000Z";"2026-04-06T23:18:00.000Z";2875.7
"2026-04-06T23:18:00.000Z";"2026-04-06T23:21:00.000Z";2862.66
"2026-04-06T23:21:00.000Z";"2026-04-06T23:24:00.000Z";2850.84
"2026-04-06T23:24:00.000Z";"2026-04-06T23:27:00.000Z";2852.17
"2026-04-06T23:27:00.000Z";"2026-04-06T23:30:00.000Z";2866.17
"2026-04-06T23:30:00.000Z";"2026-04-06T23:33:00.000Z";2814.17
"2026-04-06T23:33:00.000Z";"2026-04-06T23:36:00.000Z";2782.68
"2026-04-06T23:36:00.000Z";"2026-04-06T23:39:00.000Z";2787.18
"2026-04-06T23:39:00.000Z";"2026-04-06T23:42:00.000Z";2802.66
"2026-04-06T23:42:00.000Z";"2026-04-06T23:45:00.000Z";2780.23
"2026-04-06T23:45:00.000Z";"2026-04-06T23:48:00.000Z";2769.01
"2026-04-06T23:48:00.000Z";"2026-04-06T23:51:00.000Z";2776.5
"2026-04-06T23:51:00.000Z";"2026-04-06T23:54:00.000Z";2759.84
"2026-04-06T23:54:00.000Z";"2026-04-06T23:57:00.000Z";2750.14
"2026-04-06T23:57:00.000Z";"2026-04-07T00:00:00.000Z";2734.17
"2026-04-07T00:00:00.000Z";"2026-04-07T00:03:00.000Z";2750.68
"2026-04-07T00:03:00.000Z";"2026-04-07T00:06:00.000Z";2772.47
"2026-04-07T00:06:00.000Z";"2026-04-07T00:09:00.000Z";2787.82
"2026-04-07T00:09:00.000Z";"2026-04-07T00:12:00.000Z";2805.99
"2026-04-07T00:12:00.000Z";"2026-04-07T00:15:00.000Z";2834.81
"2026-04-07T00:15:00.000Z";"2026-04-07T00:18:00.000Z";2824.51
"2026-04-07T00:18:00.000Z";"2026-04-07T00:21:00.000Z";2837.34
"2026-04-07T00:21:00.000Z";"2026-04-07T00:24:00.000Z";2877.8
"2026-04-07T00:24:00.000Z";"2026-04-07T00:27:00.000Z";2900.33
"2026-04-07T00:27:00.000Z";"2026-04-07T00:30:00.000Z";2907.99
"2026-04-07T00:30:00.000Z";"2026-04-07T00:33:00.000Z";2935.16
"2026-04-07T00:33:00.000Z";"2026-04-07T00:36:00.000Z";2930
"2026-04-07T00:36:00.000Z";"2026-04-07T00:39:00.000Z";2950.12
"2026-04-07T00:39:00.000Z";"2026-04-07T00:42:00.000Z";2976.82
"2026-04-07T00:42:00.000Z";"2026-04-07T00:45:00.000Z";2990.31
"2026-04-07T00:45:00.000Z";"2026-04-07T00:48:00.000Z";2960.32
"2026-04-07T00:48:00.000Z";"2026-04-07T00:51:00.000Z";2941.78
"2026-04-07T00:51:00.000Z";"2026-04-07T00:54:00.000Z";2944.51
"2026-04-07T00:54:00.000Z";"2026-04-07T00:57:00.000Z";2956.19
"2026-04-07T00:57:00.000Z";"2026-04-07T01:00:00.000Z";2954.34
"2026-04-07T01:00:00.000Z";"2026-04-07T01:03:00.000Z";2883.48
"2026-04-07T01:03:00.000Z";"2026-04-07T01:06:00.000Z";2844.01
"2026-04-07T01:06:00.000Z";"2026-04-07T01:09:00.000Z";2863.64
"2026-04-07T01:09:00.000Z";"2026-04-07T01:12:00.000Z";2867.03
"2026-04-07T01:12:00.000Z";"2026-04-07T01:15:00.000Z";2825.01
"2026-04-07T01:15:00.000Z";"2026-04-07T01:18:00.000Z";2827.84
"2026-04-07T01:18:00.000Z";"2026-04-07T01:21:00.000Z";2825.99
"2026-04-07T01:21:00.000Z";"2026-04-07T01:24:00.000Z";2837.35
"2026-04-07T01:24:00.000Z";"2026-04-07T01:27:00.000Z";2838
"2026-04-07T01:27:00.000Z";"2026-04-07T01:30:00.000Z";2868.5
"2026-04-07T01:30:00.000Z";"2026-04-07T01:33:00.000Z";2878.14
"2026-04-07T01:33:00.000Z";"2026-04-07T01:36:00.000Z";2887.01
"2026-04-07T01:36:00.000Z";"2026-04-07T01:39:00.000Z";2883.49
"2026-04-07T01:39:00.000Z";"2026-04-07T01:42:00.000Z";2897.65
"2026-04-07T01:42:00.000Z";"2026-04-07T01:45:00.000Z";2909
"2026-04-07T01:45:00.000Z";"2026-04-07T01:48:00.000Z";2902.02
"2026-04-07T01:48:00.000Z";"2026-04-07T01:51:00.000Z";2904.45
"2026-04-07T01:51:00.000Z";"2026-04-07T01:54:00.000Z";2926.56
"2026-04-07T01:54:00.000Z";"2026-04-07T01:57:00.000Z";2934.32
"2026-04-07T01:57:00.000Z";"2026-04-07T02:00:00.000Z";2924.37
"2026-04-07T02:00:00.000Z";"2026-04-07T02:03:00.000Z";2942.61
"2026-04-07T02:03:00.000Z";"2026-04-07T02:06:00.000Z";2934.5
"2026-04-07T02:06:00.000Z";"2026-04-07T02:09:00.000Z";2915.99
"2026-04-07T02:09:00.000Z";"2026-04-07T02:12:00.000Z";2904.03
"2026-04-07T02:12:00.000Z";"2026-04-07T02:15:00.000Z";2921.59
"2026-04-07T02:15:00.000Z";"2026-04-07T02:18:00.000Z";2949.97
"2026-04-07T02:18:00.000Z";"2026-04-07T02:21:00.000Z";2989.31
"2026-04-07T02:21:00.000Z";"2026-04-07T02:24:00.000Z";3059.43
"2026-04-07T02:24:00.000Z";"2026-04-07T02:27:00.000Z";3053.56
"2026-04-07T02:27:00.000Z";"2026-04-07T02:30:00.000Z";3047.14
"2026-04-07T02:30:00.000Z";"2026-04-07T02:33:00.000Z";3049.3
"2026-04-07T02:33:00.000Z";"2026-04-07T02:36:00.000Z";3073.17
"2026-04-07T02:36:00.000Z";"2026-04-07T02:39:00.000Z";3129.37
"2026-04-07T02:39:00.000Z";"2026-04-07T02:42:00.000Z";3160.68
"2026-04-07T02:42:00.000Z";"2026-04-07T02:45:00.000Z";3148.68
"2026-04-07T02:45:00.000Z";"2026-04-07T02:48:00.000Z";3132.02
"2026-04-07T02:48:00.000Z";"2026-04-07T02:51:00.000Z";3091.7
"2026-04-07T02:51:00.000Z";"2026-04-07T02:54:00.000Z";3085.99
"2026-04-07T02:54:00.000Z";"2026-04-07T02:57:00.000Z";3109.62
"2026-04-07T02:57:00.000Z";"2026-04-07T03:00:00.000Z";3128.83
"2026-04-07T03:00:00.000Z";"2026-04-07T03:03:00.000Z";3163.44
"2026-04-07T03:03:00.000Z";"2026-04-07T03:06:00.000Z";3153.02
"2026-04-07T03:06:00.000Z";"2026-04-07T03:09:00.000Z";3189.15
"2026-04-07T03:09:00.000Z";"2026-04-07T03:12:00.000Z";3157.19
"2026-04-07T03:12:00.000Z";"2026-04-07T03:15:00.000Z";3152.5
"2026-04-07T03:15:00.000Z";"2026-04-07T03:18:00.000Z";3144.48
"2026-04-07T03:18:00.000Z";"2026-04-07T03:21:00.000Z";3139.53
"2026-04-07T03:21:00.000Z";"2026-04-07T03:24:00.000Z";3094.36
"2026-04-07T03:24:00.000Z";"2026-04-07T03:27:00.000Z";3072.68
"2026-04-07T03:27:00.000Z";"2026-04-07T03:30:00.000Z";3137.97
"2026-04-07T03:30:00.000Z";"2026-04-07T03:33:00.000Z";3165.15
"2026-04-07T03:33:00.000Z";"2026-04-07T03:36:00.000Z";3277.06
"2026-04-07T03:36:00.000Z";"2026-04-07T03:39:00.000Z";3399.65
"2026-04-07T03:39:00.000Z";"2026-04-07T03:42:00.000Z";3448.49
"2026-04-07T03:42:00.000Z";"2026-04-07T03:45:00.000Z";3474.31
"2026-04-07T03:45:00.000Z";"2026-04-07T03:48:00.000Z";3472.21
"2026-04-07T03:48:00.000Z";"2026-04-07T03:51:00.000Z";3540.28
"2026-04-07T03:51:00.000Z";"2026-04-07T03:54:00.000Z";3610.04
"2026-04-07T03:54:00.000Z";"2026-04-07T03:57:00.000Z";3625.15
"2026-04-07T03:57:00.000Z";"2026-04-07T04:00:00.000Z";3722.73
"2026-04-07T04:00:00.000Z";"2026-04-07T04:03:00.000Z";3832.72
"2026-04-07T04:03:00.000Z";"2026-04-07T04:06:00.000Z";3926.62
"2026-04-07T04:06:00.000Z";"2026-04-07T04:09:00.000Z";3940.63
"2026-04-07T04:09:00.000Z";"2026-04-07T04:12:00.000Z";3930.69
"2026-04-07T04:12:00.000Z";"2026-04-07T04:15:00.000Z";3942.64
"2026-04-07T04:15:00.000Z";"2026-04-07T04:18:00.000Z";3951.45
"2026-04-07T04:18:00.000Z";"2026-04-07T04:21:00.000Z";3982.47
"2026-04-07T04:21:00.000Z";"2026-04-07T04:24:00.000Z";3952.58
"2026-04-07T04:24:00.000Z";"2026-04-07T04:27:00.000Z";3977.43
"2026-04-07T04:27:00.000Z";"2026-04-07T04:30:00.000Z";3941.94
"2026-04-07T04:30:00.000Z";"2026-04-07T04:33:00.000Z";3788.25
"2026-04-07T04:33:00.000Z";"2026-04-07T04:36:00.000Z";3735.65
"2026-04-07T04:36:00.000Z";"2026-04-07T04:39:00.000Z";3780.14
"2026-04-07T04:39:00.000Z";"2026-04-07T04:42:00.000Z";3782.37
"2026-04-07T04:42:00.000Z";"2026-04-07T04:45:00.000Z";3762.04
"2026-04-07T04:45:00.000Z";"2026-04-07T04:48:00.000Z";3774.63
"2026-04-07T04:48:00.000Z";"2026-04-07T04:51:00.000Z";3773.33
"2026-04-07T04:51:00.000Z";"2026-04-07T04:54:00.000Z";3744.32
"2026-04-07T04:54:00.000Z";"2026-04-07T04:57:00.000Z";3740
"2026-04-07T04:57:00.000Z";"2026-04-07T05:00:00.000Z";3729.01
"2026-04-07T05:00:00.000Z";"2026-04-07T05:03:00.000Z";3739.34
"2026-04-07T05:03:00.000Z";"2026-04-07T05:06:00.000Z";3758.87
"2026-04-07T05:06:00.000Z";"2026-04-07T05:09:00.000Z";3762.69
"2026-04-07T05:09:00.000Z";"2026-04-07T05:12:00.000Z";3760.51
"2026-04-07T05:12:00.000Z";"2026-04-07T05:15:00.000Z";3714.54
"2026-04-07T05:15:00.000Z";"2026-04-07T05:18:00.000Z";3687.01
"2026-04-07T05:18:00.000Z";"2026-04-07T05:21:00.000Z";3661.19
"2026-04-07T05:21:00.000Z";"2026-04-07T05:24:00.000Z";3626.86
"2026-04-07T05:24:00.000Z";"2026-04-07T05:27:00.000Z";3567.86
"2026-04-07T05:27:00.000Z";"2026-04-07T05:30:00.000Z";3536.5
"2026-04-07T05:30:00.000Z";"2026-04-07T05:33:00.000Z";3571.67
"2026-04-07T05:33:00.000Z";"2026-04-07T05:36:00.000Z";3549.36
"2026-04-07T05:36:00.000Z";"2026-04-07T05:39:00.000Z";3559.32
"2026-04-07T05:39:00.000Z";"2026-04-07T05:42:00.000Z";3564.6
"2026-04-07T05:42:00.000Z";"2026-04-07T05:45:00.000Z";3576.34
"2026-04-07T05:45:00.000Z";"2026-04-07T05:48:00.000Z";3609.44
"2026-04-07T05:48:00.000Z";"2026-04-07T05:51:00.000Z";3641.04
"2026-04-07T05:51:00.000Z";"2026-04-07T05:54:00.000Z";3629.15
"2026-04-07T05:54:00.000Z";"2026-04-07T05:57:00.000Z";3609.39
"2026-04-07T05:57:00.000Z";"2026-04-07T06:00:00.000Z";3610.67
"2026-04-07T06:00:00.000Z";"2026-04-07T06:03:00.000Z";3602.66
"2026-04-07T06:03:00.000Z";"2026-04-07T06:06:00.000Z";3597.02
"2026-04-07T06:06:00.000Z";"2026-04-07T06:09:00.000Z";3656.38
"2026-04-07T06:09:00.000Z";"2026-04-07T06:12:00.000Z";3635.71
"2026-04-07T06:12:00.000Z";"2026-04-07T06:15:00.000Z";3609.74
"2026-04-07T06:15:00.000Z";"2026-04-07T06:18:00.000Z";3615.48
"2026-04-07T06:18:00.000Z";"2026-04-07T06:21:00.000Z";3596.21
"2026-04-07T06:21:00.000Z";"2026-04-07T06:24:00.000Z";3616.95
"2026-04-07T06:24:00.000Z";"2026-04-07T06:27:00.000Z";3611.18
"2026-04-07T06:27:00.000Z";"2026-04-07T06:30:00.000Z";3594.55
"2026-04-07T06:30:00.000Z";"2026-04-07T06:33:00.000Z";3582.48
"2026-04-07T06:33:00.000Z";"2026-04-07T06:36:00.000Z";3619.94
"2026-04-07T06:36:00.000Z";"2026-04-07T06:39:00.000Z";3639.67
"2026-04-07T06:39:00.000Z";"2026-04-07T06:42:00.000Z";3612.05
"2026-04-07T06:42:00.000Z";"2026-04-07T06:45:00.000Z";3581.14
"2026-04-07T06:45:00.000Z";"2026-04-07T06:48:00.000Z";3585.47
"2026-04-07T06:48:00.000Z";"2026-04-07T06:51:00.000Z";3589.32
"2026-04-07T06:51:00.000Z";"2026-04-07T06:54:00.000Z";3582.86
"2026-04-07T06:54:00.000Z";"2026-04-07T06:57:00.000Z";3613.29
"2026-04-07T06:57:00.000Z";"2026-04-07T07:00:00.000Z";3631.33
"2026-04-07T07:00:00.000Z";"2026-04-07T07:03:00.000Z";3641.89
"2026-04-07T07:03:00.000Z";"2026-04-07T07:06:00.000Z";3614.82
"2026-04-07T07:06:00.000Z";"2026-04-07T07:09:00.000Z";3620.97
"2026-04-07T07:09:00.000Z";"2026-04-07T07:12:00.000Z";3668.06
"2026-04-07T07:12:00.000Z";"2026-04-07T07:15:00.000Z";3675.3
"2026-04-07T07:15:00.000Z";"2026-04-07T07:18:00.000Z";3618.18
"2026-04-07T07:18:00.000Z";"2026-04-07T07:21:00.000Z";3604.98
"2026-04-07T07:21:00.000Z";"2026-04-07T07:24:00.000Z";3554.55
"2026-04-07T07:24:00.000Z";"2026-04-07T07:27:00.000Z";3557.98
"2026-04-07T07:27:00.000Z";"2026-04-07T07:30:00.000Z";3526.95
"2026-04-07T07:30:00.000Z";"2026-04-07T07:33:00.000Z";3532.38
"2026-04-07T07:33:00.000Z";"2026-04-07T07:36:00.000Z";3486.2
"2026-04-07T07:36:00.000Z";"2026-04-07T07:39:00.000Z";3482.16
"2026-04-07T07:39:00.000Z";"2026-04-07T07:42:00.000Z";3454.35
"2026-04-07T07:42:00.000Z";"2026-04-07T07:45:00.000Z";3441.15
"2026-04-07T07:45:00.000Z";"2026-04-07T07:48:00.000Z";3452.17
"2026-04-07T07:48:00.000Z";"2026-04-07T07:51:00.000Z";3460.51
"2026-04-07T07:51:00.000Z";"2026-04-07T07:54:00.000Z";3412.86
"2026-04-07T07:54:00.000Z";"2026-04-07T07:57:00.000Z";3407.29
"2026-04-07T07:57:00.000Z";"2026-04-07T08:00:00.000Z";3384.73
"2026-04-07T08:00:00.000Z";"2026-04-07T08:03:00.000Z";3383.3
"2026-04-07T08:03:00.000Z";"2026-04-07T08:06:00.000Z";3380.14
"2026-04-07T08:06:00.000Z";"2026-04-07T08:09:00.000Z";3345.7
"2026-04-07T08:09:00.000Z";"2026-04-07T08:12:00.000Z";3302.72
"2026-04-07T08:12:00.000Z";"2026-04-07T08:15:00.000Z";3273.65
"2026-04-07T08:15:00.000Z";"2026-04-07T08:18:00.000Z";3269.72
"2026-04-07T08:18:00.000Z";"2026-04-07T08:21:00.000Z";3270.6
"2026-04-07T08:21:00.000Z";"2026-04-07T08:24:00.000Z";3262.03
"2026-04-07T08:24:00.000Z";"2026-04-07T08:27:00.000Z";3318.8
"2026-04-07T08:27:00.000Z";"2026-04-07T08:30:00.000Z";3306.39
"2026-04-07T08:30:00.000Z";"2026-04-07T08:33:00.000Z";3304.65
"2026-04-07T08:33:00.000Z";"2026-04-07T08:36:00.000Z";3275.71
"2026-04-07T08:36:00.000Z";"2026-04-07T08:39:00.000Z";3260.85
"2026-04-07T08:39:00.000Z";"2026-04-07T08:42:00.000Z";3265.68
"2026-04-07T08:42:00.000Z";"2026-04-07T08:45:00.000Z";3213.05
"2026-04-07T08:45:00.000Z";"2026-04-07T08:48:00.000Z";3251.45
"2026-04-07T08:48:00.000Z";"2026-04-07T08:51:00.000Z";3278.95
"2026-04-07T08:51:00.000Z";"2026-04-07T08:54:00.000Z";3331.11
"2026-04-07T08:54:00.000Z";"2026-04-07T08:57:00.000Z";3338.3
"2026-04-07T08:57:00.000Z";"2026-04-07T09:00:00.000Z";3365.82
"2026-04-07T09:00:00.000Z";"2026-04-07T09:03:00.000Z";3376.88
"2026-04-07T09:03:00.000Z";"2026-04-07T09:06:00.000Z";3368.82
"2026-04-07T09:06:00.000Z";"2026-04-07T09:09:00.000Z";3386.82
"2026-04-07T09:09:00.000Z";"2026-04-07T09:12:00.000Z";3382.29
"2026-04-07T09:12:00.000Z";"2026-04-07T09:15:00.000Z";3366.58
"2026-04-07T09:15:00.000Z";"2026-04-07T09:18:00.000Z";3387.63
"2026-04-07T09:18:00.000Z";"2026-04-07T09:21:00.000Z";3371.81
"2026-04-07T09:21:00.000Z";"2026-04-07T09:24:00.000Z";3373.72
"2026-04-07T09:24:00.000Z";"2026-04-07T09:27:00.000Z";3441.95
"2026-04-07T09:27:00.000Z";"2026-04-07T09:30:00.000Z";3460.49
"2026-04-07T09:30:00.000Z";"2026-04-07T09:33:00.000Z";3437.36
"2026-04-07T09:33:00.000Z";"2026-04-07T09:36:00.000Z";3423.2
"2026-04-07T09:36:00.000Z";"2026-04-07T09:39:00.000Z";3478.35
"2026-04-07T09:39:00.000Z";"2026-04-07T09:42:00.000Z";3523.19
"2026-04-07T09:42:00.000Z";"2026-04-07T09:45:00.000Z";3493.33
"2026-04-07T09:45:00.000Z";"2026-04-07T09:48:00.000Z";3565.76
"2026-04-07T09:48:00.000Z";"2026-04-07T09:51:00.000Z";3541.85
"2026-04-07T09:51:00.000Z";"2026-04-07T09:54:00.000Z";3495.54
"2026-04-07T09:54:00.000Z";"2026-04-07T09:57:00.000Z";3475.14
"2026-04-07T09:57:00.000Z";"2026-04-07T10:00:00.000Z";3488.38
"2026-04-07T10:00:00.000Z";"2026-04-07T10:03:00.000Z";3500.23
"2026-04-07T10:03:00.000Z";"2026-04-07T10:06:00.000Z";3502.8
"2026-04-07T10:06:00.000Z";"2026-04-07T10:09:00.000Z";3518.65
"2026-04-07T10:09:00.000Z";"2026-04-07T10:12:00.000Z";3564.31
"2026-04-07T10:12:00.000Z";"2026-04-07T10:15:00.000Z";3588.32
"2026-04-07T10:15:00.000Z";"2026-04-07T10:18:00.000Z";3572
"2026-04-07T10:18:00.000Z";"2026-04-07T10:21:00.000Z";3568.86
"2026-04-07T10:21:00.000Z";"2026-04-07T10:24:00.000Z";3557
"2026-04-07T10:24:00.000Z";"2026-04-07T10:27:00.000Z";3534.83
"2026-04-07T10:27:00.000Z";"2026-04-07T10:30:00.000Z";3572.9
"2026-04-07T10:30:00.000Z";"2026-04-07T10:33:00.000Z";3629.31
"2026-04-07T10:33:00.000Z";"2026-04-07T10:36:00.000Z";3633.66
"2026-04-07T10:36:00.000Z";"2026-04-07T10:39:00.000Z";3590.19
"2026-04-07T10:39:00.000Z";"2026-04-07T10:42:00.000Z";3600.95
"2026-04-07T10:42:00.000Z";"2026-04-07T10:45:00.000Z";3611.56
"2026-04-07T10:45:00.000Z";"2026-04-07T10:48:00.000Z";3563.39
"2026-04-07T10:48:00.000Z";"2026-04-07T10:51:00.000Z";3483.42
"2026-04-07T10:51:00.000Z";"2026-04-07T10:54:00.000Z";3454.99
"2026-04-07T10:54:00.000Z";"2026-04-07T10:57:00.000Z";3455.31
"2026-04-07T10:57:00.000Z";"2026-04-07T11:00:00.000Z";3464.5
"2026-04-07T11:00:00.000Z";"2026-04-07T11:03:00.000Z";3487.6
"2026-04-07T11:03:00.000Z";"2026-04-07T11:06:00.000Z";3525.66
"2026-04-07T11:06:00.000Z";"2026-04-07T11:09:00.000Z";3595.85
"2026-04-07T11:09:00.000Z";"2026-04-07T11:12:00.000Z";3552.83
"2026-04-07T11:12:00.000Z";"2026-04-07T11:15:00.000Z";3583.44
"2026-04-07T11:15:00.000Z";"2026-04-07T11:18:00.000Z";3658.16
"2026-04-07T11:18:00.000Z";"2026-04-07T11:21:00.000Z";3612.62
"2026-04-07T11:21:00.000Z";"2026-04-07T11:24:00.000Z";3603.21
"2026-04-07T11:24:00.000Z";"2026-04-07T11:27:00.000Z";3602.65
"2026-04-07T11:27:00.000Z";"2026-04-07T11:30:00.000Z";3610.51
"2026-04-07T11:30:00.000Z";"2026-04-07T11:33:00.000Z";3599.51
"2026-04-07T11:33:00.000Z";"2026-04-07T11:36:00.000Z";3604.62
"2026-04-07T11:36:00.000Z";"2026-04-07T11:39:00.000Z";3646.64
"2026-04-07T11:39:00.000Z";"2026-04-07T11:42:00.000Z";3655.09
"2026-04-07T11:42:00.000Z";"2026-04-07T11:45:00.000Z";3619.52
"2026-04-07T11:45:00.000Z";"2026-04-07T11:48:00.000Z";3606.86
"2026-04-07T11:48:00.000Z";"2026-04-07T11:51:00.000Z";3615.22
"2026-04-07T11:51:00.000Z";"2026-04-07T11:54:00.000Z";3562.47
"2026-04-07T11:54:00.000Z";"2026-04-07T11:57:00.000Z";3621.96
"2026-04-07T11:57:00.000Z";"2026-04-07T12:00:00.000Z";3677.44
"2026-04-07T12:00:00.000Z";"2026-04-07T12:03:00.000Z";3633.23
"2026-04-07T12:03:00.000Z";"2026-04-07T12:06:00.000Z";3571.26
"2026-04-07T12:06:00.000Z";"2026-04-07T12:09:00.000Z";3558.52
"2026-04-07T12:09:00.000Z";"2026-04-07T12:12:00.000Z";3537.82
"2026-04-07T12:12:00.000Z";"2026-04-07T12:15:00.000Z";3579.98
"2026-04-07T12:15:00.000Z";"2026-04-07T12:18:00.000Z";3590.05
"2026-04-07T12:18:00.000Z";"2026-04-07T12:21:00.000Z";3577.02
"2026-04-07T12:21:00.000Z";"2026-04-07T12:24:00.000Z";3635.11
"2026-04-07T12:24:00.000Z";"2026-04-07T12:27:00.000Z";3635.71
"2026-04-07T12:27:00.000Z";"2026-04-07T12:30:00.000Z";3639.68
"2026-04-07T12:30:00.000Z";"2026-04-07T12:33:00.000Z";3575.85
"2026-04-07T12:33:00.000Z";"2026-04-07T12:36:00.000Z";3573.64
"2026-04-07T12:36:00.000Z";"2026-04-07T12:39:00.000Z";3591.45
"2026-04-07T12:39:00.000Z";"2026-04-07T12:42:00.000Z";3639.33
"2026-04-07T12:42:00.000Z";"2026-04-07T12:45:00.000Z";3672.68
"2026-04-07T12:45:00.000Z";"2026-04-07T12:48:00.000Z";3678.21
"2026-04-07T12:48:00.000Z";"2026-04-07T12:51:00.000Z";3661.86
"2026-04-07T12:51:00.000Z";"2026-04-07T12:54:00.000Z";3651.78
"2026-04-07T12:54:00.000Z";"2026-04-07T12:57:00.000Z";3696.13
"2026-04-07T12:57:00.000Z";"2026-04-07T13:00:00.000Z";3678.08
"2026-04-07T13:00:00.000Z";"2026-04-07T13:03:00.000Z";3688.5
"2026-04-07T13:03:00.000Z";"2026-04-07T13:06:00.000Z";3745
"2026-04-07T13:06:00.000Z";"2026-04-07T13:09:00.000Z";3769.24
"2026-04-07T13:09:00.000Z";"2026-04-07T13:12:00.000Z";3797.48
"2026-04-07T13:12:00.000Z";"2026-04-07T13:15:00.000Z";3796.5
"2026-04-07T13:15:00.000Z";"2026-04-07T13:18:00.000Z";3779.92
"2026-04-07T13:18:00.000Z";"2026-04-07T13:21:00.000Z";3814.69
"2026-04-07T13:21:00.000Z";"2026-04-07T13:24:00.000Z";3839.5
"2026-04-07T13:24:00.000Z";"2026-04-07T13:27:00.000Z";3803.99
"2026-04-07T13:27:00.000Z";"2026-04-07T13:30:00.000Z";3772.4
"2026-04-07T13:30:00.000Z";"2026-04-07T13:33:00.000Z";3721.51
"2026-04-07T13:33:00.000Z";"2026-04-07T13:36:00.000Z";3734.49
"2026-04-07T13:36:00.000Z";"2026-04-07T13:39:00.000Z";3769.5
"2026-04-07T13:39:00.000Z";"2026-04-07T13:42:00.000Z";3771
"2026-04-07T13:42:00.000Z";"2026-04-07T13:45:00.000Z";3838.33
"2026-04-07T13:45:00.000Z";"2026-04-07T13:48:00.000Z";3839.29
"2026-04-07T13:48:00.000Z";"2026-04-07T13:51:00.000Z";3914.13
"2026-04-07T13:51:00.000Z";"2026-04-07T13:54:00.000Z";3960.35
"2026-04-07T13:54:00.000Z";"2026-04-07T13:57:00.000Z";3996.65
"2026-04-07T13:57:00.000Z";"2026-04-07T14:00:00.000Z";4037.13
"2026-04-07T14:00:00.000Z";"2026-04-07T14:03:00.000Z";4075.87
"2026-04-07T14:03:00.000Z";"2026-04-07T14:06:00.000Z";4013.72
"2026-04-07T14:06:00.000Z";"2026-04-07T14:09:00.000Z";3980.93
"2026-04-07T14:09:00.000Z";"2026-04-07T14:12:00.000Z";4009
"2026-04-07T14:12:00.000Z";"2026-04-07T14:15:00.000Z";4026.5
"2026-04-07T14:15:00.000Z";"2026-04-07T14:18:00.000Z";4130.1
"2026-04-07T14:18:00.000Z";"2026-04-07T14:21:00.000Z";4249.08
"2026-04-07T14:21:00.000Z";"2026-04-07T14:24:00.000Z";4265.03
"2026-04-07T14:24:00.000Z";"2026-04-07T14:27:00.000Z";4237.66
"2026-04-07T14:27:00.000Z";"2026-04-07T14:30:00.000Z";4226.97
"2026-04-07T14:30:00.000Z";"2026-04-07T14:33:00.000Z";4244.86
"2026-04-07T14:33:00.000Z";"2026-04-07T14:36:00.000Z";4126.73
"2026-04-07T14:36:00.000Z";"2026-04-07T14:39:00.000Z";4137.99
"2026-04-07T14:39:00.000Z";"2026-04-07T14:42:00.000Z";4133.09
"2026-04-07T14:42:00.000Z";"2026-04-07T14:45:00.000Z";4147.17
"2026-04-07T14:45:00.000Z";"2026-04-07T14:48:00.000Z";4152.3
"2026-04-07T14:48:00.000Z";"2026-04-07T14:51:00.000Z";4207.15
"2026-04-07T14:51:00.000Z";"2026-04-07T14:54:00.000Z";4263.31
"2026-04-07T14:54:00.000Z";"2026-04-07T14:57:00.000Z";4276.68
"2026-04-07T14:57:00.000Z";"2026-04-07T15:00:00.000Z";4307.5
"2026-04-07T15:00:00.000Z";"2026-04-07T15:03:00.000Z";4324.65
"2026-04-07T15:03:00.000Z";"2026-04-07T15:06:00.000Z";4310.66
"2026-04-07T15:06:00.000Z";"2026-04-07T15:09:00.000Z";4319.32
"2026-04-07T15:09:00.000Z";"2026-04-07T15:12:00.000Z";4328.99
"2026-04-07T15:12:00.000Z";"2026-04-07T15:15:00.000Z";4355.67
"2026-04-07T15:15:00.000Z";"2026-04-07T15:18:00.000Z";4425.56
"2026-04-07T15:18:00.000Z";"2026-04-07T15:21:00.000Z";4557.46
"2026-04-07T15:21:00.000Z";"2026-04-07T15:24:00.000Z";4587.7
"2026-04-07T15:24:00.000Z";"2026-04-07T15:27:00.000Z";4561.06
"2026-04-07T15:27:00.000Z";"2026-04-07T15:30:00.000Z";4598.66
"2026-04-07T15:30:00.000Z";"2026-04-07T15:33:00.000Z";4623.86
"2026-04-07T15:33:00.000Z";"2026-04-07T15:36:00.000Z";4621.97
"2026-04-07T15:36:00.000Z";"2026-04-07T15:39:00.000Z";4632.67
"2026-04-07T15:39:00.000Z";"2026-04-07T15:42:00.000Z";4619.38
"2026-04-07T15:42:00.000Z";"2026-04-07T15:45:00.000Z";4620.67
"2026-04-07T15:45:00.000Z";"2026-04-07T15:48:00.000Z";4402.57
"2026-04-07T15:48:00.000Z";"2026-04-07T15:51:00.000Z";4240.54
"2026-04-07T15:51:00.000Z";"2026-04-07T15:54:00.000Z";4185.51
"2026-04-07T15:54:00.000Z";"2026-04-07T15:57:00.000Z";4210.56
"2026-04-07T15:57:00.000Z";"2026-04-07T16:00:00.000Z";4229.35
"2026-04-07T16:00:00.000Z";"2026-04-07T16:03:00.000Z";4265.24
"2026-04-07T16:03:00.000Z";"2026-04-07T16:06:00.000Z";4310.66
"2026-04-07T16:06:00.000Z";"2026-04-07T16:09:00.000Z";4352.82
"2026-04-07T16:09:00.000Z";"2026-04-07T16:12:00.000Z";4358.13
"2026-04-07T16:12:00.000Z";"2026-04-07T16:15:00.000Z";4328.52
"2026-04-07T16:15:00.000Z";"2026-04-07T16:18:00.000Z";4392.46
"2026-04-07T16:18:00.000Z";"2026-04-07T16:21:00.000Z";4396.37
"2026-04-07T16:21:00.000Z";"2026-04-07T16:24:00.000Z";4378.24
"2026-04-07T16:24:00.000Z";"2026-04-07T16:27:00.000Z";4361
"2026-04-07T16:27:00.000Z";"2026-04-07T16:30:00.000Z";4369.83
"2026-04-07T16:30:00.000Z";"2026-04-07T16:33:00.000Z";4459.47
"2026-04-07T16:33:00.000Z";"2026-04-07T16:36:00.000Z";4554.48
"2026-04-07T16:36:00.000Z";"2026-04-07T16:39:00.000Z";4570.29
"2026-04-07T16:39:00.000Z";"2026-04-07T16:42:00.000Z";4587.17
"2026-04-07T16:42:00.000Z";"2026-04-07T16:45:00.000Z";4705.03
"2026-04-07T16:45:00.000Z";"2026-04-07T16:48:00.000Z";4779.62
"2026-04-07T16:48:00.000Z";"2026-04-07T16:51:00.000Z";4740.08
"2026-04-07T16:51:00.000Z";"2026-04-07T16:54:00.000Z";4692.64
"2026-04-07T16:54:00.000Z";"2026-04-07T16:57:00.000Z";4698.92
"2026-04-07T16:57:00.000Z";"2026-04-07T17:00:00.000Z";4706
"2026-04-07T17:00:00.000Z";"2026-04-07T17:03:00.000Z";4677.36
"2026-04-07T17:03:00.000Z";"2026-04-07T17:06:00.000Z";4627.04
"2026-04-07T17:06:00.000Z";"2026-04-07T17:09:00.000Z";4649.33
"2026-04-07T17:09:00.000Z";"2026-04-07T17:12:00.000Z";4704.91
"2026-04-07T17:12:00.000Z";"2026-04-07T17:15:00.000Z";4736.83
"2026-04-07T17:15:00.000Z";"2026-04-07T17:18:00.000Z";4800.09
"2026-04-07T17:18:00.000Z";"2026-04-07T17:21:00.000Z";4856.96
"2026-04-07T17:21:00.000Z";"2026-04-07T17:24:00.000Z";4866.48
"2026-04-07T17:24:00.000Z";"2026-04-07T17:27:00.000Z";4888.46
"2026-04-07T17:27:00.000Z";"2026-04-07T17:30:00.000Z";4980.19
"2026-04-07T17:30:00.000Z";"2026-04-07T17:33:00.000Z";4984.35
"2026-04-07T17:33:00.000Z";"2026-04-07T17:36:00.000Z";5006.47
"2026-04-07T17:36:00.000Z";"2026-04-07T17:39:00.000Z";5004.5
"2026-04-07T17:39:00.000Z";"2026-04-07T17:42:00.000Z";5010.85
"2026-04-07T17:42:00.000Z";"2026-04-07T17:45:00.000Z";5002.23
"2026-04-07T17:45:00.000Z";"2026-04-07T17:48:00.000Z";4973.14
"2026-04-07T17:48:00.000Z";"2026-04-07T17:51:00.000Z";4966.32
"2026-04-07T17:51:00.000Z";"2026-04-07T17:54:00.000Z";5001.15
"2026-04-07T17:54:00.000Z";"2026-04-07T17:57:00.000Z";5030.59
"2026-04-07T17:57:00.000Z";"2026-04-07T18:00:00.000Z";5038.99
"2026-04-07T18:00:00.000Z";"2026-04-07T18:03:00.000Z";5078.26
"2026-04-07T18:03:00.000Z";"2026-04-07T18:06:00.000Z";5083.81
"2026-04-07T18:06:00.000Z";"2026-04-07T18:09:00.000Z";5115.03
"2026-04-07T18:09:00.000Z";"2026-04-07T18:12:00.000Z";5138.53
"2026-04-07T18:12:00.000Z";"2026-04-07T18:15:00.000Z";5166.96
"2026-04-07T18:15:00.000Z";"2026-04-07T18:18:00.000Z";5193.37
"2026-04-07T18:18:00.000Z";"2026-04-07T18:21:00.000Z";5222.49
"2026-04-07T18:21:00.000Z";"2026-04-07T18:24:00.000Z";5240.32
"2026-04-07T18:24:00.000Z";"2026-04-07T18:27:00.000Z";5270.97
"2026-04-07T18:27:00.000Z";"2026-04-07T18:30:00.000Z";5293.82
"2026-04-07T18:30:00.000Z";"2026-04-07T18:33:00.000Z";5295.5
"2026-04-07T18:33:00.000Z";"2026-04-07T18:36:00.000Z";5342.23
"2026-04-07T18:36:00.000Z";"2026-04-07T18:39:00.000Z";5351.69
"2026-04-07T18:39:00.000Z";"2026-04-07T18:42:00.000Z";5339.48
"2026-04-07T18:42:00.000Z";"2026-04-07T18:45:00.000Z";5353.17
"2026-04-07T18:45:00.000Z";"2026-04-07T18:48:00.000Z";5321.69
"2026-04-07T18:48:00.000Z";"2026-04-07T18:51:00.000Z";5275.86
"2026-04-07T18:51:00.000Z";"2026-04-07T18:54:00.000Z";5280.02
"2026-04-07T18:54:00.000Z";"2026-04-07T18:57:00.000Z";5272.77
"2026-04-07T18:57:00.000Z";"2026-04-07T19:00:00.000Z";5292.19
"2026-04-07T19:00:00.000Z";"2026-04-07T19:03:00.000Z";5226.34
"2026-04-07T19:03:00.000Z";"2026-04-07T19:06:00.000Z";5217.72
"2026-04-07T19:06:00.000Z";"2026-04-07T19:09:00.000Z";5241.19
"2026-04-07T19:09:00.000Z";"2026-04-07T19:12:00.000Z";5251.69
"2026-04-07T19:12:00.000Z";"2026-04-07T19:15:00.000Z";5263.7
"2026-04-07T19:15:00.000Z";"2026-04-07T19:18:00.000Z";5215.7
"2026-04-07T19:18:00.000Z";"2026-04-07T19:21:00.000Z";5192.49
"2026-04-07T19:21:00.000Z";"2026-04-07T19:24:00.000Z";5198.79
"2026-04-07T19:24:00.000Z";"2026-04-07T19:27:00.000Z";5206.19
"2026-04-07T19:27:00.000Z";"2026-04-07T19:30:00.000Z";5203.97
"2026-04-07T19:30:00.000Z";"2026-04-07T19:33:00.000Z";5192.83
"2026-04-07T19:33:00.000Z";"2026-04-07T19:36:00.000Z";5189.18
"2026-04-07T19:36:00.000Z";"2026-04-07T19:39:00.000Z";5184.69
"2026-04-07T19:39:00.000Z";"2026-04-07T19:42:00.000Z";5168.5
"2026-04-07T19:42:00.000Z";"2026-04-07T19:45:00.000Z";5137.69
"2026-04-07T19:45:00.000Z";"2026-04-07T19:48:00.000Z";5132.32
"2026-04-07T19:48:00.000Z";"2026-04-07T19:51:00.000Z";5112.82
"2026-04-07T19:51:00.000Z";"2026-04-07T19:54:00.000Z";5137.84
"2026-04-07T19:54:00.000Z";"2026-04-07T19:57:00.000Z";5159.76
"2026-04-07T19:57:00.000Z";"2026-04-07T20:00:00.000Z";5177.19
"2026-04-07T20:00:00.000Z";"2026-04-07T20:03:00.000Z";5186.17
"2026-04-07T20:03:00.000Z";"2026-04-07T20:06:00.000Z";5184.17
"2026-04-07T20:06:00.000Z";"2026-04-07T20:09:00.000Z";5231.52
"2026-04-07T20:09:00.000Z";"2026-04-07T20:12:00.000Z";5235.08
"2026-04-07T20:12:00.000Z";"2026-04-07T20:15:00.000Z";5252.87
"2026-04-07T20:15:00.000Z";"2026-04-07T20:18:00.000Z";5271.35
"2026-04-07T20:18:00.000Z";"2026-04-07T20:21:00.000Z";5248.78
"2026-04-07T20:21:00.000Z";"2026-04-07T20:24:00.000Z";5249.66
"2026-04-07T20:24:00.000Z";"2026-04-07T20:27:00.000Z";5243.67
"2026-04-07T20:27:00.000Z";"2026-04-07T20:30:00.000Z";5219.11
"2026-04-07T20:30:00.000Z";"2026-04-07T20:33:00.000Z";5244.71
"2026-04-07T20:33:00.000Z";"2026-04-07T20:36:00.000Z";5244.85
"2026-04-07T20:36:00.000Z";"2026-04-07T20:39:00.000Z";5235.5
"2026-04-07T20:39:00.000Z";"2026-04-07T20:42:00.000Z";5197.52
"2026-04-07T20:42:00.000Z";"2026-04-07T20:45:00.000Z";5156.02
"2026-04-07T20:45:00.000Z";"2026-04-07T20:48:00.000Z";5016.15
"2026-04-07T20:48:00.000Z";"2026-04-07T20:51:00.000Z";4936.16
"2026-04-07T20:51:00.000Z";"2026-04-07T20:54:00.000Z";4884.58
"2026-04-07T20:54:00.000Z";"2026-04-07T20:57:00.000Z";4878.13
"2026-04-07T20:57:00.000Z";"2026-04-07T21:00:00.000Z";4888.86
"2026-04-07T21:00:00.000Z";"2026-04-07T21:03:00.000Z";4911.84
"2026-04-07T21:03:00.000Z";"2026-04-07T21:06:00.000Z";4892.31
"2026-04-07T21:06:00.000Z";"2026-04-07T21:09:00.000Z";4919.24
"2026-04-07T21:09:00.000Z";"2026-04-07T21:12:00.000Z";4887.85
"2026-04-07T21:12:00.000Z";"2026-04-07T21:15:00.000Z";4887.72
"2026-04-07T21:15:00.000Z";"2026-04-07T21:18:00.000Z";4857
"2026-04-07T21:18:00.000Z";"2026-04-07T21:21:00.000Z";4840.9
"2026-04-07T21:21:00.000Z";"2026-04-07T21:24:00.000Z";4843.97
"2026-04-07T21:24:00.000Z";"2026-04-07T21:27:00.000Z";4885.09
"2026-04-07T21:27:00.000Z";"2026-04-07T21:30:00.000Z";4911.65
"2026-04-07T21:30:00.000Z";"2026-04-07T21:33:00.000Z";4964.88
"2026-04-07T21:33:00.000Z";"2026-04-07T21:36:00.000Z";5061.96
"2026-04-07T21:36:00.000Z";"2026-04-07T21:39:00.000Z";5049.03
"2026-04-07T21:39:00.000Z";"2026-04-07T21:42:00.000Z";5016.21
"2026-04-07T21:42:00.000Z";"2026-04-07T21:45:00.000Z";5033.44
"2026-04-07T21:45:00.000Z";"2026-04-07T21:48:00.000Z";5045.29
"2026-04-07T21:48:00.000Z";"2026-04-07T21:51:00.000Z";5077.16
"2026-04-07T21:51:00.000Z";"2026-04-07T21:54:00.000Z";5060.06
"2026-04-07T21:54:00.000Z";"2026-04-07T21:57:00.000Z";5051.5
"2026-04-07T21:57:00.000Z";"2026-04-07T22:00:00.000Z";5067.66
"2026-04-07T22:00:00.000Z";"2026-04-07T22:03:00.000Z";5138.01
"2026-04-07T22:03:00.000Z";"2026-04-07T22:06:00.000Z";5160.5
"2026-04-07T22:06:00.000Z";"2026-04-07T22:09:00.000Z";5170.99
"2026-04-07T22:09:00.000Z";"2026-04-07T22:12:00.000Z";5179.84
"2026-04-07T22:12:00.000Z";"2026-04-07T22:15:00.000Z";5193.3
"2026-04-07T22:15:00.000Z";"2026-04-07T22:18:00.000Z";5177.19
"2026-04-07T22:18:00.000Z";"2026-04-07T22:21:00.000Z";5139.31
"2026-04-07T22:21:00.000Z";"2026-04-07T22:24:00.000Z";5142.84
"2026-04-07T22:24:00.000Z";"2026-04-07T22:27:00.000Z";5107.23
"2026-04-07T22:27:00.000Z";"2026-04-07T22:30:00.000Z";5042.39
"2026-04-07T22:30:00.000Z";"2026-04-07T22:33:00.000Z";4807.54
"2026-04-07T22:33:00.000Z";"2026-04-07T22:36:00.000Z";4648.2
"2026-04-07T22:36:00.000Z";"2026-04-07T22:39:00.000Z";4636.81
"2026-04-07T22:39:00.000Z";"2026-04-07T22:42:00.000Z";4617.97
"2026-04-07T22:42:00.000Z";"2026-04-07T22:45:00.000Z";4597.17
"2026-04-07T22:45:00.000Z";"2026-04-07T22:48:00.000Z";4586.84
"2026-04-07T22:48:00.000Z";"2026-04-07T22:51:00.000Z";4560.01
"2026-04-07T22:51:00.000Z";"2026-04-07T22:54:00.000Z";4547.01
"2026-04-07T22:54:00.000Z";"2026-04-07T22:57:00.000Z";4534.32
"2026-04-07T22:57:00.000Z";"2026-04-07T23:00:00.000Z";4562.61
"2026-04-07T23:00:00.000Z";"2026-04-07T23:03:00.000Z";4593.29
"2026-04-07T23:03:00.000Z";"2026-04-07T23:06:00.000Z";4640.96
"2026-04-07T23:06:00.000Z";"2026-04-07T23:09:00.000Z";4666.97
"2026-04-07T23:09:00.000Z";"2026-04-07T23:12:00.000Z";4663.69
"2026-04-07T23:12:00.000Z";"2026-04-07T23:15:00.000Z";4670.52
"2026-04-07T23:15:00.000Z";"2026-04-07T23:18:00.000Z";4659.33
"2026-04-07T23:18:00.000Z";"2026-04-07T23:21:00.000Z";4654.11
"2026-04-07T23:21:00.000Z";"2026-04-07T23:24:00.000Z";4648.15
"2026-04-07T23:24:00.000Z";"2026-04-07T23:27:00.000Z";4651
"2026-04-07T23:27:00.000Z";"2026-04-07T23:30:00.000Z";4664.13
"2026-04-07T23:30:00.000Z";"2026-04-07T23:33:00.000Z";4712.23
"2026-04-07T23:33:00.000Z";"2026-04-07T23:36:00.000Z";4767.16
"2026-04-07T23:36:00.000Z";"2026-04-07T23:39:00.000Z";4732.68
"2026-04-07T23:39:00.000Z";"2026-04-07T23:42:00.000Z";4729.51
"2026-04-07T23:42:00.000Z";"2026-04-07T23:45:00.000Z";4698.23
"2026-04-07T23:45:00.000Z";"2026-04-07T23:48:00.000Z";4670.65
"2026-04-07T23:48:00.000Z";"2026-04-07T23:51:00.000Z";4653.87
"2026-04-07T23:51:00.000Z";"2026-04-07T23:54:00.000Z";4622.85
"2026-04-07T23:54:00.000Z";"2026-04-07T23:57:00.000Z";4633.49
"2026-04-07T23:57:00.000Z";"2026-04-08T00:00:00.000Z";4639.16
"2026-04-08T00:00:00.000Z";"2026-04-08T00:03:00.000Z";4633.89
"2026-04-08T00:03:00.000Z";"2026-04-08T00:06:00.000Z";4594.37
"2026-04-08T00:06:00.000Z";"2026-04-08T00:09:00.000Z";4585.34
"2026-04-08T00:09:00.000Z";"2026-04-08T00:12:00.000Z";4571.51
"2026-04-08T00:12:00.000Z";"2026-04-08T00:15:00.000Z";4528.49
"2026-04-08T00:15:00.000Z";"2026-04-08T00:18:00.000Z";4470.64
"2026-04-08T00:18:00.000Z";"2026-04-08T00:21:00.000Z";4413.37
"2026-04-08T00:21:00.000Z";"2026-04-08T00:24:00.000Z";4359.55
"2026-04-08T00:24:00.000Z";"2026-04-08T00:27:00.000Z";4367.02
"2026-04-08T00:27:00.000Z";"2026-04-08T00:30:00.000Z";4391.94
"2026-04-08T00:30:00.000Z";"2026-04-08T00:33:00.000Z";4433.15
"2026-04-08T00:33:00.000Z";"2026-04-08T00:36:00.000Z";4430.82
"2026-04-08T00:36:00.000Z";"2026-04-08T00:39:00.000Z";4432.17
"2026-04-08T00:39:00.000Z";"2026-04-08T00:42:00.000Z";4380
"2026-04-08T00:42:00.000Z";"2026-04-08T00:45:00.000Z";4338.88
"2026-04-08T00:45:00.000Z";"2026-04-08T00:48:00.000Z";4307.83
"2026-04-08T00:48:00.000Z";"2026-04-08T00:51:00.000Z";4298.69
"2026-04-08T00:51:00.000Z";"2026-04-08T00:54:00.000Z";4318.23
"2026-04-08T00:54:00.000Z";"2026-04-08T00:57:00.000Z";4325.35
"2026-04-08T00:57:00.000Z";"2026-04-08T01:00:00.000Z";4311.17
"2026-04-08T01:00:00.000Z";"2026-04-08T01:03:00.000Z";4300.2
"2026-04-08T01:03:00.000Z";"2026-04-08T01:06:00.000Z";4267.68
"2026-04-08T01:06:00.000Z";"2026-04-08T01:09:00.000Z";4259.8
"2026-04-08T01:09:00.000Z";"2026-04-08T01:12:00.000Z";4240.69
"2026-04-08T01:12:00.000Z";"2026-04-08T01:15:00.000Z";4247.53
"2026-04-08T01:15:00.000Z";"2026-04-08T01:18:00.000Z";4242.85
"2026-04-08T01:18:00.000Z";"2026-04-08T01:21:00.000Z";4270.19
"2026-04-08T01:21:00.000Z";"2026-04-08T01:24:00.000Z";4356.19
"2026-04-08T01:24:00.000Z";"2026-04-08T01:27:00.000Z";4297.72
"2026-04-08T01:27:00.000Z";"2026-04-08T01:30:00.000Z";4258.39
"2026-04-08T01:30:00.000Z";"2026-04-08T01:33:00.000Z";4217.09
"2026-04-08T01:33:00.000Z";"2026-04-08T01:36:00.000Z";4174.36
"2026-04-08T01:36:00.000Z";"2026-04-08T01:39:00.000Z";4140.04
"2026-04-08T01:39:00.000Z";"2026-04-08T01:42:00.000Z";4118.71
"2026-04-08T01:42:00.000Z";"2026-04-08T01:45:00.000Z";4109.84
"2026-04-08T01:45:00.000Z";"2026-04-08T01:48:00.000Z";4110.8
"2026-04-08T01:48:00.000Z";"2026-04-08T01:51:00.000Z";4164.08
"2026-04-08T01:51:00.000Z";"2026-04-08T01:54:00.000Z";4230.8
"2026-04-08T01:54:00.000Z";"2026-04-08T01:57:00.000Z";4234.01
"2026-04-08T01:57:00.000Z";"2026-04-08T02:00:00.000Z";4267.63
"2026-04-08T02:00:00.000Z";"2026-04-08T02:03:00.000Z";4345.83
"2026-04-08T02:03:00.000Z";"2026-04-08T02:06:00.000Z";4335.01
"2026-04-08T02:06:00.000Z";"2026-04-08T02:09:00.000Z";4343.83
"2026-04-08T02:09:00.000Z";"2026-04-08T02:12:00.000Z";4408.56
"2026-04-08T02:12:00.000Z";"2026-04-08T02:15:00.000Z";4466.31
"2026-04-08T02:15:00.000Z";"2026-04-08T02:18:00.000Z";4489.2
"2026-04-08T02:18:00.000Z";"2026-04-08T02:21:00.000Z";4495.82
"2026-04-08T02:21:00.000Z";"2026-04-08T02:24:00.000Z";4487.36
"2026-04-08T02:24:00.000Z";"2026-04-08T02:27:00.000Z";4451.14
"2026-04-08T02:27:00.000Z";"2026-04-08T02:30:00.000Z";4427.84
"2026-04-08T02:30:00.000Z";"2026-04-08T02:33:00.000Z";4418.21
"2026-04-08T02:33:00.000Z";"2026-04-08T02:36:00.000Z";4411.95
"2026-04-08T02:36:00.000Z";"2026-04-08T02:39:00.000Z";4425.37
"2026-04-08T02:39:00.000Z";"2026-04-08T02:42:00.000Z";4454.64
"2026-04-08T02:42:00.000Z";"2026-04-08T02:45:00.000Z";4453.67
"2026-04-08T02:45:00.000Z";"2026-04-08T02:48:00.000Z";4484.32
"2026-04-08T02:48:00.000Z";"2026-04-08T02:51:00.000Z";4503.21
"2026-04-08T02:51:00.000Z";"2026-04-08T02:54:00.000Z";4505.31
"2026-04-08T02:54:00.000Z";"2026-04-08T02:57:00.000Z";4522.01
"2026-04-08T02:57:00.000Z";"2026-04-08T03:00:00.000Z";4520.64
"2026-04-08T03:00:00.000Z";"2026-04-08T03:03:00.000Z";4484.69
"2026-04-08T03:03:00.000Z";"2026-04-08T03:06:00.000Z";4465.96
"2026-04-08T03:06:00.000Z";"2026-04-08T03:09:00.000Z";4455.65
"2026-04-08T03:09:00.000Z";"2026-04-08T03:12:00.000Z";4474.64
"2026-04-08T03:12:00.000Z";"2026-04-08T03:15:00.000Z";4484.18
"2026-04-08T03:15:00.000Z";"2026-04-08T03:18:00.000Z";4432.08
"2026-04-08T03:18:00.000Z";"2026-04-08T03:21:00.000Z";4385.86
"2026-04-08T03:21:00.000Z";"2026-04-08T03:24:00.000Z";4382.48
"2026-04-08T03:24:00.000Z";"2026-04-08T03:27:00.000Z";4371.33
"2026-04-08T03:27:00.000Z";"2026-04-08T03:30:00.000Z";4347.52
"2026-04-08T03:30:00.000Z";"2026-04-08T03:33:00.000Z";4323.63
"2026-04-08T03:33:00.000Z";"2026-04-08T03:36:00.000Z";4336.06
"2026-04-08T03:36:00.000Z";"2026-04-08T03:39:00.000Z";4305.26
"2026-04-08T03:39:00.000Z";"2026-04-08T03:42:00.000Z";4291.35
"2026-04-08T03:42:00.000Z";"2026-04-08T03:45:00.000Z";4279.51
"2026-04-08T03:45:00.000Z";"2026-04-08T03:48:00.000Z";4317.22
"2026-04-08T03:48:00.000Z";"2026-04-08T03:51:00.000Z";4386.69
"2026-04-08T03:51:00.000Z";"2026-04-08T03:54:00.000Z";4379.16
"2026-04-08T03:54:00.000Z";"2026-04-08T03:57:00.000Z";4366.85
"2026-04-08T03:57:00.000Z";"2026-04-08T04:00:00.000Z";4333.25
"2026-04-08T04:00:00.000Z";"2026-04-08T04:03:00.000Z";4290.35
"2026-04-08T04:03:00.000Z";"2026-04-08T04:06:00.000Z";4237.35
"2026-04-08T04:06:00.000Z";"2026-04-08T04:09:00.000Z";4195.88
"2026-04-08T04:09:00.000Z";"2026-04-08T04:12:00.000Z";4161.69
"2026-04-08T04:12:00.000Z";"2026-04-08T04:15:00.000Z";4114.7
"2026-04-08T04:15:00.000Z";"2026-04-08T04:18:00.000Z";4081.82
"2026-04-08T04:18:00.000Z";"2026-04-08T04:21:00.000Z";4078.7
"2026-04-08T04:21:00.000Z";"2026-04-08T04:24:00.000Z";4007.61
"2026-04-08T04:24:00.000Z";"2026-04-08T04:27:00.000Z";3983.71
"2026-04-08T04:27:00.000Z";"2026-04-08T04:30:00.000Z";3943.54
"2026-04-08T04:30:00.000Z";"2026-04-08T04:33:00.000Z";3884.41
"2026-04-08T04:33:00.000Z";"2026-04-08T04:36:00.000Z";3860
"2026-04-08T04:36:00.000Z";"2026-04-08T04:39:00.000Z";3804.37
"2026-04-08T04:39:00.000Z";"2026-04-08T04:42:00.000Z";3737.9
"2026-04-08T04:42:00.000Z";"2026-04-08T04:45:00.000Z";3657.34
"2026-04-08T04:45:00.000Z";"2026-04-08T04:48:00.000Z";3594.9
"2026-04-08T04:48:00.000Z";"2026-04-08T04:51:00.000Z";3538.71
"2026-04-08T04:51:00.000Z";"2026-04-08T04:54:00.000Z";3481.87
"2026-04-08T04:54:00.000Z";"2026-04-08T04:57:00.000Z";3439.51
"2026-04-08T04:57:00.000Z";"2026-04-08T05:00:00.000Z";3377.75
"2026-04-08T05:00:00.000Z";"2026-04-08T05:03:00.000Z";3348.14
"2026-04-08T05:03:00.000Z";"2026-04-08T05:06:00.000Z";3290.89
"2026-04-08T05:06:00.000Z";"2026-04-08T05:09:00.000Z";3245.43
"2026-04-08T05:09:00.000Z";"2026-04-08T05:12:00.000Z";3205.2
"2026-04-08T05:12:00.000Z";"2026-04-08T05:15:00.000Z";3133.89
"2026-04-08T05:15:00.000Z";"2026-04-08T05:18:00.000Z";3088.85
"2026-04-08T05:18:00.000Z";"2026-04-08T05:21:00.000Z";3060.06
"2026-04-08T05:21:00.000Z";"2026-04-08T05:24:00.000Z";3000.82
"2026-04-08T05:24:00.000Z";"2026-04-08T05:27:00.000Z";2985.19
"2026-04-08T05:27:00.000Z";"2026-04-08T05:30:00.000Z";2916.83
"2026-04-08T05:30:00.000Z";"2026-04-08T05:33:00.000Z";2863.08
"2026-04-08T05:33:00.000Z";"2026-04-08T05:36:00.000Z";2803.93
"2026-04-08T05:36:00.000Z";"2026-04-08T05:39:00.000Z";2758.33
"2026-04-08T05:39:00.000Z";"2026-04-08T05:42:00.000Z";2730.8
"2026-04-08T05:42:00.000Z";"2026-04-08T05:45:00.000Z";2739.33
"2026-04-08T05:45:00.000Z";"2026-04-08T05:48:00.000Z";2627.88
"2026-04-08T05:48:00.000Z";"2026-04-08T05:51:00.000Z";2569.77
"2026-04-08T05:51:00.000Z";"2026-04-08T05:54:00.000Z";2544.5
"2026-04-08T05:54:00.000Z";"2026-04-08T05:57:00.000Z";2503.33
"2026-04-08T05:57:00.000Z";"2026-04-08T06:00:00.000Z";2480.43
"2026-04-08T06:00:00.000Z";"2026-04-08T06:03:00.000Z";2433.67
"2026-04-08T06:03:00.000Z";"2026-04-08T06:06:00.000Z";2380.35
"2026-04-08T06:06:00.000Z";"2026-04-08T06:09:00.000Z";2368.48
"2026-04-08T06:09:00.000Z";"2026-04-08T06:12:00.000Z";2368.55
"2026-04-08T06:12:00.000Z";"2026-04-08T06:15:00.000Z";2303.73
"2026-04-08T06:15:00.000Z";"2026-04-08T06:18:00.000Z";2263.85
"2026-04-08T06:18:00.000Z";"2026-04-08T06:21:00.000Z";2233.03
"2026-04-08T06:21:00.000Z";"2026-04-08T06:24:00.000Z";2201.68
"2026-04-08T06:24:00.000Z";"2026-04-08T06:27:00.000Z";2167.52
"2026-04-08T06:27:00.000Z";"2026-04-08T06:30:00.000Z";2170.35
"2026-04-08T06:30:00.000Z";"2026-04-08T06:33:00.000Z";2133.34
"2026-04-08T06:33:00.000Z";"2026-04-08T06:36:00.000Z";2096.39
"2026-04-08T06:36:00.000Z";"2026-04-08T06:39:00.000Z";2066.66
"2026-04-08T06:39:00.000Z";"2026-04-08T06:42:00.000Z";2069.32
"2026-04-08T06:42:00.000Z";"2026-04-08T06:45:00.000Z";2017.21
"2026-04-08T06:45:00.000Z";"2026-04-08T06:48:00.000Z";1983.69
"2026-04-08T06:48:00.000Z";"2026-04-08T06:51:00.000Z";1930.03
"2026-04-08T06:51:00.000Z";"2026-04-08T06:54:00.000Z";1920.83
"2026-04-08T06:54:00.000Z";"2026-04-08T06:57:00.000Z";1920.2
"2026-04-08T06:57:00.000Z";"2026-04-08T07:00:00.000Z";1903.71
"2026-04-08T07:00:00.000Z";"2026-04-08T07:03:00.000Z";1884.32
"2026-04-08T07:03:00.000Z";"2026-04-08T07:06:00.000Z";1868.71
"2026-04-08T07:06:00.000Z";"2026-04-08T07:09:00.000Z";1827.55
"2026-04-08T07:09:00.000Z";"2026-04-08T07:12:00.000Z";1849.86
"2026-04-08T07:12:00.000Z";"2026-04-08T07:15:00.000Z";1812.51
"2026-04-08T07:15:00.000Z";"2026-04-08T07:18:00.000Z";1804.51
"2026-04-08T07:18:00.000Z";"2026-04-08T07:21:00.000Z";1794.17
"2026-04-08T07:21:00.000Z";"2026-04-08T07:24:00.000Z";1786.01
"2026-04-08T07:24:00.000Z";"2026-04-08T07:27:00.000Z";1782.36
"2026-04-08T07:27:00.000Z";"2026-04-08T07:30:00.000Z";1776.67
"2026-04-08T07:30:00.000Z";"2026-04-08T07:33:00.000Z";1792.95
"2026-04-08T07:33:00.000Z";"2026-04-08T07:36:00.000Z";1751.18
"2026-04-08T07:36:00.000Z";"2026-04-08T07:39:00.000Z";1747.99
"2026-04-08T07:39:00.000Z";"2026-04-08T07:42:00.000Z";1743.67
"2026-04-08T07:42:00.000Z";"2026-04-08T07:45:00.000Z";1766.1
"2026-04-08T07:45:00.000Z";"2026-04-08T07:48:00.000Z";1766.5
"2026-04-08T07:48:00.000Z";"2026-04-08T07:51:00.000Z";1741.34
"2026-04-08T07:51:00.000Z";"2026-04-08T07:54:00.000Z";1719.05
"2026-04-08T07:54:00.000Z";"2026-04-08T07:57:00.000Z";1742.32
"2026-04-08T07:57:00.000Z";"2026-04-08T08:00:00.000Z";1746.15
"2026-04-08T08:00:00.000Z";"2026-04-08T08:03:00.000Z";1746.18
"2026-04-08T08:03:00.000Z";"2026-04-08T08:06:00.000Z";1735.52
"2026-04-08T08:06:00.000Z";"2026-04-08T08:09:00.000Z";1716.65
"2026-04-08T08:09:00.000Z";"2026-04-08T08:12:00.000Z";1721.67
"2026-04-08T08:12:00.000Z";"2026-04-08T08:15:00.000Z";1742.65
"2026-04-08T08:15:00.000Z";"2026-04-08T08:18:00.000Z";1761.17
"2026-04-08T08:18:00.000Z";"2026-04-08T08:21:00.000Z";1764.99
"2026-04-08T08:21:00.000Z";"2026-04-08T08:24:00.000Z";1767.84
"2026-04-08T08:24:00.000Z";"2026-04-08T08:27:00.000Z";1785.97
"2026-04-08T08:27:00.000Z";"2026-04-08T08:30:00.000Z";1746.04
"2026-04-08T08:30:00.000Z";"2026-04-08T08:33:00.000Z";1672.69
"2026-04-08T08:33:00.000Z";"2026-04-08T08:36:00.000Z";1698.63
"2026-04-08T08:36:00.000Z";"2026-04-08T08:39:00.000Z";1698.85
"2026-04-08T08:39:00.000Z";"2026-04-08T08:42:00.000Z";1672.9
"2026-04-08T08:42:00.000Z";"2026-04-08T08:45:00.000Z";1678.48
"2026-04-08T08:45:00.000Z";"2026-04-08T08:48:00.000Z";1714.65
"2026-04-08T08:48:00.000Z";"2026-04-08T08:51:00.000Z";1691.45
"2026-04-08T08:51:00.000Z";"2026-04-08T08:54:00.000Z";1654.83
"2026-04-08T08:54:00.000Z";"2026-04-08T08:57:00.000Z";1651.66
"2026-04-08T08:57:00.000Z";"2026-04-08T09:00:00.000Z";1693.62
"2026-04-08T09:00:00.000Z";"2026-04-08T09:03:00.000Z";1676.15
"2026-04-08T09:03:00.000Z";"2026-04-08T09:06:00.000Z";1730.94
"2026-04-08T09:06:00.000Z";"2026-04-08T09:09:00.000Z";1712.19
"2026-04-08T09:09:00.000Z";"2026-04-08T09:12:00.000Z";1712.99
"2026-04-08T09:12:00.000Z";"2026-04-08T09:15:00.000Z";1687.21
"2026-04-08T09:15:00.000Z";"2026-04-08T09:18:00.000Z";1655.21
"2026-04-08T09:18:00.000Z";"2026-04-08T09:21:00.000Z";1634.83
"2026-04-08T09:21:00.000Z";"2026-04-08T09:24:00.000Z";1616.67
"2026-04-08T09:24:00.000Z";"2026-04-08T09:27:00.000Z";1618.65
"2026-04-08T09:27:00.000Z";"2026-04-08T09:30:00.000Z";1632.69
"2026-04-08T09:30:00.000Z";"2026-04-08T09:33:00.000Z";1608.35
"2026-04-08T09:33:00.000Z";"2026-04-08T09:36:00.000Z";1645.96
"2026-04-08T09:36:00.000Z";"2026-04-08T09:39:00.000Z";1648.57
"2026-04-08T09:39:00.000Z";"2026-04-08T09:42:00.000Z";1637.84
"2026-04-08T09:42:00.000Z";"2026-04-08T09:45:00.000Z";1594.19
"2026-04-08T09:45:00.000Z";"2026-04-08T09:48:00.000Z";1573.53
"2026-04-08T09:48:00.000Z";"2026-04-08T09:51:00.000Z";1524.35
"2026-04-08T09:51:00.000Z";"2026-04-08T09:54:00.000Z";1508.47
"2026-04-08T09:54:00.000Z";"2026-04-08T09:57:00.000Z";1509
"2026-04-08T09:57:00.000Z";"2026-04-08T10:00:00.000Z";1512.82
"2026-04-08T10:00:00.000Z";"2026-04-08T10:03:00.000Z";1512.83
"2026-04-08T10:03:00.000Z";"2026-04-08T10:06:00.000Z";1534.98
"2026-04-08T10:06:00.000Z";"2026-04-08T10:09:00.000Z";1574.48
"2026-04-08T10:09:00.000Z";"2026-04-08T10:12:00.000Z";1551.03
"2026-04-08T10:12:00.000Z";"2026-04-08T10:15:00.000Z";1527.35
"2026-04-08T10:15:00.000Z";"2026-04-08T10:18:00.000Z";1570.63
"2026-04-08T10:18:00.000Z";"2026-04-08T10:21:00.000Z";1565.19
"2026-04-08T10:21:00.000Z";"2026-04-08T10:24:00.000Z";1541.16
"2026-04-08T10:24:00.000Z";"2026-04-08T10:27:00.000Z";1534.46
"2026-04-08T10:27:00.000Z";"2026-04-08T10:30:00.000Z";1541.34
"2026-04-08T10:30:00.000Z";"2026-04-08T10:33:00.000Z";1491.84
"2026-04-08T10:33:00.000Z";"2026-04-08T10:36:00.000Z";1460.67
"2026-04-08T10:36:00.000Z";"2026-04-08T10:39:00.000Z";1439.5
"2026-04-08T10:39:00.000Z";"2026-04-08T10:42:00.000Z";1413.51
"2026-04-08T10:42:00.000Z";"2026-04-08T10:45:00.000Z";1418.34
"2026-04-08T10:45:00.000Z";"2026-04-08T10:48:00.000Z";1369.22
"2026-04-08T10:48:00.000Z";"2026-04-08T10:51:00.000Z";1299.86
"2026-04-08T10:51:00.000Z";"2026-04-08T10:54:00.000Z";1266
"2026-04-08T10:54:00.000Z";"2026-04-08T10:57:00.000Z";1237.02
"2026-04-08T10:57:00.000Z";"2026-04-08T11:00:00.000Z";1209.88
"2026-04-08T11:00:00.000Z";"2026-04-08T11:03:00.000Z";1214.11
"2026-04-08T11:03:00.000Z";"2026-04-08T11:06:00.000Z";1218.16
"2026-04-08T11:06:00.000Z";"2026-04-08T11:09:00.000Z";1255.29
"2026-04-08T11:09:00.000Z";"2026-04-08T11:12:00.000Z";1242.03
"2026-04-08T11:12:00.000Z";"2026-04-08T11:15:00.000Z";1214.7
"2026-04-08T11:15:00.000Z";"2026-04-08T11:18:00.000Z";1207.34
"2026-04-08T11:18:00.000Z";"2026-04-08T11:21:00.000Z";1202.17
"2026-04-08T11:21:00.000Z";"2026-04-08T11:24:00.000Z";1207.81
"2026-04-08T11:24:00.000Z";"2026-04-08T11:27:00.000Z";1232.13
"2026-04-08T11:27:00.000Z";"2026-04-08T11:30:00.000Z";1249.83
"2026-04-08T11:30:00.000Z";"2026-04-08T11:33:00.000Z";1295
"2026-04-08T11:33:00.000Z";"2026-04-08T11:36:00.000Z";1321.75
"2026-04-08T11:36:00.000Z";"2026-04-08T11:39:00.000Z";1348.34
"2026-04-08T11:39:00.000Z";"2026-04-08T11:42:00.000Z";1370.14
"2026-04-08T11:42:00.000Z";"2026-04-08T11:45:00.000Z";1354.55
"2026-04-08T11:45:00.000Z";"2026-04-08T11:48:00.000Z";1334.16
"2026-04-08T11:48:00.000Z";"2026-04-08T11:51:00.000Z";1351.29
"2026-04-08T11:51:00.000Z";"2026-04-08T11:54:00.000Z";1353.01
"2026-04-08T11:54:00.000Z";"2026-04-08T11:57:00.000Z";1318.01
"2026-04-08T11:57:00.000Z";"2026-04-08T12:00:00.000Z";1343.08
"2026-04-08T12:00:00.000Z";"2026-04-08T12:03:00.000Z";1359.67
"2026-04-08T12:03:00.000Z";"2026-04-08T12:06:00.000Z";1337.17
"2026-04-08T12:06:00.000Z";"2026-04-08T12:09:00.000Z";1323.69
"2026-04-08T12:09:00.000Z";"2026-04-08T12:12:00.000Z";1351.98
"2026-04-08T12:12:00.000Z";"2026-04-08T12:15:00.000Z";1361.51
"2026-04-08T12:15:00.000Z";"2026-04-08T12:18:00.000Z";1335.37
"2026-04-08T12:18:00.000Z";"2026-04-08T12:21:00.000Z";1301.19
"2026-04-08T12:21:00.000Z";"2026-04-08T12:24:00.000Z";1286.82
"2026-04-08T12:24:00.000Z";"2026-04-08T12:27:00.000Z";1331.42
"2026-04-08T12:27:00.000Z";"2026-04-08T12:30:00.000Z";1340.01
"2026-04-08T12:30:00.000Z";"2026-04-08T12:33:00.000Z";1317.21
"2026-04-08T12:33:00.000Z";"2026-04-08T12:36:00.000Z";1272.34
"2026-04-08T12:36:00.000Z";"2026-04-08T12:39:00.000Z";1261.65
"2026-04-08T12:39:00.000Z";"2026-04-08T12:42:00.000Z";1275.51
"2026-04-08T12:42:00.000Z";"2026-04-08T12:45:00.000Z";1248.81
"2026-04-08T12:45:00.000Z";"2026-04-08T12:48:00.000Z";1243.92
"2026-04-08T12:48:00.000Z";"2026-04-08T12:51:00.000Z";1198.84
"2026-04-08T12:51:00.000Z";"2026-04-08T12:54:00.000Z";1206.33
"2026-04-08T12:54:00.000Z";"2026-04-08T12:57:00.000Z";1193.01
"2026-04-08T12:57:00.000Z";"2026-04-08T13:00:00.000Z";1192.25
"2026-04-08T13:00:00.000Z";"2026-04-08T13:03:00.000Z";1209.97
"2026-04-08T13:03:00.000Z";"2026-04-08T13:06:00.000Z";1246.16
"2026-04-08T13:06:00.000Z";"2026-04-08T13:09:00.000Z";1240.72
"2026-04-08T13:09:00.000Z";"2026-04-08T13:12:00.000Z";1213.32
"2026-04-08T13:12:00.000Z";"2026-04-08T13:15:00.000Z";1236.97
"2026-04-08T13:15:00.000Z";"2026-04-08T13:18:00.000Z";1196.57
"2026-04-08T13:18:00.000Z";"2026-04-08T13:21:00.000Z";1179.65
"2026-04-08T13:21:00.000Z";"2026-04-08T13:24:00.000Z";1216.65
"2026-04-08T13:24:00.000Z";"2026-04-08T13:27:00.000Z";1211.16
"2026-04-08T13:27:00.000Z";"2026-04-08T13:30:00.000Z";1191.86
"2026-04-08T13:30:00.000Z";"2026-04-08T13:33:00.000Z";1177.48
"2026-04-08T13:33:00.000Z";"2026-04-08T13:36:00.000Z";1148.88
"2026-04-08T13:36:00.000Z";"2026-04-08T13:39:00.000Z";1156.48
"2026-04-08T13:39:00.000Z";"2026-04-08T13:42:00.000Z";1154.51
"2026-04-08T13:42:00.000Z";"2026-04-08T13:45:00.000Z";1153.19
"2026-04-08T13:45:00.000Z";"2026-04-08T13:48:00.000Z";1198.8
"2026-04-08T13:48:00.000Z";"2026-04-08T13:51:00.000Z";1204.35
"2026-04-08T13:51:00.000Z";"2026-04-08T13:54:00.000Z";1157.69
"2026-04-08T13:54:00.000Z";"2026-04-08T13:57:00.000Z";1126
"2026-04-08T13:57:00.000Z";"2026-04-08T14:00:00.000Z";1130.65
"2026-04-08T14:00:00.000Z";"2026-04-08T14:03:00.000Z";1135
"2026-04-08T14:03:00.000Z";"2026-04-08T14:06:00.000Z";1154.81
"2026-04-08T14:06:00.000Z";"2026-04-08T14:09:00.000Z";1197.49
"2026-04-08T14:09:00.000Z";"2026-04-08T14:12:00.000Z";1170.88
"2026-04-08T14:12:00.000Z";"2026-04-08T14:15:00.000Z";1155.66
"2026-04-08T14:15:00.000Z";"2026-04-08T14:18:00.000Z";1173.51
"2026-04-08T14:18:00.000Z";"2026-04-08T14:21:00.000Z";1210.48
"2026-04-08T14:21:00.000Z";"2026-04-08T14:24:00.000Z";1227.15
"2026-04-08T14:24:00.000Z";"2026-04-08T14:27:00.000Z";1213.18
"2026-04-08T14:27:00.000Z";"2026-04-08T14:30:00.000Z";1172.01
"2026-04-08T14:30:00.000Z";"2026-04-08T14:33:00.000Z";1166.99
"2026-04-08T14:33:00.000Z";"2026-04-08T14:36:00.000Z";1176.84
"2026-04-08T14:36:00.000Z";"2026-04-08T14:39:00.000Z";1171.35
"2026-04-08T14:39:00.000Z";"2026-04-08T14:42:00.000Z";1152.85
"2026-04-08T14:42:00.000Z";"2026-04-08T14:45:00.000Z";1145.35
"2026-04-08T14:45:00.000Z";"2026-04-08T14:48:00.000Z";1154.34
"2026-04-08T14:48:00.000Z";"2026-04-08T14:51:00.000Z";1139.51
"2026-04-08T14:51:00.000Z";"2026-04-08T14:54:00.000Z";1131.86
"2026-04-08T14:54:00.000Z";"2026-04-08T14:57:00.000Z";1133.17
"2026-04-08T14:57:00.000Z";"2026-04-08T15:00:00.000Z";1158.53
"2026-04-08T15:00:00.000Z";"2026-04-08T15:03:00.000Z";1142.33
"2026-04-08T15:03:00.000Z";"2026-04-08T15:06:00.000Z";1143.32
"2026-04-08T15:06:00.000Z";"2026-04-08T15:09:00.000Z";1108.4
"2026-04-08T15:09:00.000Z";"2026-04-08T15:12:00.000Z";1090.15
"2026-04-08T15:12:00.000Z";"2026-04-08T15:15:00.000Z";1076.35
"2026-04-08T15:15:00.000Z";"2026-04-08T15:18:00.000Z";1070.96
"2026-04-08T15:18:00.000Z";"2026-04-08T15:21:00.000Z";1061.5
"2026-04-08T15:21:00.000Z";"2026-04-08T15:24:00.000Z";1080.99
"2026-04-08T15:24:00.000Z";"2026-04-08T15:27:00.000Z";1092.85
"2026-04-08T15:27:00.000Z";"2026-04-08T15:30:00.000Z";1084.71
"2026-04-08T15:30:00.000Z";"2026-04-08T15:33:00.000Z";1063.83
"2026-04-08T15:33:00.000Z";"2026-04-08T15:36:00.000Z";1046
"2026-04-08T15:36:00.000Z";"2026-04-08T15:39:00.000Z";1042.88
"2026-04-08T15:39:00.000Z";"2026-04-08T15:42:00.000Z";1037.49
"2026-04-08T15:42:00.000Z";"2026-04-08T15:45:00.000Z";1030.82
"2026-04-08T15:45:00.000Z";"2026-04-08T15:48:00.000Z";1049.48
"2026-04-08T15:48:00.000Z";"2026-04-08T15:51:00.000Z";1058.66
"2026-04-08T15:51:00.000Z";"2026-04-08T15:54:00.000Z";1052.33
"2026-04-08T15:54:00.000Z";"2026-04-08T15:57:00.000Z";1039.34
"2026-04-08T15:57:00.000Z";"2026-04-08T16:00:00.000Z";1044.16
"2026-04-08T16:00:00.000Z";"2026-04-08T16:03:00.000Z";1040.33
"2026-04-08T16:03:00.000Z";"2026-04-08T16:06:00.000Z";1043.48
"2026-04-08T16:06:00.000Z";"2026-04-08T16:09:00.000Z";1065.17
"2026-04-08T16:09:00.000Z";"2026-04-08T16:12:00.000Z";1065.34
"2026-04-08T16:12:00.000Z";"2026-04-08T16:15:00.000Z";1062.17
"2026-04-08T16:15:00.000Z";"2026-04-08T16:18:00.000Z";1052.53
"2026-04-08T16:18:00.000Z";"2026-04-08T16:21:00.000Z";1047
"2026-04-08T16:21:00.000Z";"2026-04-08T16:24:00.000Z";1050.16
"2026-04-08T16:24:00.000Z";"2026-04-08T16:27:00.000Z";1061.14
"2026-04-08T16:27:00.000Z";"2026-04-08T16:30:00.000Z";1075.01
"2026-04-08T16:30:00.000Z";"2026-04-08T16:33:00.000Z";1087.31
"2026-04-08T16:33:00.000Z";"2026-04-08T16:36:00.000Z";1092.5
"2026-04-08T16:36:00.000Z";"2026-04-08T16:39:00.000Z";1089.67
"2026-04-08T16:39:00.000Z";"2026-04-08T16:42:00.000Z";1103.16
"2026-04-08T16:42:00.000Z";"2026-04-08T16:45:00.000Z";1108.33
"2026-04-08T16:45:00.000Z";"2026-04-08T16:48:00.000Z";1107.16
"2026-04-08T16:48:00.000Z";"2026-04-08T16:51:00.000Z";1114.47
"2026-04-08T16:51:00.000Z";"2026-04-08T16:54:00.000Z";1126.8
"2026-04-08T16:54:00.000Z";"2026-04-08T16:57:00.000Z";1159.64
"2026-04-08T16:57:00.000Z";"2026-04-08T17:00:00.000Z";1193.79
"2026-04-08T17:00:00.000Z";"2026-04-08T17:03:00.000Z";1229.99
"2026-04-08T17:03:00.000Z";"2026-04-08T17:06:00.000Z";1253.15
"2026-04-08T17:06:00.000Z";"2026-04-08T17:09:00.000Z";1266.83
"2026-04-08T17:09:00.000Z";"2026-04-08T17:12:00.000Z";1286.14
"2026-04-08T17:12:00.000Z";"2026-04-08T17:15:00.000Z";1326.26
"2026-04-08T17:15:00.000Z";"2026-04-08T17:18:00.000Z";1373.64
"2026-04-08T17:18:00.000Z";"2026-04-08T17:21:00.000Z";1412.98
"2026-04-08T17:21:00.000Z";"2026-04-08T17:24:00.000Z";1435.82
"2026-04-08T17:24:00.000Z";"2026-04-08T17:27:00.000Z";1465.12
"2026-04-08T17:27:00.000Z";"2026-04-08T17:30:00.000Z";1499.15
"2026-04-08T17:30:00.000Z";"2026-04-08T17:33:00.000Z";1534.97
"2026-04-08T17:33:00.000Z";"2026-04-08T17:36:00.000Z";1572.32
"2026-04-08T17:36:00.000Z";"2026-04-08T17:39:00.000Z";1604.28
"2026-04-08T17:39:00.000Z";"2026-04-08T17:42:00.000Z";1641.8
"2026-04-08T17:42:00.000Z";"2026-04-08T17:45:00.000Z";1670.99
"2026-04-08T17:45:00.000Z";"2026-04-08T17:48:00.000Z";1712.43
"2026-04-08T17:48:00.000Z";"2026-04-08T17:51:00.000Z";1761.96
"2026-04-08T17:51:00.000Z";"2026-04-08T17:54:00.000Z";1809.65
"2026-04-08T17:54:00.000Z";"2026-04-08T17:57:00.000Z";1862.94
"2026-04-08T17:57:00.000Z";"2026-04-08T18:00:00.000Z";1930.47
"2026-04-08T18:00:00.000Z";"2026-04-08T18:03:00.000Z";1980.47
"2026-04-08T18:03:00.000Z";"2026-04-08T18:06:00.000Z";2030.65
"2026-04-08T18:06:00.000Z";"2026-04-08T18:09:00.000Z";2065.48
"2026-04-08T18:09:00.000Z";"2026-04-08T18:12:00.000Z";2103.8
"2026-04-08T18:12:00.000Z";"2026-04-08T18:15:00.000Z";2153.46
"2026-04-08T18:15:00.000Z";"2026-04-08T18:18:00.000Z";2202.62
"2026-04-08T18:18:00.000Z";"2026-04-08T18:21:00.000Z";2245.43
"2026-04-08T18:21:00.000Z";"2026-04-08T18:24:00.000Z";2263
"2026-04-08T18:24:00.000Z";"2026-04-08T18:27:00.000Z";2268.5
"2026-04-08T18:27:00.000Z";"2026-04-08T18:30:00.000Z";2279.98
"2026-04-08T18:30:00.000Z";"2026-04-08T18:33:00.000Z";2325.99
"2026-04-08T18:33:00.000Z";"2026-04-08T18:36:00.000Z";2373.61
"2026-04-08T18:36:00.000Z";"2026-04-08T18:39:00.000Z";2422.13
"2026-04-08T18:39:00.000Z";"2026-04-08T18:42:00.000Z";2477.62
"2026-04-08T18:42:00.000Z";"2026-04-08T18:45:00.000Z";2505.65
"2026-04-08T18:45:00.000Z";"2026-04-08T18:48:00.000Z";2560.92
"2026-04-08T18:48:00.000Z";"2026-04-08T18:51:00.000Z";2616.26
"2026-04-08T18:51:00.000Z";"2026-04-08T18:54:00.000Z";2657.65
"2026-04-08T18:54:00.000Z";"2026-04-08T18:57:00.000Z";2715.14
"2026-04-08T18:57:00.000Z";"2026-04-08T19:00:00.000Z";2775.46
"2026-04-08T19:00:00.000Z";"2026-04-08T19:03:00.000Z";2842.14
"2026-04-08T19:03:00.000Z";"2026-04-08T19:06:00.000Z";2901.76
"2026-04-08T19:06:00.000Z";"2026-04-08T19:09:00.000Z";2947.27
"2026-04-08T19:09:00.000Z";"2026-04-08T19:12:00.000Z";3021.79
"2026-04-08T19:12:00.000Z";"2026-04-08T19:15:00.000Z";3092.8
"2026-04-08T19:15:00.000Z";"2026-04-08T19:18:00.000Z";3093.01
"2026-04-08T19:18:00.000Z";"2026-04-08T19:21:00.000Z";3134.81
"2026-04-08T19:21:00.000Z";"2026-04-08T19:24:00.000Z";3153.99
"2026-04-08T19:24:00.000Z";"2026-04-08T19:27:00.000Z";3202.97
"2026-04-08T19:27:00.000Z";"2026-04-08T19:30:00.000Z";3254.13
"2026-04-08T19:30:00.000Z";"2026-04-08T19:33:00.000Z";3289.26
"2026-04-08T19:33:00.000Z";"2026-04-08T19:36:00.000Z";3296.47
"2026-04-08T19:36:00.000Z";"2026-04-08T19:39:00.000Z";3328.99
"2026-04-08T19:39:00.000Z";"2026-04-08T19:42:00.000Z";3356.15
"2026-04-08T19:42:00.000Z";"2026-04-08T19:45:00.000Z";3357.82
"2026-04-08T19:45:00.000Z";"2026-04-08T19:48:00.000Z";3325.83
"2026-04-08T19:48:00.000Z";"2026-04-08T19:51:00.000Z";3345.98
"2026-04-08T19:51:00.000Z";"2026-04-08T19:54:00.000Z";3372.8
"2026-04-08T19:54:00.000Z";"2026-04-08T19:57:00.000Z";3407.78
"2026-04-08T19:57:00.000Z";"2026-04-08T20:00:00.000Z";3438.32
"2026-04-08T20:00:00.000Z";"2026-04-08T20:03:00.000Z";3520.43
"2026-04-08T20:03:00.000Z";"2026-04-08T20:06:00.000Z";3780.37
"2026-04-08T20:06:00.000Z";"2026-04-08T20:09:00.000Z";3810.66
"2026-04-08T20:09:00.000Z";"2026-04-08T20:12:00.000Z";3840.65
"2026-04-08T20:12:00.000Z";"2026-04-08T20:15:00.000Z";3863.32
"2026-04-08T20:15:00.000Z";"2026-04-08T20:18:00.000Z";3843.86
"2026-04-08T20:18:00.000Z";"2026-04-08T20:21:00.000Z";3884.95
"2026-04-08T20:21:00.000Z";"2026-04-08T20:24:00.000Z";3937.13
"2026-04-08T20:24:00.000Z";"2026-04-08T20:27:00.000Z";3965.49
"2026-04-08T20:27:00.000Z";"2026-04-08T20:30:00.000Z";3984.65
"2026-04-08T20:30:00.000Z";"2026-04-08T20:33:00.000Z";3824.65
"2026-04-08T20:33:00.000Z";"2026-04-08T20:36:00.000Z";3776.66
"2026-04-08T20:36:00.000Z";"2026-04-08T20:39:00.000Z";3803.15
"2026-04-08T20:39:00.000Z";"2026-04-08T20:42:00.000Z";3833.3
"2026-04-08T20:42:00.000Z";"2026-04-08T20:45:00.000Z";3855.65
"2026-04-08T20:45:00.000Z";"2026-04-08T20:48:00.000Z";3795.54
"2026-04-08T20:48:00.000Z";"2026-04-08T20:51:00.000Z";3711.17
"2026-04-08T20:51:00.000Z";"2026-04-08T20:54:00.000Z";3719.66
"2026-04-08T20:54:00.000Z";"2026-04-08T20:57:00.000Z";3739.99
"2026-04-08T20:57:00.000Z";"2026-04-08T21:00:00.000Z";3753.82
"2026-04-08T21:00:00.000Z";"2026-04-08T21:03:00.000Z";3774.3
"2026-04-08T21:03:00.000Z";"2026-04-08T21:06:00.000Z";3877.91
"2026-04-08T21:06:00.000Z";"2026-04-08T21:09:00.000Z";3927.67
"2026-04-08T21:09:00.000Z";"2026-04-08T21:12:00.000Z";3935.49
"2026-04-08T21:12:00.000Z";"2026-04-08T21:15:00.000Z";3960.81
"2026-04-08T21:15:00.000Z";"2026-04-08T21:18:00.000Z";3988.33
"2026-04-08T21:18:00.000Z";"2026-04-08T21:21:00.000Z";4083.01
"2026-04-08T21:21:00.000Z";"2026-04-08T21:24:00.000Z";4256.32
"2026-04-08T21:24:00.000Z";"2026-04-08T21:27:00.000Z";4242.36
"2026-04-08T21:27:00.000Z";"2026-04-08T21:30:00.000Z";4239.51
"2026-04-08T21:30:00.000Z";"2026-04-08T21:33:00.000Z";4131.06
"2026-04-08T21:33:00.000Z";"2026-04-08T21:36:00.000Z";4024.52
"2026-04-08T21:36:00.000Z";"2026-04-08T21:39:00.000Z";4019.52
"2026-04-08T21:39:00.000Z";"2026-04-08T21:42:00.000Z";4027.33
"2026-04-08T21:42:00.000Z";"2026-04-08T21:45:00.000Z";4042.35
"2026-04-08T21:45:00.000Z";"2026-04-08T21:48:00.000Z";4042.81
"2026-04-08T21:48:00.000Z";"2026-04-08T21:51:00.000Z";4035.86
"2026-04-08T21:51:00.000Z";"2026-04-08T21:54:00.000Z";4035.16
"2026-04-08T21:54:00.000Z";"2026-04-08T21:57:00.000Z";4050.99
"2026-04-08T21:57:00.000Z";"2026-04-08T22:00:00.000Z";4082.16
"2026-04-08T22:00:00.000Z";"2026-04-08T22:03:00.000Z";4140.23
"2026-04-08T22:03:00.000Z";"2026-04-08T22:06:00.000Z";4269.78
"2026-04-08T22:06:00.000Z";"2026-04-08T22:09:00.000Z";4388.6
"2026-04-08T22:09:00.000Z";"2026-04-08T22:12:00.000Z";4387.16
"2026-04-08T22:12:00.000Z";"2026-04-08T22:15:00.000Z";4389.35
"2026-04-08T22:15:00.000Z";"2026-04-08T22:18:00.000Z";4258.54
"2026-04-08T22:18:00.000Z";"2026-04-08T22:21:00.000Z";4185.54
"2026-04-08T22:21:00.000Z";"2026-04-08T22:24:00.000Z";4158.55
"2026-04-08T22:24:00.000Z";"2026-04-08T22:27:00.000Z";4091.58
"2026-04-08T22:27:00.000Z";"2026-04-08T22:30:00.000Z";4009.52
"2026-04-08T22:30:00.000Z";"2026-04-08T22:33:00.000Z";3956.69
"2026-04-08T22:33:00.000Z";"2026-04-08T22:36:00.000Z";3840.88
"2026-04-08T22:36:00.000Z";"2026-04-08T22:39:00.000Z";3799.18
"2026-04-08T22:39:00.000Z";"2026-04-08T22:42:00.000Z";3790.5
"2026-04-08T22:42:00.000Z";"2026-04-08T22:45:00.000Z";3785.18
"2026-04-08T22:45:00.000Z";"2026-04-08T22:48:00.000Z";3775
"2026-04-08T22:48:00.000Z";"2026-04-08T22:51:00.000Z";3847.69
"2026-04-08T22:51:00.000Z";"2026-04-08T22:54:00.000Z";3857.38
"2026-04-08T22:54:00.000Z";"2026-04-08T22:57:00.000Z";3846.17
"2026-04-08T22:57:00.000Z";"2026-04-08T23:00:00.000Z";3825.35
"2026-04-08T23:00:00.000Z";"2026-04-08T23:03:00.000Z";3684.58
"2026-04-08T23:03:00.000Z";"2026-04-08T23:06:00.000Z";3580.86
"2026-04-08T23:06:00.000Z";"2026-04-08T23:09:00.000Z";3509.02
"2026-04-08T23:09:00.000Z";"2026-04-08T23:12:00.000Z";3479.2
"2026-04-08T23:12:00.000Z";"2026-04-08T23:15:00.000Z";3465.18
"2026-04-08T23:15:00.000Z";"2026-04-08T23:18:00.000Z";3466.82
"2026-04-08T23:18:00.000Z";"2026-04-08T23:21:00.000Z";3484.61
"2026-04-08T23:21:00.000Z";"2026-04-08T23:24:00.000Z";3522.32
"2026-04-08T23:24:00.000Z";"2026-04-08T23:27:00.000Z";3530.5
"2026-04-08T23:27:00.000Z";"2026-04-08T23:30:00.000Z";3541.98
"2026-04-08T23:30:00.000Z";"2026-04-08T23:33:00.000Z";3592.94
"2026-04-08T23:33:00.000Z";"2026-04-08T23:36:00.000Z";3676.8
"2026-04-08T23:36:00.000Z";"2026-04-08T23:39:00.000Z";3726.46
"2026-04-08T23:39:00.000Z";"2026-04-08T23:42:00.000Z";3729.68
"2026-04-08T23:42:00.000Z";"2026-04-08T23:45:00.000Z";3701.88
"2026-04-08T23:45:00.000Z";"2026-04-08T23:48:00.000Z";3666.86
"2026-04-08T23:48:00.000Z";"2026-04-08T23:51:00.000Z";3636.35
"2026-04-08T23:51:00.000Z";"2026-04-08T23:54:00.000Z";3587.88
"2026-04-08T23:54:00.000Z";"2026-04-08T23:57:00.000Z";3565.32
"2026-04-08T23:57:00.000Z";"2026-04-09T00:00:00.000Z";3537.35
"2026-04-09T00:00:00.000Z";"2026-04-09T00:03:00.000Z";3440.57
"2026-04-09T00:03:00.000Z";"2026-04-09T00:06:00.000Z";3391.02
"2026-04-09T00:06:00.000Z";"2026-04-09T00:09:00.000Z";3341.56
"2026-04-09T00:09:00.000Z";"2026-04-09T00:12:00.000Z";3332.34
"2026-04-09T00:12:00.000Z";"2026-04-09T00:15:00.000Z";3311.68
"2026-04-09T00:15:00.000Z";"2026-04-09T00:18:00.000Z";3293.17
"2026-04-09T00:18:00.000Z";"2026-04-09T00:21:00.000Z";3291.18
"2026-04-09T00:21:00.000Z";"2026-04-09T00:24:00.000Z";3266.35
"2026-04-09T00:24:00.000Z";"2026-04-09T00:27:00.000Z";3240.85
"2026-04-09T00:27:00.000Z";"2026-04-09T00:30:00.000Z";3218.02
"2026-04-09T00:30:00.000Z";"2026-04-09T00:33:00.000Z";3197.19
"2026-04-09T00:33:00.000Z";"2026-04-09T00:36:00.000Z";3205.33
"2026-04-09T00:36:00.000Z";"2026-04-09T00:39:00.000Z";3217.66
"2026-04-09T00:39:00.000Z";"2026-04-09T00:42:00.000Z";3213
"2026-04-09T00:42:00.000Z";"2026-04-09T00:45:00.000Z";3202.33
"2026-04-09T00:45:00.000Z";"2026-04-09T00:48:00.000Z";3200.15
"2026-04-09T00:48:00.000Z";"2026-04-09T00:51:00.000Z";3201.18
"2026-04-09T00:51:00.000Z";"2026-04-09T00:54:00.000Z";3191.99
"2026-04-09T00:54:00.000Z";"2026-04-09T00:57:00.000Z";3190.5
"2026-04-09T00:57:00.000Z";"2026-04-09T01:00:00.000Z";3179.7
"2026-04-09T01:00:00.000Z";"2026-04-09T01:03:00.000Z";3151.86
"2026-04-09T01:03:00.000Z";"2026-04-09T01:06:00.000Z";3147.66
"2026-04-09T01:06:00.000Z";"2026-04-09T01:09:00.000Z";3136.52
"2026-04-09T01:09:00.000Z";"2026-04-09T01:12:00.000Z";3122.5
"2026-04-09T01:12:00.000Z";"2026-04-09T01:15:00.000Z";3099.53
"2026-04-09T01:15:00.000Z";"2026-04-09T01:18:00.000Z";3068.84
"2026-04-09T01:18:00.000Z";"2026-04-09T01:21:00.000Z";2994.22
"2026-04-09T01:21:00.000Z";"2026-04-09T01:24:00.000Z";2975.71
"2026-04-09T01:24:00.000Z";"2026-04-09T01:27:00.000Z";2967.85
"2026-04-09T01:27:00.000Z";"2026-04-09T01:30:00.000Z";2959.34
"2026-04-09T01:30:00.000Z";"2026-04-09T01:33:00.000Z";2945.82
"2026-04-09T01:33:00.000Z";"2026-04-09T01:36:00.000Z";2977.81
"2026-04-09T01:36:00.000Z";"2026-04-09T01:39:00.000Z";2964.36
"2026-04-09T01:39:00.000Z";"2026-04-09T01:42:00.000Z";2954.03
"2026-04-09T01:42:00.000Z";"2026-04-09T01:45:00.000Z";2934.68
"2026-04-09T01:45:00.000Z";"2026-04-09T01:48:00.000Z";2940.46
"2026-04-09T01:48:00.000Z";"2026-04-09T01:51:00.000Z";2950.15
"2026-04-09T01:51:00.000Z";"2026-04-09T01:54:00.000Z";2955.51
"2026-04-09T01:54:00.000Z";"2026-04-09T01:57:00.000Z";2930.68
"2026-04-09T01:57:00.000Z";"2026-04-09T02:00:00.000Z";2912.52
"2026-04-09T02:00:00.000Z";"2026-04-09T02:03:00.000Z";2922.48
"2026-04-09T02:03:00.000Z";"2026-04-09T02:06:00.000Z";3032.56
"2026-04-09T02:06:00.000Z";"2026-04-09T02:09:00.000Z";3163.33
"2026-04-09T02:09:00.000Z";"2026-04-09T02:12:00.000Z";3164.34
"2026-04-09T02:12:00.000Z";"2026-04-09T02:15:00.000Z";3167.45
"2026-04-09T02:15:00.000Z";"2026-04-09T02:18:00.000Z";3202.11
"2026-04-09T02:18:00.000Z";"2026-04-09T02:21:00.000Z";3392.55
"2026-04-09T02:21:00.000Z";"2026-04-09T02:24:00.000Z";3502.56
"2026-04-09T02:24:00.000Z";"2026-04-09T02:27:00.000Z";3418.22
"2026-04-09T02:27:00.000Z";"2026-04-09T02:30:00.000Z";3312.9
"2026-04-09T02:30:00.000Z";"2026-04-09T02:33:00.000Z";3218.1
"2026-04-09T02:33:00.000Z";"2026-04-09T02:36:00.000Z";3133.52
"2026-04-09T02:36:00.000Z";"2026-04-09T02:39:00.000Z";3127.65
"2026-04-09T02:39:00.000Z";"2026-04-09T02:42:00.000Z";3125.34
"2026-04-09T02:42:00.000Z";"2026-04-09T02:45:00.000Z";3096.18
"2026-04-09T02:45:00.000Z";"2026-04-09T02:48:00.000Z";3101.3
"2026-04-09T02:48:00.000Z";"2026-04-09T02:51:00.000Z";3123.32
"2026-04-09T02:51:00.000Z";"2026-04-09T02:54:00.000Z";3119.34
"2026-04-09T02:54:00.000Z";"2026-04-09T02:57:00.000Z";3107.51
"2026-04-09T02:57:00.000Z";"2026-04-09T03:00:00.000Z";3088.85
"2026-04-09T03:00:00.000Z";"2026-04-09T03:03:00.000Z";3080.84
"2026-04-09T03:03:00.000Z";"2026-04-09T03:06:00.000Z";3105.33
"2026-04-09T03:06:00.000Z";"2026-04-09T03:09:00.000Z";3164.73
"2026-04-09T03:09:00.000Z";"2026-04-09T03:12:00.000Z";3106.91
"2026-04-09T03:12:00.000Z";"2026-04-09T03:15:00.000Z";3041.51
"2026-04-09T03:15:00.000Z";"2026-04-09T03:18:00.000Z";2863.24
"2026-04-09T03:18:00.000Z";"2026-04-09T03:21:00.000Z";2684.02
"2026-04-09T03:21:00.000Z";"2026-04-09T03:24:00.000Z";2660.68
"2026-04-09T03:24:00.000Z";"2026-04-09T03:27:00.000Z";2641.84
"2026-04-09T03:27:00.000Z";"2026-04-09T03:30:00.000Z";2626.84
"2026-04-09T03:30:00.000Z";"2026-04-09T03:33:00.000Z";2616.81
"2026-04-09T03:33:00.000Z";"2026-04-09T03:36:00.000Z";2760.21
"2026-04-09T03:36:00.000Z";"2026-04-09T03:39:00.000Z";2887.49
"2026-04-09T03:39:00.000Z";"2026-04-09T03:42:00.000Z";2844.54
"2026-04-09T03:42:00.000Z";"2026-04-09T03:45:00.000Z";2819.51
"2026-04-09T03:45:00.000Z";"2026-04-09T03:48:00.000Z";2808.15
"2026-04-09T03:48:00.000Z";"2026-04-09T03:51:00.000Z";2896.8
"2026-04-09T03:51:00.000Z";"2026-04-09T03:54:00.000Z";2909
"2026-04-09T03:54:00.000Z";"2026-04-09T03:57:00.000Z";2922.67
"2026-04-09T03:57:00.000Z";"2026-04-09T04:00:00.000Z";2912.36
"2026-04-09T04:00:00.000Z";"2026-04-09T04:03:00.000Z";2894.85
"2026-04-09T04:03:00.000Z";"2026-04-09T04:06:00.000Z";2902.45
"2026-04-09T04:06:00.000Z";"2026-04-09T04:09:00.000Z";2899.67
"2026-04-09T04:09:00.000Z";"2026-04-09T04:12:00.000Z";2862.04
"2026-04-09T04:12:00.000Z";"2026-04-09T04:15:00.000Z";2807.9
"2026-04-09T04:15:00.000Z";"2026-04-09T04:18:00.000Z";2744.04
"2026-04-09T04:18:00.000Z";"2026-04-09T04:21:00.000Z";2715.32
"2026-04-09T04:21:00.000Z";"2026-04-09T04:24:00.000Z";2685.68
"2026-04-09T04:24:00.000Z";"2026-04-09T04:27:00.000Z";2657.7
"2026-04-09T04:27:00.000Z";"2026-04-09T04:30:00.000Z";2623.01
"2026-04-09T04:30:00.000Z";"2026-04-09T04:33:00.000Z";2588.51
"2026-04-09T04:33:00.000Z";"2026-04-09T04:36:00.000Z";2550.51
"2026-04-09T04:36:00.000Z";"2026-04-09T04:39:00.000Z";2523.53
"2026-04-09T04:39:00.000Z";"2026-04-09T04:42:00.000Z";2489
"2026-04-09T04:42:00.000Z";"2026-04-09T04:45:00.000Z";2459.51
"2026-04-09T04:45:00.000Z";"2026-04-09T04:48:00.000Z";2422.53
"2026-04-09T04:48:00.000Z";"2026-04-09T04:51:00.000Z";2393.37
"2026-04-09T04:51:00.000Z";"2026-04-09T04:54:00.000Z";2373.5
"2026-04-09T04:54:00.000Z";"2026-04-09T04:57:00.000Z";2359.51
"2026-04-09T04:57:00.000Z";"2026-04-09T05:00:00.000Z";2322.05
"2026-04-09T05:00:00.000Z";"2026-04-09T05:03:00.000Z";2253.42
"2026-04-09T05:03:00.000Z";"2026-04-09T05:06:00.000Z";2175.61
"2026-04-09T05:06:00.000Z";"2026-04-09T05:09:00.000Z";2124.88
"2026-04-09T05:09:00.000Z";"2026-04-09T05:12:00.000Z";2046.56
"2026-04-09T05:12:00.000Z";"2026-04-09T05:15:00.000Z";1979.39
"2026-04-09T05:15:00.000Z";"2026-04-09T05:18:00.000Z";1901.56
"2026-04-09T05:18:00.000Z";"2026-04-09T05:21:00.000Z";1828.86
"2026-04-09T05:21:00.000Z";"2026-04-09T05:24:00.000Z";1768.87
"2026-04-09T05:24:00.000Z";"2026-04-09T05:27:00.000Z";1722.02
"2026-04-09T05:27:00.000Z";"2026-04-09T05:30:00.000Z";1665.89
"2026-04-09T05:30:00.000Z";"2026-04-09T05:33:00.000Z";1604.37
"2026-04-09T05:33:00.000Z";"2026-04-09T05:36:00.000Z";1559.54
"2026-04-09T05:36:00.000Z";"2026-04-09T05:39:00.000Z";1490.72
"2026-04-09T05:39:00.000Z";"2026-04-09T05:42:00.000Z";1412.06
"2026-04-09T05:42:00.000Z";"2026-04-09T05:45:00.000Z";1335.59
"2026-04-09T05:45:00.000Z";"2026-04-09T05:48:00.000Z";1251.22
"2026-04-09T05:48:00.000Z";"2026-04-09T05:51:00.000Z";1160.93
"2026-04-09T05:51:00.000Z";"2026-04-09T05:54:00.000Z";1079.9
"2026-04-09T05:54:00.000Z";"2026-04-09T05:57:00.000Z";1003.38
"2026-04-09T05:57:00.000Z";"2026-04-09T06:00:00.000Z";937.552
"2026-04-09T06:00:00.000Z";"2026-04-09T06:03:00.000Z";873.733
"2026-04-09T06:03:00.000Z";"2026-04-09T06:06:00.000Z";818.703
"2026-04-09T06:06:00.000Z";"2026-04-09T06:09:00.000Z";772.858
"2026-04-09T06:09:00.000Z";"2026-04-09T06:12:00.000Z";714.672
"2026-04-09T06:12:00.000Z";"2026-04-09T06:15:00.000Z";657.014
"2026-04-09T06:15:00.000Z";"2026-04-09T06:18:00.000Z";604.694
"2026-04-09T06:18:00.000Z";"2026-04-09T06:21:00.000Z";563.535
"2026-04-09T06:21:00.000Z";"2026-04-09T06:24:00.000Z";532.375
"2026-04-09T06:24:00.000Z";"2026-04-09T06:27:00.000Z";510.868
"2026-04-09T06:27:00.000Z";"2026-04-09T06:30:00.000Z";472.868
"2026-04-09T06:30:00.000Z";"2026-04-09T06:33:00.000Z";456.189
"2026-04-09T06:33:00.000Z";"2026-04-09T06:36:00.000Z";435.177
"2026-04-09T06:36:00.000Z";"2026-04-09T06:39:00.000Z";407.192
"2026-04-09T06:39:00.000Z";"2026-04-09T06:42:00.000Z";390.337
"2026-04-09T06:42:00.000Z";"2026-04-09T06:45:00.000Z";377.519
"2026-04-09T06:45:00.000Z";"2026-04-09T06:48:00.000Z";359.505
"2026-04-09T06:48:00.000Z";"2026-04-09T06:51:00.000Z";343
"2026-04-09T06:51:00.000Z";"2026-04-09T06:54:00.000Z";328.34
"2026-04-09T06:54:00.000Z";"2026-04-09T06:57:00.000Z";314.168
"2026-04-09T06:57:00.000Z";"2026-04-09T07:00:00.000Z";305.86
"2026-04-09T07:00:00.000Z";"2026-04-09T07:03:00.000Z";297.5
"2026-04-09T07:03:00.000Z";"2026-04-09T07:06:00.000Z";297.498
"2026-04-09T07:06:00.000Z";"2026-04-09T07:09:00.000Z";277.013
"2026-04-09T07:09:00.000Z";"2026-04-09T07:12:00.000Z";273.833
"2026-04-09T07:12:00.000Z";"2026-04-09T07:15:00.000Z";267.855
"2026-04-09T07:15:00.000Z";"2026-04-09T07:18:00.000Z";263.148
"2026-04-09T07:18:00.000Z";"2026-04-09T07:21:00.000Z";256.677
"2026-04-09T07:21:00.000Z";"2026-04-09T07:24:00.000Z";247.169
"2026-04-09T07:24:00.000Z";"2026-04-09T07:27:00.000Z";244.507
"2026-04-09T07:27:00.000Z";"2026-04-09T07:30:00.000Z";239.674
"2026-04-09T07:30:00.000Z";"2026-04-09T07:33:00.000Z";231.659
"2026-04-09T07:33:00.000Z";"2026-04-09T07:36:00.000Z";231.833
"2026-04-09T07:36:00.000Z";"2026-04-09T07:39:00.000Z";235.327
"2026-04-09T07:39:00.000Z";"2026-04-09T07:42:00.000Z";236.003
"2026-04-09T07:42:00.000Z";"2026-04-09T07:45:00.000Z";232.181
"2026-04-09T07:45:00.000Z";"2026-04-09T07:48:00.000Z";234.659
"2026-04-09T07:48:00.000Z";"2026-04-09T07:51:00.000Z";232.843
"2026-04-09T07:51:00.000Z";"2026-04-09T07:54:00.000Z";237.165
"2026-04-09T07:54:00.000Z";"2026-04-09T07:57:00.000Z";233.831
"2026-04-09T07:57:00.000Z";"2026-04-09T08:00:00.000Z";240.67
"2026-04-09T08:00:00.000Z";"2026-04-09T08:03:00.000Z";236.333
"2026-04-09T08:03:00.000Z";"2026-04-09T08:06:00.000Z";234.999
"2026-04-09T08:06:00.000Z";"2026-04-09T08:09:00.000Z";235.835
"2026-04-09T08:09:00.000Z";"2026-04-09T08:12:00.000Z";238.172
"2026-04-09T08:12:00.000Z";"2026-04-09T08:15:00.000Z";234.335
"2026-04-09T08:15:00.000Z";"2026-04-09T08:18:00.000Z";241.829
"2026-04-09T08:18:00.000Z";"2026-04-09T08:21:00.000Z";239
"2026-04-09T08:21:00.000Z";"2026-04-09T08:24:00.000Z";239.339
"2026-04-09T08:24:00.000Z";"2026-04-09T08:27:00.000Z";236.493
"2026-04-09T08:27:00.000Z";"2026-04-09T08:30:00.000Z";237.828
"2026-04-09T08:30:00.000Z";"2026-04-09T08:33:00.000Z";237.172
"2026-04-09T08:33:00.000Z";"2026-04-09T08:36:00.000Z";235.664
"2026-04-09T08:36:00.000Z";"2026-04-09T08:39:00.000Z";231.336
"2026-04-09T08:39:00.000Z";"2026-04-09T08:42:00.000Z";231.67
"2026-04-09T08:42:00.000Z";"2026-04-09T08:45:00.000Z";222.34
"2026-04-09T08:45:00.000Z";"2026-04-09T08:48:00.000Z";226.16
"2026-04-09T08:48:00.000Z";"2026-04-09T08:51:00.000Z";228.168
"2026-04-09T08:51:00.000Z";"2026-04-09T08:54:00.000Z";228.171
"2026-04-09T08:54:00.000Z";"2026-04-09T08:57:00.000Z";231.995
"2026-04-09T08:57:00.000Z";"2026-04-09T09:00:00.000Z";235.329
"2026-04-09T09:00:00.000Z";"2026-04-09T09:03:00.000Z";248.322
"2026-04-09T09:03:00.000Z";"2026-04-09T09:06:00.000Z";256.325
"2026-04-09T09:06:00.000Z";"2026-04-09T09:09:00.000Z";262.999
"2026-04-09T09:09:00.000Z";"2026-04-09T09:12:00.000Z";266.672
"2026-04-09T09:12:00.000Z";"2026-04-09T09:15:00.000Z";272.503
"2026-04-09T09:15:00.000Z";"2026-04-09T09:18:00.000Z";286.494
"2026-04-09T09:18:00.000Z";"2026-04-09T09:21:00.000Z";292.507
"2026-04-09T09:21:00.000Z";"2026-04-09T09:24:00.000Z";299.665
"2026-04-09T09:24:00.000Z";"2026-04-09T09:27:00.000Z";304.321
"2026-04-09T09:27:00.000Z";"2026-04-09T09:30:00.000Z";321.456
"2026-04-09T09:30:00.000Z";"2026-04-09T09:33:00.000Z";324.667
"2026-04-09T09:33:00.000Z";"2026-04-09T09:36:00.000Z";341.325
"2026-04-09T09:36:00.000Z";"2026-04-09T09:39:00.000Z";348.493
"2026-04-09T09:39:00.000Z";"2026-04-09T09:42:00.000Z";348.164
"2026-04-09T09:42:00.000Z";"2026-04-09T09:45:00.000Z";359.824
"2026-04-09T09:45:00.000Z";"2026-04-09T09:48:00.000Z";365.652
"2026-04-09T09:48:00.000Z";"2026-04-09T09:51:00.000Z";366.995
"2026-04-09T09:51:00.000Z";"2026-04-09T09:54:00.000Z";385.158
"2026-04-09T09:54:00.000Z";"2026-04-09T09:57:00.000Z";393.81
"2026-04-09T09:57:00.000Z";"2026-04-09T10:00:00.000Z";406.171
"2026-04-09T10:00:00.000Z";"2026-04-09T10:03:00.000Z";392.188
"2026-04-09T10:03:00.000Z";"2026-04-09T10:06:00.000Z";401.994
"2026-04-09T10:06:00.000Z";"2026-04-09T10:09:00.000Z";402.326
"2026-04-09T10:09:00.000Z";"2026-04-09T10:12:00.000Z";413.656
"2026-04-09T10:12:00.000Z";"2026-04-09T10:15:00.000Z";420.171
"2026-04-09T10:15:00.000Z";"2026-04-09T10:18:00.000Z";409.675
"2026-04-09T10:18:00.000Z";"2026-04-09T10:21:00.000Z";416.669
"2026-04-09T10:21:00.000Z";"2026-04-09T10:24:00.000Z";420.813
"2026-04-09T10:24:00.000Z";"2026-04-09T10:27:00.000Z";435.811
"2026-04-09T10:27:00.000Z";"2026-04-09T10:30:00.000Z";442.824
"2026-04-09T10:30:00.000Z";"2026-04-09T10:33:00.000Z";462.661
"2026-04-09T10:33:00.000Z";"2026-04-09T10:36:00.000Z";477.66
"2026-04-09T10:36:00.000Z";"2026-04-09T10:39:00.000Z";480.832
"2026-04-09T10:39:00.000Z";"2026-04-09T10:42:00.000Z";481.001
"2026-04-09T10:42:00.000Z";"2026-04-09T10:45:00.000Z";478.019
"2026-04-09T10:45:00.000Z";"2026-04-09T10:48:00.000Z";477.164
"2026-04-09T10:48:00.000Z";"2026-04-09T10:51:00.000Z";478.159
"2026-04-09T10:51:00.000Z";"2026-04-09T10:54:00.000Z";493.322
"2026-04-09T10:54:00.000Z";"2026-04-09T10:57:00.000Z";488.709
"2026-04-09T10:57:00.000Z";"2026-04-09T11:00:00.000Z";487.672
"2026-04-09T11:00:00.000Z";"2026-04-09T11:03:00.000Z";501.832
"2026-04-09T11:03:00.000Z";"2026-04-09T11:06:00.000Z";504.833
"2026-04-09T11:06:00.000Z";"2026-04-09T11:09:00.000Z";510.66
"2026-04-09T11:09:00.000Z";"2026-04-09T11:12:00.000Z";501.161
"2026-04-09T11:12:00.000Z";"2026-04-09T11:15:00.000Z";499.674
"2026-04-09T11:15:00.000Z";"2026-04-09T11:18:00.000Z";501.497
"2026-04-09T11:18:00.000Z";"2026-04-09T11:21:00.000Z";512.831
"2026-04-09T11:21:00.000Z";"2026-04-09T11:24:00.000Z";516.819
"2026-04-09T11:24:00.000Z";"2026-04-09T11:27:00.000Z";521.825
"2026-04-09T11:27:00.000Z";"2026-04-09T11:30:00.000Z";527.158
"2026-04-09T11:30:00.000Z";"2026-04-09T11:33:00.000Z";544.99
"2026-04-09T11:33:00.000Z";"2026-04-09T11:36:00.000Z";542.64
"2026-04-09T11:36:00.000Z";"2026-04-09T11:39:00.000Z";548.832
"2026-04-09T11:39:00.000Z";"2026-04-09T11:42:00.000Z";541.336
"2026-04-09T11:42:00.000Z";"2026-04-09T11:45:00.000Z";547
"2026-04-09T11:45:00.000Z";"2026-04-09T11:48:00.000Z";540.669
"2026-04-09T11:48:00.000Z";"2026-04-09T11:51:00.000Z";538.826
"2026-04-09T11:51:00.000Z";"2026-04-09T11:54:00.000Z";546.155
"2026-04-09T11:54:00.000Z";"2026-04-09T11:57:00.000Z";552.16
"2026-04-09T11:57:00.000Z";"2026-04-09T12:00:00.000Z";549.505
"2026-04-09T12:00:00.000Z";"2026-04-09T12:03:00.000Z";559.995
"2026-04-09T12:03:00.000Z";"2026-04-09T12:06:00.000Z";572.982
"2026-04-09T12:06:00.000Z";"2026-04-09T12:09:00.000Z";581.977
"2026-04-09T12:09:00.000Z";"2026-04-09T12:12:00.000Z";583.166
"2026-04-09T12:12:00.000Z";"2026-04-09T12:15:00.000Z";593.841
"2026-04-09T12:15:00.000Z";"2026-04-09T12:18:00.000Z";594.337
"2026-04-09T12:18:00.000Z";"2026-04-09T12:21:00.000Z";598.34
"2026-04-09T12:21:00.000Z";"2026-04-09T12:24:00.000Z";603.333
"2026-04-09T12:24:00.000Z";"2026-04-09T12:27:00.000Z";611.637
"2026-04-09T12:27:00.000Z";"2026-04-09T12:30:00.000Z";611.829
"2026-04-09T12:30:00.000Z";"2026-04-09T12:33:00.000Z";611.838
"2026-04-09T12:33:00.000Z";"2026-04-09T12:36:00.000Z";614.153
"2026-04-09T12:36:00.000Z";"2026-04-09T12:39:00.000Z";613.177
"2026-04-09T12:39:00.000Z";"2026-04-09T12:42:00.000Z";604.004
"2026-04-09T12:42:00.000Z";"2026-04-09T12:45:00.000Z";603.17
"2026-04-09T12:45:00.000Z";"2026-04-09T12:48:00.000Z";598.331
"2026-04-09T12:48:00.000Z";"2026-04-09T12:51:00.000Z";597.822
"2026-04-09T12:51:00.000Z";"2026-04-09T12:54:00.000Z";604.165
"2026-04-09T12:54:00.000Z";"2026-04-09T12:57:00.000Z";616.969
"2026-04-09T12:57:00.000Z";"2026-04-09T13:00:00.000Z";617.176
"2026-04-09T13:00:00.000Z";"2026-04-09T13:03:00.000Z";608.009
"2026-04-09T13:03:00.000Z";"2026-04-09T13:06:00.000Z";609.685
"2026-04-09T13:06:00.000Z";"2026-04-09T13:09:00.000Z";614.975
"2026-04-09T13:09:00.000Z";"2026-04-09T13:12:00.000Z";628.003
"2026-04-09T13:12:00.000Z";"2026-04-09T13:15:00.000Z";627.512
"2026-04-09T13:15:00.000Z";"2026-04-09T13:18:00.000Z";644.737
"2026-04-09T13:18:00.000Z";"2026-04-09T13:21:00.000Z";678.817
"2026-04-09T13:21:00.000Z";"2026-04-09T13:24:00.000Z";687.328
"2026-04-09T13:24:00.000Z";"2026-04-09T13:27:00.000Z";700.826
"2026-04-09T13:27:00.000Z";"2026-04-09T13:30:00.000Z";689.534
"2026-04-09T13:30:00.000Z";"2026-04-09T13:33:00.000Z";700.655
"2026-04-09T13:33:00.000Z";"2026-04-09T13:36:00.000Z";717.341
"2026-04-09T13:36:00.000Z";"2026-04-09T13:39:00.000Z";715.014
"2026-04-09T13:39:00.000Z";"2026-04-09T13:42:00.000Z";718.658
"2026-04-09T13:42:00.000Z";"2026-04-09T13:45:00.000Z";731.012
"2026-04-09T13:45:00.000Z";"2026-04-09T13:48:00.000Z";728.838
"2026-04-09T13:48:00.000Z";"2026-04-09T13:51:00.000Z";730.5
"2026-04-09T13:51:00.000Z";"2026-04-09T13:54:00.000Z";740.67
"2026-04-09T13:54:00.000Z";"2026-04-09T13:57:00.000Z";729.018
"2026-04-09T13:57:00.000Z";"2026-04-09T14:00:00.000Z";742.466
"2026-04-09T14:00:00.000Z";"2026-04-09T14:03:00.000Z";730.658
"2026-04-09T14:03:00.000Z";"2026-04-09T14:06:00.000Z";742.988
"2026-04-09T14:06:00.000Z";"2026-04-09T14:09:00.000Z";743.005
"2026-04-09T14:09:00.000Z";"2026-04-09T14:12:00.000Z";744.659
"2026-04-09T14:12:00.000Z";"2026-04-09T14:15:00.000Z";733.175
"2026-04-09T14:15:00.000Z";"2026-04-09T14:18:00.000Z";746.993
"2026-04-09T14:18:00.000Z";"2026-04-09T14:21:00.000Z";730.335
"2026-04-09T14:21:00.000Z";"2026-04-09T14:24:00.000Z";732.365
"2026-04-09T14:24:00.000Z";"2026-04-09T14:27:00.000Z";720.257
"2026-04-09T14:27:00.000Z";"2026-04-09T14:30:00.000Z";726.461
"2026-04-09T14:30:00.000Z";"2026-04-09T14:33:00.000Z";708.166
"2026-04-09T14:33:00.000Z";"2026-04-09T14:36:00.000Z";709.99
"2026-04-09T14:36:00.000Z";"2026-04-09T14:39:00.000Z";702.787
"2026-04-09T14:39:00.000Z";"2026-04-09T14:42:00.000Z";729.632
"2026-04-09T14:42:00.000Z";"2026-04-09T14:45:00.000Z";754.336
"2026-04-09T14:45:00.000Z";"2026-04-09T14:48:00.000Z";737.83
"2026-04-09T14:48:00.000Z";"2026-04-09T14:51:00.000Z";743.664
"2026-04-09T14:51:00.000Z";"2026-04-09T14:54:00.000Z";739.487
"2026-04-09T14:54:00.000Z";"2026-04-09T14:57:00.000Z";742.183
"2026-04-09T14:57:00.000Z";"2026-04-09T15:00:00.000Z";744.483
"2026-04-09T15:00:00.000Z";"2026-04-09T15:03:00.000Z";746.351
"2026-04-09T15:03:00.000Z";"2026-04-09T15:06:00.000Z";753.331
"2026-04-09T15:06:00.000Z";"2026-04-09T15:09:00.000Z";748.671
"2026-04-09T15:09:00.000Z";"2026-04-09T15:12:00.000Z";734.341
"2026-04-09T15:12:00.000Z";"2026-04-09T15:15:00.000Z";721.35
"2026-04-09T15:15:00.000Z";"2026-04-09T15:18:00.000Z";720.334
"2026-04-09T15:18:00.000Z";"2026-04-09T15:21:00.000Z";709.849
"2026-04-09T15:21:00.000Z";"2026-04-09T15:24:00.000Z";712.989
"2026-04-09T15:24:00.000Z";"2026-04-09T15:27:00.000Z";707.672
"2026-04-09T15:27:00.000Z";"2026-04-09T15:30:00.000Z";720.326
"2026-04-09T15:30:00.000Z";"2026-04-09T15:33:00.000Z";731.496
"2026-04-09T15:33:00.000Z";"2026-04-09T15:36:00.000Z";722.183
"2026-04-09T15:36:00.000Z";"2026-04-09T15:39:00.000Z";728.824
"2026-04-09T15:39:00.000Z";"2026-04-09T15:42:00.000Z";730.51
"2026-04-09T15:42:00.000Z";"2026-04-09T15:45:00.000Z";728.172
"2026-04-09T15:45:00.000Z";"2026-04-09T15:48:00.000Z";744.986
"2026-04-09T15:48:00.000Z";"2026-04-09T15:51:00.000Z";749.153
"2026-04-09T15:51:00.000Z";"2026-04-09T15:54:00.000Z";744.847
"2026-04-09T15:54:00.000Z";"2026-04-09T15:57:00.000Z";744.824
"2026-04-09T15:57:00.000Z";"2026-04-09T16:00:00.000Z";750.67
"2026-04-09T16:00:00.000Z";"2026-04-09T16:03:00.000Z";746.655
"2026-04-09T16:03:00.000Z";"2026-04-09T16:06:00.000Z";763.507
"2026-04-09T16:06:00.000Z";"2026-04-09T16:09:00.000Z";769.491
"2026-04-09T16:09:00.000Z";"2026-04-09T16:12:00.000Z";774.484
"2026-04-09T16:12:00.000Z";"2026-04-09T16:15:00.000Z";795.833
"2026-04-09T16:15:00.000Z";"2026-04-09T16:18:00.000Z";798.152
"2026-04-09T16:18:00.000Z";"2026-04-09T16:21:00.000Z";814.157
"2026-04-09T16:21:00.000Z";"2026-04-09T16:24:00.000Z";831.667
"2026-04-09T16:24:00.000Z";"2026-04-09T16:27:00.000Z";845.171
"2026-04-09T16:27:00.000Z";"2026-04-09T16:30:00.000Z";868.663
"2026-04-09T16:30:00.000Z";"2026-04-09T16:33:00.000Z";895.307
"2026-04-09T16:33:00.000Z";"2026-04-09T16:36:00.000Z";926.164
"2026-04-09T16:36:00.000Z";"2026-04-09T16:39:00.000Z";958.148
"2026-04-09T16:39:00.000Z";"2026-04-09T16:42:00.000Z";987.971
"2026-04-09T16:42:00.000Z";"2026-04-09T16:45:00.000Z";1019.31
"2026-04-09T16:45:00.000Z";"2026-04-09T16:48:00.000Z";1052.8
"2026-04-09T16:48:00.000Z";"2026-04-09T16:51:00.000Z";1079.49
"2026-04-09T16:51:00.000Z";"2026-04-09T16:54:00.000Z";1110.96
"2026-04-09T16:54:00.000Z";"2026-04-09T16:57:00.000Z";1165.12
"2026-04-09T16:57:00.000Z";"2026-04-09T17:00:00.000Z";1214.81
"2026-04-09T17:00:00.000Z";"2026-04-09T17:03:00.000Z";1275.31
"2026-04-09T17:03:00.000Z";"2026-04-09T17:06:00.000Z";1331.61
"2026-04-09T17:06:00.000Z";"2026-04-09T17:09:00.000Z";1374.97
"2026-04-09T17:09:00.000Z";"2026-04-09T17:12:00.000Z";1421.94
"2026-04-09T17:12:00.000Z";"2026-04-09T17:15:00.000Z";1467.8
"2026-04-09T17:15:00.000Z";"2026-04-09T17:18:00.000Z";1519.62
"2026-04-09T17:18:00.000Z";"2026-04-09T17:21:00.000Z";1579.96
"2026-04-09T17:21:00.000Z";"2026-04-09T17:24:00.000Z";1651.79
"2026-04-09T17:24:00.000Z";"2026-04-09T17:27:00.000Z";1726.77
"2026-04-09T17:27:00.000Z";"2026-04-09T17:30:00.000Z";1795.95
"2026-04-09T17:30:00.000Z";"2026-04-09T17:33:00.000Z";1845.64
"2026-04-09T17:33:00.000Z";"2026-04-09T17:36:00.000Z";1904.26
"2026-04-09T17:36:00.000Z";"2026-04-09T17:39:00.000Z";1966.62
"2026-04-09T17:39:00.000Z";"2026-04-09T17:42:00.000Z";2027.61
"2026-04-09T17:42:00.000Z";"2026-04-09T17:45:00.000Z";2091.77
"2026-04-09T17:45:00.000Z";"2026-04-09T17:48:00.000Z";2151.98
"2026-04-09T17:48:00.000Z";"2026-04-09T17:51:00.000Z";2214.13
"2026-04-09T17:51:00.000Z";"2026-04-09T17:54:00.000Z";2266.42
"2026-04-09T17:54:00.000Z";"2026-04-09T17:57:00.000Z";2336.28
"2026-04-09T17:57:00.000Z";"2026-04-09T18:00:00.000Z";2387.13
"2026-04-09T18:00:00.000Z";"2026-04-09T18:03:00.000Z";2471.62
"2026-04-09T18:03:00.000Z";"2026-04-09T18:06:00.000Z";2545.49
"2026-04-09T18:06:00.000Z";"2026-04-09T18:09:00.000Z";2571.94
"2026-04-09T18:09:00.000Z";"2026-04-09T18:12:00.000Z";2622.44
"2026-04-09T18:12:00.000Z";"2026-04-09T18:15:00.000Z";2712.23
"2026-04-09T18:15:00.000Z";"2026-04-09T18:18:00.000Z";2774.97
"2026-04-09T18:18:00.000Z";"2026-04-09T18:21:00.000Z";2823.97
"2026-04-09T18:21:00.000Z";"2026-04-09T18:24:00.000Z";2872.28
"2026-04-09T18:24:00.000Z";"2026-04-09T18:27:00.000Z";2921.92
"2026-04-09T18:27:00.000Z";"2026-04-09T18:30:00.000Z";2985.64
"2026-04-09T18:30:00.000Z";"2026-04-09T18:33:00.000Z";3040.08
"2026-04-09T18:33:00.000Z";"2026-04-09T18:36:00.000Z";3090.11
"2026-04-09T18:36:00.000Z";"2026-04-09T18:39:00.000Z";3144.65
"2026-04-09T18:39:00.000Z";"2026-04-09T18:42:00.000Z";3193.13
"2026-04-09T18:42:00.000Z";"2026-04-09T18:45:00.000Z";3238.47
"2026-04-09T18:45:00.000Z";"2026-04-09T18:48:00.000Z";3279.96
"2026-04-09T18:48:00.000Z";"2026-04-09T18:51:00.000Z";3327.75
"2026-04-09T18:51:00.000Z";"2026-04-09T18:54:00.000Z";3380.15
"2026-04-09T18:54:00.000Z";"2026-04-09T18:57:00.000Z";3415.48
"2026-04-09T18:57:00.000Z";"2026-04-09T19:00:00.000Z";3450.12
"2026-04-09T19:00:00.000Z";"2026-04-09T19:03:00.000Z";3532.38
"2026-04-09T19:03:00.000Z";"2026-04-09T19:06:00.000Z";3646.8
"2026-04-09T19:06:00.000Z";"2026-04-09T19:09:00.000Z";3686.79
"2026-04-09T19:09:00.000Z";"2026-04-09T19:12:00.000Z";3750.1
"2026-04-09T19:12:00.000Z";"2026-04-09T19:15:00.000Z";3791.3
"2026-04-09T19:15:00.000Z";"2026-04-09T19:18:00.000Z";3826.13
"2026-04-09T19:18:00.000Z";"2026-04-09T19:21:00.000Z";3873.65
"2026-04-09T19:21:00.000Z";"2026-04-09T19:24:00.000Z";3896.65
"2026-04-09T19:24:00.000Z";"2026-04-09T19:27:00.000Z";3913.32
"2026-04-09T19:27:00.000Z";"2026-04-09T19:30:00.000Z";3949.14
"2026-04-09T19:30:00.000Z";"2026-04-09T19:33:00.000Z";3970.18
"2026-04-09T19:33:00.000Z";"2026-04-09T19:36:00.000Z";3973.97
"2026-04-09T19:36:00.000Z";"2026-04-09T19:39:00.000Z";3993.98
"2026-04-09T19:39:00.000Z";"2026-04-09T19:42:00.000Z";4017.65
"2026-04-09T19:42:00.000Z";"2026-04-09T19:45:00.000Z";4020.17
"2026-04-09T19:45:00.000Z";"2026-04-09T19:48:00.000Z";4043.32
"2026-04-09T19:48:00.000Z";"2026-04-09T19:51:00.000Z";4052.49
"2026-04-09T19:51:00.000Z";"2026-04-09T19:54:00.000Z";4078.16
"2026-04-09T19:54:00.000Z";"2026-04-09T19:57:00.000Z";4055.17
"2026-04-09T19:57:00.000Z";"2026-04-09T20:00:00.000Z";4053.83
"2026-04-09T20:00:00.000Z";"2026-04-09T20:03:00.000Z";4097.06
"2026-04-09T20:03:00.000Z";"2026-04-09T20:06:00.000Z";4035.06
"2026-04-09T20:06:00.000Z";"2026-04-09T20:09:00.000Z";4062.15
"2026-04-09T20:09:00.000Z";"2026-04-09T20:12:00.000Z";4081.81
"2026-04-09T20:12:00.000Z";"2026-04-09T20:15:00.000Z";4138.13
"2026-04-09T20:15:00.000Z";"2026-04-09T20:18:00.000Z";4184.6
"2026-04-09T20:18:00.000Z";"2026-04-09T20:21:00.000Z";4261.16
"2026-04-09T20:21:00.000Z";"2026-04-09T20:24:00.000Z";4275.81
"2026-04-09T20:24:00.000Z";"2026-04-09T20:27:00.000Z";4327.75
"2026-04-09T20:27:00.000Z";"2026-04-09T20:30:00.000Z";4376.48
"2026-04-09T20:30:00.000Z";"2026-04-09T20:33:00.000Z";4430.8
"2026-04-09T20:33:00.000Z";"2026-04-09T20:36:00.000Z";4471.15
"2026-04-09T20:36:00.000Z";"2026-04-09T20:39:00.000Z";4501.48
"2026-04-09T20:39:00.000Z";"2026-04-09T20:42:00.000Z";4532.6
"2026-04-09T20:42:00.000Z";"2026-04-09T20:45:00.000Z";4553.98
"2026-04-09T20:45:00.000Z";"2026-04-09T20:48:00.000Z";4592.26
"2026-04-09T20:48:00.000Z";"2026-04-09T20:51:00.000Z";4630.34
"2026-04-09T20:51:00.000Z";"2026-04-09T20:54:00.000Z";4646.32
"2026-04-09T20:54:00.000Z";"2026-04-09T20:57:00.000Z";4676.79
"2026-04-09T20:57:00.000Z";"2026-04-09T21:00:00.000Z";4722.48
"2026-04-09T21:00:00.000Z";"2026-04-09T21:03:00.000Z";4728.2
"2026-04-09T21:03:00.000Z";"2026-04-09T21:06:00.000Z";4696.84
"2026-04-09T21:06:00.000Z";"2026-04-09T21:09:00.000Z";4711.33
"2026-04-09T21:09:00.000Z";"2026-04-09T21:12:00.000Z";4738.29
"2026-04-09T21:12:00.000Z";"2026-04-09T21:15:00.000Z";4774.47
"2026-04-09T21:15:00.000Z";"2026-04-09T21:18:00.000Z";4793.16
"2026-04-09T21:18:00.000Z";"2026-04-09T21:21:00.000Z";4778.26
"2026-04-09T21:21:00.000Z";"2026-04-09T21:24:00.000Z";4823.75
"2026-04-09T21:24:00.000Z";"2026-04-09T21:27:00.000Z";4852
"2026-04-09T21:27:00.000Z";"2026-04-09T21:30:00.000Z";4866.31
"2026-04-09T21:30:00.000Z";"2026-04-09T21:33:00.000Z";4901.77
"2026-04-09T21:33:00.000Z";"2026-04-09T21:36:00.000Z";4929.34
"2026-04-09T21:36:00.000Z";"2026-04-09T21:39:00.000Z";4940.65
"2026-04-09T21:39:00.000Z";"2026-04-09T21:42:00.000Z";4961.48
"2026-04-09T21:42:00.000Z";"2026-04-09T21:45:00.000Z";4986.66
"2026-04-09T21:45:00.000Z";"2026-04-09T21:48:00.000Z";5063.35
"2026-04-09T21:48:00.000Z";"2026-04-09T21:51:00.000Z";5125.44
"2026-04-09T21:51:00.000Z";"2026-04-09T21:54:00.000Z";5138.66
"2026-04-09T21:54:00.000Z";"2026-04-09T21:57:00.000Z";5141.82
"2026-04-09T21:57:00.000Z";"2026-04-09T22:00:00.000Z";5166.61
"2026-04-09T22:00:00.000Z";"2026-04-09T22:03:00.000Z";5164.67
"2026-04-09T22:03:00.000Z";"2026-04-09T22:06:00.000Z";5187.68
"2026-04-09T22:06:00.000Z";"2026-04-09T22:09:00.000Z";5234.51
"2026-04-09T22:09:00.000Z";"2026-04-09T22:12:00.000Z";5230.84
"2026-04-09T22:12:00.000Z";"2026-04-09T22:15:00.000Z";5260.98
"2026-04-09T22:15:00.000Z";"2026-04-09T22:18:00.000Z";5283.83
"2026-04-09T22:18:00.000Z";"2026-04-09T22:21:00.000Z";5285.65
"2026-04-09T22:21:00.000Z";"2026-04-09T22:24:00.000Z";5307.99
"2026-04-09T22:24:00.000Z";"2026-04-09T22:27:00.000Z";5308.68
"2026-04-09T22:27:00.000Z";"2026-04-09T22:30:00.000Z";5290.87
"2026-04-09T22:30:00.000Z";"2026-04-09T22:33:00.000Z";5044.33
"2026-04-09T22:33:00.000Z";"2026-04-09T22:36:00.000Z";4756.93
"2026-04-09T22:36:00.000Z";"2026-04-09T22:39:00.000Z";4696.19
"2026-04-09T22:39:00.000Z";"2026-04-09T22:42:00.000Z";4659.68
"2026-04-09T22:42:00.000Z";"2026-04-09T22:45:00.000Z";4661.83
"2026-04-09T22:45:00.000Z";"2026-04-09T22:48:00.000Z";4682.32
"2026-04-09T22:48:00.000Z";"2026-04-09T22:51:00.000Z";4725.81
"2026-04-09T22:51:00.000Z";"2026-04-09T22:54:00.000Z";4738.34
"2026-04-09T22:54:00.000Z";"2026-04-09T22:57:00.000Z";4742.33
"2026-04-09T22:57:00.000Z";"2026-04-09T23:00:00.000Z";4767.8
"2026-04-09T23:00:00.000Z";"2026-04-09T23:03:00.000Z";4816.16
"2026-04-09T23:03:00.000Z";"2026-04-09T23:06:00.000Z";4872.18
"2026-04-09T23:06:00.000Z";"2026-04-09T23:09:00.000Z";5077.81
"2026-04-09T23:09:00.000Z";"2026-04-09T23:12:00.000Z";5080.48
"2026-04-09T23:12:00.000Z";"2026-04-09T23:15:00.000Z";5074.84
"2026-04-09T23:15:00.000Z";"2026-04-09T23:18:00.000Z";4950.9
"2026-04-09T23:18:00.000Z";"2026-04-09T23:21:00.000Z";4817.19
"2026-04-09T23:21:00.000Z";"2026-04-09T23:24:00.000Z";4810.19
"2026-04-09T23:24:00.000Z";"2026-04-09T23:27:00.000Z";4808.33
"2026-04-09T23:27:00.000Z";"2026-04-09T23:30:00.000Z";4805.35
"2026-04-09T23:30:00.000Z";"2026-04-09T23:33:00.000Z";4811.96
"2026-04-09T23:33:00.000Z";"2026-04-09T23:36:00.000Z";4841.46
"2026-04-09T23:36:00.000Z";"2026-04-09T23:39:00.000Z";4915.46
"2026-04-09T23:39:00.000Z";"2026-04-09T23:42:00.000Z";4903.67
"2026-04-09T23:42:00.000Z";"2026-04-09T23:45:00.000Z";4903.99
"2026-04-09T23:45:00.000Z";"2026-04-09T23:48:00.000Z";4914.33
"2026-04-09T23:48:00.000Z";"2026-04-09T23:51:00.000Z";4937.59
"2026-04-09T23:51:00.000Z";"2026-04-09T23:54:00.000Z";5023.99
"2026-04-09T23:54:00.000Z";"2026-04-09T23:57:00.000Z";5019.01
"2026-04-09T23:57:00.000Z";"2026-04-10T00:00:00.000Z";5024.83
"2026-04-10T00:00:00.000Z";"2026-04-10T00:03:00.000Z";4951.02
"2026-04-10T00:03:00.000Z";"2026-04-10T00:06:00.000Z";4786.56
"2026-04-10T00:06:00.000Z";"2026-04-10T00:09:00.000Z";4789.49
"2026-04-10T00:09:00.000Z";"2026-04-10T00:12:00.000Z";4778.53
"2026-04-10T00:12:00.000Z";"2026-04-10T00:15:00.000Z";4747.03
"2026-04-10T00:15:00.000Z";"2026-04-10T00:18:00.000Z";4644.92
"2026-04-10T00:18:00.000Z";"2026-04-10T00:21:00.000Z";4580.87
"2026-04-10T00:21:00.000Z";"2026-04-10T00:24:00.000Z";4543.02
"2026-04-10T00:24:00.000Z";"2026-04-10T00:27:00.000Z";4544.33
"2026-04-10T00:27:00.000Z";"2026-04-10T00:30:00.000Z";4559.63
"2026-04-10T00:30:00.000Z";"2026-04-10T00:33:00.000Z";4611.96
"2026-04-10T00:33:00.000Z";"2026-04-10T00:36:00.000Z";4632.51
"2026-04-10T00:36:00.000Z";"2026-04-10T00:39:00.000Z";4640
"2026-04-10T00:39:00.000Z";"2026-04-10T00:42:00.000Z";4626.84
"2026-04-10T00:42:00.000Z";"2026-04-10T00:45:00.000Z";4596.55
"2026-04-10T00:45:00.000Z";"2026-04-10T00:48:00.000Z";4549.36
"2026-04-10T00:48:00.000Z";"2026-04-10T00:51:00.000Z";4500.03
"2026-04-10T00:51:00.000Z";"2026-04-10T00:54:00.000Z";4433.87
"2026-04-10T00:54:00.000Z";"2026-04-10T00:57:00.000Z";4409.34
"2026-04-10T00:57:00.000Z";"2026-04-10T01:00:00.000Z";4398.17
"2026-04-10T01:00:00.000Z";"2026-04-10T01:03:00.000Z";4417.32
"2026-04-10T01:03:00.000Z";"2026-04-10T01:06:00.000Z";4454.64
"2026-04-10T01:06:00.000Z";"2026-04-10T01:09:00.000Z";4451.01
"2026-04-10T01:09:00.000Z";"2026-04-10T01:12:00.000Z";4423.53
"2026-04-10T01:12:00.000Z";"2026-04-10T01:15:00.000Z";4405.67
"2026-04-10T01:15:00.000Z";"2026-04-10T01:18:00.000Z";4400.1
"2026-04-10T01:18:00.000Z";"2026-04-10T01:21:00.000Z";4403.35
"2026-04-10T01:21:00.000Z";"2026-04-10T01:24:00.000Z";4396.67
"2026-04-10T01:24:00.000Z";"2026-04-10T01:27:00.000Z";4383.02
"2026-04-10T01:27:00.000Z";"2026-04-10T01:30:00.000Z";4375.33
"2026-04-10T01:30:00.000Z";"2026-04-10T01:33:00.000Z";4364.02
"2026-04-10T01:33:00.000Z";"2026-04-10T01:36:00.000Z";4324.21
"2026-04-10T01:36:00.000Z";"2026-04-10T01:39:00.000Z";4313.5
"2026-04-10T01:39:00.000Z";"2026-04-10T01:42:00.000Z";4314.66
"2026-04-10T01:42:00.000Z";"2026-04-10T01:45:00.000Z";4288.88
"2026-04-10T01:45:00.000Z";"2026-04-10T01:48:00.000Z";4245.03
"2026-04-10T01:48:00.000Z";"2026-04-10T01:51:00.000Z";4260.28
"2026-04-10T01:51:00.000Z";"2026-04-10T01:54:00.000Z";4251.19
"2026-04-10T01:54:00.000Z";"2026-04-10T01:57:00.000Z";4204.03
"2026-04-10T01:57:00.000Z";"2026-04-10T02:00:00.000Z";4110.38
"2026-04-10T02:00:00.000Z";"2026-04-10T02:03:00.000Z";4012.88
"2026-04-10T02:03:00.000Z";"2026-04-10T02:06:00.000Z";3910.57
"2026-04-10T02:06:00.000Z";"2026-04-10T02:09:00.000Z";3877.17
"2026-04-10T02:09:00.000Z";"2026-04-10T02:12:00.000Z";3872.35
"2026-04-10T02:12:00.000Z";"2026-04-10T02:15:00.000Z";3872
"2026-04-10T02:15:00.000Z";"2026-04-10T02:18:00.000Z";3913.12
"2026-04-10T02:18:00.000Z";"2026-04-10T02:21:00.000Z";3962.14
"2026-04-10T02:21:00.000Z";"2026-04-10T02:24:00.000Z";3999.49
"2026-04-10T02:24:00.000Z";"2026-04-10T02:27:00.000Z";3964.38
"2026-04-10T02:27:00.000Z";"2026-04-10T02:30:00.000Z";3935.19
"2026-04-10T02:30:00.000Z";"2026-04-10T02:33:00.000Z";3913.18
"2026-04-10T02:33:00.000Z";"2026-04-10T02:36:00.000Z";3870.5
"2026-04-10T02:36:00.000Z";"2026-04-10T02:39:00.000Z";3870.52
"2026-04-10T02:39:00.000Z";"2026-04-10T02:42:00.000Z";3814.54
"2026-04-10T02:42:00.000Z";"2026-04-10T02:45:00.000Z";3769.53
"2026-04-10T02:45:00.000Z";"2026-04-10T02:48:00.000Z";3724.68
"2026-04-10T02:48:00.000Z";"2026-04-10T02:51:00.000Z";3698.18
"2026-04-10T02:51:00.000Z";"2026-04-10T02:54:00.000Z";3636.91
"2026-04-10T02:54:00.000Z";"2026-04-10T02:57:00.000Z";3578.54
"2026-04-10T02:57:00.000Z";"2026-04-10T03:00:00.000Z";3582.29
"2026-04-10T03:00:00.000Z";"2026-04-10T03:03:00.000Z";3614.71
"2026-04-10T03:03:00.000Z";"2026-04-10T03:06:00.000Z";3664.96
"2026-04-10T03:06:00.000Z";"2026-04-10T03:09:00.000Z";3835.49
"2026-04-10T03:09:00.000Z";"2026-04-10T03:12:00.000Z";3799.86
"2026-04-10T03:12:00.000Z";"2026-04-10T03:15:00.000Z";3760.17
"2026-04-10T03:15:00.000Z";"2026-04-10T03:18:00.000Z";3752.47
"2026-04-10T03:18:00.000Z";"2026-04-10T03:21:00.000Z";3768.7
"2026-04-10T03:21:00.000Z";"2026-04-10T03:24:00.000Z";3729.7
"2026-04-10T03:24:00.000Z";"2026-04-10T03:27:00.000Z";3704.71
"2026-04-10T03:27:00.000Z";"2026-04-10T03:30:00.000Z";3674.7
"2026-04-10T03:30:00.000Z";"2026-04-10T03:33:00.000Z";3628.61
"2026-04-10T03:33:00.000Z";"2026-04-10T03:36:00.000Z";3585.37
"2026-04-10T03:36:00.000Z";"2026-04-10T03:39:00.000Z";3537.56
"2026-04-10T03:39:00.000Z";"2026-04-10T03:42:00.000Z";3495.54
"2026-04-10T03:42:00.000Z";"2026-04-10T03:45:00.000Z";3471.69
"2026-04-10T03:45:00.000Z";"2026-04-10T03:48:00.000Z";3442.54
"2026-04-10T03:48:00.000Z";"2026-04-10T03:51:00.000Z";3413.2
"2026-04-10T03:51:00.000Z";"2026-04-10T03:54:00.000Z";3387.36
"2026-04-10T03:54:00.000Z";"2026-04-10T03:57:00.000Z";3356.01
"2026-04-10T03:57:00.000Z";"2026-04-10T04:00:00.000Z";3347.66
"2026-04-10T04:00:00.000Z";"2026-04-10T04:03:00.000Z";3370.67
"2026-04-10T04:03:00.000Z";"2026-04-10T04:06:00.000Z";3457.59
"2026-04-10T04:06:00.000Z";"2026-04-10T04:09:00.000Z";3446.01
"2026-04-10T04:09:00.000Z";"2026-04-10T04:12:00.000Z";3412.53
"2026-04-10T04:12:00.000Z";"2026-04-10T04:15:00.000Z";3373.06
"2026-04-10T04:15:00.000Z";"2026-04-10T04:18:00.000Z";3307.15
"2026-04-10T04:18:00.000Z";"2026-04-10T04:21:00.000Z";3334.34
"2026-04-10T04:21:00.000Z";"2026-04-10T04:24:00.000Z";3252.27
"2026-04-10T04:24:00.000Z";"2026-04-10T04:27:00.000Z";3175.73
"2026-04-10T04:27:00.000Z";"2026-04-10T04:30:00.000Z";3122.04
"2026-04-10T04:30:00.000Z";"2026-04-10T04:33:00.000Z";3045.22
"2026-04-10T04:33:00.000Z";"2026-04-10T04:36:00.000Z";2966.52
"2026-04-10T04:36:00.000Z";"2026-04-10T04:39:00.000Z";2898.7
"2026-04-10T04:39:00.000Z";"2026-04-10T04:42:00.000Z";2842.54
"2026-04-10T04:42:00.000Z";"2026-04-10T04:45:00.000Z";2799.05
"2026-04-10T04:45:00.000Z";"2026-04-10T04:48:00.000Z";2740.71
"2026-04-10T04:48:00.000Z";"2026-04-10T04:51:00.000Z";2686.21
"2026-04-10T04:51:00.000Z";"2026-04-10T04:54:00.000Z";2620.74
"2026-04-10T04:54:00.000Z";"2026-04-10T04:57:00.000Z";2551.38
"2026-04-10T04:57:00.000Z";"2026-04-10T05:00:00.000Z";2485.73
"2026-04-10T05:00:00.000Z";"2026-04-10T05:03:00.000Z";2428.36
"2026-04-10T05:03:00.000Z";"2026-04-10T05:06:00.000Z";2386.01
"2026-04-10T05:06:00.000Z";"2026-04-10T05:09:00.000Z";2359.89
"2026-04-10T05:09:00.000Z";"2026-04-10T05:12:00.000Z";2299.87
"2026-04-10T05:12:00.000Z";"2026-04-10T05:15:00.000Z";2221.71
"2026-04-10T05:15:00.000Z";"2026-04-10T05:18:00.000Z";2154.05
"2026-04-10T05:18:00.000Z";"2026-04-10T05:21:00.000Z";2086.82
"2026-04-10T05:21:00.000Z";"2026-04-10T05:24:00.000Z";2007.73
"2026-04-10T05:24:00.000Z";"2026-04-10T05:27:00.000Z";1941.38
"2026-04-10T05:27:00.000Z";"2026-04-10T05:30:00.000Z";1873.09
"2026-04-10T05:30:00.000Z";"2026-04-10T05:33:00.000Z";1815.69
"2026-04-10T05:33:00.000Z";"2026-04-10T05:36:00.000Z";1734.38
"2026-04-10T05:36:00.000Z";"2026-04-10T05:39:00.000Z";1680.73
"2026-04-10T05:39:00.000Z";"2026-04-10T05:42:00.000Z";1624.73
"2026-04-10T05:42:00.000Z";"2026-04-10T05:45:00.000Z";1574.22
"2026-04-10T05:45:00.000Z";"2026-04-10T05:48:00.000Z";1529.53
"2026-04-10T05:48:00.000Z";"2026-04-10T05:51:00.000Z";1469.11
"2026-04-10T05:51:00.000Z";"2026-04-10T05:54:00.000Z";1394.55
"2026-04-10T05:54:00.000Z";"2026-04-10T05:57:00.000Z";1330.87
"2026-04-10T05:57:00.000Z";"2026-04-10T06:00:00.000Z";1265.86
"2026-04-10T06:00:00.000Z";"2026-04-10T06:03:00.000Z";1194.91
"2026-04-10T06:03:00.000Z";"2026-04-10T06:06:00.000Z";1129.73
"2026-04-10T06:06:00.000Z";"2026-04-10T06:09:00.000Z";1065.03
"2026-04-10T06:09:00.000Z";"2026-04-10T06:12:00.000Z";1010.36
"2026-04-10T06:12:00.000Z";"2026-04-10T06:15:00.000Z";953.182
"2026-04-10T06:15:00.000Z";"2026-04-10T06:18:00.000Z";891.387
"2026-04-10T06:18:00.000Z";"2026-04-10T06:21:00.000Z";830.37
"2026-04-10T06:21:00.000Z";"2026-04-10T06:24:00.000Z";772.553
"2026-04-10T06:24:00.000Z";"2026-04-10T06:27:00.000Z";733.855
"2026-04-10T06:27:00.000Z";"2026-04-10T06:30:00.000Z";687.715
"2026-04-10T06:30:00.000Z";"2026-04-10T06:33:00.000Z";637.406
"2026-04-10T06:33:00.000Z";"2026-04-10T06:36:00.000Z";612.013
"2026-04-10T06:36:00.000Z";"2026-04-10T06:39:00.000Z";566.852
"2026-04-10T06:39:00.000Z";"2026-04-10T06:42:00.000Z";533.545
"2026-04-10T06:42:00.000Z";"2026-04-10T06:45:00.000Z";495.342
"2026-04-10T06:45:00.000Z";"2026-04-10T06:48:00.000Z";467.039
"2026-04-10T06:48:00.000Z";"2026-04-10T06:51:00.000Z";441.502
"2026-04-10T06:51:00.000Z";"2026-04-10T06:54:00.000Z";429.344
"2026-04-10T06:54:00.000Z";"2026-04-10T06:57:00.000Z";407.165
"2026-04-10T06:57:00.000Z";"2026-04-10T07:00:00.000Z";392.999
"2026-04-10T07:00:00.000Z";"2026-04-10T07:03:00.000Z";385.511
"2026-04-10T07:03:00.000Z";"2026-04-10T07:06:00.000Z";370.34
"2026-04-10T07:06:00.000Z";"2026-04-10T07:09:00.000Z";357.668
"2026-04-10T07:09:00.000Z";"2026-04-10T07:12:00.000Z";360.318
"2026-04-10T07:12:00.000Z";"2026-04-10T07:15:00.000Z";363.15
"2026-04-10T07:15:00.000Z";"2026-04-10T07:18:00.000Z";359.621
"2026-04-10T07:18:00.000Z";"2026-04-10T07:21:00.000Z";349.674
"2026-04-10T07:21:00.000Z";"2026-04-10T07:24:00.000Z";354.49
"2026-04-10T07:24:00.000Z";"2026-04-10T07:27:00.000Z";363.661
"2026-04-10T07:27:00.000Z";"2026-04-10T07:30:00.000Z";370.46
"2026-04-10T07:30:00.000Z";"2026-04-10T07:33:00.000Z";380.837
"2026-04-10T07:33:00.000Z";"2026-04-10T07:36:00.000Z";374.492
"2026-04-10T07:36:00.000Z";"2026-04-10T07:39:00.000Z";384.829
"2026-04-10T07:39:00.000Z";"2026-04-10T07:42:00.000Z";394.66
"2026-04-10T07:42:00.000Z";"2026-04-10T07:45:00.000Z";412.137
"2026-04-10T07:45:00.000Z";"2026-04-10T07:48:00.000Z";431.502
"2026-04-10T07:48:00.000Z";"2026-04-10T07:51:00.000Z";426.498
"2026-04-10T07:51:00.000Z";"2026-04-10T07:54:00.000Z";444.651
"2026-04-10T07:54:00.000Z";"2026-04-10T07:57:00.000Z";453.496
"2026-04-10T07:57:00.000Z";"2026-04-10T08:00:00.000Z";454.141
"2026-04-10T08:00:00.000Z";"2026-04-10T08:03:00.000Z";471.156
"2026-04-10T08:03:00.000Z";"2026-04-10T08:06:00.000Z";482.99
"2026-04-10T08:06:00.000Z";"2026-04-10T08:09:00.000Z";497.653
"2026-04-10T08:09:00.000Z";"2026-04-10T08:12:00.000Z";504.83
"2026-04-10T08:12:00.000Z";"2026-04-10T08:15:00.000Z";520.495
"2026-04-10T08:15:00.000Z";"2026-04-10T08:18:00.000Z";522.503
"2026-04-10T08:18:00.000Z";"2026-04-10T08:21:00.000Z";524.494
"2026-04-10T08:21:00.000Z";"2026-04-10T08:24:00.000Z";532.166
"2026-04-10T08:24:00.000Z";"2026-04-10T08:27:00.000Z";525.676
"2026-04-10T08:27:00.000Z";"2026-04-10T08:30:00.000Z";539.829
"2026-04-10T08:30:00.000Z";"2026-04-10T08:33:00.000Z";534.499
"2026-04-10T08:33:00.000Z";"2026-04-10T08:36:00.000Z";515.85
"2026-04-10T08:36:00.000Z";"2026-04-10T08:39:00.000Z";508.176
"2026-04-10T08:39:00.000Z";"2026-04-10T08:42:00.000Z";494.319
"2026-04-10T08:42:00.000Z";"2026-04-10T08:45:00.000Z";503.827
"2026-04-10T08:45:00.000Z";"2026-04-10T08:48:00.000Z";496.684
"2026-04-10T08:48:00.000Z";"2026-04-10T08:51:00.000Z";501.173
"2026-04-10T08:51:00.000Z";"2026-04-10T08:54:00.000Z";497.004
"2026-04-10T08:54:00.000Z";"2026-04-10T08:57:00.000Z";498.669
"2026-04-10T08:57:00.000Z";"2026-04-10T09:00:00.000Z";502.304
"2026-04-10T09:00:00.000Z";"2026-04-10T09:03:00.000Z";498.83
"2026-04-10T09:03:00.000Z";"2026-04-10T09:06:00.000Z";514.157
"2026-04-10T09:06:00.000Z";"2026-04-10T09:09:00.000Z";530.333
"2026-04-10T09:09:00.000Z";"2026-04-10T09:12:00.000Z";534.14
"2026-04-10T09:12:00.000Z";"2026-04-10T09:15:00.000Z";539.819
"2026-04-10T09:15:00.000Z";"2026-04-10T09:18:00.000Z";533.353
"2026-04-10T09:18:00.000Z";"2026-04-10T09:21:00.000Z";535.481
"2026-04-10T09:21:00.000Z";"2026-04-10T09:24:00.000Z";540.353
"2026-04-10T09:24:00.000Z";"2026-04-10T09:27:00.000Z";529.673
"2026-04-10T09:27:00.000Z";"2026-04-10T09:30:00.000Z";551.815
"2026-04-10T09:30:00.000Z";"2026-04-10T09:33:00.000Z";553.5
"2026-04-10T09:33:00.000Z";"2026-04-10T09:36:00.000Z";561.143
"2026-04-10T09:36:00.000Z";"2026-04-10T09:39:00.000Z";560.667
"2026-04-10T09:39:00.000Z";"2026-04-10T09:42:00.000Z";547.036
"2026-04-10T09:42:00.000Z";"2026-04-10T09:45:00.000Z";537.841
"2026-04-10T09:45:00.000Z";"2026-04-10T09:48:00.000Z";522.665
"2026-04-10T09:48:00.000Z";"2026-04-10T09:51:00.000Z";517.008
"2026-04-10T09:51:00.000Z";"2026-04-10T09:54:00.000Z";518.684
"2026-04-10T09:54:00.000Z";"2026-04-10T09:57:00.000Z";522.479
"2026-04-10T09:57:00.000Z";"2026-04-10T10:00:00.000Z";533.668
"2026-04-10T10:00:00.000Z";"2026-04-10T10:03:00.000Z";521.646
"2026-04-10T10:03:00.000Z";"2026-04-10T10:06:00.000Z";526.656
"2026-04-10T10:06:00.000Z";"2026-04-10T10:09:00.000Z";560.317
"2026-04-10T10:09:00.000Z";"2026-04-10T10:12:00.000Z";560.498
"2026-04-10T10:12:00.000Z";"2026-04-10T10:15:00.000Z";566.487
"2026-04-10T10:15:00.000Z";"2026-04-10T10:18:00.000Z";553.702
"2026-04-10T10:18:00.000Z";"2026-04-10T10:21:00.000Z";526.066
"2026-04-10T10:21:00.000Z";"2026-04-10T10:24:00.000Z";519.82
"2026-04-10T10:24:00.000Z";"2026-04-10T10:27:00.000Z";534.824
"2026-04-10T10:27:00.000Z";"2026-04-10T10:30:00.000Z";536.821
"2026-04-10T10:30:00.000Z";"2026-04-10T10:33:00.000Z";530.491
"2026-04-10T10:33:00.000Z";"2026-04-10T10:36:00.000Z";540.959
"2026-04-10T10:36:00.000Z";"2026-04-10T10:39:00.000Z";584.842
"2026-04-10T10:39:00.000Z";"2026-04-10T10:42:00.000Z";561.682
"2026-04-10T10:42:00.000Z";"2026-04-10T10:45:00.000Z";560.28
"2026-04-10T10:45:00.000Z";"2026-04-10T10:48:00.000Z";555.676
"2026-04-10T10:48:00.000Z";"2026-04-10T10:51:00.000Z";549.158
"2026-04-10T10:51:00.000Z";"2026-04-10T10:54:00.000Z";557.332
"2026-04-10T10:54:00.000Z";"2026-04-10T10:57:00.000Z";552.507
"2026-04-10T10:57:00.000Z";"2026-04-10T11:00:00.000Z";532.01
"2026-04-10T11:00:00.000Z";"2026-04-10T11:03:00.000Z";558.984
"2026-04-10T11:03:00.000Z";"2026-04-10T11:06:00.000Z";518.36
"2026-04-10T11:06:00.000Z";"2026-04-10T11:09:00.000Z";512.512
"2026-04-10T11:09:00.000Z";"2026-04-10T11:12:00.000Z";522.837
"2026-04-10T11:12:00.000Z";"2026-04-10T11:15:00.000Z";530.636
"2026-04-10T11:15:00.000Z";"2026-04-10T11:18:00.000Z";498.54
"2026-04-10T11:18:00.000Z";"2026-04-10T11:21:00.000Z";470.177
"2026-04-10T11:21:00.000Z";"2026-04-10T11:24:00.000Z";463.333
"2026-04-10T11:24:00.000Z";"2026-04-10T11:27:00.000Z";463.642
"2026-04-10T11:27:00.000Z";"2026-04-10T11:30:00.000Z";455.498
"2026-04-10T11:30:00.000Z";"2026-04-10T11:33:00.000Z";468.997
"2026-04-10T11:33:00.000Z";"2026-04-10T11:36:00.000Z";475.484
"2026-04-10T11:36:00.000Z";"2026-04-10T11:39:00.000Z";512.162
"2026-04-10T11:39:00.000Z";"2026-04-10T11:42:00.000Z";509.836
"2026-04-10T11:42:00.000Z";"2026-04-10T11:45:00.000Z";500.505
"2026-04-10T11:45:00.000Z";"2026-04-10T11:48:00.000Z";478.008
"2026-04-10T11:48:00.000Z";"2026-04-10T11:51:00.000Z";480.663
"2026-04-10T11:51:00.000Z";"2026-04-10T11:54:00.000Z";498.836
"2026-04-10T11:54:00.000Z";"2026-04-10T11:57:00.000Z";493.328
"2026-04-10T11:57:00.000Z";"2026-04-10T12:00:00.000Z";496.838
"2026-04-10T12:00:00.000Z";"2026-04-10T12:03:00.000Z";487.501
"2026-04-10T12:03:00.000Z";"2026-04-10T12:06:00.000Z";512.678
"2026-04-10T12:06:00.000Z";"2026-04-10T12:09:00.000Z";530.811
"2026-04-10T12:09:00.000Z";"2026-04-10T12:12:00.000Z";530.012
"2026-04-10T12:12:00.000Z";"2026-04-10T12:15:00.000Z";529.827
"2026-04-10T12:15:00.000Z";"2026-04-10T12:18:00.000Z";535.997
"2026-04-10T12:18:00.000Z";"2026-04-10T12:21:00.000Z";525.178
"2026-04-10T12:21:00.000Z";"2026-04-10T12:24:00.000Z";524.329
"2026-04-10T12:24:00.000Z";"2026-04-10T12:27:00.000Z";519.664
"2026-04-10T12:27:00.000Z";"2026-04-10T12:30:00.000Z";519.996
"2026-04-10T12:30:00.000Z";"2026-04-10T12:33:00.000Z";516.704
"2026-04-10T12:33:00.000Z";"2026-04-10T12:36:00.000Z";509.521
"2026-04-10T12:36:00.000Z";"2026-04-10T12:39:00.000Z";490.676
"2026-04-10T12:39:00.000Z";"2026-04-10T12:42:00.000Z";487.979
"2026-04-10T12:42:00.000Z";"2026-04-10T12:45:00.000Z";492.842
"2026-04-10T12:45:00.000Z";"2026-04-10T12:48:00.000Z";496.662
"2026-04-10T12:48:00.000Z";"2026-04-10T12:51:00.000Z";494.677
"2026-04-10T12:51:00.000Z";"2026-04-10T12:54:00.000Z";483.172
"2026-04-10T12:54:00.000Z";"2026-04-10T12:57:00.000Z";475.677
"2026-04-10T12:57:00.000Z";"2026-04-10T13:00:00.000Z";465.67
"2026-04-10T13:00:00.000Z";"2026-04-10T13:03:00.000Z";461.498
"2026-04-10T13:03:00.000Z";"2026-04-10T13:06:00.000Z";458.666
"2026-04-10T13:06:00.000Z";"2026-04-10T13:09:00.000Z";474.323
"2026-04-10T13:09:00.000Z";"2026-04-10T13:12:00.000Z";476.84
"2026-04-10T13:12:00.000Z";"2026-04-10T13:15:00.000Z";474.336
"2026-04-10T13:15:00.000Z";"2026-04-10T13:18:00.000Z";479.67
"2026-04-10T13:18:00.000Z";"2026-04-10T13:21:00.000Z";468.681
"2026-04-10T13:21:00.000Z";"2026-04-10T13:24:00.000Z";473.991
"2026-04-10T13:24:00.000Z";"2026-04-10T13:27:00.000Z";468.019
"2026-04-10T13:27:00.000Z";"2026-04-10T13:30:00.000Z";467.995
"2026-04-10T13:30:00.000Z";"2026-04-10T13:33:00.000Z";448.167
"2026-04-10T13:33:00.000Z";"2026-04-10T13:36:00.000Z";443
"2026-04-10T13:36:00.000Z";"2026-04-10T13:39:00.000Z";443.833
"2026-04-10T13:39:00.000Z";"2026-04-10T13:42:00.000Z";429.683
"2026-04-10T13:42:00.000Z";"2026-04-10T13:45:00.000Z";426.332
"2026-04-10T13:45:00.000Z";"2026-04-10T13:48:00.000Z";428.006
"2026-04-10T13:48:00.000Z";"2026-04-10T13:51:00.000Z";442.803
"2026-04-10T13:51:00.000Z";"2026-04-10T13:54:00.000Z";444.006
"2026-04-10T13:54:00.000Z";"2026-04-10T13:57:00.000Z";437.17
"2026-04-10T13:57:00.000Z";"2026-04-10T14:00:00.000Z";429.5
"2026-04-10T14:00:00.000Z";"2026-04-10T14:03:00.000Z";413.189
"2026-04-10T14:03:00.000Z";"2026-04-10T14:06:00.000Z";401.161
"2026-04-10T14:06:00.000Z";"2026-04-10T14:09:00.000Z";402.683
"2026-04-10T14:09:00.000Z";"2026-04-10T14:12:00.000Z";395.666
"2026-04-10T14:12:00.000Z";"2026-04-10T14:15:00.000Z";404.325
"2026-04-10T14:15:00.000Z";"2026-04-10T14:18:00.000Z";400.83
"2026-04-10T14:18:00.000Z";"2026-04-10T14:21:00.000Z";405.815
"2026-04-10T14:21:00.000Z";"2026-04-10T14:24:00.000Z";407.506
"2026-04-10T14:24:00.000Z";"2026-04-10T14:27:00.000Z";403.83
"2026-04-10T14:27:00.000Z";"2026-04-10T14:30:00.000Z";405.824
"2026-04-10T14:30:00.000Z";"2026-04-10T14:33:00.000Z";400.503
"2026-04-10T14:33:00.000Z";"2026-04-10T14:36:00.000Z";400.672
"2026-04-10T14:36:00.000Z";"2026-04-10T14:39:00.000Z";406.647
"2026-04-10T14:39:00.000Z";"2026-04-10T14:42:00.000Z";399.997
"2026-04-10T14:42:00.000Z";"2026-04-10T14:45:00.000Z";401.372
"2026-04-10T14:45:00.000Z";"2026-04-10T14:48:00.000Z";393.333
"2026-04-10T14:48:00.000Z";"2026-04-10T14:51:00.000Z";389.002
"2026-04-10T14:51:00.000Z";"2026-04-10T14:54:00.000Z";381.505
"2026-04-10T14:54:00.000Z";"2026-04-10T14:57:00.000Z";372.333
"2026-04-10T14:57:00.000Z";"2026-04-10T15:00:00.000Z";379.995
"2026-04-10T15:00:00.000Z";"2026-04-10T15:03:00.000Z";386.165
"2026-04-10T15:03:00.000Z";"2026-04-10T15:06:00.000Z";381.167
"2026-04-10T15:06:00.000Z";"2026-04-10T15:09:00.000Z";373.673
"2026-04-10T15:09:00.000Z";"2026-04-10T15:12:00.000Z";362.843
"2026-04-10T15:12:00.000Z";"2026-04-10T15:15:00.000Z";352.835
"2026-04-10T15:15:00.000Z";"2026-04-10T15:18:00.000Z";356.334
"2026-04-10T15:18:00.000Z";"2026-04-10T15:21:00.000Z";356.339
"2026-04-10T15:21:00.000Z";"2026-04-10T15:24:00.000Z";351.013
"2026-04-10T15:24:00.000Z";"2026-04-10T15:27:00.000Z";351.831
"2026-04-10T15:27:00.000Z";"2026-04-10T15:30:00.000Z";356.676
"2026-04-10T15:30:00.000Z";"2026-04-10T15:33:00.000Z";341.022
"2026-04-10T15:33:00.000Z";"2026-04-10T15:36:00.000Z";336.49
"2026-04-10T15:36:00.000Z";"2026-04-10T15:39:00.000Z";331.339
"2026-04-10T15:39:00.000Z";"2026-04-10T15:42:00.000Z";339.327
"2026-04-10T15:42:00.000Z";"2026-04-10T15:45:00.000Z";330.175
"2026-04-10T15:45:00.000Z";"2026-04-10T15:48:00.000Z";322.681
"2026-04-10T15:48:00.000Z";"2026-04-10T15:51:00.000Z";312.515
"2026-04-10T15:51:00.000Z";"2026-04-10T15:54:00.000Z";313.83
"2026-04-10T15:54:00.000Z";"2026-04-10T15:57:00.000Z";312.67
"2026-04-10T15:57:00.000Z";"2026-04-10T16:00:00.000Z";306.322
"2026-04-10T16:00:00.000Z";"2026-04-10T16:03:00.000Z";317.661
"2026-04-10T16:03:00.000Z";"2026-04-10T16:06:00.000Z";319.165
"2026-04-10T16:06:00.000Z";"2026-04-10T16:09:00.000Z";321.67
"2026-04-10T16:09:00.000Z";"2026-04-10T16:12:00.000Z";317.168
"2026-04-10T16:12:00.000Z";"2026-04-10T16:15:00.000Z";312.164
"2026-04-10T16:15:00.000Z";"2026-04-10T16:18:00.000Z";320.327
"2026-04-10T16:18:00.000Z";"2026-04-10T16:21:00.000Z";322.834
"2026-04-10T16:21:00.000Z";"2026-04-10T16:24:00.000Z";326.992
"2026-04-10T16:24:00.000Z";"2026-04-10T16:27:00.000Z";337.163
"2026-04-10T16:27:00.000Z";"2026-04-10T16:30:00.000Z";342.329
"2026-04-10T16:30:00.000Z";"2026-04-10T16:33:00.000Z";350.827
"2026-04-10T16:33:00.000Z";"2026-04-10T16:36:00.000Z";356.5
"2026-04-10T16:36:00.000Z";"2026-04-10T16:39:00.000Z";363.663
"2026-04-10T16:39:00.000Z";"2026-04-10T16:42:00.000Z";377.32
"2026-04-10T16:42:00.000Z";"2026-04-10T16:45:00.000Z";382.167
"2026-04-10T16:45:00.000Z";"2026-04-10T16:48:00.000Z";393.49
"2026-04-10T16:48:00.000Z";"2026-04-10T16:51:00.000Z";408.976
"2026-04-10T16:51:00.000Z";"2026-04-10T16:54:00.000Z";422.157
"2026-04-10T16:54:00.000Z";"2026-04-10T16:57:00.000Z";432.488
"2026-04-10T16:57:00.000Z";"2026-04-10T17:00:00.000Z";439.826
"2026-04-10T17:00:00.000Z";"2026-04-10T17:03:00.000Z";456.988
"2026-04-10T17:03:00.000Z";"2026-04-10T17:06:00.000Z";476.49
"2026-04-10T17:06:00.000Z";"2026-04-10T17:09:00.000Z";496.326
"2026-04-10T17:09:00.000Z";"2026-04-10T17:12:00.000Z";514.321
"2026-04-10T17:12:00.000Z";"2026-04-10T17:15:00.000Z";526.99
"2026-04-10T17:15:00.000Z";"2026-04-10T17:18:00.000Z";546.652
"2026-04-10T17:18:00.000Z";"2026-04-10T17:21:00.000Z";568.304
"2026-04-10T17:21:00.000Z";"2026-04-10T17:24:00.000Z";585.984
"2026-04-10T17:24:00.000Z";"2026-04-10T17:27:00.000Z";599.328
"2026-04-10T17:27:00.000Z";"2026-04-10T17:30:00.000Z";615.99
"2026-04-10T17:30:00.000Z";"2026-04-10T17:33:00.000Z";636.152
"2026-04-10T17:33:00.000Z";"2026-04-10T17:36:00.000Z";662.655
"2026-04-10T17:36:00.000Z";"2026-04-10T17:39:00.000Z";681.991
"2026-04-10T17:39:00.000Z";"2026-04-10T17:42:00.000Z";702.655
"2026-04-10T17:42:00.000Z";"2026-04-10T17:45:00.000Z";709.003
"2026-04-10T17:45:00.000Z";"2026-04-10T17:48:00.000Z";715.661
"2026-04-10T17:48:00.000Z";"2026-04-10T17:51:00.000Z";725.159
"2026-04-10T17:51:00.000Z";"2026-04-10T17:54:00.000Z";738.652
"2026-04-10T17:54:00.000Z";"2026-04-10T17:57:00.000Z";760.128
"2026-04-10T17:57:00.000Z";"2026-04-10T18:00:00.000Z";779.981
"2026-04-10T18:00:00.000Z";"2026-04-10T18:03:00.000Z";801.324
"2026-04-10T18:03:00.000Z";"2026-04-10T18:06:00.000Z";824.652
"2026-04-10T18:06:00.000Z";"2026-04-10T18:09:00.000Z";842.643
"2026-04-10T18:09:00.000Z";"2026-04-10T18:12:00.000Z";865.494
"2026-04-10T18:12:00.000Z";"2026-04-10T18:15:00.000Z";881.328
"2026-04-10T18:15:00.000Z";"2026-04-10T18:18:00.000Z";890.658
"2026-04-10T18:18:00.000Z";"2026-04-10T18:21:00.000Z";906.493
"2026-04-10T18:21:00.000Z";"2026-04-10T18:24:00.000Z";918.481
"2026-04-10T18:24:00.000Z";"2026-04-10T18:27:00.000Z";925.654
"2026-04-10T18:27:00.000Z";"2026-04-10T18:30:00.000Z";943.819
"2026-04-10T18:30:00.000Z";"2026-04-10T18:33:00.000Z";951.994
"2026-04-10T18:33:00.000Z";"2026-04-10T18:36:00.000Z";964.161
"2026-04-10T18:36:00.000Z";"2026-04-10T18:39:00.000Z";975.821
"2026-04-10T18:39:00.000Z";"2026-04-10T18:42:00.000Z";985.993
"2026-04-10T18:42:00.000Z";"2026-04-10T18:45:00.000Z";990.331
"2026-04-10T18:45:00.000Z";"2026-04-10T18:48:00.000Z";997.987
"2026-04-10T18:48:00.000Z";"2026-04-10T18:51:00.000Z";1008.5
"2026-04-10T18:51:00.000Z";"2026-04-10T18:54:00.000Z";1024.32
"2026-04-10T18:54:00.000Z";"2026-04-10T18:57:00.000Z";1039.99
"2026-04-10T18:57:00.000Z";"2026-04-10T19:00:00.000Z";1057.14
"2026-04-10T19:00:00.000Z";"2026-04-10T19:03:00.000Z";1073.83
"2026-04-10T19:03:00.000Z";"2026-04-10T19:06:00.000Z";1091.98
"2026-04-10T19:06:00.000Z";"2026-04-10T19:09:00.000Z";1109.48
"2026-04-10T19:09:00.000Z";"2026-04-10T19:12:00.000Z";1149.3
"2026-04-10T19:12:00.000Z";"2026-04-10T19:15:00.000Z";1170.98
"2026-04-10T19:15:00.000Z";"2026-04-10T19:18:00.000Z";1195.97
"2026-04-10T19:18:00.000Z";"2026-04-10T19:21:00.000Z";1220.82
"2026-04-10T19:21:00.000Z";"2026-04-10T19:24:00.000Z";1235.66
"2026-04-10T19:24:00.000Z";"2026-04-10T19:27:00.000Z";1263.49
"2026-04-10T19:27:00.000Z";"2026-04-10T19:30:00.000Z";1284.65
"2026-04-10T19:30:00.000Z";"2026-04-10T19:33:00.000Z";1303.33
"2026-04-10T19:33:00.000Z";"2026-04-10T19:36:00.000Z";1330.31
"2026-04-10T19:36:00.000Z";"2026-04-10T19:39:00.000Z";1350.32
"2026-04-10T19:39:00.000Z";"2026-04-10T19:42:00.000Z";1375.65
"2026-04-10T19:42:00.000Z";"2026-04-10T19:45:00.000Z";1399.65
"2026-04-10T19:45:00.000Z";"2026-04-10T19:48:00.000Z";1425.8
"2026-04-10T19:48:00.000Z";"2026-04-10T19:51:00.000Z";1445.66
"2026-04-10T19:51:00.000Z";"2026-04-10T19:54:00.000Z";1461.82
"2026-04-10T19:54:00.000Z";"2026-04-10T19:57:00.000Z";1492.47
"2026-04-10T19:57:00.000Z";"2026-04-10T20:00:00.000Z";1514.81
"2026-04-10T20:00:00.000Z";"2026-04-10T20:03:00.000Z";1533.99
"2026-04-10T20:03:00.000Z";"2026-04-10T20:06:00.000Z";1554.15
"2026-04-10T20:06:00.000Z";"2026-04-10T20:09:00.000Z";1568.49
"2026-04-10T20:09:00.000Z";"2026-04-10T20:12:00.000Z";1590.15
"2026-04-10T20:12:00.000Z";"2026-04-10T20:15:00.000Z";1617.98
"2026-04-10T20:15:00.000Z";"2026-04-10T20:18:00.000Z";1637.64
"2026-04-10T20:18:00.000Z";"2026-04-10T20:21:00.000Z";1673.28
"2026-04-10T20:21:00.000Z";"2026-04-10T20:24:00.000Z";1703.65
"2026-04-10T20:24:00.000Z";"2026-04-10T20:27:00.000Z";1732.15
"2026-04-10T20:27:00.000Z";"2026-04-10T20:30:00.000Z";1760.31
"2026-04-10T20:30:00.000Z";"2026-04-10T20:33:00.000Z";1795.15
"2026-04-10T20:33:00.000Z";"2026-04-10T20:36:00.000Z";1830.99
"2026-04-10T20:36:00.000Z";"2026-04-10T20:39:00.000Z";1869.48
"2026-04-10T20:39:00.000Z";"2026-04-10T20:42:00.000Z";1899.81
"2026-04-10T20:42:00.000Z";"2026-04-10T20:45:00.000Z";1936.63
"2026-04-10T20:45:00.000Z";"2026-04-10T20:48:00.000Z";1976.15
"2026-04-10T20:48:00.000Z";"2026-04-10T20:51:00.000Z";2012.95
"2026-04-10T20:51:00.000Z";"2026-04-10T20:54:00.000Z";2049.48
"2026-04-10T20:54:00.000Z";"2026-04-10T20:57:00.000Z";2089.48
"2026-04-10T20:57:00.000Z";"2026-04-10T21:00:00.000Z";2126.31
"2026-04-10T21:00:00.000Z";"2026-04-10T21:03:00.000Z";2159.17
"2026-04-10T21:03:00.000Z";"2026-04-10T21:06:00.000Z";2196.31
"2026-04-10T21:06:00.000Z";"2026-04-10T21:09:00.000Z";2228.63
"2026-04-10T21:09:00.000Z";"2026-04-10T21:12:00.000Z";2260.98
"2026-04-10T21:12:00.000Z";"2026-04-10T21:15:00.000Z";2288.82
"2026-04-10T21:15:00.000Z";"2026-04-10T21:18:00.000Z";2277.69
"2026-04-10T21:18:00.000Z";"2026-04-10T21:21:00.000Z";2236.39
"2026-04-10T21:21:00.000Z";"2026-04-10T21:24:00.000Z";2257.66
"2026-04-10T21:24:00.000Z";"2026-04-10T21:27:00.000Z";2283.82
"2026-04-10T21:27:00.000Z";"2026-04-10T21:30:00.000Z";2311.65
"2026-04-10T21:30:00.000Z";"2026-04-10T21:33:00.000Z";2302.02
"2026-04-10T21:33:00.000Z";"2026-04-10T21:36:00.000Z";2308.83
"2026-04-10T21:36:00.000Z";"2026-04-10T21:39:00.000Z";2327.15
"2026-04-10T21:39:00.000Z";"2026-04-10T21:42:00.000Z";2344.66
"2026-04-10T21:42:00.000Z";"2026-04-10T21:45:00.000Z";2366.16
"2026-04-10T21:45:00.000Z";"2026-04-10T21:48:00.000Z";2417.63
"2026-04-10T21:48:00.000Z";"2026-04-10T21:51:00.000Z";2445.83
"2026-04-10T21:51:00.000Z";"2026-04-10T21:54:00.000Z";2454.83
"2026-04-10T21:54:00.000Z";"2026-04-10T21:57:00.000Z";2464.5
"2026-04-10T21:57:00.000Z";"2026-04-10T22:00:00.000Z";2483.49
"2026-04-10T22:00:00.000Z";"2026-04-10T22:03:00.000Z";2512.48
"2026-04-10T22:03:00.000Z";"2026-04-10T22:06:00.000Z";2531.16
"2026-04-10T22:06:00.000Z";"2026-04-10T22:09:00.000Z";2543.99
"2026-04-10T22:09:00.000Z";"2026-04-10T22:12:00.000Z";2555.66
"2026-04-10T22:12:00.000Z";"2026-04-10T22:15:00.000Z";2575.99
"2026-04-10T22:15:00.000Z";"2026-04-10T22:18:00.000Z";2595.32
"2026-04-10T22:18:00.000Z";"2026-04-10T22:21:00.000Z";2631.13
"2026-04-10T22:21:00.000Z";"2026-04-10T22:24:00.000Z";2646.33
"2026-04-10T22:24:00.000Z";"2026-04-10T22:27:00.000Z";2655.67
"2026-04-10T22:27:00.000Z";"2026-04-10T22:30:00.000Z";2669.26
"2026-04-10T22:30:00.000Z";"2026-04-10T22:33:00.000Z";2627.03
"2026-04-10T22:33:00.000Z";"2026-04-10T22:36:00.000Z";2604.5
"2026-04-10T22:36:00.000Z";"2026-04-10T22:39:00.000Z";2619.66
"2026-04-10T22:39:00.000Z";"2026-04-10T22:42:00.000Z";2637.99
"2026-04-10T22:42:00.000Z";"2026-04-10T22:45:00.000Z";2607.52
"2026-04-10T22:45:00.000Z";"2026-04-10T22:48:00.000Z";2590.67
"2026-04-10T22:48:00.000Z";"2026-04-10T22:51:00.000Z";2584.68
"2026-04-10T22:51:00.000Z";"2026-04-10T22:54:00.000Z";2584.01
"2026-04-10T22:54:00.000Z";"2026-04-10T22:57:00.000Z";2565.34
"2026-04-10T22:57:00.000Z";"2026-04-10T23:00:00.000Z";2551.51
"2026-04-10T23:00:00.000Z";"2026-04-10T23:03:00.000Z";2537.84
"2026-04-10T23:03:00.000Z";"2026-04-10T23:06:00.000Z";2518.5
"2026-04-10T23:06:00.000Z";"2026-04-10T23:09:00.000Z";2525.81
"2026-04-10T23:09:00.000Z";"2026-04-10T23:12:00.000Z";2534.66
"2026-04-10T23:12:00.000Z";"2026-04-10T23:15:00.000Z";2551.83
"2026-04-10T23:15:00.000Z";"2026-04-10T23:18:00.000Z";2573.65
"2026-04-10T23:18:00.000Z";"2026-04-10T23:21:00.000Z";2577.52
"2026-04-10T23:21:00.000Z";"2026-04-10T23:24:00.000Z";2560.69
"2026-04-10T23:24:00.000Z";"2026-04-10T23:27:00.000Z";2557.68
"2026-04-10T23:27:00.000Z";"2026-04-10T23:30:00.000Z";2548
"2026-04-10T23:30:00.000Z";"2026-04-10T23:33:00.000Z";2524.19
"2026-04-10T23:33:00.000Z";"2026-04-10T23:36:00.000Z";2498.02
"2026-04-10T23:36:00.000Z";"2026-04-10T23:39:00.000Z";2487.67
"2026-04-10T23:39:00.000Z";"2026-04-10T23:42:00.000Z";2467.69
"2026-04-10T23:42:00.000Z";"2026-04-10T23:45:00.000Z";2456.68
"2026-04-10T23:45:00.000Z";"2026-04-10T23:48:00.000Z";2457.66
"2026-04-10T23:48:00.000Z";"2026-04-10T23:51:00.000Z";2479.16
"2026-04-10T23:51:00.000Z";"2026-04-10T23:54:00.000Z";2460.02
"2026-04-10T23:54:00.000Z";"2026-04-10T23:57:00.000Z";2446.67
"2026-04-10T23:57:00.000Z";"2026-04-11T00:00:00.000Z";2446.17
"2026-04-11T00:00:00.000Z";"2026-04-11T00:03:00.000Z";2454.17
"2026-04-11T00:03:00.000Z";"2026-04-11T00:06:00.000Z";2459.66
"2026-04-11T00:06:00.000Z";"2026-04-11T00:09:00.000Z";2435.51
"2026-04-11T00:09:00.000Z";"2026-04-11T00:12:00.000Z";2417.86
"2026-04-11T00:12:00.000Z";"2026-04-11T00:15:00.000Z";2386.03
"2026-04-11T00:15:00.000Z";"2026-04-11T00:18:00.000Z";2373.5
"2026-04-11T00:18:00.000Z";"2026-04-11T00:21:00.000Z";2378.61
"2026-04-11T00:21:00.000Z";"2026-04-11T00:24:00.000Z";2357.7
"2026-04-11T00:24:00.000Z";"2026-04-11T00:27:00.000Z";2341.85
"2026-04-11T00:27:00.000Z";"2026-04-11T00:30:00.000Z";2300.51
"2026-04-11T00:30:00.000Z";"2026-04-11T00:33:00.000Z";2280.7
"2026-04-11T00:33:00.000Z";"2026-04-11T00:36:00.000Z";2263.52
"2026-04-11T00:36:00.000Z";"2026-04-11T00:39:00.000Z";2246.51
"2026-04-11T00:39:00.000Z";"2026-04-11T00:42:00.000Z";2238.5
"2026-04-11T00:42:00.000Z";"2026-04-11T00:45:00.000Z";2238.33
"2026-04-11T00:45:00.000Z";"2026-04-11T00:48:00.000Z";2244.15
"2026-04-11T00:48:00.000Z";"2026-04-11T00:51:00.000Z";2257
"2026-04-11T00:51:00.000Z";"2026-04-11T00:54:00.000Z";2252.5
"2026-04-11T00:54:00.000Z";"2026-04-11T00:57:00.000Z";2242.68
"2026-04-11T00:57:00.000Z";"2026-04-11T01:00:00.000Z";2256
"2026-04-11T01:00:00.000Z";"2026-04-11T01:03:00.000Z";2239.03
"2026-04-11T01:03:00.000Z";"2026-04-11T01:06:00.000Z";2219.34
"2026-04-11T01:06:00.000Z";"2026-04-11T01:09:00.000Z";2216.17
"2026-04-11T01:09:00.000Z";"2026-04-11T01:12:00.000Z";2216.16
"2026-04-11T01:12:00.000Z";"2026-04-11T01:15:00.000Z";2204.16
"2026-04-11T01:15:00.000Z";"2026-04-11T01:18:00.000Z";2216.65
"2026-04-11T01:18:00.000Z";"2026-04-11T01:21:00.000Z";2210.53
"2026-04-11T01:21:00.000Z";"2026-04-11T01:24:00.000Z";2189.34
"2026-04-11T01:24:00.000Z";"2026-04-11T01:27:00.000Z";2170.53
"2026-04-11T01:27:00.000Z";"2026-04-11T01:30:00.000Z";2124.21
"2026-04-11T01:30:00.000Z";"2026-04-11T01:33:00.000Z";2097.68
"2026-04-11T01:33:00.000Z";"2026-04-11T01:36:00.000Z";2074.37
"2026-04-11T01:36:00.000Z";"2026-04-11T01:39:00.000Z";2046.03
"2026-04-11T01:39:00.000Z";"2026-04-11T01:42:00.000Z";2014.03
"2026-04-11T01:42:00.000Z";"2026-04-11T01:45:00.000Z";1993.52
"2026-04-11T01:45:00.000Z";"2026-04-11T01:48:00.000Z";1974.5
"2026-04-11T01:48:00.000Z";"2026-04-11T01:51:00.000Z";1953.55
"2026-04-11T01:51:00.000Z";"2026-04-11T01:54:00.000Z";1910.89
"2026-04-11T01:54:00.000Z";"2026-04-11T01:57:00.000Z";1872.38
"2026-04-11T01:57:00.000Z";"2026-04-11T02:00:00.000Z";1827.24
"2026-04-11T02:00:00.000Z";"2026-04-11T02:03:00.000Z";1785.7
"2026-04-11T02:03:00.000Z";"2026-04-11T02:06:00.000Z";1739.2
"2026-04-11T02:06:00.000Z";"2026-04-11T02:09:00.000Z";1698.69
"2026-04-11T02:09:00.000Z";"2026-04-11T02:12:00.000Z";1658.35
"2026-04-11T02:12:00.000Z";"2026-04-11T02:15:00.000Z";1621.85
"2026-04-11T02:15:00.000Z";"2026-04-11T02:18:00.000Z";1582.54
"2026-04-11T02:18:00.000Z";"2026-04-11T02:21:00.000Z";1536.69
"2026-04-11T02:21:00.000Z";"2026-04-11T02:24:00.000Z";1490.91
"2026-04-11T02:24:00.000Z";"2026-04-11T02:27:00.000Z";1447.86
"2026-04-11T02:27:00.000Z";"2026-04-11T02:30:00.000Z";1397.2
"2026-04-11T02:30:00.000Z";"2026-04-11T02:33:00.000Z";1343.19
"2026-04-11T02:33:00.000Z";"2026-04-11T02:36:00.000Z";1291.52
"2026-04-11T02:36:00.000Z";"2026-04-11T02:39:00.000Z";1246.7
"2026-04-11T02:39:00.000Z";"2026-04-11T02:42:00.000Z";1200.85
"2026-04-11T02:42:00.000Z";"2026-04-11T02:45:00.000Z";1157.2
"2026-04-11T02:45:00.000Z";"2026-04-11T02:48:00.000Z";1116.69
"2026-04-11T02:48:00.000Z";"2026-04-11T02:51:00.000Z";1082.35
"2026-04-11T02:51:00.000Z";"2026-04-11T02:54:00.000Z";1051.54
"2026-04-11T02:54:00.000Z";"2026-04-11T02:57:00.000Z";1015.53
"2026-04-11T02:57:00.000Z";"2026-04-11T03:00:00.000Z";975.687
"2026-04-11T03:00:00.000Z";"2026-04-11T03:03:00.000Z";951.175
"2026-04-11T03:03:00.000Z";"2026-04-11T03:06:00.000Z";921.686
"2026-04-11T03:06:00.000Z";"2026-04-11T03:09:00.000Z";898.679
"2026-04-11T03:09:00.000Z";"2026-04-11T03:12:00.000Z";885.006
"2026-04-11T03:12:00.000Z";"2026-04-11T03:15:00.000Z";867.347
"2026-04-11T03:15:00.000Z";"2026-04-11T03:18:00.000Z";852.845
"2026-04-11T03:18:00.000Z";"2026-04-11T03:21:00.000Z";834.351
"2026-04-11T03:21:00.000Z";"2026-04-11T03:24:00.000Z";800.019
"2026-04-11T03:24:00.000Z";"2026-04-11T03:27:00.000Z";770.037
"2026-04-11T03:27:00.000Z";"2026-04-11T03:30:00.000Z";742.355
"2026-04-11T03:30:00.000Z";"2026-04-11T03:33:00.000Z";718.857
"2026-04-11T03:33:00.000Z";"2026-04-11T03:36:00.000Z";699.175
"2026-04-11T03:36:00.000Z";"2026-04-11T03:39:00.000Z";674.016
"2026-04-11T03:39:00.000Z";"2026-04-11T03:42:00.000Z";654.341
"2026-04-11T03:42:00.000Z";"2026-04-11T03:45:00.000Z";640.68
"2026-04-11T03:45:00.000Z";"2026-04-11T03:48:00.000Z";625.006
"2026-04-11T03:48:00.000Z";"2026-04-11T03:51:00.000Z";603.856
"2026-04-11T03:51:00.000Z";"2026-04-11T03:54:00.000Z";578.343
"2026-04-11T03:54:00.000Z";"2026-04-11T03:57:00.000Z";557.84
"2026-04-11T03:57:00.000Z";"2026-04-11T04:00:00.000Z";545.677
"2026-04-11T04:00:00.000Z";"2026-04-11T04:03:00.000Z";534.509
"2026-04-11T04:03:00.000Z";"2026-04-11T04:06:00.000Z";526.665
"2026-04-11T04:06:00.000Z";"2026-04-11T04:09:00.000Z";519.838
"2026-04-11T04:09:00.000Z";"2026-04-11T04:12:00.000Z";507.005
"2026-04-11T04:12:00.000Z";"2026-04-11T04:15:00.000Z";490.18
"2026-04-11T04:15:00.000Z";"2026-04-11T04:18:00.000Z";484.833
"2026-04-11T04:18:00.000Z";"2026-04-11T04:21:00.000Z";477.175
"2026-04-11T04:21:00.000Z";"2026-04-11T04:24:00.000Z";461.683
"2026-04-11T04:24:00.000Z";"2026-04-11T04:27:00.000Z";445.685
"2026-04-11T04:27:00.000Z";"2026-04-11T04:30:00.000Z";427.177
"2026-04-11T04:30:00.000Z";"2026-04-11T04:33:00.000Z";414.513
"2026-04-11T04:33:00.000Z";"2026-04-11T04:36:00.000Z";404.83
"2026-04-11T04:36:00.000Z";"2026-04-11T04:39:00.000Z";397.008
"2026-04-11T04:39:00.000Z";"2026-04-11T04:42:00.000Z";386.02
"2026-04-11T04:42:00.000Z";"2026-04-11T04:45:00.000Z";379.007
"2026-04-11T04:45:00.000Z";"2026-04-11T04:48:00.000Z";360.339
"2026-04-11T04:48:00.000Z";"2026-04-11T04:51:00.000Z";353.505
"2026-04-11T04:51:00.000Z";"2026-04-11T04:54:00.000Z";343.846
"2026-04-11T04:54:00.000Z";"2026-04-11T04:57:00.000Z";329.511
"2026-04-11T04:57:00.000Z";"2026-04-11T05:00:00.000Z";316.506
"2026-04-11T05:00:00.000Z";"2026-04-11T05:03:00.000Z";305.346
"2026-04-11T05:03:00.000Z";"2026-04-11T05:06:00.000Z";301.003
"2026-04-11T05:06:00.000Z";"2026-04-11T05:09:00.000Z";296.163
"2026-04-11T05:09:00.000Z";"2026-04-11T05:12:00.000Z";291.003
"2026-04-11T05:12:00.000Z";"2026-04-11T05:15:00.000Z";284.007
"2026-04-11T05:15:00.000Z";"2026-04-11T05:18:00.000Z";278.17
"2026-04-11T05:18:00.000Z";"2026-04-11T05:21:00.000Z";272.161
"2026-04-11T05:21:00.000Z";"2026-04-11T05:24:00.000Z";265.674
"2026-04-11T05:24:00.000Z";"2026-04-11T05:27:00.000Z";259.338
"2026-04-11T05:27:00.000Z";"2026-04-11T05:30:00.000Z";257
"2026-04-11T05:30:00.000Z";"2026-04-11T05:33:00.000Z";249.515
"2026-04-11T05:33:00.000Z";"2026-04-11T05:36:00.000Z";242.837
"2026-04-11T05:36:00.000Z";"2026-04-11T05:39:00.000Z";239.177
"2026-04-11T05:39:00.000Z";"2026-04-11T05:42:00.000Z";233.999
"2026-04-11T05:42:00.000Z";"2026-04-11T05:45:00.000Z";226.511
"2026-04-11T05:45:00.000Z";"2026-04-11T05:48:00.000Z";218.349
"2026-04-11T05:48:00.000Z";"2026-04-11T05:51:00.000Z";212.002
"2026-04-11T05:51:00.000Z";"2026-04-11T05:54:00.000Z";208.496
"2026-04-11T05:54:00.000Z";"2026-04-11T05:57:00.000Z";202.011
"2026-04-11T05:57:00.000Z";"2026-04-11T06:00:00.000Z";201.165
"2026-04-11T06:00:00.000Z";"2026-04-11T06:03:00.000Z";197
"2026-04-11T06:03:00.000Z";"2026-04-11T06:06:00.000Z";195.165
"2026-04-11T06:06:00.000Z";"2026-04-11T06:09:00.000Z";191.339
"2026-04-11T06:09:00.000Z";"2026-04-11T06:12:00.000Z";193.003
"2026-04-11T06:12:00.000Z";"2026-04-11T06:15:00.000Z";194.667
"2026-04-11T06:15:00.000Z";"2026-04-11T06:18:00.000Z";191.174
"2026-04-11T06:18:00.000Z";"2026-04-11T06:21:00.000Z";192.832
"2026-04-11T06:21:00.000Z";"2026-04-11T06:24:00.000Z";191.167
"2026-04-11T06:24:00.000Z";"2026-04-11T06:27:00.000Z";191.999
"2026-04-11T06:27:00.000Z";"2026-04-11T06:30:00.000Z";191.33
"2026-04-11T06:30:00.000Z";"2026-04-11T06:33:00.000Z";183
"2026-04-11T06:33:00.000Z";"2026-04-11T06:36:00.000Z";178.667
"2026-04-11T06:36:00.000Z";"2026-04-11T06:39:00.000Z";173.673
"2026-04-11T06:39:00.000Z";"2026-04-11T06:42:00.000Z";168.002
"2026-04-11T06:42:00.000Z";"2026-04-11T06:45:00.000Z";160.176
"2026-04-11T06:45:00.000Z";"2026-04-11T06:48:00.000Z";154.667
"2026-04-11T06:48:00.000Z";"2026-04-11T06:51:00.000Z";152.004
"2026-04-11T06:51:00.000Z";"2026-04-11T06:54:00.000Z";148.17
"2026-04-11T06:54:00.000Z";"2026-04-11T06:57:00.000Z";137.17
"2026-04-11T06:57:00.000Z";"2026-04-11T07:00:00.000Z";132
"2026-04-11T07:00:00.000Z";"2026-04-11T07:03:00.000Z";129.676
"2026-04-11T07:03:00.000Z";"2026-04-11T07:06:00.000Z";123.165
"2026-04-11T07:06:00.000Z";"2026-04-11T07:09:00.000Z";120
"2026-04-11T07:09:00.000Z";"2026-04-11T07:12:00.000Z";118.006
"2026-04-11T07:12:00.000Z";"2026-04-11T07:15:00.000Z";113.836
"2026-04-11T07:15:00.000Z";"2026-04-11T07:18:00.000Z";111.832
"2026-04-11T07:18:00.000Z";"2026-04-11T07:21:00.000Z";113.34
"2026-04-11T07:21:00.000Z";"2026-04-11T07:24:00.000Z";110.006
"2026-04-11T07:24:00.000Z";"2026-04-11T07:27:00.000Z";108.994
"2026-04-11T07:27:00.000Z";"2026-04-11T07:30:00.000Z";107.001
"2026-04-11T07:30:00.000Z";"2026-04-11T07:33:00.000Z";111.503
"2026-04-11T07:33:00.000Z";"2026-04-11T07:36:00.000Z";109.661
"2026-04-11T07:36:00.000Z";"2026-04-11T07:39:00.000Z";112.83
"2026-04-11T07:39:00.000Z";"2026-04-11T07:42:00.000Z";112.001
"2026-04-11T07:42:00.000Z";"2026-04-11T07:45:00.000Z";116.993
"2026-04-11T07:45:00.000Z";"2026-04-11T07:48:00.000Z";120.511
"2026-04-11T07:48:00.000Z";"2026-04-11T07:51:00.000Z";126.333
"2026-04-11T07:51:00.000Z";"2026-04-11T07:54:00.000Z";133.49
"2026-04-11T07:54:00.000Z";"2026-04-11T07:57:00.000Z";138.328
"2026-04-11T07:57:00.000Z";"2026-04-11T08:00:00.000Z";144.339
"2026-04-11T08:00:00.000Z";"2026-04-11T08:03:00.000Z";149.16
"2026-04-11T08:03:00.000Z";"2026-04-11T08:06:00.000Z";161.325
"2026-04-11T08:06:00.000Z";"2026-04-11T08:09:00.000Z";182.317
"2026-04-11T08:09:00.000Z";"2026-04-11T08:12:00.000Z";188.667
"2026-04-11T08:12:00.000Z";"2026-04-11T08:15:00.000Z";190.343
"2026-04-11T08:15:00.000Z";"2026-04-11T08:18:00.000Z";179.833
"2026-04-11T08:18:00.000Z";"2026-04-11T08:21:00.000Z";189.655
"2026-04-11T08:21:00.000Z";"2026-04-11T08:24:00.000Z";201.824
"2026-04-11T08:24:00.000Z";"2026-04-11T08:27:00.000Z";206.83
"2026-04-11T08:27:00.000Z";"2026-04-11T08:30:00.000Z";208.996
"2026-04-11T08:30:00.000Z";"2026-04-11T08:33:00.000Z";218.149
"2026-04-11T08:33:00.000Z";"2026-04-11T08:36:00.000Z";214.328
"2026-04-11T08:36:00.000Z";"2026-04-11T08:39:00.000Z";224.985
"2026-04-11T08:39:00.000Z";"2026-04-11T08:42:00.000Z";240.163
"2026-04-11T08:42:00.000Z";"2026-04-11T08:45:00.000Z";253.653
"2026-04-11T08:45:00.000Z";"2026-04-11T08:48:00.000Z";272.487
"2026-04-11T08:48:00.000Z";"2026-04-11T08:51:00.000Z";295.302
"2026-04-11T08:51:00.000Z";"2026-04-11T08:54:00.000Z";331.326
"2026-04-11T08:54:00.000Z";"2026-04-11T08:57:00.000Z";339.655
"2026-04-11T08:57:00.000Z";"2026-04-11T09:00:00.000Z";350.162
"2026-04-11T09:00:00.000Z";"2026-04-11T09:03:00.000Z";365.643
"2026-04-11T09:03:00.000Z";"2026-04-11T09:06:00.000Z";372.504
"2026-04-11T09:06:00.000Z";"2026-04-11T09:09:00.000Z";376.329
"2026-04-11T09:09:00.000Z";"2026-04-11T09:12:00.000Z";379.835
"2026-04-11T09:12:00.000Z";"2026-04-11T09:15:00.000Z";387.49
"2026-04-11T09:15:00.000Z";"2026-04-11T09:18:00.000Z";377.84
"2026-04-11T09:18:00.000Z";"2026-04-11T09:21:00.000Z";383.163
"2026-04-11T09:21:00.000Z";"2026-04-11T09:24:00.000Z";394.505
"2026-04-11T09:24:00.000Z";"2026-04-11T09:27:00.000Z";398.17
"2026-04-11T09:27:00.000Z";"2026-04-11T09:30:00.000Z";399.661
"2026-04-11T09:30:00.000Z";"2026-04-11T09:33:00.000Z";401.347
"2026-04-11T09:33:00.000Z";"2026-04-11T09:36:00.000Z";408.992
"2026-04-11T09:36:00.000Z";"2026-04-11T09:39:00.000Z";421.128
"2026-04-11T09:39:00.000Z";"2026-04-11T09:42:00.000Z";424.842
"2026-04-11T09:42:00.000Z";"2026-04-11T09:45:00.000Z";432.652
"2026-04-11T09:45:00.000Z";"2026-04-11T09:48:00.000Z";447.668
"2026-04-11T09:48:00.000Z";"2026-04-11T09:51:00.000Z";448.971
"2026-04-11T09:51:00.000Z";"2026-04-11T09:54:00.000Z";457.326
"2026-04-11T09:54:00.000Z";"2026-04-11T09:57:00.000Z";459.495
"2026-04-11T09:57:00.000Z";"2026-04-11T10:00:00.000Z";469.49
"2026-04-11T10:00:00.000Z";"2026-04-11T10:03:00.000Z";461.843
"2026-04-11T10:03:00.000Z";"2026-04-11T10:06:00.000Z";474.33
"2026-04-11T10:06:00.000Z";"2026-04-11T10:09:00.000Z";472.837
"2026-04-11T10:09:00.000Z";"2026-04-11T10:12:00.000Z";466.367
"2026-04-11T10:12:00.000Z";"2026-04-11T10:15:00.000Z";451.333
"2026-04-11T10:15:00.000Z";"2026-04-11T10:18:00.000Z";451.678
"2026-04-11T10:18:00.000Z";"2026-04-11T10:21:00.000Z";430.349
"2026-04-11T10:21:00.000Z";"2026-04-11T10:24:00.000Z";422.136
"2026-04-11T10:24:00.000Z";"2026-04-11T10:27:00.000Z";444.155
"2026-04-11T10:27:00.000Z";"2026-04-11T10:30:00.000Z";430.387
"2026-04-11T10:30:00.000Z";"2026-04-11T10:33:00.000Z";412.698
"2026-04-11T10:33:00.000Z";"2026-04-11T10:36:00.000Z";443.452
"2026-04-11T10:36:00.000Z";"2026-04-11T10:39:00.000Z";462.844
"2026-04-11T10:39:00.000Z";"2026-04-11T10:42:00.000Z";455.678
"2026-04-11T10:42:00.000Z";"2026-04-11T10:45:00.000Z";429.339
"2026-04-11T10:45:00.000Z";"2026-04-11T10:48:00.000Z";427.329
"2026-04-11T10:48:00.000Z";"2026-04-11T10:51:00.000Z";424.002
"2026-04-11T10:51:00.000Z";"2026-04-11T10:54:00.000Z";435.981
"2026-04-11T10:54:00.000Z";"2026-04-11T10:57:00.000Z";425.667
"2026-04-11T10:57:00.000Z";"2026-04-11T11:00:00.000Z";433.664
"2026-04-11T11:00:00.000Z";"2026-04-11T11:03:00.000Z";429.16
"2026-04-11T11:03:00.000Z";"2026-04-11T11:06:00.000Z";474.519
"2026-04-11T11:06:00.000Z";"2026-04-11T11:09:00.000Z";479.167
"2026-04-11T11:09:00.000Z";"2026-04-11T11:12:00.000Z";458.51
"2026-04-11T11:12:00.000Z";"2026-04-11T11:15:00.000Z";457.676
"2026-04-11T11:15:00.000Z";"2026-04-11T11:18:00.000Z";442.836
"2026-04-11T11:18:00.000Z";"2026-04-11T11:21:00.000Z";433.39
"2026-04-11T11:21:00.000Z";"2026-04-11T11:24:00.000Z";410.69
"2026-04-11T11:24:00.000Z";"2026-04-11T11:27:00.000Z";403.334
"2026-04-11T11:27:00.000Z";"2026-04-11T11:30:00.000Z";403.515
"2026-04-11T11:30:00.000Z";"2026-04-11T11:33:00.000Z";361.523
"2026-04-11T11:33:00.000Z";"2026-04-11T11:36:00.000Z";333.175
"2026-04-11T11:36:00.000Z";"2026-04-11T11:39:00.000Z";343.833
"2026-04-11T11:39:00.000Z";"2026-04-11T11:42:00.000Z";338.49
"2026-04-11T11:42:00.000Z";"2026-04-11T11:45:00.000Z";328.007
"2026-04-11T11:45:00.000Z";"2026-04-11T11:48:00.000Z";304.542
"2026-04-11T11:48:00.000Z";"2026-04-11T11:51:00.000Z";305.001
"2026-04-11T11:51:00.000Z";"2026-04-11T11:54:00.000Z";316.16
"2026-04-11T11:54:00.000Z";"2026-04-11T11:57:00.000Z";328.656
"2026-04-11T11:57:00.000Z";"2026-04-11T12:00:00.000Z";327.666
"2026-04-11T12:00:00.000Z";"2026-04-11T12:03:00.000Z";334.184
"2026-04-11T12:03:00.000Z";"2026-04-11T12:06:00.000Z";345.321
"2026-04-11T12:06:00.000Z";"2026-04-11T12:09:00.000Z";335.007
"2026-04-11T12:09:00.000Z";"2026-04-11T12:12:00.000Z";317.839
"2026-04-11T12:12:00.000Z";"2026-04-11T12:15:00.000Z";316.826
"2026-04-11T12:15:00.000Z";"2026-04-11T12:18:00.000Z";313.662
"2026-04-11T12:18:00.000Z";"2026-04-11T12:21:00.000Z";302.376
"2026-04-11T12:21:00.000Z";"2026-04-11T12:24:00.000Z";319.167
"2026-04-11T12:24:00.000Z";"2026-04-11T12:27:00.000Z";316.507
"2026-04-11T12:27:00.000Z";"2026-04-11T12:30:00.000Z";319.486
"2026-04-11T12:30:00.000Z";"2026-04-11T12:33:00.000Z";312.032
"2026-04-11T12:33:00.000Z";"2026-04-11T12:36:00.000Z";310.66
"2026-04-11T12:36:00.000Z";"2026-04-11T12:39:00.000Z";322.334
"2026-04-11T12:39:00.000Z";"2026-04-11T12:42:00.000Z";313.34
"2026-04-11T12:42:00.000Z";"2026-04-11T12:45:00.000Z";319.328
"2026-04-11T12:45:00.000Z";"2026-04-11T12:48:00.000Z";303.384
"2026-04-11T12:48:00.000Z";"2026-04-11T12:51:00.000Z";304.19
"2026-04-11T12:51:00.000Z";"2026-04-11T12:54:00.000Z";313.493
"2026-04-11T12:54:00.000Z";"2026-04-11T12:57:00.000Z";312.675
"2026-04-11T12:57:00.000Z";"2026-04-11T13:00:00.000Z";312.662
"2026-04-11T13:00:00.000Z";"2026-04-11T13:03:00.000Z";324.159
"2026-04-11T13:03:00.000Z";"2026-04-11T13:06:00.000Z";312.346
"2026-04-11T13:06:00.000Z";"2026-04-11T13:09:00.000Z";318.673
"2026-04-11T13:09:00.000Z";"2026-04-11T13:12:00.000Z";307.834
"2026-04-11T13:12:00.000Z";"2026-04-11T13:15:00.000Z";315.477
"2026-04-11T13:15:00.000Z";"2026-04-11T13:18:00.000Z";316.672
"2026-04-11T13:18:00.000Z";"2026-04-11T13:21:00.000Z";304.998
"2026-04-11T13:21:00.000Z";"2026-04-11T13:24:00.000Z";310.163
"2026-04-11T13:24:00.000Z";"2026-04-11T13:27:00.000Z";310.661
"2026-04-11T13:27:00.000Z";"2026-04-11T13:30:00.000Z";297.848
"2026-04-11T13:30:00.000Z";"2026-04-11T13:33:00.000Z";291.006
"2026-04-11T13:33:00.000Z";"2026-04-11T13:36:00.000Z";295.988
"2026-04-11T13:36:00.000Z";"2026-04-11T13:39:00.000Z";314.338
"2026-04-11T13:39:00.000Z";"2026-04-11T13:42:00.000Z";308.333
"2026-04-11T13:42:00.000Z";"2026-04-11T13:45:00.000Z";306.667
"2026-04-11T13:45:00.000Z";"2026-04-11T13:48:00.000Z";315.332
"2026-04-11T13:48:00.000Z";"2026-04-11T13:51:00.000Z";316.667
"2026-04-11T13:51:00.000Z";"2026-04-11T13:54:00.000Z";320.503
"2026-04-11T13:54:00.000Z";"2026-04-11T13:57:00.000Z";323.659
"2026-04-11T13:57:00.000Z";"2026-04-11T14:00:00.000Z";328.16
"2026-04-11T14:00:00.000Z";"2026-04-11T14:03:00.000Z";331.838
"2026-04-11T14:03:00.000Z";"2026-04-11T14:06:00.000Z";325.01
"2026-04-11T14:06:00.000Z";"2026-04-11T14:09:00.000Z";317.836
"2026-04-11T14:09:00.000Z";"2026-04-11T14:12:00.000Z";316.677
"2026-04-11T14:12:00.000Z";"2026-04-11T14:15:00.000Z";316.174
"2026-04-11T14:15:00.000Z";"2026-04-11T14:18:00.000Z";314.172
"2026-04-11T14:18:00.000Z";"2026-04-11T14:21:00.000Z";316.156
"2026-04-11T14:21:00.000Z";"2026-04-11T14:24:00.000Z";315.34
"2026-04-11T14:24:00.000Z";"2026-04-11T14:27:00.000Z";311.837
"2026-04-11T14:27:00.000Z";"2026-04-11T14:30:00.000Z";303.168
"2026-04-11T14:30:00.000Z";"2026-04-11T14:33:00.000Z";305.167
"2026-04-11T14:33:00.000Z";"2026-04-11T14:36:00.000Z";307.172
"2026-04-11T14:36:00.000Z";"2026-04-11T14:39:00.000Z";306.002
"2026-04-11T14:39:00.000Z";"2026-04-11T14:42:00.000Z";308.328
"2026-04-11T14:42:00.000Z";"2026-04-11T14:45:00.000Z";306.195
"2026-04-11T14:45:00.000Z";"2026-04-11T14:48:00.000Z";307.999
"2026-04-11T14:48:00.000Z";"2026-04-11T14:51:00.000Z";307.174
"2026-04-11T14:51:00.000Z";"2026-04-11T14:54:00.000Z";301.672
"2026-04-11T14:54:00.000Z";"2026-04-11T14:57:00.000Z";297.18
"2026-04-11T14:57:00.000Z";"2026-04-11T15:00:00.000Z";291.502
"2026-04-11T15:00:00.000Z";"2026-04-11T15:03:00.000Z";288.682
"2026-04-11T15:03:00.000Z";"2026-04-11T15:06:00.000Z";276.837
"2026-04-11T15:06:00.000Z";"2026-04-11T15:09:00.000Z";275.001
"2026-04-11T15:09:00.000Z";"2026-04-11T15:12:00.000Z";274.006
"2026-04-11T15:12:00.000Z";"2026-04-11T15:15:00.000Z";272.004
"2026-04-11T15:15:00.000Z";"2026-04-11T15:18:00.000Z";281.988
"2026-04-11T15:18:00.000Z";"2026-04-11T15:21:00.000Z";278.005
"2026-04-11T15:21:00.000Z";"2026-04-11T15:24:00.000Z";277.992
"2026-04-11T15:24:00.000Z";"2026-04-11T15:27:00.000Z";277.501
"2026-04-11T15:27:00.000Z";"2026-04-11T15:30:00.000Z";273.996
"2026-04-11T15:30:00.000Z";"2026-04-11T15:33:00.000Z";278.999
"2026-04-11T15:33:00.000Z";"2026-04-11T15:36:00.000Z";284.832
"2026-04-11T15:36:00.000Z";"2026-04-11T15:39:00.000Z";287.672
"2026-04-11T15:39:00.000Z";"2026-04-11T15:42:00.000Z";277.846
"2026-04-11T15:42:00.000Z";"2026-04-11T15:45:00.000Z";272.667
"2026-04-11T15:45:00.000Z";"2026-04-11T15:48:00.000Z";275.508
"2026-04-11T15:48:00.000Z";"2026-04-11T15:51:00.000Z";274.501
"2026-04-11T15:51:00.000Z";"2026-04-11T15:54:00.000Z";277.329
"2026-04-11T15:54:00.000Z";"2026-04-11T15:57:00.000Z";277.824
"2026-04-11T15:57:00.000Z";"2026-04-11T16:00:00.000Z";274.668
"2026-04-11T16:00:00.000Z";"2026-04-11T16:03:00.000Z";271.001
"2026-04-11T16:03:00.000Z";"2026-04-11T16:06:00.000Z";275.171
"2026-04-11T16:06:00.000Z";"2026-04-11T16:09:00.000Z";270.833
"2026-04-11T16:09:00.000Z";"2026-04-11T16:12:00.000Z";272.322
"2026-04-11T16:12:00.000Z";"2026-04-11T16:15:00.000Z";277.494
"2026-04-11T16:15:00.000Z";"2026-04-11T16:18:00.000Z";288.16
"2026-04-11T16:18:00.000Z";"2026-04-11T16:21:00.000Z";297.16
"2026-04-11T16:21:00.000Z";"2026-04-11T16:24:00.000Z";305.67
"2026-04-11T16:24:00.000Z";"2026-04-11T16:27:00.000Z";307.498
"2026-04-11T16:27:00.000Z";"2026-04-11T16:30:00.000Z";307.49
"2026-04-11T16:30:00.000Z";"2026-04-11T16:33:00.000Z";315.824
"2026-04-11T16:33:00.000Z";"2026-04-11T16:36:00.000Z";318.003
"2026-04-11T16:36:00.000Z";"2026-04-11T16:39:00.000Z";319.33
"2026-04-11T16:39:00.000Z";"2026-04-11T16:42:00.000Z";322.329
"2026-04-11T16:42:00.000Z";"2026-04-11T16:45:00.000Z";332.32
"2026-04-11T16:45:00.000Z";"2026-04-11T16:48:00.000Z";342.477
"2026-04-11T16:48:00.000Z";"2026-04-11T16:51:00.000Z";360.993
"2026-04-11T16:51:00.000Z";"2026-04-11T16:54:00.000Z";382.158
"2026-04-11T16:54:00.000Z";"2026-04-11T16:57:00.000Z";393.992
"2026-04-11T16:57:00.000Z";"2026-04-11T17:00:00.000Z";406.986
"2026-04-11T17:00:00.000Z";"2026-04-11T17:03:00.000Z";421.151
"2026-04-11T17:03:00.000Z";"2026-04-11T17:06:00.000Z";441.326
"2026-04-11T17:06:00.000Z";"2026-04-11T17:09:00.000Z";442.664
"2026-04-11T17:09:00.000Z";"2026-04-11T17:12:00.000Z";452.992
"2026-04-11T17:12:00.000Z";"2026-04-11T17:15:00.000Z";455.334
"2026-04-11T17:15:00.000Z";"2026-04-11T17:18:00.000Z";456.83
"2026-04-11T17:18:00.000Z";"2026-04-11T17:21:00.000Z";463.499
"2026-04-11T17:21:00.000Z";"2026-04-11T17:24:00.000Z";482.153
"2026-04-11T17:24:00.000Z";"2026-04-11T17:27:00.000Z";495.153
"2026-04-11T17:27:00.000Z";"2026-04-11T17:30:00.000Z";513.489
"2026-04-11T17:30:00.000Z";"2026-04-11T17:33:00.000Z";527.653
"2026-04-11T17:33:00.000Z";"2026-04-11T17:36:00.000Z";547.821
"2026-04-11T17:36:00.000Z";"2026-04-11T17:39:00.000Z";570.147
"2026-04-11T17:39:00.000Z";"2026-04-11T17:42:00.000Z";589.491
"2026-04-11T17:42:00.000Z";"2026-04-11T17:45:00.000Z";604.473
"2026-04-11T17:45:00.000Z";"2026-04-11T17:48:00.000Z";613.329
"2026-04-11T17:48:00.000Z";"2026-04-11T17:51:00.000Z";621.821
"2026-04-11T17:51:00.000Z";"2026-04-11T17:54:00.000Z";631.499
"2026-04-11T17:54:00.000Z";"2026-04-11T17:57:00.000Z";634.668
"2026-04-11T17:57:00.000Z";"2026-04-11T18:00:00.000Z";632.659
"2026-04-11T18:00:00.000Z";"2026-04-11T18:03:00.000Z";649.989
"2026-04-11T18:03:00.000Z";"2026-04-11T18:06:00.000Z";653.994
"2026-04-11T18:06:00.000Z";"2026-04-11T18:09:00.000Z";652.839
"2026-04-11T18:09:00.000Z";"2026-04-11T18:12:00.000Z";655.83
"2026-04-11T18:12:00.000Z";"2026-04-11T18:15:00.000Z";663.817
"2026-04-11T18:15:00.000Z";"2026-04-11T18:18:00.000Z";666.829
"2026-04-11T18:18:00.000Z";"2026-04-11T18:21:00.000Z";675.662
"2026-04-11T18:21:00.000Z";"2026-04-11T18:24:00.000Z";679.667
"2026-04-11T18:24:00.000Z";"2026-04-11T18:27:00.000Z";681.665
"2026-04-11T18:27:00.000Z";"2026-04-11T18:30:00.000Z";687.161
"2026-04-11T18:30:00.000Z";"2026-04-11T18:33:00.000Z";689.666
"2026-04-11T18:33:00.000Z";"2026-04-11T18:36:00.000Z";698.662
"2026-04-11T18:36:00.000Z";"2026-04-11T18:39:00.000Z";711.322
"2026-04-11T18:39:00.000Z";"2026-04-11T18:42:00.000Z";719.666
"2026-04-11T18:42:00.000Z";"2026-04-11T18:45:00.000Z";718.335
"2026-04-11T18:45:00.000Z";"2026-04-11T18:48:00.000Z";708.667
"2026-04-11T18:48:00.000Z";"2026-04-11T18:51:00.000Z";704.996
"2026-04-11T18:51:00.000Z";"2026-04-11T18:54:00.000Z";711.662
"2026-04-11T18:54:00.000Z";"2026-04-11T18:57:00.000Z";722.66
"2026-04-11T18:57:00.000Z";"2026-04-11T19:00:00.000Z";736.492
"2026-04-11T19:00:00.000Z";"2026-04-11T19:03:00.000Z";745.998
"2026-04-11T19:03:00.000Z";"2026-04-11T19:06:00.000Z";754.654
"2026-04-11T19:06:00.000Z";"2026-04-11T19:09:00.000Z";752.832
"2026-04-11T19:09:00.000Z";"2026-04-11T19:12:00.000Z";757.497
"2026-04-11T19:12:00.000Z";"2026-04-11T19:15:00.000Z";764.158
"2026-04-11T19:15:00.000Z";"2026-04-11T19:18:00.000Z";762.835
"2026-04-11T19:18:00.000Z";"2026-04-11T19:21:00.000Z";767.998
"2026-04-11T19:21:00.000Z";"2026-04-11T19:24:00.000Z";768
"2026-04-11T19:24:00.000Z";"2026-04-11T19:27:00.000Z";769.349
"2026-04-11T19:27:00.000Z";"2026-04-11T19:30:00.000Z";773.998
"2026-04-11T19:30:00.000Z";"2026-04-11T19:33:00.000Z";775.997
"2026-04-11T19:33:00.000Z";"2026-04-11T19:36:00.000Z";782.995
"2026-04-11T19:36:00.000Z";"2026-04-11T19:39:00.000Z";791.993
"2026-04-11T19:39:00.000Z";"2026-04-11T19:42:00.000Z";801.824
"2026-04-11T19:42:00.000Z";"2026-04-11T19:45:00.000Z";820.152
"2026-04-11T19:45:00.000Z";"2026-04-11T19:48:00.000Z";834.826
"2026-04-11T19:48:00.000Z";"2026-04-11T19:51:00.000Z";836.667
"2026-04-11T19:51:00.000Z";"2026-04-11T19:54:00.000Z";839.333
"2026-04-11T19:54:00.000Z";"2026-04-11T19:57:00.000Z";837.507
"2026-04-11T19:57:00.000Z";"2026-04-11T20:00:00.000Z";835.335
"2026-04-11T20:00:00.000Z";"2026-04-11T20:03:00.000Z";836.663
"2026-04-11T20:03:00.000Z";"2026-04-11T20:06:00.000Z";840.825
"2026-04-11T20:06:00.000Z";"2026-04-11T20:09:00.000Z";842.331
"2026-04-11T20:09:00.000Z";"2026-04-11T20:12:00.000Z";850.662
"2026-04-11T20:12:00.000Z";"2026-04-11T20:15:00.000Z";860.982
"2026-04-11T20:15:00.000Z";"2026-04-11T20:18:00.000Z";868.329
"2026-04-11T20:18:00.000Z";"2026-04-11T20:21:00.000Z";876.824
"2026-04-11T20:21:00.000Z";"2026-04-11T20:24:00.000Z";889.323
"2026-04-11T20:24:00.000Z";"2026-04-11T20:27:00.000Z";896.837
"2026-04-11T20:27:00.000Z";"2026-04-11T20:30:00.000Z";898.996
"2026-04-11T20:30:00.000Z";"2026-04-11T20:33:00.000Z";896.837
"2026-04-11T20:33:00.000Z";"2026-04-11T20:36:00.000Z";895.003
"2026-04-11T20:36:00.000Z";"2026-04-11T20:39:00.000Z";892.001
"2026-04-11T20:39:00.000Z";"2026-04-11T20:42:00.000Z";898.819
"2026-04-11T20:42:00.000Z";"2026-04-11T20:45:00.000Z";898.337
"2026-04-11T20:45:00.000Z";"2026-04-11T20:48:00.000Z";890.67
"2026-04-11T20:48:00.000Z";"2026-04-11T20:51:00.000Z";885.672
"2026-04-11T20:51:00.000Z";"2026-04-11T20:54:00.000Z";888.661
"2026-04-11T20:54:00.000Z";"2026-04-11T20:57:00.000Z";899.819
"2026-04-11T20:57:00.000Z";"2026-04-11T21:00:00.000Z";911.984
"2026-04-11T21:00:00.000Z";"2026-04-11T21:03:00.000Z";926.327
"2026-04-11T21:03:00.000Z";"2026-04-11T21:06:00.000Z";941.825
"2026-04-11T21:06:00.000Z";"2026-04-11T21:09:00.000Z";950.332
"2026-04-11T21:09:00.000Z";"2026-04-11T21:12:00.000Z";987.256
"2026-04-11T21:12:00.000Z";"2026-04-11T21:15:00.000Z";1014.33
"2026-04-11T21:15:00.000Z";"2026-04-11T21:18:00.000Z";1022.33
"2026-04-11T21:18:00.000Z";"2026-04-11T21:21:00.000Z";1020.33
"2026-04-11T21:21:00.000Z";"2026-04-11T21:24:00.000Z";1019.67
"2026-04-11T21:24:00.000Z";"2026-04-11T21:27:00.000Z";1023.99
"2026-04-11T21:27:00.000Z";"2026-04-11T21:30:00.000Z";1033.16
"2026-04-11T21:30:00.000Z";"2026-04-11T21:33:00.000Z";1044.16
"2026-04-11T21:33:00.000Z";"2026-04-11T21:36:00.000Z";1060
"2026-04-11T21:36:00.000Z";"2026-04-11T21:39:00.000Z";1072.16
"2026-04-11T21:39:00.000Z";"2026-04-11T21:42:00.000Z";1081.49
"2026-04-11T21:42:00.000Z";"2026-04-11T21:45:00.000Z";1087
"2026-04-11T21:45:00.000Z";"2026-04-11T21:48:00.000Z";1097.15
"2026-04-11T21:48:00.000Z";"2026-04-11T21:51:00.000Z";1117.66
"2026-04-11T21:51:00.000Z";"2026-04-11T21:54:00.000Z";1137.65
"2026-04-11T21:54:00.000Z";"2026-04-11T21:57:00.000Z";1143.66
"2026-04-11T21:57:00.000Z";"2026-04-11T22:00:00.000Z";1148.49
"2026-04-11T22:00:00.000Z";"2026-04-11T22:03:00.000Z";1155.99
"2026-04-11T22:03:00.000Z";"2026-04-11T22:06:00.000Z";1158.84
"2026-04-11T22:06:00.000Z";"2026-04-11T22:09:00.000Z";1153.34
"2026-04-11T22:09:00.000Z";"2026-04-11T22:12:00.000Z";1151
"2026-04-11T22:12:00.000Z";"2026-04-11T22:15:00.000Z";1150
"2026-04-11T22:15:00.000Z";"2026-04-11T22:18:00.000Z";1156.66
"2026-04-11T22:18:00.000Z";"2026-04-11T22:21:00.000Z";1154.67
"2026-04-11T22:21:00.000Z";"2026-04-11T22:24:00.000Z";1155.5
"2026-04-11T22:24:00.000Z";"2026-04-11T22:27:00.000Z";1153.5
"2026-04-11T22:27:00.000Z";"2026-04-11T22:30:00.000Z";1150.17
"2026-04-11T22:30:00.000Z";"2026-04-11T22:33:00.000Z";1144.51
"2026-04-11T22:33:00.000Z";"2026-04-11T22:36:00.000Z";1140.67
"2026-04-11T22:36:00.000Z";"2026-04-11T22:39:00.000Z";1142.67
"2026-04-11T22:39:00.000Z";"2026-04-11T22:42:00.000Z";1149.82
"2026-04-11T22:42:00.000Z";"2026-04-11T22:45:00.000Z";1151
"2026-04-11T22:45:00.000Z";"2026-04-11T22:48:00.000Z";1146.17
"2026-04-11T22:48:00.000Z";"2026-04-11T22:51:00.000Z";1149
"2026-04-11T22:51:00.000Z";"2026-04-11T22:54:00.000Z";1145.01
"2026-04-11T22:54:00.000Z";"2026-04-11T22:57:00.000Z";1143.67
"2026-04-11T22:57:00.000Z";"2026-04-11T23:00:00.000Z";1151.65
"2026-04-11T23:00:00.000Z";"2026-04-11T23:03:00.000Z";1148.33
"2026-04-11T23:03:00.000Z";"2026-04-11T23:06:00.000Z";1151.66
"2026-04-11T23:06:00.000Z";"2026-04-11T23:09:00.000Z";1155.34
"2026-04-11T23:09:00.000Z";"2026-04-11T23:12:00.000Z";1149.67
"2026-04-11T23:12:00.000Z";"2026-04-11T23:15:00.000Z";1149.67
"2026-04-11T23:15:00.000Z";"2026-04-11T23:18:00.000Z";1147.34
"2026-04-11T23:18:00.000Z";"2026-04-11T23:21:00.000Z";1136.67
"2026-04-11T23:21:00.000Z";"2026-04-11T23:24:00.000Z";1131.66
"2026-04-11T23:24:00.000Z";"2026-04-11T23:27:00.000Z";1131.67
"2026-04-11T23:27:00.000Z";"2026-04-11T23:30:00.000Z";1140.32
"2026-04-11T23:30:00.000Z";"2026-04-11T23:33:00.000Z";1142.51
"2026-04-11T23:33:00.000Z";"2026-04-11T23:36:00.000Z";1147.33
"2026-04-11T23:36:00.000Z";"2026-04-11T23:39:00.000Z";1166.14
"2026-04-11T23:39:00.000Z";"2026-04-11T23:42:00.000Z";1186.48
"2026-04-11T23:42:00.000Z";"2026-04-11T23:45:00.000Z";1205.14
"2026-04-11T23:45:00.000Z";"2026-04-11T23:48:00.000Z";1207
"2026-04-11T23:48:00.000Z";"2026-04-11T23:51:00.000Z";1209.33
"2026-04-11T23:51:00.000Z";"2026-04-11T23:54:00.000Z";1215.48
"2026-04-11T23:54:00.000Z";"2026-04-11T23:57:00.000Z";1225.66
"2026-04-11T23:57:00.000Z";"2026-04-12T00:00:00.000Z";1228.66
"2026-04-12T00:00:00.000Z";"2026-04-12T00:03:00.000Z";1236.5
"2026-04-12T00:03:00.000Z";"2026-04-12T00:06:00.000Z";1247.65
"2026-04-12T00:06:00.000Z";"2026-04-12T00:09:00.000Z";1255
"2026-04-12T00:09:00.000Z";"2026-04-12T00:12:00.000Z";1260.99
"2026-04-12T00:12:00.000Z";"2026-04-12T00:15:00.000Z";1271
"2026-04-12T00:15:00.000Z";"2026-04-12T00:18:00.000Z";1257.34
"2026-04-12T00:18:00.000Z";"2026-04-12T00:21:00.000Z";1242.83
"2026-04-12T00:21:00.000Z";"2026-04-12T00:24:00.000Z";1240.83
"2026-04-12T00:24:00.000Z";"2026-04-12T00:27:00.000Z";1236.18
"2026-04-12T00:27:00.000Z";"2026-04-12T00:30:00.000Z";1235.49
"2026-04-12T00:30:00.000Z";"2026-04-12T00:33:00.000Z";1242.33
"2026-04-12T00:33:00.000Z";"2026-04-12T00:36:00.000Z";1248.82
"2026-04-12T00:36:00.000Z";"2026-04-12T00:39:00.000Z";1253
"2026-04-12T00:39:00.000Z";"2026-04-12T00:42:00.000Z";1256.66
"2026-04-12T00:42:00.000Z";"2026-04-12T00:45:00.000Z";1260.16
"2026-04-12T00:45:00.000Z";"2026-04-12T00:48:00.000Z";1267.49
"2026-04-12T00:48:00.000Z";"2026-04-12T00:51:00.000Z";1278.17
"2026-04-12T00:51:00.000Z";"2026-04-12T00:54:00.000Z";1273.67
"2026-04-12T00:54:00.000Z";"2026-04-12T00:57:00.000Z";1277.81
"2026-04-12T00:57:00.000Z";"2026-04-12T01:00:00.000Z";1270.51
"2026-04-12T01:00:00.000Z";"2026-04-12T01:03:00.000Z";1262.5
"2026-04-12T01:03:00.000Z";"2026-04-12T01:06:00.000Z";1265.17
"2026-04-12T01:06:00.000Z";"2026-04-12T01:09:00.000Z";1258.34
"2026-04-12T01:09:00.000Z";"2026-04-12T01:12:00.000Z";1251.32
"2026-04-12T01:12:00.000Z";"2026-04-12T01:15:00.000Z";1240.17
"2026-04-12T01:15:00.000Z";"2026-04-12T01:18:00.000Z";1226.18
"2026-04-12T01:18:00.000Z";"2026-04-12T01:21:00.000Z";1214.5
"2026-04-12T01:21:00.000Z";"2026-04-12T01:24:00.000Z";1205.67
"2026-04-12T01:24:00.000Z";"2026-04-12T01:27:00.000Z";1197.84
"2026-04-12T01:27:00.000Z";"2026-04-12T01:30:00.000Z";1182.01
"2026-04-12T01:30:00.000Z";"2026-04-12T01:33:00.000Z";1180.67
"2026-04-12T01:33:00.000Z";"2026-04-12T01:36:00.000Z";1164.84
"2026-04-12T01:36:00.000Z";"2026-04-12T01:39:00.000Z";1147.51
"2026-04-12T01:39:00.000Z";"2026-04-12T01:42:00.000Z";1132.01
"2026-04-12T01:42:00.000Z";"2026-04-12T01:45:00.000Z";1118.84
"2026-04-12T01:45:00.000Z";"2026-04-12T01:48:00.000Z";1107.84
"2026-04-12T01:48:00.000Z";"2026-04-12T01:51:00.000Z";1103.83
"2026-04-12T01:51:00.000Z";"2026-04-12T01:54:00.000Z";1097.49
"2026-04-12T01:54:00.000Z";"2026-04-12T01:57:00.000Z";1090.51
"2026-04-12T01:57:00.000Z";"2026-04-12T02:00:00.000Z";1084
"2026-04-12T02:00:00.000Z";"2026-04-12T02:03:00.000Z";1065.35
"2026-04-12T02:03:00.000Z";"2026-04-12T02:06:00.000Z";1050.34
"2026-04-12T02:06:00.000Z";"2026-04-12T02:09:00.000Z";1043.01
"2026-04-12T02:09:00.000Z";"2026-04-12T02:12:00.000Z";1024.01
"2026-04-12T02:12:00.000Z";"2026-04-12T02:15:00.000Z";1007.51
"2026-04-12T02:15:00.000Z";"2026-04-12T02:18:00.000Z";996.839
"2026-04-12T02:18:00.000Z";"2026-04-12T02:21:00.000Z";991.165
"2026-04-12T02:21:00.000Z";"2026-04-12T02:24:00.000Z";986.677
"2026-04-12T02:24:00.000Z";"2026-04-12T02:27:00.000Z";976.84
"2026-04-12T02:27:00.000Z";"2026-04-12T02:30:00.000Z";971.332
"2026-04-12T02:30:00.000Z";"2026-04-12T02:33:00.000Z";981.49
"2026-04-12T02:33:00.000Z";"2026-04-12T02:36:00.000Z";985.167
"2026-04-12T02:36:00.000Z";"2026-04-12T02:39:00.000Z";978.839
"2026-04-12T02:39:00.000Z";"2026-04-12T02:42:00.000Z";958.844
"2026-04-12T02:42:00.000Z";"2026-04-12T02:45:00.000Z";946.006
"2026-04-12T02:45:00.000Z";"2026-04-12T02:48:00.000Z";935.67
"2026-04-12T02:48:00.000Z";"2026-04-12T02:51:00.000Z";938.668
"2026-04-12T02:51:00.000Z";"2026-04-12T02:54:00.000Z";938.826
"2026-04-12T02:54:00.000Z";"2026-04-12T02:57:00.000Z";941.328
"2026-04-12T02:57:00.000Z";"2026-04-12T03:00:00.000Z";948.499
"2026-04-12T03:00:00.000Z";"2026-04-12T03:03:00.000Z";951.163
"2026-04-12T03:03:00.000Z";"2026-04-12T03:06:00.000Z";950.837
"2026-04-12T03:06:00.000Z";"2026-04-12T03:09:00.000Z";955.996
"2026-04-12T03:09:00.000Z";"2026-04-12T03:12:00.000Z";962.669
"2026-04-12T03:12:00.000Z";"2026-04-12T03:15:00.000Z";964
"2026-04-12T03:15:00.000Z";"2026-04-12T03:18:00.000Z";967.666
"2026-04-12T03:18:00.000Z";"2026-04-12T03:21:00.000Z";965.834
"2026-04-12T03:21:00.000Z";"2026-04-12T03:24:00.000Z";963.995
"2026-04-12T03:24:00.000Z";"2026-04-12T03:27:00.000Z";963.497
"2026-04-12T03:27:00.000Z";"2026-04-12T03:30:00.000Z";965.671
"2026-04-12T03:30:00.000Z";"2026-04-12T03:33:00.000Z";963.169
"2026-04-12T03:33:00.000Z";"2026-04-12T03:36:00.000Z";956.667
"2026-04-12T03:36:00.000Z";"2026-04-12T03:39:00.000Z";953.67
"2026-04-12T03:39:00.000Z";"2026-04-12T03:42:00.000Z";949.176
"2026-04-12T03:42:00.000Z";"2026-04-12T03:45:00.000Z";945.168
"2026-04-12T03:45:00.000Z";"2026-04-12T03:48:00.000Z";946.329
"2026-04-12T03:48:00.000Z";"2026-04-12T03:51:00.000Z";950.327
"2026-04-12T03:51:00.000Z";"2026-04-12T03:54:00.000Z";953.331
"2026-04-12T03:54:00.000Z";"2026-04-12T03:57:00.000Z";961.333
"2026-04-12T03:57:00.000Z";"2026-04-12T04:00:00.000Z";968.305
"2026-04-12T04:00:00.000Z";"2026-04-12T04:03:00.000Z";969.166
"2026-04-12T04:03:00.000Z";"2026-04-12T04:06:00.000Z";971.327
"2026-04-12T04:06:00.000Z";"2026-04-12T04:09:00.000Z";972.006
"2026-04-12T04:09:00.000Z";"2026-04-12T04:12:00.000Z";976.669
"2026-04-12T04:12:00.000Z";"2026-04-12T04:15:00.000Z";970.504
"2026-04-12T04:15:00.000Z";"2026-04-12T04:18:00.000Z";965.002
"2026-04-12T04:18:00.000Z";"2026-04-12T04:21:00.000Z";958.67
"2026-04-12T04:21:00.000Z";"2026-04-12T04:24:00.000Z";953.513
"2026-04-12T04:24:00.000Z";"2026-04-12T04:27:00.000Z";941.185
"2026-04-12T04:27:00.000Z";"2026-04-12T04:30:00.000Z";930.832
"2026-04-12T04:30:00.000Z";"2026-04-12T04:33:00.000Z";925.669
"2026-04-12T04:33:00.000Z";"2026-04-12T04:36:00.000Z";922.333
"2026-04-12T04:36:00.000Z";"2026-04-12T04:39:00.000Z";924.511
"2026-04-12T04:39:00.000Z";"2026-04-12T04:42:00.000Z";918.165
"2026-04-12T04:42:00.000Z";"2026-04-12T04:45:00.000Z";909.348
"2026-04-12T04:45:00.000Z";"2026-04-12T04:48:00.000Z";898.674
"2026-04-12T04:48:00.000Z";"2026-04-12T04:51:00.000Z";886.347
"2026-04-12T04:51:00.000Z";"2026-04-12T04:54:00.000Z";884.831
"2026-04-12T04:54:00.000Z";"2026-04-12T04:57:00.000Z";884.166
"2026-04-12T04:57:00.000Z";"2026-04-12T05:00:00.000Z";890.164
"2026-04-12T05:00:00.000Z";"2026-04-12T05:03:00.000Z";891.661
"2026-04-12T05:03:00.000Z";"2026-04-12T05:06:00.000Z";883.671
"2026-04-12T05:06:00.000Z";"2026-04-12T05:09:00.000Z";864.018
"2026-04-12T05:09:00.000Z";"2026-04-12T05:12:00.000Z";858.501
"2026-04-12T05:12:00.000Z";"2026-04-12T05:15:00.000Z";856.001
"2026-04-12T05:15:00.000Z";"2026-04-12T05:18:00.000Z";850.177
"2026-04-12T05:18:00.000Z";"2026-04-12T05:21:00.000Z";843.012
"2026-04-12T05:21:00.000Z";"2026-04-12T05:24:00.000Z";836.503
"2026-04-12T05:24:00.000Z";"2026-04-12T05:27:00.000Z";822.339
"2026-04-12T05:27:00.000Z";"2026-04-12T05:30:00.000Z";820.997
"2026-04-12T05:30:00.000Z";"2026-04-12T05:33:00.000Z";815.837
"2026-04-12T05:33:00.000Z";"2026-04-12T05:36:00.000Z";809.338
"2026-04-12T05:36:00.000Z";"2026-04-12T05:39:00.000Z";805.004
"2026-04-12T05:39:00.000Z";"2026-04-12T05:42:00.000Z";797.662
"2026-04-12T05:42:00.000Z";"2026-04-12T05:45:00.000Z";795.668
"2026-04-12T05:45:00.000Z";"2026-04-12T05:48:00.000Z";782.352
"2026-04-12T05:48:00.000Z";"2026-04-12T05:51:00.000Z";775.506
"2026-04-12T05:51:00.000Z";"2026-04-12T05:54:00.000Z";765.507
"2026-04-12T05:54:00.000Z";"2026-04-12T05:57:00.000Z";753.339
"2026-04-12T05:57:00.000Z";"2026-04-12T06:00:00.000Z";744.674
"2026-04-12T06:00:00.000Z";"2026-04-12T06:03:00.000Z";734.502
"2026-04-12T06:03:00.000Z";"2026-04-12T06:06:00.000Z";717.34
"2026-04-12T06:06:00.000Z";"2026-04-12T06:09:00.000Z";710.655
"2026-04-12T06:09:00.000Z";"2026-04-12T06:12:00.000Z";706.17
"2026-04-12T06:12:00.000Z";"2026-04-12T06:15:00.000Z";690.845
"2026-04-12T06:15:00.000Z";"2026-04-12T06:18:00.000Z";664.35
"2026-04-12T06:18:00.000Z";"2026-04-12T06:21:00.000Z";641.365
"2026-04-12T06:21:00.000Z";"2026-04-12T06:24:00.000Z";619.004
"2026-04-12T06:24:00.000Z";"2026-04-12T06:27:00.000Z";603.351
"2026-04-12T06:27:00.000Z";"2026-04-12T06:30:00.000Z";586.688
"2026-04-12T06:30:00.000Z";"2026-04-12T06:33:00.000Z";564.689
"2026-04-12T06:33:00.000Z";"2026-04-12T06:36:00.000Z";537.002
"2026-04-12T06:36:00.000Z";"2026-04-12T06:39:00.000Z";515.692
"2026-04-12T06:39:00.000Z";"2026-04-12T06:42:00.000Z";487.349
"2026-04-12T06:42:00.000Z";"2026-04-12T06:45:00.000Z";466.679
"2026-04-12T06:45:00.000Z";"2026-04-12T06:48:00.000Z";436.212
"2026-04-12T06:48:00.000Z";"2026-04-12T06:51:00.000Z";410.702
"2026-04-12T06:51:00.000Z";"2026-04-12T06:54:00.000Z";379.364
"2026-04-12T06:54:00.000Z";"2026-04-12T06:57:00.000Z";361.005
"2026-04-12T06:57:00.000Z";"2026-04-12T07:00:00.000Z";344.014
"2026-04-12T07:00:00.000Z";"2026-04-12T07:03:00.000Z";324.174
"2026-04-12T07:03:00.000Z";"2026-04-12T07:06:00.000Z";308.176
"2026-04-12T07:06:00.000Z";"2026-04-12T07:09:00.000Z";306.002
"2026-04-12T07:09:00.000Z";"2026-04-12T07:12:00.000Z";306.333
"2026-04-12T07:12:00.000Z";"2026-04-12T07:15:00.000Z";304.333
"2026-04-12T07:15:00.000Z";"2026-04-12T07:18:00.000Z";307.322
"2026-04-12T07:18:00.000Z";"2026-04-12T07:21:00.000Z";308.165
"2026-04-12T07:21:00.000Z";"2026-04-12T07:24:00.000Z";310.335
"2026-04-12T07:24:00.000Z";"2026-04-12T07:27:00.000Z";321.989
"2026-04-12T07:27:00.000Z";"2026-04-12T07:30:00.000Z";332.5
"2026-04-12T07:30:00.000Z";"2026-04-12T07:33:00.000Z";329.813
"2026-04-12T07:33:00.000Z";"2026-04-12T07:36:00.000Z";340.333
"2026-04-12T07:36:00.000Z";"2026-04-12T07:39:00.000Z";343.008
"2026-04-12T07:39:00.000Z";"2026-04-12T07:42:00.000Z";348.659
"2026-04-12T07:42:00.000Z";"2026-04-12T07:45:00.000Z";364.488
"2026-04-12T07:45:00.000Z";"2026-04-12T07:48:00.000Z";376.809
"2026-04-12T07:48:00.000Z";"2026-04-12T07:51:00.000Z";395.833
"2026-04-12T07:51:00.000Z";"2026-04-12T07:54:00.000Z";423.962
"2026-04-12T07:54:00.000Z";"2026-04-12T07:57:00.000Z";458.123
"2026-04-12T07:57:00.000Z";"2026-04-12T08:00:00.000Z";479.647
"2026-04-12T08:00:00.000Z";"2026-04-12T08:03:00.000Z";492.325
"2026-04-12T08:03:00.000Z";"2026-04-12T08:06:00.000Z";517.781
"2026-04-12T08:06:00.000Z";"2026-04-12T08:09:00.000Z";552.148
"2026-04-12T08:09:00.000Z";"2026-04-12T08:12:00.000Z";581.134
"2026-04-12T08:12:00.000Z";"2026-04-12T08:15:00.000Z";605.482
"2026-04-12T08:15:00.000Z";"2026-04-12T08:18:00.000Z";632.333
"2026-04-12T08:18:00.000Z";"2026-04-12T08:21:00.000Z";650.819
"2026-04-12T08:21:00.000Z";"2026-04-12T08:24:00.000Z";667.999
"2026-04-12T08:24:00.000Z";"2026-04-12T08:27:00.000Z";708.3
"2026-04-12T08:27:00.000Z";"2026-04-12T08:30:00.000Z";732.139
"2026-04-12T08:30:00.000Z";"2026-04-12T08:33:00.000Z";718.856
"2026-04-12T08:33:00.000Z";"2026-04-12T08:36:00.000Z";734.825
"2026-04-12T08:36:00.000Z";"2026-04-12T08:39:00.000Z";731.662
"2026-04-12T08:39:00.000Z";"2026-04-12T08:42:00.000Z";719.516
"2026-04-12T08:42:00.000Z";"2026-04-12T08:45:00.000Z";721.984
"2026-04-12T08:45:00.000Z";"2026-04-12T08:48:00.000Z";755.276
"2026-04-12T08:48:00.000Z";"2026-04-12T08:51:00.000Z";780.792
"2026-04-12T08:51:00.000Z";"2026-04-12T08:54:00.000Z";809.988
"2026-04-12T08:54:00.000Z";"2026-04-12T08:57:00.000Z";830.507
"2026-04-12T08:57:00.000Z";"2026-04-12T09:00:00.000Z";825.015
"2026-04-12T09:00:00.000Z";"2026-04-12T09:03:00.000Z";839.143
"2026-04-12T09:03:00.000Z";"2026-04-12T09:06:00.000Z";838.855
"2026-04-12T09:06:00.000Z";"2026-04-12T09:09:00.000Z";854.673
"2026-04-12T09:09:00.000Z";"2026-04-12T09:12:00.000Z";869.296
"2026-04-12T09:12:00.000Z";"2026-04-12T09:15:00.000Z";870.854
"2026-04-12T09:15:00.000Z";"2026-04-12T09:18:00.000Z";875.82
"2026-04-12T09:18:00.000Z";"2026-04-12T09:21:00.000Z";864.358
"2026-04-12T09:21:00.000Z";"2026-04-12T09:24:00.000Z";881.331
"2026-04-12T09:24:00.000Z";"2026-04-12T09:27:00.000Z";887.182
"2026-04-12T09:27:00.000Z";"2026-04-12T09:30:00.000Z";889.165
"2026-04-12T09:30:00.000Z";"2026-04-12T09:33:00.000Z";887.663
"2026-04-12T09:33:00.000Z";"2026-04-12T09:36:00.000Z";867.663
"2026-04-12T09:36:00.000Z";"2026-04-12T09:39:00.000Z";859.845
"2026-04-12T09:39:00.000Z";"2026-04-12T09:42:00.000Z";866.669
"2026-04-12T09:42:00.000Z";"2026-04-12T09:45:00.000Z";882.829
"2026-04-12T09:45:00.000Z";"2026-04-12T09:48:00.000Z";852.691
"2026-04-12T09:48:00.000Z";"2026-04-12T09:51:00.000Z";863.153
"2026-04-12T09:51:00.000Z";"2026-04-12T09:54:00.000Z";846.485
"2026-04-12T09:54:00.000Z";"2026-04-12T09:57:00.000Z";836.202
"2026-04-12T09:57:00.000Z";"2026-04-12T10:00:00.000Z";835.976
"2026-04-12T10:00:00.000Z";"2026-04-12T10:03:00.000Z";807.386
"2026-04-12T10:03:00.000Z";"2026-04-12T10:06:00.000Z";839.259
"2026-04-12T10:06:00.000Z";"2026-04-12T10:09:00.000Z";847.994
"2026-04-12T10:09:00.000Z";"2026-04-12T10:12:00.000Z";833.816
"2026-04-12T10:12:00.000Z";"2026-04-12T10:15:00.000Z";829.662
"2026-04-12T10:15:00.000Z";"2026-04-12T10:18:00.000Z";818.496
"2026-04-12T10:18:00.000Z";"2026-04-12T10:21:00.000Z";827.657
"2026-04-12T10:21:00.000Z";"2026-04-12T10:24:00.000Z";844.022
"2026-04-12T10:24:00.000Z";"2026-04-12T10:27:00.000Z";818.235
"2026-04-12T10:27:00.000Z";"2026-04-12T10:30:00.000Z";793.342
"2026-04-12T10:30:00.000Z";"2026-04-12T10:33:00.000Z";779.02
"2026-04-12T10:33:00.000Z";"2026-04-12T10:36:00.000Z";778.654
"2026-04-12T10:36:00.000Z";"2026-04-12T10:39:00.000Z";788.642
"2026-04-12T10:39:00.000Z";"2026-04-12T10:42:00.000Z";762.875
"2026-04-12T10:42:00.000Z";"2026-04-12T10:45:00.000Z";730.831
"2026-04-12T10:45:00.000Z";"2026-04-12T10:48:00.000Z";722.517
"2026-04-12T10:48:00.000Z";"2026-04-12T10:51:00.000Z";719.48
"2026-04-12T10:51:00.000Z";"2026-04-12T10:54:00.000Z";697.339
"2026-04-12T10:54:00.000Z";"2026-04-12T10:57:00.000Z";696.657
"2026-04-12T10:57:00.000Z";"2026-04-12T11:00:00.000Z";693.484
"2026-04-12T11:00:00.000Z";"2026-04-12T11:03:00.000Z";721.826
"2026-04-12T11:03:00.000Z";"2026-04-12T11:06:00.000Z";707.195
"2026-04-12T11:06:00.000Z";"2026-04-12T11:09:00.000Z";702.839
"2026-04-12T11:09:00.000Z";"2026-04-12T11:12:00.000Z";681.981
"2026-04-12T11:12:00.000Z";"2026-04-12T11:15:00.000Z";712.821
"2026-04-12T11:15:00.000Z";"2026-04-12T11:18:00.000Z";705.335
"2026-04-12T11:18:00.000Z";"2026-04-12T11:21:00.000Z";693.663
"2026-04-12T11:21:00.000Z";"2026-04-12T11:24:00.000Z";702.16
"2026-04-12T11:24:00.000Z";"2026-04-12T11:27:00.000Z";673.394
"2026-04-12T11:27:00.000Z";"2026-04-12T11:30:00.000Z";649.009
"2026-04-12T11:30:00.000Z";"2026-04-12T11:33:00.000Z";655.325
"2026-04-12T11:33:00.000Z";"2026-04-12T11:36:00.000Z";672.179
"2026-04-12T11:36:00.000Z";"2026-04-12T11:39:00.000Z";651.835
"2026-04-12T11:39:00.000Z";"2026-04-12T11:42:00.000Z";650.154
"2026-04-12T11:42:00.000Z";"2026-04-12T11:45:00.000Z";635.849
"2026-04-12T11:45:00.000Z";"2026-04-12T11:48:00.000Z";641.329
"2026-04-12T11:48:00.000Z";"2026-04-12T11:51:00.000Z";652.99
"2026-04-12T11:51:00.000Z";"2026-04-12T11:54:00.000Z";648.841
"2026-04-12T11:54:00.000Z";"2026-04-12T11:57:00.000Z";640.999
"2026-04-12T11:57:00.000Z";"2026-04-12T12:00:00.000Z";639.166
"2026-04-12T12:00:00.000Z";"2026-04-12T12:03:00.000Z";592.432
"2026-04-12T12:03:00.000Z";"2026-04-12T12:06:00.000Z";586.495
"2026-04-12T12:06:00.000Z";"2026-04-12T12:09:00.000Z";609.671
"2026-04-12T12:09:00.000Z";"2026-04-12T12:12:00.000Z";585.682
"2026-04-12T12:12:00.000Z";"2026-04-12T12:15:00.000Z";578.345
"2026-04-12T12:15:00.000Z";"2026-04-12T12:18:00.000Z";550.845
"2026-04-12T12:18:00.000Z";"2026-04-12T12:21:00.000Z";548.489
"2026-04-12T12:21:00.000Z";"2026-04-12T12:24:00.000Z";546.355
"2026-04-12T12:24:00.000Z";"2026-04-12T12:27:00.000Z";542.828
"2026-04-12T12:27:00.000Z";"2026-04-12T12:30:00.000Z";546.669
"2026-04-12T12:30:00.000Z";"2026-04-12T12:33:00.000Z";548.166
"2026-04-12T12:33:00.000Z";"2026-04-12T12:36:00.000Z";566.999
"2026-04-12T12:36:00.000Z";"2026-04-12T12:39:00.000Z";565.846
"2026-04-12T12:39:00.000Z";"2026-04-12T12:42:00.000Z";557.344
"2026-04-12T12:42:00.000Z";"2026-04-12T12:45:00.000Z";527.683
"2026-04-12T12:45:00.000Z";"2026-04-12T12:48:00.000Z";544.987
"2026-04-12T12:48:00.000Z";"2026-04-12T12:51:00.000Z";529.349
"2026-04-12T12:51:00.000Z";"2026-04-12T12:54:00.000Z";509.837
"2026-04-12T12:54:00.000Z";"2026-04-12T12:57:00.000Z";500.999
"2026-04-12T12:57:00.000Z";"2026-04-12T13:00:00.000Z";518.822
"2026-04-12T13:00:00.000Z";"2026-04-12T13:03:00.000Z";516.163
"2026-04-12T13:03:00.000Z";"2026-04-12T13:06:00.000Z";520.01
"2026-04-12T13:06:00.000Z";"2026-04-12T13:09:00.000Z";512.002
"2026-04-12T13:09:00.000Z";"2026-04-12T13:12:00.000Z";510.989
"2026-04-12T13:12:00.000Z";"2026-04-12T13:15:00.000Z";516.005
"2026-04-12T13:15:00.000Z";"2026-04-12T13:18:00.000Z";497.505
"2026-04-12T13:18:00.000Z";"2026-04-12T13:21:00.000Z";489.174
"2026-04-12T13:21:00.000Z";"2026-04-12T13:24:00.000Z";480.164
"2026-04-12T13:24:00.000Z";"2026-04-12T13:27:00.000Z";496.5
"2026-04-12T13:27:00.000Z";"2026-04-12T13:30:00.000Z";502.011
"2026-04-12T13:30:00.000Z";"2026-04-12T13:33:00.000Z";479.686
"2026-04-12T13:33:00.000Z";"2026-04-12T13:36:00.000Z";471.834
"2026-04-12T13:36:00.000Z";"2026-04-12T13:39:00.000Z";470.985
"2026-04-12T13:39:00.000Z";"2026-04-12T13:42:00.000Z";505.463
"2026-04-12T13:42:00.000Z";"2026-04-12T13:45:00.000Z";509.675
"2026-04-12T13:45:00.000Z";"2026-04-12T13:48:00.000Z";490.183
"2026-04-12T13:48:00.000Z";"2026-04-12T13:51:00.000Z";483.506
"2026-04-12T13:51:00.000Z";"2026-04-12T13:54:00.000Z";476.19
"2026-04-12T13:54:00.000Z";"2026-04-12T13:57:00.000Z";464.5
"2026-04-12T13:57:00.000Z";"2026-04-12T14:00:00.000Z";454.172
"2026-04-12T14:00:00.000Z";"2026-04-12T14:03:00.000Z";464.152
"2026-04-12T14:03:00.000Z";"2026-04-12T14:06:00.000Z";462.674
"2026-04-12T14:06:00.000Z";"2026-04-12T14:09:00.000Z";485.99
"2026-04-12T14:09:00.000Z";"2026-04-12T14:12:00.000Z";495.165
"2026-04-12T14:12:00.000Z";"2026-04-12T14:15:00.000Z";488.838
"2026-04-12T14:15:00.000Z";"2026-04-12T14:18:00.000Z";482.179
"2026-04-12T14:18:00.000Z";"2026-04-12T14:21:00.000Z";487.999
"2026-04-12T14:21:00.000Z";"2026-04-12T14:24:00.000Z";502.322
"2026-04-12T14:24:00.000Z";"2026-04-12T14:27:00.000Z";513.829
"2026-04-12T14:27:00.000Z";"2026-04-12T14:30:00.000Z";498.336
"2026-04-12T14:30:00.000Z";"2026-04-12T14:33:00.000Z";489.175
"2026-04-12T14:33:00.000Z";"2026-04-12T14:36:00.000Z";497.158
"2026-04-12T14:36:00.000Z";"2026-04-12T14:39:00.000Z";502.497
"2026-04-12T14:39:00.000Z";"2026-04-12T14:42:00.000Z";513.314
"2026-04-12T14:42:00.000Z";"2026-04-12T14:45:00.000Z";502.835
"2026-04-12T14:45:00.000Z";"2026-04-12T14:48:00.000Z";505.673
"2026-04-12T14:48:00.000Z";"2026-04-12T14:51:00.000Z";503.847
"2026-04-12T14:51:00.000Z";"2026-04-12T14:54:00.000Z";487.832
"2026-04-12T14:54:00.000Z";"2026-04-12T14:57:00.000Z";489.169
"2026-04-12T14:57:00.000Z";"2026-04-12T15:00:00.000Z";490.346
"2026-04-12T15:00:00.000Z";"2026-04-12T15:03:00.000Z";485.509
"2026-04-12T15:03:00.000Z";"2026-04-12T15:06:00.000Z";480.16
"2026-04-12T15:06:00.000Z";"2026-04-12T15:09:00.000Z";477.673
"2026-04-12T15:09:00.000Z";"2026-04-12T15:12:00.000Z";480.821
"2026-04-12T15:12:00.000Z";"2026-04-12T15:15:00.000Z";492.831
"2026-04-12T15:15:00.000Z";"2026-04-12T15:18:00.000Z";506.986
"2026-04-12T15:18:00.000Z";"2026-04-12T15:21:00.000Z";495.841
"2026-04-12T15:21:00.000Z";"2026-04-12T15:24:00.000Z";495.999
"2026-04-12T15:24:00.000Z";"2026-04-12T15:27:00.000Z";496.322
"2026-04-12T15:27:00.000Z";"2026-04-12T15:30:00.000Z";496.003
"2026-04-12T15:30:00.000Z";"2026-04-12T15:33:00.000Z";488.346
"2026-04-12T15:33:00.000Z";"2026-04-12T15:36:00.000Z";468.834
"2026-04-12T15:36:00.000Z";"2026-04-12T15:39:00.000Z";465.49
"2026-04-12T15:39:00.000Z";"2026-04-12T15:42:00.000Z";447.852
"2026-04-12T15:42:00.000Z";"2026-04-12T15:45:00.000Z";451.98
"2026-04-12T15:45:00.000Z";"2026-04-12T15:48:00.000Z";455.83
"2026-04-12T15:48:00.000Z";"2026-04-12T15:51:00.000Z";463.161
"2026-04-12T15:51:00.000Z";"2026-04-12T15:54:00.000Z";448.509
"2026-04-12T15:54:00.000Z";"2026-04-12T15:57:00.000Z";458.979
"2026-04-12T15:57:00.000Z";"2026-04-12T16:00:00.000Z";455.186
"2026-04-12T16:00:00.000Z";"2026-04-12T16:03:00.000Z";456.997
"2026-04-12T16:03:00.000Z";"2026-04-12T16:06:00.000Z";453.833
"2026-04-12T16:06:00.000Z";"2026-04-12T16:09:00.000Z";457.999
"2026-04-12T16:09:00.000Z";"2026-04-12T16:12:00.000Z";453.837
"2026-04-12T16:12:00.000Z";"2026-04-12T16:15:00.000Z";452.498
"2026-04-12T16:15:00.000Z";"2026-04-12T16:18:00.000Z";454.499
"2026-04-12T16:18:00.000Z";"2026-04-12T16:21:00.000Z";457.496
"2026-04-12T16:21:00.000Z";"2026-04-12T16:24:00.000Z";465.322
"2026-04-12T16:27:00.000Z";"2026-04-12T16:30:00.000Z";455.821
"2026-04-12T16:30:00.000Z";"2026-04-12T16:33:00.000Z";461.5
"2026-04-12T16:33:00.000Z";"2026-04-12T16:36:00.000Z";466.491
"2026-04-12T16:36:00.000Z";"2026-04-12T16:39:00.000Z";477.322
"2026-04-12T16:39:00.000Z";"2026-04-12T16:42:00.000Z";483.836
"2026-04-12T16:42:00.000Z";"2026-04-12T16:45:00.000Z";488.325
"2026-04-12T16:45:00.000Z";"2026-04-12T16:48:00.000Z";498.819
"2026-04-12T16:48:00.000Z";"2026-04-12T16:51:00.000Z";508.994
"2026-04-12T16:51:00.000Z";"2026-04-12T16:54:00.000Z";515.996
"2026-04-12T16:54:00.000Z";"2026-04-12T16:57:00.000Z";522.164
"2026-04-12T16:57:00.000Z";"2026-04-12T17:00:00.000Z";538.484
"2026-04-12T17:00:00.000Z";"2026-04-12T17:03:00.000Z";559.821
"2026-04-12T17:03:00.000Z";"2026-04-12T17:06:00.000Z";581.659
"2026-04-12T17:06:00.000Z";"2026-04-12T17:09:00.000Z";590.146
"2026-04-12T17:09:00.000Z";"2026-04-12T17:12:00.000Z";602.322
"2026-04-12T17:12:00.000Z";"2026-04-12T17:15:00.000Z";612.991
"2026-04-12T17:15:00.000Z";"2026-04-12T17:18:00.000Z";626.827
"2026-04-12T17:18:00.000Z";"2026-04-12T17:21:00.000Z";637.492
"2026-04-12T17:21:00.000Z";"2026-04-12T17:24:00.000Z";652.653
"2026-04-12T17:24:00.000Z";"2026-04-12T17:27:00.000Z";659.497
"2026-04-12T17:27:00.000Z";"2026-04-12T17:30:00.000Z";670.321
"2026-04-12T17:30:00.000Z";"2026-04-12T17:33:00.000Z";680.49
"2026-04-12T17:33:00.000Z";"2026-04-12T17:36:00.000Z";698.31
"2026-04-12T17:36:00.000Z";"2026-04-12T17:39:00.000Z";717.494
"2026-04-12T17:39:00.000Z";"2026-04-12T17:42:00.000Z";742.649
"2026-04-12T17:42:00.000Z";"2026-04-12T17:45:00.000Z";766.479
"2026-04-12T17:45:00.000Z";"2026-04-12T17:48:00.000Z";779.158
"2026-04-12T17:48:00.000Z";"2026-04-12T17:51:00.000Z";797.976
"2026-04-12T17:51:00.000Z";"2026-04-12T17:54:00.000Z";806.823
"2026-04-12T17:54:00.000Z";"2026-04-12T17:57:00.000Z";806.998
"2026-04-12T17:57:00.000Z";"2026-04-12T18:00:00.000Z";812.32
"2026-04-12T18:00:00.000Z";"2026-04-12T18:03:00.000Z";823.487
"2026-04-12T18:03:00.000Z";"2026-04-12T18:06:00.000Z";833.333
"2026-04-12T18:06:00.000Z";"2026-04-12T18:09:00.000Z";838.328
"2026-04-12T18:09:00.000Z";"2026-04-12T18:12:00.000Z";843.159
"2026-04-12T18:15:00.000Z";"2026-04-12T18:18:00.000Z";857.995
"2026-04-12T18:18:00.000Z";"2026-04-12T18:21:00.000Z";854.834
"2026-04-12T18:21:00.000Z";"2026-04-12T18:24:00.000Z";860.667
"2026-04-12T18:24:00.000Z";"2026-04-12T18:27:00.000Z";869.327
"2026-04-12T18:27:00.000Z";"2026-04-12T18:30:00.000Z";876
"2026-04-12T18:30:00.000Z";"2026-04-12T18:33:00.000Z";891.321
"2026-04-12T18:33:00.000Z";"2026-04-12T18:36:00.000Z";899.991
"2026-04-12T18:36:00.000Z";"2026-04-12T18:39:00.000Z";911.998
"2026-04-12T18:39:00.000Z";"2026-04-12T18:42:00.000Z";914.998
"2026-04-12T18:42:00.000Z";"2026-04-12T18:45:00.000Z";917.332
"2026-04-12T18:45:00.000Z";"2026-04-12T18:48:00.000Z";921.655
"2026-04-12T18:48:00.000Z";"2026-04-12T18:51:00.000Z";931.999
"2026-04-12T18:51:00.000Z";"2026-04-12T18:54:00.000Z";941.657
"2026-04-12T18:57:00.000Z";"2026-04-12T19:00:00.000Z";964.658
"2026-04-12T19:00:00.000Z";"2026-04-12T19:03:00.000Z";978.827
"2026-04-12T19:03:00.000Z";"2026-04-12T19:06:00.000Z";993.159
"2026-04-12T19:06:00.000Z";"2026-04-12T19:09:00.000Z";1001.66
"2026-04-12T19:09:00.000Z";"2026-04-12T19:12:00.000Z";1017.49
"2026-04-12T19:12:00.000Z";"2026-04-12T19:15:00.000Z";1030.82
"2026-04-12T19:15:00.000Z";"2026-04-12T19:18:00.000Z";1043.66
"2026-04-12T19:18:00.000Z";"2026-04-12T19:21:00.000Z";1072.81
"2026-04-12T19:21:00.000Z";"2026-04-12T19:24:00.000Z";1108.32
"2026-04-12T19:24:00.000Z";"2026-04-12T19:27:00.000Z";1136.48
"2026-04-12T19:27:00.000Z";"2026-04-12T19:30:00.000Z";1173.81
"2026-04-12T19:30:00.000Z";"2026-04-12T19:33:00.000Z";1210.32
"2026-04-12T19:33:00.000Z";"2026-04-12T19:36:00.000Z";1241.12
"2026-04-12T19:36:00.000Z";"2026-04-12T19:39:00.000Z";1269.15
"2026-04-12T19:42:00.000Z";"2026-04-12T19:45:00.000Z";1317.82
"2026-04-12T19:45:00.000Z";"2026-04-12T19:48:00.000Z";1336.99
"2026-04-12T19:48:00.000Z";"2026-04-12T19:51:00.000Z";1354.65
"2026-04-12T19:51:00.000Z";"2026-04-12T19:54:00.000Z";1376.99
"2026-04-12T19:54:00.000Z";"2026-04-12T19:57:00.000Z";1391.83
"2026-04-12T19:57:00.000Z";"2026-04-12T20:00:00.000Z";1411.49
"2026-04-12T20:00:00.000Z";"2026-04-12T20:03:00.000Z";1419.16
"2026-04-12T20:06:00.000Z";"2026-04-12T20:09:00.000Z";1443.17
"2026-04-12T20:09:00.000Z";"2026-04-12T20:12:00.000Z";1465.15
"2026-04-12T20:15:00.000Z";"2026-04-12T20:18:00.000Z";1508.66
"2026-04-12T20:18:00.000Z";"2026-04-12T20:21:00.000Z";1521.33
"2026-04-12T20:21:00.000Z";"2026-04-12T20:24:00.000Z";1533.66
"2026-04-12T20:24:00.000Z";"2026-04-12T20:27:00.000Z";1549.99
"2026-04-12T20:27:00.000Z";"2026-04-12T20:30:00.000Z";1555.32
"2026-04-12T20:30:00.000Z";"2026-04-12T20:33:00.000Z";1573.49
"2026-04-12T20:33:00.000Z";"2026-04-12T20:36:00.000Z";1591
"2026-04-12T20:36:00.000Z";"2026-04-12T20:39:00.000Z";1613.65
"2026-04-12T20:39:00.000Z";"2026-04-12T20:42:00.000Z";1636.15
"2026-04-12T20:42:00.000Z";"2026-04-12T20:45:00.000Z";1659.14
"2026-04-12T20:45:00.000Z";"2026-04-12T20:48:00.000Z";1677.47
"2026-04-12T20:51:00.000Z";"2026-04-12T20:54:00.000Z";1705.99
"2026-04-12T20:57:00.000Z";"2026-04-12T21:00:00.000Z";1721.66
"2026-04-12T21:00:00.000Z";"2026-04-12T21:03:00.000Z";1731.99
"2026-04-12T21:03:00.000Z";"2026-04-12T21:06:00.000Z";1737.33
"2026-04-12T21:06:00.000Z";"2026-04-12T21:09:00.000Z";1744.83
"2026-04-12T21:09:00.000Z";"2026-04-12T21:12:00.000Z";1757.67
"2026-04-12T21:12:00.000Z";"2026-04-12T21:15:00.000Z";1754.83
"2026-04-12T21:15:00.000Z";"2026-04-12T21:18:00.000Z";1761.17
"2026-04-12T21:18:00.000Z";"2026-04-12T21:21:00.000Z";1731.01
"2026-04-12T21:21:00.000Z";"2026-04-12T21:24:00.000Z";1728.84
"2026-04-12T21:27:00.000Z";"2026-04-12T21:30:00.000Z";1713.5
"2026-04-12T21:30:00.000Z";"2026-04-12T21:33:00.000Z";1674.38
"2026-04-12T21:33:00.000Z";"2026-04-12T21:36:00.000Z";1679.16
"2026-04-12T21:36:00.000Z";"2026-04-12T21:39:00.000Z";1692.96
"2026-04-12T21:42:00.000Z";"2026-04-12T21:45:00.000Z";1678.33
"2026-04-12T21:45:00.000Z";"2026-04-12T21:48:00.000Z";1698.31
"2026-04-12T21:48:00.000Z";"2026-04-12T21:51:00.000Z";1731.68
"2026-04-12T21:51:00.000Z";"2026-04-12T21:54:00.000Z";1730.17
"2026-04-12T21:54:00.000Z";"2026-04-12T21:57:00.000Z";1713.68
"2026-04-12T21:57:00.000Z";"2026-04-12T22:00:00.000Z";1697.18
"2026-04-12T22:00:00.000Z";"2026-04-12T22:03:00.000Z";1684.33
"2026-04-12T22:03:00.000Z";"2026-04-12T22:06:00.000Z";1671.01
"2026-04-12T22:06:00.000Z";"2026-04-12T22:09:00.000Z";1666.01
"2026-04-12T22:09:00.000Z";"2026-04-12T22:12:00.000Z";1656.17
"2026-04-12T22:12:00.000Z";"2026-04-12T22:15:00.000Z";1647.01
"2026-04-12T22:15:00.000Z";"2026-04-12T22:18:00.000Z";1634.68
"2026-04-12T22:18:00.000Z";"2026-04-12T22:21:00.000Z";1626.83
"2026-04-12T22:21:00.000Z";"2026-04-12T22:24:00.000Z";1608.84
"2026-04-12T22:24:00.000Z";"2026-04-12T22:27:00.000Z";1587.68
"2026-04-12T22:30:00.000Z";"2026-04-12T22:33:00.000Z";1579.99
"2026-04-12T22:33:00.000Z";"2026-04-12T22:36:00.000Z";1583.65
"2026-04-12T22:36:00.000Z";"2026-04-12T22:39:00.000Z";1599.16
"2026-04-12T22:42:00.000Z";"2026-04-12T22:45:00.000Z";1601.67
"2026-04-12T22:45:00.000Z";"2026-04-12T22:48:00.000Z";1595.03
"2026-04-12T22:48:00.000Z";"2026-04-12T22:51:00.000Z";1577.49
"2026-04-12T22:51:00.000Z";"2026-04-12T22:54:00.000Z";1571.34
"2026-04-12T22:54:00.000Z";"2026-04-12T22:57:00.000Z";1561.34
"2026-04-12T22:57:00.000Z";"2026-04-12T23:00:00.000Z";1548.84
"2026-04-12T23:00:00.000Z";"2026-04-12T23:03:00.000Z";1536.52
"2026-04-12T23:03:00.000Z";"2026-04-12T23:06:00.000Z";1529.83
"2026-04-12T23:09:00.000Z";"2026-04-12T23:12:00.000Z";1532.01
"2026-04-12T23:12:00.000Z";"2026-04-12T23:15:00.000Z";1512.19
"2026-04-12T23:15:00.000Z";"2026-04-12T23:18:00.000Z";1482.5
"2026-04-12T23:18:00.000Z";"2026-04-12T23:21:00.000Z";1456.35
"2026-04-12T23:21:00.000Z";"2026-04-12T23:24:00.000Z";1435.35
"2026-04-12T23:24:00.000Z";"2026-04-12T23:27:00.000Z";1427.33
"2026-04-12T23:30:00.000Z";"2026-04-12T23:33:00.000Z";1416.84
"2026-04-12T23:33:00.000Z";"2026-04-12T23:36:00.000Z";1408.17
"2026-04-12T23:36:00.000Z";"2026-04-12T23:39:00.000Z";1388.86
"2026-04-12T23:39:00.000Z";"2026-04-12T23:42:00.000Z";1363.18
"2026-04-12T23:42:00.000Z";"2026-04-12T23:45:00.000Z";1345.85
"2026-04-12T23:45:00.000Z";"2026-04-12T23:48:00.000Z";1319.18
"2026-04-12T23:48:00.000Z";"2026-04-12T23:51:00.000Z";1304.2
"2026-04-12T23:51:00.000Z";"2026-04-12T23:54:00.000Z";1280.19
"2026-04-12T23:54:00.000Z";"2026-04-12T23:57:00.000Z";1260.67
"2026-04-12T23:57:00.000Z";"2026-04-13T00:00:00.000Z";1241.67
"2026-04-13T00:00:00.000Z";"2026-04-13T00:03:00.000Z";1221.68
"2026-04-13T00:03:00.000Z";"2026-04-13T00:06:00.000Z";1198.36
"2026-04-13T00:06:00.000Z";"2026-04-13T00:09:00.000Z";1176.34
"2026-04-13T00:09:00.000Z";"2026-04-13T00:12:00.000Z";1150.54
"2026-04-13T00:12:00.000Z";"2026-04-13T00:15:00.000Z";1133.85
"2026-04-13T00:15:00.000Z";"2026-04-13T00:18:00.000Z";1109.51
"2026-04-13T00:21:00.000Z";"2026-04-13T00:24:00.000Z";1078.52
"2026-04-13T00:27:00.000Z";"2026-04-13T00:30:00.000Z";1048.67
"2026-04-13T00:30:00.000Z";"2026-04-13T00:33:00.000Z";1029.69
"2026-04-13T00:33:00.000Z";"2026-04-13T00:36:00.000Z";1026.01
"2026-04-13T00:39:00.000Z";"2026-04-13T00:42:00.000Z";1010.84
"2026-04-13T00:42:00.000Z";"2026-04-13T00:45:00.000Z";1006.34
"2026-04-13T00:45:00.000Z";"2026-04-13T00:48:00.000Z";996.673
"2026-04-13T00:48:00.000Z";"2026-04-13T00:51:00.000Z";980.512
"2026-04-13T00:51:00.000Z";"2026-04-13T00:54:00.000Z";969.158
"2026-04-13T00:54:00.000Z";"2026-04-13T00:57:00.000Z";963.169
"2026-04-13T00:57:00.000Z";"2026-04-13T01:00:00.000Z";950.842
"2026-04-13T01:00:00.000Z";"2026-04-13T01:03:00.000Z";937.677
"2026-04-13T01:03:00.000Z";"2026-04-13T01:06:00.000Z";925.341
"2026-04-13T01:09:00.000Z";"2026-04-13T01:12:00.000Z";908.005
"2026-04-13T01:12:00.000Z";"2026-04-13T01:15:00.000Z";901.167
"2026-04-13T01:15:00.000Z";"2026-04-13T01:18:00.000Z";890.503
"2026-04-13T01:18:00.000Z";"2026-04-13T01:21:00.000Z";891.494
"2026-04-13T01:21:00.000Z";"2026-04-13T01:24:00.000Z";886.671
"2026-04-13T01:24:00.000Z";"2026-04-13T01:27:00.000Z";886.333
"2026-04-13T01:27:00.000Z";"2026-04-13T01:30:00.000Z";883.497
"2026-04-13T01:30:00.000Z";"2026-04-13T01:33:00.000Z";871.37
"2026-04-13T01:33:00.000Z";"2026-04-13T01:36:00.000Z";864.668
"2026-04-13T01:36:00.000Z";"2026-04-13T01:39:00.000Z";853.692
"2026-04-13T01:39:00.000Z";"2026-04-13T01:42:00.000Z";842.007
"2026-04-13T01:42:00.000Z";"2026-04-13T01:45:00.000Z";835.333
"2026-04-13T01:45:00.000Z";"2026-04-13T01:48:00.000Z";828.841
"2026-04-13T01:48:00.000Z";"2026-04-13T01:51:00.000Z";824.335
"2026-04-13T01:51:00.000Z";"2026-04-13T01:54:00.000Z";818.997
"2026-04-13T01:57:00.000Z";"2026-04-13T02:00:00.000Z";792.858
"2026-04-13T02:00:00.000Z";"2026-04-13T02:03:00.000Z";783.668
"2026-04-13T02:03:00.000Z";"2026-04-13T02:06:00.000Z";778.331
"2026-04-13T02:06:00.000Z";"2026-04-13T02:09:00.000Z";782.165
"2026-04-13T02:12:00.000Z";"2026-04-13T02:15:00.000Z";778.165
"2026-04-13T02:15:00.000Z";"2026-04-13T02:18:00.000Z";778.501
"2026-04-13T02:18:00.000Z";"2026-04-13T02:21:00.000Z";778.003
"2026-04-13T02:24:00.000Z";"2026-04-13T02:27:00.000Z";763.007
"2026-04-13T02:27:00.000Z";"2026-04-13T02:30:00.000Z";759.002
"2026-04-13T02:30:00.000Z";"2026-04-13T02:33:00.000Z";764.331
"2026-04-13T02:33:00.000Z";"2026-04-13T02:36:00.000Z";776.33
"2026-04-13T02:36:00.000Z";"2026-04-13T02:39:00.000Z";772.008
"2026-04-13T02:39:00.000Z";"2026-04-13T02:42:00.000Z";758.52
"2026-04-13T02:45:00.000Z";"2026-04-13T02:48:00.000Z";731.191
"2026-04-13T02:48:00.000Z";"2026-04-13T02:51:00.000Z";718.344
"2026-04-13T02:54:00.000Z";"2026-04-13T02:57:00.000Z";692.509
"2026-04-13T03:00:00.000Z";"2026-04-13T03:03:00.000Z";682.662
"2026-04-13T03:03:00.000Z";"2026-04-13T03:06:00.000Z";676.67
"2026-04-13T03:06:00.000Z";"2026-04-13T03:09:00.000Z";670.841
"2026-04-13T03:09:00.000Z";"2026-04-13T03:12:00.000Z";667.833
"2026-04-13T03:12:00.000Z";"2026-04-13T03:15:00.000Z";677.834
"2026-04-13T03:18:00.000Z";"2026-04-13T03:21:00.000Z";665.01
"2026-04-13T03:21:00.000Z";"2026-04-13T03:24:00.000Z";668.667
"2026-04-13T03:24:00.000Z";"2026-04-13T03:27:00.000Z";663.669
"2026-04-13T03:27:00.000Z";"2026-04-13T03:30:00.000Z";658.006
"2026-04-13T03:30:00.000Z";"2026-04-13T03:33:00.000Z";650.34
"2026-04-13T03:33:00.000Z";"2026-04-13T03:36:00.000Z";640.504
"2026-04-13T03:36:00.000Z";"2026-04-13T03:39:00.000Z";635.672
"2026-04-13T03:39:00.000Z";"2026-04-13T03:42:00.000Z";638.491
"2026-04-13T03:42:00.000Z";"2026-04-13T03:45:00.000Z";642.664
"2026-04-13T03:45:00.000Z";"2026-04-13T03:48:00.000Z";647.17
"2026-04-13T03:48:00.000Z";"2026-04-13T03:51:00.000Z";645.339
"2026-04-13T03:54:00.000Z";"2026-04-13T03:57:00.000Z";621.342
"2026-04-13T03:57:00.000Z";"2026-04-13T04:00:00.000Z";612.842
"2026-04-13T04:00:00.000Z";"2026-04-13T04:03:00.000Z";601.34
"2026-04-13T04:03:00.000Z";"2026-04-13T04:06:00.000Z";592.504
"2026-04-13T04:09:00.000Z";"2026-04-13T04:12:00.000Z";581.668
"2026-04-13T04:12:00.000Z";"2026-04-13T04:15:00.000Z";581.995
"2026-04-13T04:15:00.000Z";"2026-04-13T04:18:00.000Z";579.004
"2026-04-13T04:18:00.000Z";"2026-04-13T04:21:00.000Z";578.168
"2026-04-13T04:21:00.000Z";"2026-04-13T04:24:00.000Z";570.835
"2026-04-13T04:24:00.000Z";"2026-04-13T04:27:00.000Z";574.644
"2026-04-13T04:27:00.000Z";"2026-04-13T04:30:00.000Z";587.012
"2026-04-13T04:30:00.000Z";"2026-04-13T04:33:00.000Z";575.015
"2026-04-13T04:33:00.000Z";"2026-04-13T04:36:00.000Z";563.663
"2026-04-13T04:36:00.000Z";"2026-04-13T04:39:00.000Z";556.681
"2026-04-13T04:39:00.000Z";"2026-04-13T04:42:00.000Z";553
"2026-04-13T04:42:00.000Z";"2026-04-13T04:45:00.000Z";559.662
"2026-04-13T04:45:00.000Z";"2026-04-13T04:48:00.000Z";565.334
"2026-04-13T04:48:00.000Z";"2026-04-13T04:51:00.000Z";562
"2026-04-13T04:51:00.000Z";"2026-04-13T04:54:00.000Z";562.16
"2026-04-13T04:54:00.000Z";"2026-04-13T04:57:00.000Z";567.839
"2026-04-13T04:57:00.000Z";"2026-04-13T05:00:00.000Z";572.331
"2026-04-13T05:00:00.000Z";"2026-04-13T05:03:00.000Z";578
"2026-04-13T05:03:00.000Z";"2026-04-13T05:06:00.000Z";584.476
"2026-04-13T05:06:00.000Z";"2026-04-13T05:09:00.000Z";589.332
"2026-04-13T05:09:00.000Z";"2026-04-13T05:12:00.000Z";592.498
"2026-04-13T05:12:00.000Z";"2026-04-13T05:15:00.000Z";595.17
"2026-04-13T05:15:00.000Z";"2026-04-13T05:18:00.000Z";598.156
"2026-04-13T05:18:00.000Z";"2026-04-13T05:21:00.000Z";603.496
"2026-04-13T05:21:00.000Z";"2026-04-13T05:24:00.000Z";599.501
"2026-04-13T05:24:00.000Z";"2026-04-13T05:27:00.000Z";596.167
"2026-04-13T05:27:00.000Z";"2026-04-13T05:30:00.000Z";597.167
"2026-04-13T05:30:00.000Z";"2026-04-13T05:33:00.000Z";595.668
"2026-04-13T05:33:00.000Z";"2026-04-13T05:36:00.000Z";593.496
"2026-04-13T05:36:00.000Z";"2026-04-13T05:39:00.000Z";585.507
"2026-04-13T05:39:00.000Z";"2026-04-13T05:42:00.000Z";573.005
"2026-04-13T05:42:00.000Z";"2026-04-13T05:45:00.000Z";563.665
"2026-04-13T05:45:00.000Z";"2026-04-13T05:48:00.000Z";561.835
"2026-04-13T05:48:00.000Z";"2026-04-13T05:51:00.000Z";557.669
"2026-04-13T05:51:00.000Z";"2026-04-13T05:54:00.000Z";552.178
"2026-04-13T05:54:00.000Z";"2026-04-13T05:57:00.000Z";535.836
"2026-04-13T05:57:00.000Z";"2026-04-13T06:00:00.000Z";526.509
"2026-04-13T06:00:00.000Z";"2026-04-13T06:03:00.000Z";516.174
"2026-04-13T06:03:00.000Z";"2026-04-13T06:06:00.000Z";503.838
"2026-04-13T06:06:00.000Z";"2026-04-13T06:09:00.000Z";486.017
"2026-04-13T06:09:00.000Z";"2026-04-13T06:12:00.000Z";480.998
"2026-04-13T06:12:00.000Z";"2026-04-13T06:15:00.000Z";472.187
"2026-04-13T06:15:00.000Z";"2026-04-13T06:18:00.000Z";452.853
"2026-04-13T06:18:00.000Z";"2026-04-13T06:21:00.000Z";435.349
"2026-04-13T06:21:00.000Z";"2026-04-13T06:24:00.000Z";419.673
"2026-04-13T06:24:00.000Z";"2026-04-13T06:27:00.000Z";390.032
"2026-04-13T06:27:00.000Z";"2026-04-13T06:30:00.000Z";358.015
"2026-04-13T06:30:00.000Z";"2026-04-13T06:33:00.000Z";331.687
"2026-04-13T06:33:00.000Z";"2026-04-13T06:36:00.000Z";306.192
"2026-04-13T06:36:00.000Z";"2026-04-13T06:39:00.000Z";292.171
"2026-04-13T06:39:00.000Z";"2026-04-13T06:42:00.000Z";273.189
"2026-04-13T06:42:00.000Z";"2026-04-13T06:45:00.000Z";253.511
"2026-04-13T06:45:00.000Z";"2026-04-13T06:48:00.000Z";237.677
"2026-04-13T06:48:00.000Z";"2026-04-13T06:51:00.000Z";220.018
"2026-04-13T06:51:00.000Z";"2026-04-13T06:54:00.000Z";203.678
"2026-04-13T06:54:00.000Z";"2026-04-13T06:57:00.000Z";192.006
"2026-04-13T06:57:00.000Z";"2026-04-13T07:00:00.000Z";181.349
"2026-04-13T07:00:00.000Z";"2026-04-13T07:03:00.000Z";173.17
"2026-04-13T07:03:00.000Z";"2026-04-13T07:06:00.000Z";165.002
"2026-04-13T07:06:00.000Z";"2026-04-13T07:09:00.000Z";158.67
"2026-04-13T07:09:00.000Z";"2026-04-13T07:12:00.000Z";157.5
"2026-04-13T07:12:00.000Z";"2026-04-13T07:15:00.000Z";153.995
"2026-04-13T07:15:00.000Z";"2026-04-13T07:18:00.000Z";154.173
"2026-04-13T07:18:00.000Z";"2026-04-13T07:21:00.000Z";142.504
"2026-04-13T07:21:00.000Z";"2026-04-13T07:24:00.000Z";140.168
"2026-04-13T07:24:00.000Z";"2026-04-13T07:27:00.000Z";140.331
"2026-04-13T07:27:00.000Z";"2026-04-13T07:30:00.000Z";139.658
"2026-04-13T07:30:00.000Z";"2026-04-13T07:33:00.000Z";137.333
"2026-04-13T07:33:00.000Z";"2026-04-13T07:36:00.000Z";137.836
"2026-04-13T07:36:00.000Z";"2026-04-13T07:39:00.000Z";137.496
"2026-04-13T07:39:00.000Z";"2026-04-13T07:42:00.000Z";133.663
"2026-04-13T07:42:00.000Z";"2026-04-13T07:45:00.000Z";136.501
"2026-04-13T07:45:00.000Z";"2026-04-13T07:48:00.000Z";133.999
"2026-04-13T07:48:00.000Z";"2026-04-13T07:51:00.000Z";144.986
"2026-04-13T07:51:00.000Z";"2026-04-13T07:54:00.000Z";151.995
"2026-04-13T07:54:00.000Z";"2026-04-13T07:57:00.000Z";149.673
"2026-04-13T07:57:00.000Z";"2026-04-13T08:00:00.000Z";150.503
"2026-04-13T08:00:00.000Z";"2026-04-13T08:03:00.000Z";143.336
"2026-04-13T08:03:00.000Z";"2026-04-13T08:06:00.000Z";144.664
"2026-04-13T08:06:00.000Z";"2026-04-13T08:09:00.000Z";145.336
"2026-04-13T08:09:00.000Z";"2026-04-13T08:12:00.000Z";136.505
"2026-04-13T08:12:00.000Z";"2026-04-13T08:15:00.000Z";134.668
"2026-04-13T08:15:00.000Z";"2026-04-13T08:18:00.000Z";135.993
"2026-04-13T08:18:00.000Z";"2026-04-13T08:21:00.000Z";139.331
"2026-04-13T08:21:00.000Z";"2026-04-13T08:24:00.000Z";143.665
"2026-04-13T08:24:00.000Z";"2026-04-13T08:27:00.000Z";149.171
"2026-04-13T08:27:00.000Z";"2026-04-13T08:30:00.000Z";147.999
"2026-04-13T08:30:00.000Z";"2026-04-13T08:33:00.000Z";143.332
"2026-04-13T08:33:00.000Z";"2026-04-13T08:36:00.000Z";147.333
"2026-04-13T08:36:00.000Z";"2026-04-13T08:39:00.000Z";152.165
"2026-04-13T08:39:00.000Z";"2026-04-13T08:42:00.000Z";155.496
"2026-04-13T08:42:00.000Z";"2026-04-13T08:45:00.000Z";165.155
"2026-04-13T08:45:00.000Z";"2026-04-13T08:48:00.000Z";164.672
"2026-04-13T08:48:00.000Z";"2026-04-13T08:51:00.000Z";165.998
"2026-04-13T08:51:00.000Z";"2026-04-13T08:54:00.000Z";167.827
"2026-04-13T08:54:00.000Z";"2026-04-13T08:57:00.000Z";173.002
"2026-04-13T08:57:00.000Z";"2026-04-13T09:00:00.000Z";172.663
"2026-04-13T09:00:00.000Z";"2026-04-13T09:03:00.000Z";175.502
"2026-04-13T09:03:00.000Z";"2026-04-13T09:06:00.000Z";172.677
"2026-04-13T09:06:00.000Z";"2026-04-13T09:09:00.000Z";178.32
"2026-04-13T09:12:00.000Z";"2026-04-13T09:15:00.000Z";182.499
"2026-04-13T09:15:00.000Z";"2026-04-13T09:18:00.000Z";182.83
"2026-04-13T09:18:00.000Z";"2026-04-13T09:21:00.000Z";183.163
"2026-04-13T09:21:00.000Z";"2026-04-13T09:24:00.000Z";181.841
"2026-04-13T09:24:00.000Z";"2026-04-13T09:27:00.000Z";191.994
"2026-04-13T09:27:00.000Z";"2026-04-13T09:30:00.000Z";188.014
"2026-04-13T09:30:00.000Z";"2026-04-13T09:33:00.000Z";187.51
"2026-04-13T09:36:00.000Z";"2026-04-13T09:39:00.000Z";176.5
"2026-04-13T09:39:00.000Z";"2026-04-13T09:42:00.000Z";185.16
"2026-04-13T09:42:00.000Z";"2026-04-13T09:45:00.000Z";190.998
"2026-04-13T09:45:00.000Z";"2026-04-13T09:48:00.000Z";185.5
"2026-04-13T09:48:00.000Z";"2026-04-13T09:51:00.000Z";189.335
"2026-04-13T09:51:00.000Z";"2026-04-13T09:54:00.000Z";195.657
"2026-04-13T09:54:00.000Z";"2026-04-13T09:57:00.000Z";199.663
"2026-04-13T09:57:00.000Z";"2026-04-13T10:00:00.000Z";198.828
"2026-04-13T10:00:00.000Z";"2026-04-13T10:03:00.000Z";197.004
"2026-04-13T10:03:00.000Z";"2026-04-13T10:06:00.000Z";188
"2026-04-13T10:06:00.000Z";"2026-04-13T10:09:00.000Z";186.833
"2026-04-13T10:09:00.000Z";"2026-04-13T10:12:00.000Z";194.161
"2026-04-13T10:12:00.000Z";"2026-04-13T10:15:00.000Z";195.504
"2026-04-13T10:15:00.000Z";"2026-04-13T10:18:00.000Z";184.841
"2026-04-13T10:18:00.000Z";"2026-04-13T10:21:00.000Z";179.336
"2026-04-13T10:21:00.000Z";"2026-04-13T10:24:00.000Z";183.667
"2026-04-13T10:24:00.000Z";"2026-04-13T10:27:00.000Z";185.334
"2026-04-13T10:27:00.000Z";"2026-04-13T10:30:00.000Z";179.993
"2026-04-13T10:30:00.000Z";"2026-04-13T10:33:00.000Z";185.529
"2026-04-13T10:33:00.000Z";"2026-04-13T10:36:00.000Z";183.663
"2026-04-13T10:36:00.000Z";"2026-04-13T10:39:00.000Z";196.99
"2026-04-13T10:39:00.000Z";"2026-04-13T10:42:00.000Z";210.671
"2026-04-13T10:42:00.000Z";"2026-04-13T10:45:00.000Z";212.659
"2026-04-13T10:45:00.000Z";"2026-04-13T10:48:00.000Z";211.334
"2026-04-13T10:48:00.000Z";"2026-04-13T10:51:00.000Z";212.497
"2026-04-13T10:51:00.000Z";"2026-04-13T10:54:00.000Z";222.823
"2026-04-13T10:54:00.000Z";"2026-04-13T10:57:00.000Z";225.499
"2026-04-13T10:57:00.000Z";"2026-04-13T11:00:00.000Z";224.664
"2026-04-13T11:00:00.000Z";"2026-04-13T11:03:00.000Z";220.989
"2026-04-13T11:03:00.000Z";"2026-04-13T11:06:00.000Z";228.331
"2026-04-13T11:06:00.000Z";"2026-04-13T11:09:00.000Z";231.981
"2026-04-13T11:09:00.000Z";"2026-04-13T11:12:00.000Z";251.136
"2026-04-13T11:12:00.000Z";"2026-04-13T11:15:00.000Z";256.674
"2026-04-13T11:15:00.000Z";"2026-04-13T11:18:00.000Z";252.495
"2026-04-13T11:18:00.000Z";"2026-04-13T11:21:00.000Z";257.663
"2026-04-13T11:21:00.000Z";"2026-04-13T11:24:00.000Z";266.818
"2026-04-13T11:24:00.000Z";"2026-04-13T11:27:00.000Z";268.666
"2026-04-13T11:27:00.000Z";"2026-04-13T11:30:00.000Z";279.829
"2026-04-13T11:30:00.000Z";"2026-04-13T11:33:00.000Z";282.185
"2026-04-13T11:33:00.000Z";"2026-04-13T11:36:00.000Z";275.326
"2026-04-13T11:36:00.000Z";"2026-04-13T11:39:00.000Z";279.333
"2026-04-13T11:39:00.000Z";"2026-04-13T11:42:00.000Z";267.515
"2026-04-13T11:42:00.000Z";"2026-04-13T11:45:00.000Z";279.127
"2026-04-13T11:45:00.000Z";"2026-04-13T11:48:00.000Z";291.807
"2026-04-13T11:48:00.000Z";"2026-04-13T11:51:00.000Z";289.826
"2026-04-13T11:51:00.000Z";"2026-04-13T11:54:00.000Z";293.669
"2026-04-13T11:54:00.000Z";"2026-04-13T11:57:00.000Z";299.165
"2026-04-13T11:57:00.000Z";"2026-04-13T12:00:00.000Z";300.662
"2026-04-13T12:00:00.000Z";"2026-04-13T12:03:00.000Z";304.323
"2026-04-13T12:03:00.000Z";"2026-04-13T12:06:00.000Z";290.676
"2026-04-13T12:06:00.000Z";"2026-04-13T12:09:00.000Z";297.334
"2026-04-13T12:09:00.000Z";"2026-04-13T12:12:00.000Z";303.992
"2026-04-13T12:12:00.000Z";"2026-04-13T12:15:00.000Z";299.343
"2026-04-13T12:15:00.000Z";"2026-04-13T12:18:00.000Z";308.155
"2026-04-13T12:18:00.000Z";"2026-04-13T12:21:00.000Z";299.182
"2026-04-13T12:21:00.000Z";"2026-04-13T12:24:00.000Z";298.83
"2026-04-13T12:24:00.000Z";"2026-04-13T12:27:00.000Z";300.686
"2026-04-13T12:27:00.000Z";"2026-04-13T12:30:00.000Z";307.169
"2026-04-13T12:30:00.000Z";"2026-04-13T12:33:00.000Z";311.499
"2026-04-13T12:33:00.000Z";"2026-04-13T12:36:00.000Z";313.678
"2026-04-13T12:36:00.000Z";"2026-04-13T12:39:00.000Z";315.49
"2026-04-13T12:39:00.000Z";"2026-04-13T12:42:00.000Z";318.172
"2026-04-13T12:42:00.000Z";"2026-04-13T12:45:00.000Z";314.154
"2026-04-13T12:45:00.000Z";"2026-04-13T12:48:00.000Z";322.831
"2026-04-13T12:48:00.000Z";"2026-04-13T12:51:00.000Z";317.998
"2026-04-13T12:51:00.000Z";"2026-04-13T12:54:00.000Z";320.497
"2026-04-13T12:54:00.000Z";"2026-04-13T12:57:00.000Z";314.006
"2026-04-13T12:57:00.000Z";"2026-04-13T13:00:00.000Z";312.163
"2026-04-13T13:00:00.000Z";"2026-04-13T13:03:00.000Z";298.342
"2026-04-13T13:03:00.000Z";"2026-04-13T13:06:00.000Z";285.663
"2026-04-13T13:06:00.000Z";"2026-04-13T13:09:00.000Z";294.502
"2026-04-13T13:09:00.000Z";"2026-04-13T13:12:00.000Z";296.51
"2026-04-13T13:12:00.000Z";"2026-04-13T13:15:00.000Z";300.831
"2026-04-13T13:15:00.000Z";"2026-04-13T13:18:00.000Z";311.33
"2026-04-13T13:18:00.000Z";"2026-04-13T13:21:00.000Z";319.147
"2026-04-13T13:21:00.000Z";"2026-04-13T13:24:00.000Z";325.51
"2026-04-13T13:24:00.000Z";"2026-04-13T13:27:00.000Z";324.498
"2026-04-13T13:27:00.000Z";"2026-04-13T13:30:00.000Z";330.329
"2026-04-13T13:30:00.000Z";"2026-04-13T13:33:00.000Z";335.667
"2026-04-13T13:33:00.000Z";"2026-04-13T13:36:00.000Z";340.829
"2026-04-13T13:36:00.000Z";"2026-04-13T13:39:00.000Z";346.677
"2026-04-13T13:39:00.000Z";"2026-04-13T13:42:00.000Z";343.009
"2026-04-13T13:42:00.000Z";"2026-04-13T13:45:00.000Z";343.662
"2026-04-13T13:45:00.000Z";"2026-04-13T13:48:00.000Z";346.65
"2026-04-13T13:48:00.000Z";"2026-04-13T13:51:00.000Z";342.836
"2026-04-13T13:51:00.000Z";"2026-04-13T13:54:00.000Z";340.336
"2026-04-13T13:54:00.000Z";"2026-04-13T13:57:00.000Z";326.5
"2026-04-13T13:57:00.000Z";"2026-04-13T14:00:00.000Z";320.005
"2026-04-13T14:00:00.000Z";"2026-04-13T14:03:00.000Z";324.169
"2026-04-13T14:03:00.000Z";"2026-04-13T14:06:00.000Z";314.171
"2026-04-13T14:06:00.000Z";"2026-04-13T14:09:00.000Z";312.831
"2026-04-13T14:09:00.000Z";"2026-04-13T14:12:00.000Z";314.836
"2026-04-13T14:12:00.000Z";"2026-04-13T14:15:00.000Z";316.329
"2026-04-13T14:15:00.000Z";"2026-04-13T14:18:00.000Z";304.678
"2026-04-13T14:18:00.000Z";"2026-04-13T14:21:00.000Z";306.502
"2026-04-13T14:21:00.000Z";"2026-04-13T14:24:00.000Z";309.995
"2026-04-13T14:24:00.000Z";"2026-04-13T14:27:00.000Z";306.172
"2026-04-13T14:27:00.000Z";"2026-04-13T14:30:00.000Z";298.509
"2026-04-13T14:30:00.000Z";"2026-04-13T14:33:00.000Z";293.831
"2026-04-13T14:33:00.000Z";"2026-04-13T14:36:00.000Z";293.006
"2026-04-13T14:36:00.000Z";"2026-04-13T14:39:00.000Z";287.498
"2026-04-13T14:39:00.000Z";"2026-04-13T14:42:00.000Z";276.848
"2026-04-13T14:42:00.000Z";"2026-04-13T14:45:00.000Z";278.5
"2026-04-13T14:45:00.000Z";"2026-04-13T14:48:00.000Z";276.332
"2026-04-13T14:48:00.000Z";"2026-04-13T14:51:00.000Z";274.176
"2026-04-13T14:51:00.000Z";"2026-04-13T14:54:00.000Z";271
"2026-04-13T14:54:00.000Z";"2026-04-13T14:57:00.000Z";267.339
"2026-04-13T14:57:00.000Z";"2026-04-13T15:00:00.000Z";263.662
"2026-04-13T15:00:00.000Z";"2026-04-13T15:03:00.000Z";263.501
"2026-04-13T15:03:00.000Z";"2026-04-13T15:06:00.000Z";268.162
"2026-04-13T15:06:00.000Z";"2026-04-13T15:09:00.000Z";266.001
"2026-04-13T15:09:00.000Z";"2026-04-13T15:12:00.000Z";256.519
"2026-04-13T15:12:00.000Z";"2026-04-13T15:15:00.000Z";248.999
"2026-04-13T15:15:00.000Z";"2026-04-13T15:18:00.000Z";247.667
"2026-04-13T15:18:00.000Z";"2026-04-13T15:21:00.000Z";242.67
"2026-04-13T15:21:00.000Z";"2026-04-13T15:24:00.000Z";241.996
"2026-04-13T15:24:00.000Z";"2026-04-13T15:27:00.000Z";240.001
"2026-04-13T15:27:00.000Z";"2026-04-13T15:30:00.000Z";236.674
"2026-04-13T15:30:00.000Z";"2026-04-13T15:33:00.000Z";229.501
"2026-04-13T15:33:00.000Z";"2026-04-13T15:36:00.000Z";231.664
"2026-04-13T15:36:00.000Z";"2026-04-13T15:39:00.000Z";233.999
"2026-04-13T15:39:00.000Z";"2026-04-13T15:42:00.000Z";233.994
"2026-04-13T15:42:00.000Z";"2026-04-13T15:45:00.000Z";238.166
"2026-04-13T15:45:00.000Z";"2026-04-13T15:48:00.000Z";238.168
"2026-04-13T15:48:00.000Z";"2026-04-13T15:51:00.000Z";241.162
"2026-04-13T15:51:00.000Z";"2026-04-13T15:54:00.000Z";240.997
"2026-04-13T15:54:00.000Z";"2026-04-13T15:57:00.000Z";236.672
"2026-04-13T15:57:00.000Z";"2026-04-13T16:00:00.000Z";233.002
"2026-04-13T16:00:00.000Z";"2026-04-13T16:03:00.000Z";228.673
"2026-04-13T16:03:00.000Z";"2026-04-13T16:06:00.000Z";228.999
"2026-04-13T16:06:00.000Z";"2026-04-13T16:09:00.000Z";226.167
"2026-04-13T16:09:00.000Z";"2026-04-13T16:12:00.000Z";227.167
"2026-04-13T16:12:00.000Z";"2026-04-13T16:15:00.000Z";233.166
"2026-04-13T16:15:00.000Z";"2026-04-13T16:18:00.000Z";234.997
"2026-04-13T16:18:00.000Z";"2026-04-13T16:21:00.000Z";233.501
"2026-04-13T16:21:00.000Z";"2026-04-13T16:24:00.000Z";236.001
"2026-04-13T16:24:00.000Z";"2026-04-13T16:27:00.000Z";236.333
"2026-04-13T16:27:00.000Z";"2026-04-13T16:30:00.000Z";239.655
"2026-04-13T16:30:00.000Z";"2026-04-13T16:33:00.000Z";246.339
"2026-04-13T16:33:00.000Z";"2026-04-13T16:36:00.000Z";246.659
"2026-04-13T16:36:00.000Z";"2026-04-13T16:39:00.000Z";250.171
"2026-04-13T16:39:00.000Z";"2026-04-13T16:42:00.000Z";254.988
"2026-04-13T16:42:00.000Z";"2026-04-13T16:45:00.000Z";270.981
"2026-04-13T16:45:00.000Z";"2026-04-13T16:48:00.000Z";282.151
"2026-04-13T16:48:00.000Z";"2026-04-13T16:51:00.000Z";294.649
"2026-04-13T16:51:00.000Z";"2026-04-13T16:54:00.000Z";307.495
"2026-04-13T16:54:00.000Z";"2026-04-13T16:57:00.000Z";320.994
"2026-04-13T16:57:00.000Z";"2026-04-13T17:00:00.000Z";335.492
"2026-04-13T17:00:00.000Z";"2026-04-13T17:03:00.000Z";353.324
"2026-04-13T17:03:00.000Z";"2026-04-13T17:06:00.000Z";368.656
"2026-04-13T17:06:00.000Z";"2026-04-13T17:09:00.000Z";384.652
"2026-04-13T17:09:00.000Z";"2026-04-13T17:12:00.000Z";395.313
"2026-04-13T17:12:00.000Z";"2026-04-13T17:15:00.000Z";423.983
"2026-04-13T17:15:00.000Z";"2026-04-13T17:18:00.000Z";444.651
"2026-04-13T17:18:00.000Z";"2026-04-13T17:21:00.000Z";472.468
"2026-04-13T17:21:00.000Z";"2026-04-13T17:24:00.000Z";490.823
"2026-04-13T17:24:00.000Z";"2026-04-13T17:27:00.000Z";510.328
"2026-04-13T17:27:00.000Z";"2026-04-13T17:30:00.000Z";527.829
"2026-04-13T17:30:00.000Z";"2026-04-13T17:33:00.000Z";543.815
"2026-04-13T17:33:00.000Z";"2026-04-13T17:36:00.000Z";561.981
"2026-04-13T17:36:00.000Z";"2026-04-13T17:39:00.000Z";575.322
"2026-04-13T17:39:00.000Z";"2026-04-13T17:42:00.000Z";590.822
"2026-04-13T17:42:00.000Z";"2026-04-13T17:45:00.000Z";606.984
"2026-04-13T17:45:00.000Z";"2026-04-13T17:48:00.000Z";615.663
"2026-04-13T17:48:00.000Z";"2026-04-13T17:51:00.000Z";629.82
"2026-04-13T17:51:00.000Z";"2026-04-13T17:54:00.000Z";641.158
"2026-04-13T17:54:00.000Z";"2026-04-13T17:57:00.000Z";645.831
"2026-04-13T17:57:00.000Z";"2026-04-13T18:00:00.000Z";656.658
"2026-04-13T18:00:00.000Z";"2026-04-13T18:03:00.000Z";675.652
"2026-04-13T18:03:00.000Z";"2026-04-13T18:06:00.000Z";687.153
"2026-04-13T18:06:00.000Z";"2026-04-13T18:09:00.000Z";699.655
"2026-04-13T18:09:00.000Z";"2026-04-13T18:12:00.000Z";717.486
"2026-04-13T18:12:00.000Z";"2026-04-13T18:15:00.000Z";734.832
"2026-04-13T18:15:00.000Z";"2026-04-13T18:18:00.000Z";744.491
"2026-04-13T18:18:00.000Z";"2026-04-13T18:21:00.000Z";759.657
"2026-04-13T18:21:00.000Z";"2026-04-13T18:24:00.000Z";778.983
"2026-04-13T18:24:00.000Z";"2026-04-13T18:27:00.000Z";798.489
"2026-04-13T18:27:00.000Z";"2026-04-13T18:30:00.000Z";815.487
"2026-04-13T18:30:00.000Z";"2026-04-13T18:33:00.000Z";828.489
"2026-04-13T18:33:00.000Z";"2026-04-13T18:36:00.000Z";839.491
"2026-04-13T18:36:00.000Z";"2026-04-13T18:39:00.000Z";846.33
"2026-04-13T18:39:00.000Z";"2026-04-13T18:42:00.000Z";850.998
"2026-04-13T18:42:00.000Z";"2026-04-13T18:45:00.000Z";852.493
"2026-04-13T18:45:00.000Z";"2026-04-13T18:48:00.000Z";862.825
"2026-04-13T18:48:00.000Z";"2026-04-13T18:51:00.000Z";875.493
"2026-04-13T18:51:00.000Z";"2026-04-13T18:54:00.000Z";884.659
"2026-04-13T18:54:00.000Z";"2026-04-13T18:57:00.000Z";895.313
"2026-04-13T18:57:00.000Z";"2026-04-13T19:00:00.000Z";911.826
"2026-04-13T19:00:00.000Z";"2026-04-13T19:03:00.000Z";928.825
"2026-04-13T19:03:00.000Z";"2026-04-13T19:06:00.000Z";944.66
"2026-04-13T19:06:00.000Z";"2026-04-13T19:09:00.000Z";960.488
"2026-04-13T19:09:00.000Z";"2026-04-13T19:12:00.000Z";975.161
"2026-04-13T19:12:00.000Z";"2026-04-13T19:15:00.000Z";989.662
"2026-04-13T19:15:00.000Z";"2026-04-13T19:18:00.000Z";998.161
"2026-04-13T19:18:00.000Z";"2026-04-13T19:21:00.000Z";1021.15
"2026-04-13T19:21:00.000Z";"2026-04-13T19:24:00.000Z";1037.83
"2026-04-13T19:24:00.000Z";"2026-04-13T19:27:00.000Z";1052
"2026-04-13T19:27:00.000Z";"2026-04-13T19:30:00.000Z";1063.49
"2026-04-13T19:30:00.000Z";"2026-04-13T19:33:00.000Z";1068.83
"2026-04-13T19:33:00.000Z";"2026-04-13T19:36:00.000Z";1080.99
"2026-04-13T19:36:00.000Z";"2026-04-13T19:39:00.000Z";1092.33
"2026-04-13T19:39:00.000Z";"2026-04-13T19:42:00.000Z";1097.82
"2026-04-13T19:42:00.000Z";"2026-04-13T19:45:00.000Z";1109.32
"2026-04-13T19:45:00.000Z";"2026-04-13T19:48:00.000Z";1125.16
"2026-04-13T19:48:00.000Z";"2026-04-13T19:51:00.000Z";1142.32
"2026-04-13T19:51:00.000Z";"2026-04-13T19:54:00.000Z";1153.83
"2026-04-13T19:54:00.000Z";"2026-04-13T19:57:00.000Z";1161.15
"2026-04-13T19:57:00.000Z";"2026-04-13T20:00:00.000Z";1166.66
"2026-04-13T20:00:00.000Z";"2026-04-13T20:03:00.000Z";1176.67
"2026-04-13T20:03:00.000Z";"2026-04-13T20:06:00.000Z";1184.67
"2026-04-13T20:06:00.000Z";"2026-04-13T20:09:00.000Z";1194.84
"2026-04-13T20:09:00.000Z";"2026-04-13T20:12:00.000Z";1195
"2026-04-13T20:12:00.000Z";"2026-04-13T20:15:00.000Z";1180.02
"2026-04-13T20:15:00.000Z";"2026-04-13T20:18:00.000Z";1166.84
"2026-04-13T20:18:00.000Z";"2026-04-13T20:21:00.000Z";1153.84
"2026-04-13T20:21:00.000Z";"2026-04-13T20:24:00.000Z";1140.85
"2026-04-13T20:24:00.000Z";"2026-04-13T20:27:00.000Z";1118.86
"2026-04-13T20:27:00.000Z";"2026-04-13T20:30:00.000Z";1105.01
"2026-04-13T20:30:00.000Z";"2026-04-13T20:33:00.000Z";1105.51
"2026-04-13T20:33:00.000Z";"2026-04-13T20:36:00.000Z";1101.33
"2026-04-13T20:36:00.000Z";"2026-04-13T20:39:00.000Z";1121.83
"2026-04-13T20:39:00.000Z";"2026-04-13T20:42:00.000Z";1125.35
"2026-04-13T20:42:00.000Z";"2026-04-13T20:45:00.000Z";1133.33
"2026-04-13T20:45:00.000Z";"2026-04-13T20:48:00.000Z";1140.32
"2026-04-13T20:48:00.000Z";"2026-04-13T20:51:00.000Z";1152.67
"2026-04-13T20:51:00.000Z";"2026-04-13T20:54:00.000Z";1165.16
"2026-04-13T20:54:00.000Z";"2026-04-13T20:57:00.000Z";1166.99
"2026-04-13T20:57:00.000Z";"2026-04-13T21:00:00.000Z";1169.66
"2026-04-13T21:00:00.000Z";"2026-04-13T21:03:00.000Z";1164
"2026-04-13T21:03:00.000Z";"2026-04-13T21:06:00.000Z";1158.83
"2026-04-13T21:06:00.000Z";"2026-04-13T21:09:00.000Z";1154.67
"2026-04-13T21:09:00.000Z";"2026-04-13T21:12:00.000Z";1153.51
"2026-04-13T21:12:00.000Z";"2026-04-13T21:15:00.000Z";1147.84
"2026-04-13T21:15:00.000Z";"2026-04-13T21:18:00.000Z";1140.17
"2026-04-13T21:18:00.000Z";"2026-04-13T21:21:00.000Z";1138.67
"2026-04-13T21:21:00.000Z";"2026-04-13T21:24:00.000Z";1137.33
"2026-04-13T21:24:00.000Z";"2026-04-13T21:27:00.000Z";1140.17
"2026-04-13T21:27:00.000Z";"2026-04-13T21:30:00.000Z";1146.33
"2026-04-13T21:30:00.000Z";"2026-04-13T21:33:00.000Z";1140.51
"2026-04-13T21:33:00.000Z";"2026-04-13T21:36:00.000Z";1133.67
"2026-04-13T21:36:00.000Z";"2026-04-13T21:39:00.000Z";1145.16
"2026-04-13T21:39:00.000Z";"2026-04-13T21:42:00.000Z";1148.49
"2026-04-13T21:42:00.000Z";"2026-04-13T21:45:00.000Z";1151.99
"2026-04-13T21:45:00.000Z";"2026-04-13T21:48:00.000Z";1162.49
"2026-04-13T21:48:00.000Z";"2026-04-13T21:51:00.000Z";1164.67
"2026-04-13T21:51:00.000Z";"2026-04-13T21:54:00.000Z";1158.67
"2026-04-13T21:54:00.000Z";"2026-04-13T21:57:00.000Z";1147.52
"2026-04-13T21:57:00.000Z";"2026-04-13T22:00:00.000Z";1143.67
"2026-04-13T22:00:00.000Z";"2026-04-13T22:03:00.000Z";1128.35
"2026-04-13T22:03:00.000Z";"2026-04-13T22:06:00.000Z";1120.17
"2026-04-13T22:06:00.000Z";"2026-04-13T22:09:00.000Z";1102.85
"2026-04-13T22:09:00.000Z";"2026-04-13T22:12:00.000Z";1091.17
"2026-04-13T22:12:00.000Z";"2026-04-13T22:15:00.000Z";1087
"2026-04-13T22:15:00.000Z";"2026-04-13T22:18:00.000Z";1091.67
"2026-04-13T22:18:00.000Z";"2026-04-13T22:21:00.000Z";1100.99
"2026-04-13T22:21:00.000Z";"2026-04-13T22:24:00.000Z";1106.33
"2026-04-13T22:24:00.000Z";"2026-04-13T22:27:00.000Z";1109.99
"2026-04-13T22:27:00.000Z";"2026-04-13T22:30:00.000Z";1112.67
"2026-04-13T22:30:00.000Z";"2026-04-13T22:33:00.000Z";1119.83
"2026-04-13T22:33:00.000Z";"2026-04-13T22:36:00.000Z";1120
"2026-04-13T22:36:00.000Z";"2026-04-13T22:39:00.000Z";1120.66
"2026-04-13T22:39:00.000Z";"2026-04-13T22:42:00.000Z";1122.33
"2026-04-13T22:42:00.000Z";"2026-04-13T22:45:00.000Z";1138.49
"2026-04-13T22:45:00.000Z";"2026-04-13T22:48:00.000Z";1153
"2026-04-13T22:48:00.000Z";"2026-04-13T22:51:00.000Z";1155.99
"2026-04-13T22:51:00.000Z";"2026-04-13T22:54:00.000Z";1164.33
"2026-04-13T22:54:00.000Z";"2026-04-13T22:57:00.000Z";1161.5
"2026-04-13T22:57:00.000Z";"2026-04-13T23:00:00.000Z";1160.84
"2026-04-13T23:00:00.000Z";"2026-04-13T23:03:00.000Z";1159
"2026-04-13T23:03:00.000Z";"2026-04-13T23:06:00.000Z";1151
"2026-04-13T23:06:00.000Z";"2026-04-13T23:09:00.000Z";1146.99
"2026-04-13T23:09:00.000Z";"2026-04-13T23:12:00.000Z";1128.02
"2026-04-13T23:12:00.000Z";"2026-04-13T23:15:00.000Z";1110.18
"2026-04-13T23:15:00.000Z";"2026-04-13T23:18:00.000Z";1096.68
"2026-04-13T23:18:00.000Z";"2026-04-13T23:21:00.000Z";1085.67
"2026-04-13T23:21:00.000Z";"2026-04-13T23:24:00.000Z";1078.67
"2026-04-13T23:24:00.000Z";"2026-04-13T23:27:00.000Z";1073.51
"2026-04-13T23:27:00.000Z";"2026-04-13T23:30:00.000Z";1066.84
"2026-04-13T23:30:00.000Z";"2026-04-13T23:33:00.000Z";1064.33
"2026-04-13T23:33:00.000Z";"2026-04-13T23:36:00.000Z";1050.51
"2026-04-13T23:36:00.000Z";"2026-04-13T23:39:00.000Z";1033.34
"2026-04-13T23:39:00.000Z";"2026-04-13T23:42:00.000Z";1024.34
"2026-04-13T23:42:00.000Z";"2026-04-13T23:45:00.000Z";1018.67
"2026-04-13T23:45:00.000Z";"2026-04-13T23:48:00.000Z";1011.16
"2026-04-13T23:48:00.000Z";"2026-04-13T23:51:00.000Z";1000.84
"2026-04-13T23:51:00.000Z";"2026-04-13T23:54:00.000Z";1002.17
"2026-04-13T23:54:00.000Z";"2026-04-13T23:57:00.000Z";1001.67
"2026-04-13T23:57:00.000Z";"2026-04-14T00:00:00.000Z";1002.67
"2026-04-14T00:00:00.000Z";"2026-04-14T00:03:00.000Z";1000.34
"2026-04-14T00:03:00.000Z";"2026-04-14T00:06:00.000Z";997.833
"2026-04-14T00:06:00.000Z";"2026-04-14T00:09:00.000Z";996.003
"2026-04-14T00:09:00.000Z";"2026-04-14T00:12:00.000Z";1000.83
"2026-04-14T00:12:00.000Z";"2026-04-14T00:15:00.000Z";1010.99
"2026-04-14T00:15:00.000Z";"2026-04-14T00:18:00.000Z";1020.99
"2026-04-14T00:18:00.000Z";"2026-04-14T00:21:00.000Z";1021.17
"2026-04-14T00:21:00.000Z";"2026-04-14T00:24:00.000Z";1025.17
"2026-04-14T00:24:00.000Z";"2026-04-14T00:27:00.000Z";1025.33
"2026-04-14T00:27:00.000Z";"2026-04-14T00:30:00.000Z";1024.67
"2026-04-14T00:30:00.000Z";"2026-04-14T00:33:00.000Z";1015.35
"2026-04-14T00:33:00.000Z";"2026-04-14T00:36:00.000Z";1005.68
"2026-04-14T00:36:00.000Z";"2026-04-14T00:39:00.000Z";997.003
"2026-04-14T00:39:00.000Z";"2026-04-14T00:42:00.000Z";990.341
"2026-04-14T00:42:00.000Z";"2026-04-14T00:45:00.000Z";983.838
"2026-04-14T00:45:00.000Z";"2026-04-14T00:48:00.000Z";979.167
"2026-04-14T00:48:00.000Z";"2026-04-14T00:51:00.000Z";974.669
"2026-04-14T00:51:00.000Z";"2026-04-14T00:54:00.000Z";977.489
"2026-04-14T00:54:00.000Z";"2026-04-14T00:57:00.000Z";978.331
"2026-04-14T00:57:00.000Z";"2026-04-14T01:00:00.000Z";978.667
"2026-04-14T01:00:00.000Z";"2026-04-14T01:03:00.000Z";980.34
"2026-04-14T01:06:00.000Z";"2026-04-14T01:09:00.000Z";973.002
"2026-04-14T01:09:00.000Z";"2026-04-14T01:12:00.000Z";971.664
"2026-04-14T01:12:00.000Z";"2026-04-14T01:15:00.000Z";983.659
"2026-04-14T01:15:00.000Z";"2026-04-14T01:18:00.000Z";1003.98
"2026-04-14T01:18:00.000Z";"2026-04-14T01:21:00.000Z";1019.66
"2026-04-14T01:21:00.000Z";"2026-04-14T01:24:00.000Z";1038.66
"2026-04-14T01:24:00.000Z";"2026-04-14T01:27:00.000Z";1065.49
"2026-04-14T01:27:00.000Z";"2026-04-14T01:30:00.000Z";1085.82
"2026-04-14T01:30:00.000Z";"2026-04-14T01:33:00.000Z";1095.5
"2026-04-14T01:33:00.000Z";"2026-04-14T01:36:00.000Z";1107.66
"2026-04-14T01:36:00.000Z";"2026-04-14T01:39:00.000Z";1124.22
"2026-04-14T01:39:00.000Z";"2026-04-14T01:42:00.000Z";1146.15
"2026-04-14T01:42:00.000Z";"2026-04-14T01:45:00.000Z";1162.5
"2026-04-14T01:45:00.000Z";"2026-04-14T01:48:00.000Z";1182.65
"2026-04-14T01:48:00.000Z";"2026-04-14T01:51:00.000Z";1191.83
"2026-04-14T01:51:00.000Z";"2026-04-14T01:54:00.000Z";1205.49
"2026-04-14T01:54:00.000Z";"2026-04-14T01:57:00.000Z";1216.33
"2026-04-14T01:57:00.000Z";"2026-04-14T02:00:00.000Z";1224.5
"2026-04-14T02:00:00.000Z";"2026-04-14T02:03:00.000Z";1206.68
"2026-04-14T02:03:00.000Z";"2026-04-14T02:06:00.000Z";1194.5
"2026-04-14T02:06:00.000Z";"2026-04-14T02:09:00.000Z";1202.51
"2026-04-14T02:09:00.000Z";"2026-04-14T02:12:00.000Z";1203
"2026-04-14T02:12:00.000Z";"2026-04-14T02:15:00.000Z";1196.17
"2026-04-14T02:15:00.000Z";"2026-04-14T02:18:00.000Z";1191.33
"2026-04-14T02:18:00.000Z";"2026-04-14T02:21:00.000Z";1190
"2026-04-14T02:21:00.000Z";"2026-04-14T02:24:00.000Z";1184.5
"2026-04-14T02:24:00.000Z";"2026-04-14T02:27:00.000Z";1183.33
"2026-04-14T02:27:00.000Z";"2026-04-14T02:30:00.000Z";1185.34
"2026-04-14T02:30:00.000Z";"2026-04-14T02:33:00.000Z";1186.17
"2026-04-14T02:33:00.000Z";"2026-04-14T02:36:00.000Z";1203.99
"2026-04-14T02:36:00.000Z";"2026-04-14T02:39:00.000Z";1224.66
"2026-04-14T02:39:00.000Z";"2026-04-14T02:42:00.000Z";1234.16
"2026-04-14T02:42:00.000Z";"2026-04-14T02:45:00.000Z";1231.5
"2026-04-14T02:45:00.000Z";"2026-04-14T02:48:00.000Z";1228.49
"2026-04-14T02:48:00.000Z";"2026-04-14T02:51:00.000Z";1268.49
"2026-04-14T02:51:00.000Z";"2026-04-14T02:54:00.000Z";1254
"2026-04-14T02:54:00.000Z";"2026-04-14T02:57:00.000Z";1236.69
"2026-04-14T02:57:00.000Z";"2026-04-14T03:00:00.000Z";1227.01
"2026-04-14T03:00:00.000Z";"2026-04-14T03:03:00.000Z";1222.82
"2026-04-14T03:03:00.000Z";"2026-04-14T03:06:00.000Z";1218.16
"2026-04-14T03:06:00.000Z";"2026-04-14T03:09:00.000Z";1220.36
"2026-04-14T03:09:00.000Z";"2026-04-14T03:12:00.000Z";1199.85
"2026-04-14T03:12:00.000Z";"2026-04-14T03:15:00.000Z";1181.35
"2026-04-14T03:15:00.000Z";"2026-04-14T03:18:00.000Z";1170.51
"2026-04-14T03:18:00.000Z";"2026-04-14T03:21:00.000Z";1160.51
"2026-04-14T03:21:00.000Z";"2026-04-14T03:24:00.000Z";1152.68
"2026-04-14T03:24:00.000Z";"2026-04-14T03:27:00.000Z";1136.51
"2026-04-14T03:27:00.000Z";"2026-04-14T03:30:00.000Z";1118.5
"2026-04-14T03:30:00.000Z";"2026-04-14T03:33:00.000Z";1120.5
"2026-04-14T03:33:00.000Z";"2026-04-14T03:36:00.000Z";1125.99
"2026-04-14T03:36:00.000Z";"2026-04-14T03:39:00.000Z";1129.67
"2026-04-14T03:39:00.000Z";"2026-04-14T03:42:00.000Z";1130.5
"2026-04-14T03:42:00.000Z";"2026-04-14T03:45:00.000Z";1129.33
"2026-04-14T03:45:00.000Z";"2026-04-14T03:48:00.000Z";1128.67
"2026-04-14T03:48:00.000Z";"2026-04-14T03:51:00.000Z";1127.98
"2026-04-14T03:51:00.000Z";"2026-04-14T03:54:00.000Z";1130.67
"2026-04-14T03:54:00.000Z";"2026-04-14T03:57:00.000Z";1130
"2026-04-14T03:57:00.000Z";"2026-04-14T04:00:00.000Z";1125.5
"2026-04-14T04:00:00.000Z";"2026-04-14T04:03:00.000Z";1133.99
"2026-04-14T04:03:00.000Z";"2026-04-14T04:06:00.000Z";1143.83
"2026-04-14T04:06:00.000Z";"2026-04-14T04:09:00.000Z";1147.83
"2026-04-14T04:09:00.000Z";"2026-04-14T04:12:00.000Z";1154.33
"2026-04-14T04:12:00.000Z";"2026-04-14T04:15:00.000Z";1156.66
"2026-04-14T04:15:00.000Z";"2026-04-14T04:18:00.000Z";1159
"2026-04-14T04:18:00.000Z";"2026-04-14T04:21:00.000Z";1152.5
"2026-04-14T04:21:00.000Z";"2026-04-14T04:24:00.000Z";1157
"2026-04-14T04:24:00.000Z";"2026-04-14T04:27:00.000Z";1151.84
"2026-04-14T04:27:00.000Z";"2026-04-14T04:30:00.000Z";1146.17
"2026-04-14T04:30:00.000Z";"2026-04-14T04:33:00.000Z";1148.17
"2026-04-14T04:33:00.000Z";"2026-04-14T04:36:00.000Z";1122.69
"2026-04-14T04:36:00.000Z";"2026-04-14T04:39:00.000Z";1119.32
"2026-04-14T04:39:00.000Z";"2026-04-14T04:42:00.000Z";1124.16
"2026-04-14T04:42:00.000Z";"2026-04-14T04:45:00.000Z";1126.67
"2026-04-14T04:45:00.000Z";"2026-04-14T04:48:00.000Z";1124.33
"2026-04-14T04:48:00.000Z";"2026-04-14T04:51:00.000Z";1129.83
"2026-04-14T04:51:00.000Z";"2026-04-14T04:54:00.000Z";1126.83
"2026-04-14T04:54:00.000Z";"2026-04-14T04:57:00.000Z";1122
"2026-04-14T04:57:00.000Z";"2026-04-14T05:00:00.000Z";1128
"2026-04-14T05:00:00.000Z";"2026-04-14T05:03:00.000Z";1132.66
"2026-04-14T05:03:00.000Z";"2026-04-14T05:06:00.000Z";1164.16
"2026-04-14T05:06:00.000Z";"2026-04-14T05:09:00.000Z";1144.34
"2026-04-14T05:09:00.000Z";"2026-04-14T05:12:00.000Z";1132.35
"2026-04-14T05:12:00.000Z";"2026-04-14T05:15:00.000Z";1117.01
"2026-04-14T05:15:00.000Z";"2026-04-14T05:18:00.000Z";1097.35
"2026-04-14T05:18:00.000Z";"2026-04-14T05:21:00.000Z";1071.36
"2026-04-14T05:21:00.000Z";"2026-04-14T05:24:00.000Z";1058.51
"2026-04-14T05:24:00.000Z";"2026-04-14T05:27:00.000Z";1048.36
"2026-04-14T05:27:00.000Z";"2026-04-14T05:30:00.000Z";1021.87
"2026-04-14T05:30:00.000Z";"2026-04-14T05:33:00.000Z";993.342
"2026-04-14T05:33:00.000Z";"2026-04-14T05:36:00.000Z";966.509
"2026-04-14T05:36:00.000Z";"2026-04-14T05:39:00.000Z";943.679
"2026-04-14T05:39:00.000Z";"2026-04-14T05:42:00.000Z";917.679
"2026-04-14T05:42:00.000Z";"2026-04-14T05:45:00.000Z";889.196
"2026-04-14T05:45:00.000Z";"2026-04-14T05:48:00.000Z";847.518
"2026-04-14T05:48:00.000Z";"2026-04-14T05:51:00.000Z";813.516
"2026-04-14T05:51:00.000Z";"2026-04-14T05:54:00.000Z";783.513
"2026-04-14T05:54:00.000Z";"2026-04-14T05:57:00.000Z";761.202
"2026-04-14T05:57:00.000Z";"2026-04-14T06:00:00.000Z";732.349
"2026-04-14T06:00:00.000Z";"2026-04-14T06:03:00.000Z";700.856
"2026-04-14T06:03:00.000Z";"2026-04-14T06:06:00.000Z";672.015
"2026-04-14T06:06:00.000Z";"2026-04-14T06:09:00.000Z";641.854
"2026-04-14T06:09:00.000Z";"2026-04-14T06:12:00.000Z";607.354
"2026-04-14T06:12:00.000Z";"2026-04-14T06:15:00.000Z";574.35
"2026-04-14T06:15:00.000Z";"2026-04-14T06:18:00.000Z";546.018
"2026-04-14T06:18:00.000Z";"2026-04-14T06:21:00.000Z";510.008
"2026-04-14T06:21:00.000Z";"2026-04-14T06:24:00.000Z";477.515
"2026-04-14T06:24:00.000Z";"2026-04-14T06:27:00.000Z";440.557
"2026-04-14T06:27:00.000Z";"2026-04-14T06:30:00.000Z";405.694
"2026-04-14T06:30:00.000Z";"2026-04-14T06:33:00.000Z";372.517
"2026-04-14T06:33:00.000Z";"2026-04-14T06:36:00.000Z";343.359
"2026-04-14T06:36:00.000Z";"2026-04-14T06:39:00.000Z";310.686
"2026-04-14T06:39:00.000Z";"2026-04-14T06:42:00.000Z";283.345
"2026-04-14T06:42:00.000Z";"2026-04-14T06:45:00.000Z";258.365
"2026-04-14T06:45:00.000Z";"2026-04-14T06:48:00.000Z";236.518
"2026-04-14T06:48:00.000Z";"2026-04-14T06:51:00.000Z";210.354
"2026-04-14T06:51:00.000Z";"2026-04-14T06:54:00.000Z";196.675
"2026-04-14T06:54:00.000Z";"2026-04-14T06:57:00.000Z";181.677
"2026-04-14T06:57:00.000Z";"2026-04-14T07:00:00.000Z";163.68
"2026-04-14T07:00:00.000Z";"2026-04-14T07:03:00.000Z";146.007
"2026-04-14T07:03:00.000Z";"2026-04-14T07:06:00.000Z";134.502
"2026-04-14T07:06:00.000Z";"2026-04-14T07:09:00.000Z";122.665
"2026-04-14T07:09:00.000Z";"2026-04-14T07:12:00.000Z";113.512
"2026-04-14T07:12:00.000Z";"2026-04-14T07:15:00.000Z";101.347
"2026-04-14T07:15:00.000Z";"2026-04-14T07:18:00.000Z";97
"2026-04-14T07:18:00.000Z";"2026-04-14T07:21:00.000Z";91.669
"2026-04-14T07:21:00.000Z";"2026-04-14T07:24:00.000Z";93.169
"2026-04-14T07:24:00.000Z";"2026-04-14T07:27:00.000Z";88.336
"2026-04-14T07:27:00.000Z";"2026-04-14T07:30:00.000Z";87.671
"2026-04-14T07:30:00.000Z";"2026-04-14T07:33:00.000Z";88.498
"2026-04-14T07:33:00.000Z";"2026-04-14T07:36:00.000Z";90.165
"2026-04-14T07:36:00.000Z";"2026-04-14T07:39:00.000Z";90.664
"2026-04-14T07:39:00.000Z";"2026-04-14T07:42:00.000Z";92.671
"2026-04-14T07:42:00.000Z";"2026-04-14T07:45:00.000Z";94.166
"2026-04-14T07:45:00.000Z";"2026-04-14T07:48:00.000Z";93.843
"2026-04-14T07:48:00.000Z";"2026-04-14T07:51:00.000Z";85.671
"2026-04-14T07:51:00.000Z";"2026-04-14T07:54:00.000Z";93.489
"2026-04-14T07:54:00.000Z";"2026-04-14T07:57:00.000Z";96.333
"2026-04-14T07:57:00.000Z";"2026-04-14T08:00:00.000Z";102.328
"2026-04-14T08:00:00.000Z";"2026-04-14T08:03:00.000Z";105.653
"2026-04-14T08:03:00.000Z";"2026-04-14T08:06:00.000Z";109.497
"2026-04-14T08:06:00.000Z";"2026-04-14T08:09:00.000Z";117.157
"2026-04-14T08:09:00.000Z";"2026-04-14T08:12:00.000Z";122.003
"2026-04-14T08:12:00.000Z";"2026-04-14T08:15:00.000Z";124.664
"2026-04-14T08:15:00.000Z";"2026-04-14T08:18:00.000Z";138.324
"2026-04-14T08:18:00.000Z";"2026-04-14T08:21:00.000Z";147.657
"2026-04-14T08:21:00.000Z";"2026-04-14T08:24:00.000Z";148.002
"2026-04-14T08:24:00.000Z";"2026-04-14T08:27:00.000Z";155.168
"2026-04-14T08:27:00.000Z";"2026-04-14T08:30:00.000Z";167.666
"2026-04-14T08:30:00.000Z";"2026-04-14T08:33:00.000Z";175.49
"2026-04-14T08:33:00.000Z";"2026-04-14T08:36:00.000Z";181.992
"2026-04-14T08:36:00.000Z";"2026-04-14T08:39:00.000Z";183.844
"2026-04-14T08:39:00.000Z";"2026-04-14T08:42:00.000Z";182.5
"2026-04-14T08:42:00.000Z";"2026-04-14T08:45:00.000Z";192.142
"2026-04-14T08:45:00.000Z";"2026-04-14T08:48:00.000Z";188.671
"2026-04-14T08:48:00.000Z";"2026-04-14T08:51:00.000Z";183.838
"2026-04-14T08:51:00.000Z";"2026-04-14T08:54:00.000Z";193.657
"2026-04-14T08:54:00.000Z";"2026-04-14T08:57:00.000Z";193.997
"2026-04-14T08:57:00.000Z";"2026-04-14T09:00:00.000Z";197.321
"2026-04-14T09:00:00.000Z";"2026-04-14T09:03:00.000Z";198.168
"2026-04-14T09:03:00.000Z";"2026-04-14T09:06:00.000Z";208.986
"2026-04-14T09:06:00.000Z";"2026-04-14T09:09:00.000Z";208.337
"2026-04-14T09:09:00.000Z";"2026-04-14T09:12:00.000Z";221.472
"2026-04-14T09:12:00.000Z";"2026-04-14T09:15:00.000Z";224.508
"2026-04-14T09:15:00.000Z";"2026-04-14T09:18:00.000Z";220.336
"2026-04-14T09:18:00.000Z";"2026-04-14T09:21:00.000Z";211.851
"2026-04-14T09:21:00.000Z";"2026-04-14T09:24:00.000Z";213.663
"2026-04-14T09:24:00.000Z";"2026-04-14T09:27:00.000Z";222.141
"2026-04-14T09:27:00.000Z";"2026-04-14T09:30:00.000Z";230.492
"2026-04-14T09:30:00.000Z";"2026-04-14T09:33:00.000Z";235.497
"2026-04-14T09:33:00.000Z";"2026-04-14T09:36:00.000Z";235.324
"2026-04-14T09:36:00.000Z";"2026-04-14T09:39:00.000Z";236.325
"2026-04-14T09:39:00.000Z";"2026-04-14T09:42:00.000Z";243.658
"2026-04-14T09:42:00.000Z";"2026-04-14T09:45:00.000Z";232.025
"2026-04-14T09:45:00.000Z";"2026-04-14T09:48:00.000Z";236.333
"2026-04-14T09:48:00.000Z";"2026-04-14T09:51:00.000Z";240.161
"2026-04-14T09:51:00.000Z";"2026-04-14T09:54:00.000Z";236.166
"2026-04-14T09:54:00.000Z";"2026-04-14T09:57:00.000Z";242.984
"2026-04-14T09:57:00.000Z";"2026-04-14T10:00:00.000Z";234.672
"2026-04-14T10:00:00.000Z";"2026-04-14T10:03:00.000Z";240.173
"2026-04-14T10:03:00.000Z";"2026-04-14T10:06:00.000Z";248.332
"2026-04-14T10:06:00.000Z";"2026-04-14T10:09:00.000Z";249.826
"2026-04-14T10:09:00.000Z";"2026-04-14T10:12:00.000Z";262.002
"2026-04-14T10:12:00.000Z";"2026-04-14T10:15:00.000Z";265.169
"2026-04-14T10:15:00.000Z";"2026-04-14T10:18:00.000Z";275.816
"2026-04-14T10:18:00.000Z";"2026-04-14T10:21:00.000Z";276.335
"2026-04-14T10:21:00.000Z";"2026-04-14T10:24:00.000Z";282.163
"2026-04-14T10:24:00.000Z";"2026-04-14T10:27:00.000Z";283.166
"2026-04-14T10:27:00.000Z";"2026-04-14T10:30:00.000Z";277.685
"2026-04-14T10:30:00.000Z";"2026-04-14T10:33:00.000Z";281.494
"2026-04-14T10:33:00.000Z";"2026-04-14T10:36:00.000Z";280.327
"2026-04-14T10:36:00.000Z";"2026-04-14T10:39:00.000Z";281.836
"2026-04-14T10:39:00.000Z";"2026-04-14T10:42:00.000Z";284.17
"2026-04-14T10:42:00.000Z";"2026-04-14T10:45:00.000Z";299.319
"2026-04-14T10:45:00.000Z";"2026-04-14T10:48:00.000Z";299.969
"2026-04-14T10:48:00.000Z";"2026-04-14T10:51:00.000Z";304.317
"2026-04-14T10:51:00.000Z";"2026-04-14T10:54:00.000Z";306.989
"2026-04-14T10:54:00.000Z";"2026-04-14T10:57:00.000Z";314.18
"2026-04-14T10:57:00.000Z";"2026-04-14T11:00:00.000Z";321.475
"2026-04-14T11:00:00.000Z";"2026-04-14T11:03:00.000Z";319.179
"2026-04-14T11:03:00.000Z";"2026-04-14T11:06:00.000Z";324.483
"2026-04-14T11:06:00.000Z";"2026-04-14T11:09:00.000Z";339.332
"2026-04-14T11:09:00.000Z";"2026-04-14T11:12:00.000Z";361.821
"2026-04-14T11:12:00.000Z";"2026-04-14T11:15:00.000Z";359.015
"2026-04-14T11:15:00.000Z";"2026-04-14T11:18:00.000Z";367.647
"2026-04-14T11:18:00.000Z";"2026-04-14T11:21:00.000Z";387.475
"2026-04-14T11:21:00.000Z";"2026-04-14T11:24:00.000Z";408.659
"2026-04-14T11:24:00.000Z";"2026-04-14T11:27:00.000Z";408.669
"2026-04-14T11:27:00.000Z";"2026-04-14T11:30:00.000Z";400.167
"2026-04-14T11:30:00.000Z";"2026-04-14T11:33:00.000Z";396.665
"2026-04-14T11:33:00.000Z";"2026-04-14T11:36:00.000Z";410.305
"2026-04-14T11:36:00.000Z";"2026-04-14T11:39:00.000Z";410.339
"2026-04-14T11:39:00.000Z";"2026-04-14T11:42:00.000Z";410.829
"2026-04-14T11:42:00.000Z";"2026-04-14T11:45:00.000Z";417.347
"2026-04-14T11:45:00.000Z";"2026-04-14T11:48:00.000Z";423.316
"2026-04-14T11:48:00.000Z";"2026-04-14T11:51:00.000Z";449
"2026-04-14T11:51:00.000Z";"2026-04-14T11:54:00.000Z";436.166
"2026-04-14T11:54:00.000Z";"2026-04-14T11:57:00.000Z";439.813
"2026-04-14T11:57:00.000Z";"2026-04-14T12:00:00.000Z";434.505
"2026-04-14T12:00:00.000Z";"2026-04-14T12:03:00.000Z";456.325
"2026-04-14T12:03:00.000Z";"2026-04-14T12:06:00.000Z";466.667
"2026-04-14T12:06:00.000Z";"2026-04-14T12:09:00.000Z";476.822
"2026-04-14T12:09:00.000Z";"2026-04-14T12:12:00.000Z";467.505
"2026-04-14T12:12:00.000Z";"2026-04-14T12:15:00.000Z";478.482
"2026-04-14T12:15:00.000Z";"2026-04-14T12:18:00.000Z";497.486
"2026-04-14T12:18:00.000Z";"2026-04-14T12:21:00.000Z";488.515
"2026-04-14T12:21:00.000Z";"2026-04-14T12:24:00.000Z";473.339
"2026-04-14T12:24:00.000Z";"2026-04-14T12:27:00.000Z";473.322
"2026-04-14T12:27:00.000Z";"2026-04-14T12:30:00.000Z";491.314
"2026-04-14T12:30:00.000Z";"2026-04-14T12:33:00.000Z";497.328
"2026-04-14T12:33:00.000Z";"2026-04-14T12:36:00.000Z";521.325
"2026-04-14T12:36:00.000Z";"2026-04-14T12:39:00.000Z";543.689
"2026-04-14T12:39:00.000Z";"2026-04-14T12:42:00.000Z";557.303
"2026-04-14T12:42:00.000Z";"2026-04-14T12:45:00.000Z";569.165
"2026-04-14T12:45:00.000Z";"2026-04-14T12:48:00.000Z";574.498
"2026-04-14T12:48:00.000Z";"2026-04-14T12:51:00.000Z";559.835
"2026-04-14T12:51:00.000Z";"2026-04-14T12:54:00.000Z";579.803
"2026-04-14T12:54:00.000Z";"2026-04-14T12:57:00.000Z";588.832
"2026-04-14T12:57:00.000Z";"2026-04-14T13:00:00.000Z";568.511
"2026-04-14T13:00:00.000Z";"2026-04-14T13:03:00.000Z";547.52
"2026-04-14T13:03:00.000Z";"2026-04-14T13:06:00.000Z";546.482
"2026-04-14T13:06:00.000Z";"2026-04-14T13:09:00.000Z";561.647
"2026-04-14T13:09:00.000Z";"2026-04-14T13:12:00.000Z";578.507
"2026-04-14T13:12:00.000Z";"2026-04-14T13:15:00.000Z";564.009
"2026-04-14T13:15:00.000Z";"2026-04-14T13:18:00.000Z";564.499
"2026-04-14T13:18:00.000Z";"2026-04-14T13:21:00.000Z";588.153
"2026-04-14T13:21:00.000Z";"2026-04-14T13:24:00.000Z";598.646
"2026-04-14T13:24:00.000Z";"2026-04-14T13:27:00.000Z";594.506
"2026-04-14T13:27:00.000Z";"2026-04-14T13:30:00.000Z";589.501
"2026-04-14T13:30:00.000Z";"2026-04-14T13:33:00.000Z";584.336
"2026-04-14T13:33:00.000Z";"2026-04-14T13:36:00.000Z";585.64
"2026-04-14T13:36:00.000Z";"2026-04-14T13:39:00.000Z";577.336
"2026-04-14T13:39:00.000Z";"2026-04-14T13:42:00.000Z";582.669
"2026-04-14T13:42:00.000Z";"2026-04-14T13:45:00.000Z";584.816
"2026-04-14T13:45:00.000Z";"2026-04-14T13:48:00.000Z";589.011
"2026-04-14T13:48:00.000Z";"2026-04-14T13:51:00.000Z";578.166
"2026-04-14T13:51:00.000Z";"2026-04-14T13:54:00.000Z";560.668
"2026-04-14T13:54:00.000Z";"2026-04-14T13:57:00.000Z";552.162
"2026-04-14T13:57:00.000Z";"2026-04-14T14:00:00.000Z";573.02
"2026-04-14T14:00:00.000Z";"2026-04-14T14:03:00.000Z";563.165
"2026-04-14T14:03:00.000Z";"2026-04-14T14:06:00.000Z";561.5
"2026-04-14T14:06:00.000Z";"2026-04-14T14:09:00.000Z";530.538
"2026-04-14T14:09:00.000Z";"2026-04-14T14:12:00.000Z";514.176
"2026-04-14T14:12:00.000Z";"2026-04-14T14:15:00.000Z";510.003
"2026-04-14T14:15:00.000Z";"2026-04-14T14:18:00.000Z";503.156
"2026-04-14T14:18:00.000Z";"2026-04-14T14:21:00.000Z";541.151
"2026-04-14T14:21:00.000Z";"2026-04-14T14:24:00.000Z";551.662
"2026-04-14T14:24:00.000Z";"2026-04-14T14:27:00.000Z";546.173
"2026-04-14T14:27:00.000Z";"2026-04-14T14:30:00.000Z";545.966
"2026-04-14T14:30:00.000Z";"2026-04-14T14:33:00.000Z";563.822
"2026-04-14T14:33:00.000Z";"2026-04-14T14:36:00.000Z";570.836
"2026-04-14T14:36:00.000Z";"2026-04-14T14:39:00.000Z";566.671
"2026-04-14T14:39:00.000Z";"2026-04-14T14:42:00.000Z";572.326
"2026-04-14T14:42:00.000Z";"2026-04-14T14:45:00.000Z";591.32
"2026-04-14T14:45:00.000Z";"2026-04-14T14:48:00.000Z";587.517
"2026-04-14T14:48:00.000Z";"2026-04-14T14:51:00.000Z";586.294
"2026-04-14T14:51:00.000Z";"2026-04-14T14:54:00.000Z";597.008
"2026-04-14T14:54:00.000Z";"2026-04-14T14:57:00.000Z";600.337
"2026-04-14T14:57:00.000Z";"2026-04-14T15:00:00.000Z";615.498
"2026-04-14T15:00:00.000Z";"2026-04-14T15:03:00.000Z";605.336
"2026-04-14T15:03:00.000Z";"2026-04-14T15:06:00.000Z";595.66
"2026-04-14T15:06:00.000Z";"2026-04-14T15:09:00.000Z";598.334
"2026-04-14T15:09:00.000Z";"2026-04-14T15:12:00.000Z";587.507
"2026-04-14T15:12:00.000Z";"2026-04-14T15:15:00.000Z";584.327
"2026-04-14T15:15:00.000Z";"2026-04-14T15:18:00.000Z";573.004
"2026-04-14T15:18:00.000Z";"2026-04-14T15:21:00.000Z";567.5
"2026-04-14T15:21:00.000Z";"2026-04-14T15:24:00.000Z";579.339
"2026-04-14T15:24:00.000Z";"2026-04-14T15:27:00.000Z";594.304
"2026-04-14T15:27:00.000Z";"2026-04-14T15:30:00.000Z";601.669
"2026-04-14T15:30:00.000Z";"2026-04-14T15:33:00.000Z";611.662
"2026-04-14T15:33:00.000Z";"2026-04-14T15:36:00.000Z";606.331
"2026-04-14T15:36:00.000Z";"2026-04-14T15:39:00.000Z";608.654
"2026-04-14T15:39:00.000Z";"2026-04-14T15:42:00.000Z";607.2
"2026-04-14T15:42:00.000Z";"2026-04-14T15:45:00.000Z";597.996
"2026-04-14T15:45:00.000Z";"2026-04-14T15:48:00.000Z";605.319
"2026-04-14T15:48:00.000Z";"2026-04-14T15:51:00.000Z";614.336
"2026-04-14T15:51:00.000Z";"2026-04-14T15:54:00.000Z";609.667
"2026-04-14T15:54:00.000Z";"2026-04-14T15:57:00.000Z";617.491
"2026-04-14T15:57:00.000Z";"2026-04-14T16:00:00.000Z";628.488
"2026-04-14T16:00:00.000Z";"2026-04-14T16:03:00.000Z";642.323
"2026-04-14T16:03:00.000Z";"2026-04-14T16:06:00.000Z";666.982
"2026-04-14T16:06:00.000Z";"2026-04-14T16:09:00.000Z";669.991
"2026-04-14T16:09:00.000Z";"2026-04-14T16:12:00.000Z";674.66
"2026-04-14T16:12:00.000Z";"2026-04-14T16:15:00.000Z";662.509
"2026-04-14T16:15:00.000Z";"2026-04-14T16:18:00.000Z";670.517
"2026-04-14T16:18:00.000Z";"2026-04-14T16:21:00.000Z";672.506
"2026-04-14T16:21:00.000Z";"2026-04-14T16:24:00.000Z";678.5
"2026-04-14T16:24:00.000Z";"2026-04-14T16:27:00.000Z";679.188
"2026-04-14T16:27:00.000Z";"2026-04-14T16:30:00.000Z";693.62
"2026-04-14T16:30:00.000Z";"2026-04-14T16:33:00.000Z";707.335
"2026-04-14T16:33:00.000Z";"2026-04-14T16:36:00.000Z";725.815
"2026-04-14T16:36:00.000Z";"2026-04-14T16:39:00.000Z";754.169
"2026-04-14T16:39:00.000Z";"2026-04-14T16:42:00.000Z";766.966
"2026-04-14T16:42:00.000Z";"2026-04-14T16:45:00.000Z";794.654
"2026-04-14T16:45:00.000Z";"2026-04-14T16:48:00.000Z";813.147
"2026-04-14T16:48:00.000Z";"2026-04-14T16:51:00.000Z";839.323
"2026-04-14T16:51:00.000Z";"2026-04-14T16:54:00.000Z";870.643
"2026-04-14T16:54:00.000Z";"2026-04-14T16:57:00.000Z";888.656
"2026-04-14T16:57:00.000Z";"2026-04-14T17:00:00.000Z";899.162
"2026-04-14T17:00:00.000Z";"2026-04-14T17:03:00.000Z";919.793
"2026-04-14T17:03:00.000Z";"2026-04-14T17:06:00.000Z";925.517
"2026-04-14T17:06:00.000Z";"2026-04-14T17:09:00.000Z";946.296
"2026-04-14T17:09:00.000Z";"2026-04-14T17:12:00.000Z";955.498
"2026-04-14T17:12:00.000Z";"2026-04-14T17:15:00.000Z";977.794
"2026-04-14T17:15:00.000Z";"2026-04-14T17:18:00.000Z";998.49
"2026-04-14T17:18:00.000Z";"2026-04-14T17:21:00.000Z";1021.99
"2026-04-14T17:21:00.000Z";"2026-04-14T17:24:00.000Z";1044.77
"2026-04-14T17:24:00.000Z";"2026-04-14T17:27:00.000Z";1072.62
"2026-04-14T17:27:00.000Z";"2026-04-14T17:30:00.000Z";1110.81
"2026-04-14T17:30:00.000Z";"2026-04-14T17:33:00.000Z";1138.48
"2026-04-14T17:33:00.000Z";"2026-04-14T17:36:00.000Z";1161.67
"2026-04-14T17:36:00.000Z";"2026-04-14T17:39:00.000Z";1188.77
"2026-04-14T17:39:00.000Z";"2026-04-14T17:42:00.000Z";1212.82
"2026-04-14T17:42:00.000Z";"2026-04-14T17:45:00.000Z";1230.49
"2026-04-14T17:45:00.000Z";"2026-04-14T17:48:00.000Z";1251.15
"2026-04-14T17:48:00.000Z";"2026-04-14T17:51:00.000Z";1272.99
"2026-04-14T17:51:00.000Z";"2026-04-14T17:54:00.000Z";1284.66
"2026-04-14T17:54:00.000Z";"2026-04-14T17:57:00.000Z";1306.32
"2026-04-14T17:57:00.000Z";"2026-04-14T18:00:00.000Z";1333.31
"2026-04-14T18:00:00.000Z";"2026-04-14T18:03:00.000Z";1363.31
"2026-04-14T18:03:00.000Z";"2026-04-14T18:06:00.000Z";1378.32
"2026-04-14T18:06:00.000Z";"2026-04-14T18:09:00.000Z";1395.32
"2026-04-14T18:09:00.000Z";"2026-04-14T18:12:00.000Z";1416.98
"2026-04-14T18:12:00.000Z";"2026-04-14T18:15:00.000Z";1445.97
"2026-04-14T18:15:00.000Z";"2026-04-14T18:18:00.000Z";1471.32
"2026-04-14T18:18:00.000Z";"2026-04-14T18:21:00.000Z";1492.66
"2026-04-14T18:21:00.000Z";"2026-04-14T18:24:00.000Z";1511.66
"2026-04-14T18:24:00.000Z";"2026-04-14T18:27:00.000Z";1533.15
"2026-04-14T18:27:00.000Z";"2026-04-14T18:30:00.000Z";1551.32
"2026-04-14T18:30:00.000Z";"2026-04-14T18:33:00.000Z";1566.66
"2026-04-14T18:33:00.000Z";"2026-04-14T18:36:00.000Z";1574.33
"2026-04-14T18:36:00.000Z";"2026-04-14T18:39:00.000Z";1576.33
"2026-04-14T18:39:00.000Z";"2026-04-14T18:42:00.000Z";1592.16
"2026-04-14T18:42:00.000Z";"2026-04-14T18:45:00.000Z";1601.82
"2026-04-14T18:45:00.000Z";"2026-04-14T18:48:00.000Z";1624.98
"2026-04-14T18:48:00.000Z";"2026-04-14T18:51:00.000Z";1640.16
"2026-04-14T18:51:00.000Z";"2026-04-14T18:54:00.000Z";1663.47
"2026-04-14T18:54:00.000Z";"2026-04-14T18:57:00.000Z";1682.97
"2026-04-14T18:57:00.000Z";"2026-04-14T19:00:00.000Z";1697.16
"2026-04-14T19:00:00.000Z";"2026-04-14T19:03:00.000Z";1706.66
"2026-04-14T19:03:00.000Z";"2026-04-14T19:06:00.000Z";1709
"2026-04-14T19:06:00.000Z";"2026-04-14T19:09:00.000Z";1712.67
"2026-04-14T19:09:00.000Z";"2026-04-14T19:12:00.000Z";1723.49
"2026-04-14T19:12:00.000Z";"2026-04-14T19:15:00.000Z";1723.34
"2026-04-14T19:15:00.000Z";"2026-04-14T19:18:00.000Z";1731.32
"2026-04-14T19:18:00.000Z";"2026-04-14T19:21:00.000Z";1746.31
"2026-04-14T19:21:00.000Z";"2026-04-14T19:24:00.000Z";1763.64
"2026-04-14T19:24:00.000Z";"2026-04-14T19:27:00.000Z";1787.14
"2026-04-14T19:27:00.000Z";"2026-04-14T19:30:00.000Z";1805.15
"2026-04-14T19:30:00.000Z";"2026-04-14T19:33:00.000Z";1795.19
"2026-04-14T19:33:00.000Z";"2026-04-14T19:36:00.000Z";1790.33
"2026-04-14T19:36:00.000Z";"2026-04-14T19:39:00.000Z";1794.16
"2026-04-14T19:39:00.000Z";"2026-04-14T19:42:00.000Z";1795.83
"2026-04-14T19:42:00.000Z";"2026-04-14T19:45:00.000Z";1809.82
"2026-04-14T19:45:00.000Z";"2026-04-14T19:48:00.000Z";1827.32
"2026-04-14T19:48:00.000Z";"2026-04-14T19:51:00.000Z";1827.17
"2026-04-14T19:51:00.000Z";"2026-04-14T19:54:00.000Z";1839.49
"2026-04-14T19:54:00.000Z";"2026-04-14T19:57:00.000Z";1842.5
"2026-04-14T19:57:00.000Z";"2026-04-14T20:00:00.000Z";1841.17
"2026-04-14T20:00:00.000Z";"2026-04-14T20:03:00.000Z";1822.34
"2026-04-14T20:03:00.000Z";"2026-04-14T20:06:00.000Z";1818.84
"2026-04-14T20:06:00.000Z";"2026-04-14T20:09:00.000Z";1818.5
"2026-04-14T20:09:00.000Z";"2026-04-14T20:12:00.000Z";1820.83
"2026-04-14T20:12:00.000Z";"2026-04-14T20:15:00.000Z";1819.99
"2026-04-14T20:15:00.000Z";"2026-04-14T20:18:00.000Z";1807.7
"2026-04-14T20:18:00.000Z";"2026-04-14T20:21:00.000Z";1794.18
"2026-04-14T20:21:00.000Z";"2026-04-14T20:24:00.000Z";1786.68
"2026-04-14T20:24:00.000Z";"2026-04-14T20:27:00.000Z";1790.34
"2026-04-14T20:27:00.000Z";"2026-04-14T20:30:00.000Z";1799.49
"2026-04-14T20:30:00.000Z";"2026-04-14T20:33:00.000Z";1789.18
"2026-04-14T20:33:00.000Z";"2026-04-14T20:36:00.000Z";1758.18
"2026-04-14T20:36:00.000Z";"2026-04-14T20:39:00.000Z";1749.17
"2026-04-14T20:39:00.000Z";"2026-04-14T20:42:00.000Z";1739.35
"2026-04-14T20:42:00.000Z";"2026-04-14T20:45:00.000Z";1734.17
"2026-04-14T20:45:00.000Z";"2026-04-14T20:48:00.000Z";1729.02
"2026-04-14T20:48:00.000Z";"2026-04-14T20:51:00.000Z";1722.33
"2026-04-14T20:51:00.000Z";"2026-04-14T20:54:00.000Z";1721.33
"2026-04-14T20:54:00.000Z";"2026-04-14T20:57:00.000Z";1718
"2026-04-14T20:57:00.000Z";"2026-04-14T21:00:00.000Z";1712.51
"2026-04-14T21:00:00.000Z";"2026-04-14T21:03:00.000Z";1706.85
"2026-04-14T21:03:00.000Z";"2026-04-14T21:06:00.000Z";1698.33
"2026-04-14T21:06:00.000Z";"2026-04-14T21:09:00.000Z";1698
"2026-04-14T21:09:00.000Z";"2026-04-14T21:12:00.000Z";1688
"2026-04-14T21:12:00.000Z";"2026-04-14T21:15:00.000Z";1670.52
"2026-04-14T21:15:00.000Z";"2026-04-14T21:18:00.000Z";1644.35
"2026-04-14T21:18:00.000Z";"2026-04-14T21:21:00.000Z";1625.85
"2026-04-14T21:21:00.000Z";"2026-04-14T21:24:00.000Z";1614.69
"2026-04-14T21:24:00.000Z";"2026-04-14T21:27:00.000Z";1601.18
"2026-04-14T21:27:00.000Z";"2026-04-14T21:30:00.000Z";1580.02
"2026-04-14T21:30:00.000Z";"2026-04-14T21:33:00.000Z";1553.69
"2026-04-14T21:36:00.000Z";"2026-04-14T21:39:00.000Z";1500.19
"2026-04-14T21:39:00.000Z";"2026-04-14T21:42:00.000Z";1483.84
"2026-04-14T21:42:00.000Z";"2026-04-14T21:45:00.000Z";1473.68
"2026-04-14T21:45:00.000Z";"2026-04-14T21:48:00.000Z";1461.52
"2026-04-14T21:48:00.000Z";"2026-04-14T21:51:00.000Z";1445.02
"2026-04-14T21:51:00.000Z";"2026-04-14T21:54:00.000Z";1427.52
"2026-04-14T21:54:00.000Z";"2026-04-14T21:57:00.000Z";1415.16
"2026-04-14T21:57:00.000Z";"2026-04-14T22:00:00.000Z";1399.34
"2026-04-14T22:00:00.000Z";"2026-04-14T22:03:00.000Z";1375.33
"2026-04-14T22:03:00.000Z";"2026-04-14T22:06:00.000Z";1369.86
"2026-04-14T22:06:00.000Z";"2026-04-14T22:09:00.000Z";1360.35
"2026-04-14T22:09:00.000Z";"2026-04-14T22:12:00.000Z";1347.33
"2026-04-14T22:12:00.000Z";"2026-04-14T22:15:00.000Z";1353.84
"2026-04-14T22:15:00.000Z";"2026-04-14T22:18:00.000Z";1353.33
"2026-04-14T22:18:00.000Z";"2026-04-14T22:21:00.000Z";1356.83
"2026-04-14T22:21:00.000Z";"2026-04-14T22:24:00.000Z";1360.16
"2026-04-14T22:24:00.000Z";"2026-04-14T22:27:00.000Z";1370.82
"2026-04-14T22:27:00.000Z";"2026-04-14T22:30:00.000Z";1370.66
"2026-04-14T22:30:00.000Z";"2026-04-14T22:33:00.000Z";1358.51
"2026-04-14T22:33:00.000Z";"2026-04-14T22:36:00.000Z";1339.67
"2026-04-14T22:36:00.000Z";"2026-04-14T22:39:00.000Z";1339.82
"2026-04-14T22:39:00.000Z";"2026-04-14T22:42:00.000Z";1347.83
"2026-04-14T22:42:00.000Z";"2026-04-14T22:45:00.000Z";1347.68
"2026-04-14T22:45:00.000Z";"2026-04-14T22:48:00.000Z";1343
"2026-04-14T22:48:00.000Z";"2026-04-14T22:51:00.000Z";1331.68
"2026-04-14T22:51:00.000Z";"2026-04-14T22:54:00.000Z";1335
"2026-04-14T22:54:00.000Z";"2026-04-14T22:57:00.000Z";1325.99
"2026-04-14T22:57:00.000Z";"2026-04-14T23:00:00.000Z";1323.51
"2026-04-14T23:00:00.000Z";"2026-04-14T23:03:00.000Z";1306.69
"2026-04-14T23:03:00.000Z";"2026-04-14T23:06:00.000Z";1305.33
"2026-04-14T23:06:00.000Z";"2026-04-14T23:09:00.000Z";1280.69
"2026-04-14T23:09:00.000Z";"2026-04-14T23:12:00.000Z";1260.51
"2026-04-14T23:12:00.000Z";"2026-04-14T23:15:00.000Z";1242.38
"2026-04-14T23:15:00.000Z";"2026-04-14T23:18:00.000Z";1217.18
"2026-04-14T23:18:00.000Z";"2026-04-14T23:21:00.000Z";1187.19
"2026-04-14T23:21:00.000Z";"2026-04-14T23:24:00.000Z";1164.2
"2026-04-14T23:24:00.000Z";"2026-04-14T23:27:00.000Z";1145.51
"2026-04-14T23:27:00.000Z";"2026-04-14T23:30:00.000Z";1127.34
"2026-04-14T23:30:00.000Z";"2026-04-14T23:33:00.000Z";1105.02
"2026-04-14T23:33:00.000Z";"2026-04-14T23:36:00.000Z";1083.17
"2026-04-14T23:36:00.000Z";"2026-04-14T23:39:00.000Z";1065.34
"2026-04-14T23:39:00.000Z";"2026-04-14T23:42:00.000Z";1059.67
"2026-04-14T23:42:00.000Z";"2026-04-14T23:45:00.000Z";1042.84
"2026-04-14T23:45:00.000Z";"2026-04-14T23:48:00.000Z";1034.51
"2026-04-14T23:48:00.000Z";"2026-04-14T23:51:00.000Z";1026.01
"2026-04-14T23:51:00.000Z";"2026-04-14T23:54:00.000Z";1010.34
"2026-04-14T23:54:00.000Z";"2026-04-14T23:57:00.000Z";999.837
"2026-04-14T23:57:00.000Z";"2026-04-15T00:00:00.000Z";983.849
"2026-04-15T00:00:00.000Z";"2026-04-15T00:03:00.000Z";962.021
"2026-04-15T00:03:00.000Z";"2026-04-15T00:06:00.000Z";945.841
"2026-04-15T00:06:00.000Z";"2026-04-15T00:09:00.000Z";937.335
"2026-04-15T00:09:00.000Z";"2026-04-15T00:12:00.000Z";928.006
"2026-04-15T00:12:00.000Z";"2026-04-15T00:15:00.000Z";916.352
"2026-04-15T00:15:00.000Z";"2026-04-15T00:18:00.000Z";907.341
"2026-04-15T00:18:00.000Z";"2026-04-15T00:21:00.000Z";898.501
"2026-04-15T00:21:00.000Z";"2026-04-15T00:24:00.000Z";889.843
"2026-04-15T00:24:00.000Z";"2026-04-15T00:27:00.000Z";882.505
"2026-04-15T00:27:00.000Z";"2026-04-15T00:30:00.000Z";872.669
"2026-04-15T00:30:00.000Z";"2026-04-15T00:33:00.000Z";867.336
"2026-04-15T00:33:00.000Z";"2026-04-15T00:36:00.000Z";854.845
"2026-04-15T00:36:00.000Z";"2026-04-15T00:39:00.000Z";844.363
"2026-04-15T00:39:00.000Z";"2026-04-15T00:42:00.000Z";839.67
"2026-04-15T00:42:00.000Z";"2026-04-15T00:45:00.000Z";840.174
"2026-04-15T00:45:00.000Z";"2026-04-15T00:48:00.000Z";842.501
"2026-04-15T00:48:00.000Z";"2026-04-15T00:51:00.000Z";838.167
"2026-04-15T00:51:00.000Z";"2026-04-15T00:54:00.000Z";829.174
"2026-04-15T00:54:00.000Z";"2026-04-15T00:57:00.000Z";830.829
"2026-04-15T00:57:00.000Z";"2026-04-15T01:00:00.000Z";835.008
"2026-04-15T01:00:00.000Z";"2026-04-15T01:03:00.000Z";840.007
"2026-04-15T01:03:00.000Z";"2026-04-15T01:06:00.000Z";835.662
"2026-04-15T01:06:00.000Z";"2026-04-15T01:09:00.000Z";833.006
"2026-04-15T01:09:00.000Z";"2026-04-15T01:12:00.000Z";830.993
"2026-04-15T01:12:00.000Z";"2026-04-15T01:15:00.000Z";836.667
"2026-04-15T01:15:00.000Z";"2026-04-15T01:18:00.000Z";834.673
"2026-04-15T01:18:00.000Z";"2026-04-15T01:21:00.000Z";825.338
"2026-04-15T01:21:00.000Z";"2026-04-15T01:24:00.000Z";821.67
"2026-04-15T01:24:00.000Z";"2026-04-15T01:27:00.000Z";814.013
"2026-04-15T01:27:00.000Z";"2026-04-15T01:30:00.000Z";805.842
"2026-04-15T01:30:00.000Z";"2026-04-15T01:33:00.000Z";802.498
"2026-04-15T01:33:00.000Z";"2026-04-15T01:36:00.000Z";801.006
"2026-04-15T01:36:00.000Z";"2026-04-15T01:39:00.000Z";797.5
"2026-04-15T01:39:00.000Z";"2026-04-15T01:42:00.000Z";788.334
"2026-04-15T01:42:00.000Z";"2026-04-15T01:45:00.000Z";778.509
"2026-04-15T01:45:00.000Z";"2026-04-15T01:48:00.000Z";769.173
"2026-04-15T01:48:00.000Z";"2026-04-15T01:51:00.000Z";759.189
"2026-04-15T01:51:00.000Z";"2026-04-15T01:54:00.000Z";753.007
"2026-04-15T01:54:00.000Z";"2026-04-15T01:57:00.000Z";747.002
"2026-04-15T01:57:00.000Z";"2026-04-15T02:00:00.000Z";737.006
"2026-04-15T02:00:00.000Z";"2026-04-15T02:03:00.000Z";725.511
"2026-04-15T02:03:00.000Z";"2026-04-15T02:06:00.000Z";714.332
"2026-04-15T02:06:00.000Z";"2026-04-15T02:09:00.000Z";707.175
"2026-04-15T02:09:00.000Z";"2026-04-15T02:12:00.000Z";698.501
"2026-04-15T02:12:00.000Z";"2026-04-15T02:15:00.000Z";694.171
"2026-04-15T02:15:00.000Z";"2026-04-15T02:18:00.000Z";687.839
"2026-04-15T02:18:00.000Z";"2026-04-15T02:21:00.000Z";673.844
"2026-04-15T02:21:00.000Z";"2026-04-15T02:24:00.000Z";662.176
"2026-04-15T02:24:00.000Z";"2026-04-15T02:27:00.000Z";652.504
"2026-04-15T02:27:00.000Z";"2026-04-15T02:30:00.000Z";642.671
"2026-04-15T02:30:00.000Z";"2026-04-15T02:33:00.000Z";632.511
"2026-04-15T02:33:00.000Z";"2026-04-15T02:36:00.000Z";627.66
"2026-04-15T02:36:00.000Z";"2026-04-15T02:39:00.000Z";621.35
"2026-04-15T02:39:00.000Z";"2026-04-15T02:42:00.000Z";606.523
"2026-04-15T02:42:00.000Z";"2026-04-15T02:45:00.000Z";601.501
"2026-04-15T02:45:00.000Z";"2026-04-15T02:48:00.000Z";597.839
"2026-04-15T02:48:00.000Z";"2026-04-15T02:51:00.000Z";589.008
"2026-04-15T02:51:00.000Z";"2026-04-15T02:54:00.000Z";582.009
"2026-04-15T02:54:00.000Z";"2026-04-15T02:57:00.000Z";574.001
"2026-04-15T02:57:00.000Z";"2026-04-15T03:00:00.000Z";573.329
"2026-04-15T03:00:00.000Z";"2026-04-15T03:03:00.000Z";568.344
"2026-04-15T03:03:00.000Z";"2026-04-15T03:06:00.000Z";567.175
"2026-04-15T03:06:00.000Z";"2026-04-15T03:09:00.000Z";566.662
"2026-04-15T03:09:00.000Z";"2026-04-15T03:12:00.000Z";559.677
"2026-04-15T03:12:00.000Z";"2026-04-15T03:15:00.000Z";554.503
"2026-04-15T03:15:00.000Z";"2026-04-15T03:18:00.000Z";551.169
"2026-04-15T03:18:00.000Z";"2026-04-15T03:21:00.000Z";546.838
"2026-04-15T03:21:00.000Z";"2026-04-15T03:24:00.000Z";547.82
"2026-04-15T03:24:00.000Z";"2026-04-15T03:27:00.000Z";545.339
"2026-04-15T03:27:00.000Z";"2026-04-15T03:30:00.000Z";540.998
"2026-04-15T03:30:00.000Z";"2026-04-15T03:33:00.000Z";540.662
"2026-04-15T03:33:00.000Z";"2026-04-15T03:36:00.000Z";539.176
"2026-04-15T03:36:00.000Z";"2026-04-15T03:39:00.000Z";534.002
"2026-04-15T03:39:00.000Z";"2026-04-15T03:42:00.000Z";524.016
"2026-04-15T03:42:00.000Z";"2026-04-15T03:45:00.000Z";519.996
"2026-04-15T03:45:00.000Z";"2026-04-15T03:48:00.000Z";519.174
"2026-04-15T03:48:00.000Z";"2026-04-15T03:51:00.000Z";520.161
"2026-04-15T03:51:00.000Z";"2026-04-15T03:54:00.000Z";522.335
"2026-04-15T03:54:00.000Z";"2026-04-15T03:57:00.000Z";526.994
"2026-04-15T03:57:00.000Z";"2026-04-15T04:00:00.000Z";534.332
"2026-04-15T04:00:00.000Z";"2026-04-15T04:03:00.000Z";529.843
"2026-04-15T04:03:00.000Z";"2026-04-15T04:06:00.000Z";524.507
"2026-04-15T04:06:00.000Z";"2026-04-15T04:09:00.000Z";517.181
"2026-04-15T04:09:00.000Z";"2026-04-15T04:12:00.000Z";518.17
"2026-04-15T04:12:00.000Z";"2026-04-15T04:15:00.000Z";525.666
"2026-04-15T04:15:00.000Z";"2026-04-15T04:18:00.000Z";534.493
"2026-04-15T04:18:00.000Z";"2026-04-15T04:21:00.000Z";532.837
"2026-04-15T04:21:00.000Z";"2026-04-15T04:24:00.000Z";528.179
"2026-04-15T04:24:00.000Z";"2026-04-15T04:27:00.000Z";517.345
"2026-04-15T04:27:00.000Z";"2026-04-15T04:30:00.000Z";518.158
"2026-04-15T04:30:00.000Z";"2026-04-15T04:33:00.000Z";514.505
"2026-04-15T04:33:00.000Z";"2026-04-15T04:36:00.000Z";509.667
"2026-04-15T04:36:00.000Z";"2026-04-15T04:39:00.000Z";507.332
"2026-04-15T04:39:00.000Z";"2026-04-15T04:42:00.000Z";503.341
"2026-04-15T04:42:00.000Z";"2026-04-15T04:45:00.000Z";500.504
"2026-04-15T04:45:00.000Z";"2026-04-15T04:48:00.000Z";494.006
"2026-04-15T04:48:00.000Z";"2026-04-15T04:51:00.000Z";480.006
"2026-04-15T04:51:00.000Z";"2026-04-15T04:54:00.000Z";467.175
"2026-04-15T04:54:00.000Z";"2026-04-15T04:57:00.000Z";459.336
"2026-04-15T04:57:00.000Z";"2026-04-15T05:00:00.000Z";461.325
"2026-04-15T05:00:00.000Z";"2026-04-15T05:03:00.000Z";454.842
"2026-04-15T05:03:00.000Z";"2026-04-15T05:06:00.000Z";454.337
"2026-04-15T05:06:00.000Z";"2026-04-15T05:09:00.000Z";451.331
"2026-04-15T05:09:00.000Z";"2026-04-15T05:12:00.000Z";451.001
"2026-04-15T05:12:00.000Z";"2026-04-15T05:15:00.000Z";445.513
"2026-04-15T05:15:00.000Z";"2026-04-15T05:18:00.000Z";442.169
"2026-04-15T05:18:00.000Z";"2026-04-15T05:21:00.000Z";433.174
"2026-04-15T05:21:00.000Z";"2026-04-15T05:24:00.000Z";426.345
"2026-04-15T05:24:00.000Z";"2026-04-15T05:27:00.000Z";421.667
"2026-04-15T05:27:00.000Z";"2026-04-15T05:30:00.000Z";421.004
"2026-04-15T05:30:00.000Z";"2026-04-15T05:33:00.000Z";411.175
"2026-04-15T05:33:00.000Z";"2026-04-15T05:36:00.000Z";403.338
"2026-04-15T05:36:00.000Z";"2026-04-15T05:39:00.000Z";398.332
"2026-04-15T05:39:00.000Z";"2026-04-15T05:42:00.000Z";387.509
"2026-04-15T05:42:00.000Z";"2026-04-15T05:45:00.000Z";373.676
"2026-04-15T05:45:00.000Z";"2026-04-15T05:48:00.000Z";364.344
"2026-04-15T05:48:00.000Z";"2026-04-15T05:51:00.000Z";351.509
"2026-04-15T05:51:00.000Z";"2026-04-15T05:54:00.000Z";336.008
"2026-04-15T05:54:00.000Z";"2026-04-15T05:57:00.000Z";323.016
"2026-04-15T05:57:00.000Z";"2026-04-15T06:00:00.000Z";312.673
"2026-04-15T06:00:00.000Z";"2026-04-15T06:03:00.000Z";306.183
"2026-04-15T06:03:00.000Z";"2026-04-15T06:06:00.000Z";301.337
"2026-04-15T06:06:00.000Z";"2026-04-15T06:09:00.000Z";297.668
"2026-04-15T06:09:00.000Z";"2026-04-15T06:12:00.000Z";289.344
"2026-04-15T06:12:00.000Z";"2026-04-15T06:15:00.000Z";285.673
"2026-04-15T06:15:00.000Z";"2026-04-15T06:18:00.000Z";275.338
"2026-04-15T06:18:00.000Z";"2026-04-15T06:21:00.000Z";271.502
"2026-04-15T06:21:00.000Z";"2026-04-15T06:24:00.000Z";261.337
"2026-04-15T06:24:00.000Z";"2026-04-15T06:27:00.000Z";251.183
"2026-04-15T06:27:00.000Z";"2026-04-15T06:30:00.000Z";240.503
"2026-04-15T06:30:00.000Z";"2026-04-15T06:33:00.000Z";230.51
"2026-04-15T06:33:00.000Z";"2026-04-15T06:36:00.000Z";223.01
"2026-04-15T06:36:00.000Z";"2026-04-15T06:39:00.000Z";212.67
"2026-04-15T06:39:00.000Z";"2026-04-15T06:42:00.000Z";202.341
"2026-04-15T06:42:00.000Z";"2026-04-15T06:45:00.000Z";197.008
"2026-04-15T06:45:00.000Z";"2026-04-15T06:48:00.000Z";186.84
"2026-04-15T06:48:00.000Z";"2026-04-15T06:51:00.000Z";177.185
"2026-04-15T06:51:00.000Z";"2026-04-15T06:54:00.000Z";170.342
"2026-04-15T06:54:00.000Z";"2026-04-15T06:57:00.000Z";167.668
"2026-04-15T06:57:00.000Z";"2026-04-15T07:00:00.000Z";165.667
"2026-04-15T07:00:00.000Z";"2026-04-15T07:03:00.000Z";161.345
"2026-04-15T07:03:00.000Z";"2026-04-15T07:06:00.000Z";154.336
"2026-04-15T07:06:00.000Z";"2026-04-15T07:09:00.000Z";151.835
"2026-04-15T07:09:00.000Z";"2026-04-15T07:12:00.000Z";151.665
"2026-04-15T07:12:00.000Z";"2026-04-15T07:15:00.000Z";152.838
"2026-04-15T07:15:00.000Z";"2026-04-15T07:18:00.000Z";147.668
"2026-04-15T07:18:00.000Z";"2026-04-15T07:21:00.000Z";143.505
"2026-04-15T07:21:00.000Z";"2026-04-15T07:24:00.000Z";138.341
"2026-04-15T07:24:00.000Z";"2026-04-15T07:27:00.000Z";128.856
"2026-04-15T07:27:00.000Z";"2026-04-15T07:30:00.000Z";113.012
"2026-04-15T07:30:00.000Z";"2026-04-15T07:33:00.000Z";109.998
"2026-04-15T07:33:00.000Z";"2026-04-15T07:36:00.000Z";105.838
"2026-04-15T07:36:00.000Z";"2026-04-15T07:39:00.000Z";104.998
"2026-04-15T07:39:00.000Z";"2026-04-15T07:42:00.000Z";107.664
"2026-04-15T07:42:00.000Z";"2026-04-15T07:45:00.000Z";106.17
"2026-04-15T07:45:00.000Z";"2026-04-15T07:48:00.000Z";102.831
"2026-04-15T07:48:00.000Z";"2026-04-15T07:51:00.000Z";98.67
"2026-04-15T07:51:00.000Z";"2026-04-15T07:54:00.000Z";93.007
"2026-04-15T07:54:00.000Z";"2026-04-15T07:57:00.000Z";94
"2026-04-15T07:57:00.000Z";"2026-04-15T08:00:00.000Z";91.004
"2026-04-15T08:00:00.000Z";"2026-04-15T08:03:00.000Z";89.666
"2026-04-15T08:03:00.000Z";"2026-04-15T08:06:00.000Z";90.335
"2026-04-15T08:06:00.000Z";"2026-04-15T08:09:00.000Z";87.502
"2026-04-15T08:09:00.000Z";"2026-04-15T08:12:00.000Z";87.169
"2026-04-15T08:12:00.000Z";"2026-04-15T08:15:00.000Z";85
"2026-04-15T08:15:00.000Z";"2026-04-15T08:18:00.000Z";85.828
"2026-04-15T08:18:00.000Z";"2026-04-15T08:21:00.000Z";87.493
"2026-04-15T08:21:00.000Z";"2026-04-15T08:24:00.000Z";81.501
"2026-04-15T08:24:00.000Z";"2026-04-15T08:27:00.000Z";77.498
"2026-04-15T08:27:00.000Z";"2026-04-15T08:30:00.000Z";75.997
"2026-04-15T08:30:00.000Z";"2026-04-15T08:33:00.000Z";80.996
"2026-04-15T08:33:00.000Z";"2026-04-15T08:36:00.000Z";83
"2026-04-15T08:36:00.000Z";"2026-04-15T08:39:00.000Z";85.327
"2026-04-15T08:39:00.000Z";"2026-04-15T08:42:00.000Z";89.17
"2026-04-15T08:42:00.000Z";"2026-04-15T08:45:00.000Z";90.485
"2026-04-15T08:45:00.000Z";"2026-04-15T08:48:00.000Z";90.167
"2026-04-15T08:48:00.000Z";"2026-04-15T08:51:00.000Z";92.991
"2026-04-15T08:51:00.000Z";"2026-04-15T08:54:00.000Z";95.992
"2026-04-15T08:54:00.000Z";"2026-04-15T08:57:00.000Z";102.653
"2026-04-15T08:57:00.000Z";"2026-04-15T09:00:00.000Z";105.003
"2026-04-15T09:00:00.000Z";"2026-04-15T09:03:00.000Z";102.834
"2026-04-15T09:03:00.000Z";"2026-04-15T09:06:00.000Z";98.331
"2026-04-15T09:06:00.000Z";"2026-04-15T09:09:00.000Z";101.002
"2026-04-15T09:09:00.000Z";"2026-04-15T09:12:00.000Z";102.672
"2026-04-15T09:12:00.000Z";"2026-04-15T09:15:00.000Z";100.331
"2026-04-15T09:15:00.000Z";"2026-04-15T09:18:00.000Z";106.496
"2026-04-15T09:18:00.000Z";"2026-04-15T09:21:00.000Z";113.316
"2026-04-15T09:21:00.000Z";"2026-04-15T09:24:00.000Z";113.336
"2026-04-15T09:24:00.000Z";"2026-04-15T09:27:00.000Z";114.83
"2026-04-15T09:27:00.000Z";"2026-04-15T09:30:00.000Z";114.503
"2026-04-15T09:30:00.000Z";"2026-04-15T09:33:00.000Z";112.51
"2026-04-15T09:33:00.000Z";"2026-04-15T09:36:00.000Z";106.988
"2026-04-15T09:36:00.000Z";"2026-04-15T09:39:00.000Z";109.836
"2026-04-15T09:39:00.000Z";"2026-04-15T09:42:00.000Z";118.986
"2026-04-15T09:42:00.000Z";"2026-04-15T09:45:00.000Z";120.166
"2026-04-15T09:45:00.000Z";"2026-04-15T09:48:00.000Z";119.5
"2026-04-15T09:48:00.000Z";"2026-04-15T09:51:00.000Z";121.828
"2026-04-15T09:51:00.000Z";"2026-04-15T09:54:00.000Z";120.673
"2026-04-15T09:54:00.000Z";"2026-04-15T09:57:00.000Z";124.836
"2026-04-15T09:57:00.000Z";"2026-04-15T10:00:00.000Z";128.837
"2026-04-15T10:00:00.000Z";"2026-04-15T10:03:00.000Z";129.66
"2026-04-15T10:03:00.000Z";"2026-04-15T10:06:00.000Z";130.665
"2026-04-15T10:06:00.000Z";"2026-04-15T10:09:00.000Z";130.676
"2026-04-15T10:09:00.000Z";"2026-04-15T10:12:00.000Z";135.325
"2026-04-15T10:12:00.000Z";"2026-04-15T10:15:00.000Z";149.647
"2026-04-15T10:15:00.000Z";"2026-04-15T10:18:00.000Z";147.998
"2026-04-15T10:18:00.000Z";"2026-04-15T10:21:00.000Z";151.17
"2026-04-15T10:21:00.000Z";"2026-04-15T10:24:00.000Z";153.497
"2026-04-15T10:24:00.000Z";"2026-04-15T10:27:00.000Z";162.324
"2026-04-15T10:27:00.000Z";"2026-04-15T10:30:00.000Z";155.835
"2026-04-15T10:30:00.000Z";"2026-04-15T10:33:00.000Z";159.326
"2026-04-15T10:33:00.000Z";"2026-04-15T10:36:00.000Z";168.486
"2026-04-15T10:36:00.000Z";"2026-04-15T10:39:00.000Z";168.814
"2026-04-15T10:39:00.000Z";"2026-04-15T10:42:00.000Z";180.165
"2026-04-15T10:42:00.000Z";"2026-04-15T10:45:00.000Z";173.504
"2026-04-15T10:45:00.000Z";"2026-04-15T10:48:00.000Z";183.989
"2026-04-15T10:48:00.000Z";"2026-04-15T10:51:00.000Z";191.668
"2026-04-15T10:51:00.000Z";"2026-04-15T10:54:00.000Z";206.662
"2026-04-15T10:54:00.000Z";"2026-04-15T10:57:00.000Z";199.153
"2026-04-15T10:57:00.000Z";"2026-04-15T11:00:00.000Z";196.686
"2026-04-15T11:00:00.000Z";"2026-04-15T11:03:00.000Z";201.665
"2026-04-15T11:03:00.000Z";"2026-04-15T11:06:00.000Z";214.99
"2026-04-15T11:06:00.000Z";"2026-04-15T11:09:00.000Z";223.993
"2026-04-15T11:09:00.000Z";"2026-04-15T11:12:00.000Z";238.821
"2026-04-15T11:12:00.000Z";"2026-04-15T11:15:00.000Z";237.838
"2026-04-15T11:15:00.000Z";"2026-04-15T11:18:00.000Z";232.64
"2026-04-15T11:18:00.000Z";"2026-04-15T11:21:00.000Z";247.166
"2026-04-15T11:21:00.000Z";"2026-04-15T11:24:00.000Z";245.993
"2026-04-15T11:24:00.000Z";"2026-04-15T11:27:00.000Z";265.99
"2026-04-15T11:27:00.000Z";"2026-04-15T11:30:00.000Z";270.491
"2026-04-15T11:30:00.000Z";"2026-04-15T11:33:00.000Z";268.498
"2026-04-15T11:33:00.000Z";"2026-04-15T11:36:00.000Z";298.144
"2026-04-15T11:36:00.000Z";"2026-04-15T11:39:00.000Z";306.689
"2026-04-15T11:39:00.000Z";"2026-04-15T11:42:00.000Z";294.174
"2026-04-15T11:42:00.000Z";"2026-04-15T11:45:00.000Z";297.483
"2026-04-15T11:45:00.000Z";"2026-04-15T11:48:00.000Z";312.319
"2026-04-15T11:48:00.000Z";"2026-04-15T11:51:00.000Z";314.65
"2026-04-15T11:51:00.000Z";"2026-04-15T11:54:00.000Z";311.668
"2026-04-15T11:54:00.000Z";"2026-04-15T11:57:00.000Z";316.825
"2026-04-15T11:57:00.000Z";"2026-04-15T12:00:00.000Z";317.514
"2026-04-15T12:00:00.000Z";"2026-04-15T12:03:00.000Z";310.493
"2026-04-15T12:03:00.000Z";"2026-04-15T12:06:00.000Z";314.658
"2026-04-15T12:06:00.000Z";"2026-04-15T12:09:00.000Z";315.164
"2026-04-15T12:09:00.000Z";"2026-04-15T12:12:00.000Z";327.466
"2026-04-15T12:12:00.000Z";"2026-04-15T12:15:00.000Z";339.993
"2026-04-15T12:15:00.000Z";"2026-04-15T12:18:00.000Z";355.179
"2026-04-15T12:18:00.000Z";"2026-04-15T12:21:00.000Z";357.631
"2026-04-15T12:21:00.000Z";"2026-04-15T12:24:00.000Z";360.824
"2026-04-15T12:24:00.000Z";"2026-04-15T12:27:00.000Z";381.793
"2026-04-15T12:27:00.000Z";"2026-04-15T12:30:00.000Z";393.161
"2026-04-15T12:30:00.000Z";"2026-04-15T12:33:00.000Z";401.829
"2026-04-15T12:33:00.000Z";"2026-04-15T12:36:00.000Z";405.662
"2026-04-15T12:36:00.000Z";"2026-04-15T12:39:00.000Z";410.164
"2026-04-15T12:39:00.000Z";"2026-04-15T12:42:00.000Z";419.156
"2026-04-15T12:42:00.000Z";"2026-04-15T12:45:00.000Z";428.158
"2026-04-15T12:45:00.000Z";"2026-04-15T12:48:00.000Z";450.149
"2026-04-15T12:48:00.000Z";"2026-04-15T12:51:00.000Z";449.499
"2026-04-15T12:51:00.000Z";"2026-04-15T12:54:00.000Z";456.493
"2026-04-15T12:54:00.000Z";"2026-04-15T12:57:00.000Z";445.68
"2026-04-15T12:57:00.000Z";"2026-04-15T13:00:00.000Z";450.162
"2026-04-15T13:00:00.000Z";"2026-04-15T13:03:00.000Z";455.988
"2026-04-15T13:03:00.000Z";"2026-04-15T13:06:00.000Z";461.5
"2026-04-15T13:06:00.000Z";"2026-04-15T13:09:00.000Z";470.999
"2026-04-15T13:09:00.000Z";"2026-04-15T13:12:00.000Z";474.144
"2026-04-15T13:12:00.000Z";"2026-04-15T13:15:00.000Z";469.837
"2026-04-15T13:15:00.000Z";"2026-04-15T13:18:00.000Z";461.188
"2026-04-15T13:18:00.000Z";"2026-04-15T13:21:00.000Z";465.314
"2026-04-15T13:21:00.000Z";"2026-04-15T13:24:00.000Z";481.997
"2026-04-15T13:24:00.000Z";"2026-04-15T13:27:00.000Z";479.638
"2026-04-15T13:27:00.000Z";"2026-04-15T13:30:00.000Z";477.328
"2026-04-15T13:30:00.000Z";"2026-04-15T13:33:00.000Z";480.665
"2026-04-15T13:33:00.000Z";"2026-04-15T13:36:00.000Z";491.813
"2026-04-15T13:36:00.000Z";"2026-04-15T13:39:00.000Z";503.326
"2026-04-15T13:39:00.000Z";"2026-04-15T13:42:00.000Z";493.833
"2026-04-15T13:42:00.000Z";"2026-04-15T13:45:00.000Z";492.342
"2026-04-15T13:45:00.000Z";"2026-04-15T13:48:00.000Z";480.509
"2026-04-15T13:48:00.000Z";"2026-04-15T13:51:00.000Z";462.84
"2026-04-15T13:51:00.000Z";"2026-04-15T13:54:00.000Z";459.685
"2026-04-15T13:54:00.000Z";"2026-04-15T13:57:00.000Z";463.833
"2026-04-15T13:57:00.000Z";"2026-04-15T14:00:00.000Z";467.499
"2026-04-15T14:00:00.000Z";"2026-04-15T14:03:00.000Z";462.01
"2026-04-15T14:03:00.000Z";"2026-04-15T14:06:00.000Z";464.982
"2026-04-15T14:06:00.000Z";"2026-04-15T14:09:00.000Z";471.316
"2026-04-15T14:09:00.000Z";"2026-04-15T14:12:00.000Z";469.991
"2026-04-15T14:12:00.000Z";"2026-04-15T14:15:00.000Z";483.158
"2026-04-15T14:15:00.000Z";"2026-04-15T14:18:00.000Z";484.825
"2026-04-15T14:18:00.000Z";"2026-04-15T14:21:00.000Z";481.164
"2026-04-15T14:21:00.000Z";"2026-04-15T14:24:00.000Z";494.154
"2026-04-15T14:24:00.000Z";"2026-04-15T14:27:00.000Z";502.314
"2026-04-15T14:27:00.000Z";"2026-04-15T14:30:00.000Z";496.051
"2026-04-15T14:30:00.000Z";"2026-04-15T14:33:00.000Z";506.164
"2026-04-15T14:33:00.000Z";"2026-04-15T14:36:00.000Z";495.333
"2026-04-15T14:36:00.000Z";"2026-04-15T14:39:00.000Z";497.185
"2026-04-15T14:39:00.000Z";"2026-04-15T14:42:00.000Z";489.843
"2026-04-15T14:42:00.000Z";"2026-04-15T14:45:00.000Z";501.984
"2026-04-15T14:45:00.000Z";"2026-04-15T14:48:00.000Z";507.168
"2026-04-15T14:48:00.000Z";"2026-04-15T14:51:00.000Z";514.978
"2026-04-15T14:51:00.000Z";"2026-04-15T14:54:00.000Z";522.171
"2026-04-15T14:54:00.000Z";"2026-04-15T14:57:00.000Z";520.316
"2026-04-15T14:57:00.000Z";"2026-04-15T15:00:00.000Z";531.338
"2026-04-15T15:00:00.000Z";"2026-04-15T15:03:00.000Z";537.838
"2026-04-15T15:03:00.000Z";"2026-04-15T15:06:00.000Z";537.995
"2026-04-15T15:06:00.000Z";"2026-04-15T15:09:00.000Z";533.823
"2026-04-15T15:09:00.000Z";"2026-04-15T15:12:00.000Z";542.658
"2026-04-15T15:12:00.000Z";"2026-04-15T15:15:00.000Z";556.991
"2026-04-15T15:15:00.000Z";"2026-04-15T15:18:00.000Z";557.15
"2026-04-15T15:18:00.000Z";"2026-04-15T15:21:00.000Z";569.666
"2026-04-15T15:21:00.000Z";"2026-04-15T15:24:00.000Z";574.484
"2026-04-15T15:24:00.000Z";"2026-04-15T15:27:00.000Z";586.15
"2026-04-15T15:27:00.000Z";"2026-04-15T15:30:00.000Z";588.511
"2026-04-15T15:30:00.000Z";"2026-04-15T15:33:00.000Z";585.988
"2026-04-15T15:33:00.000Z";"2026-04-15T15:36:00.000Z";580.167
"2026-04-15T15:36:00.000Z";"2026-04-15T15:39:00.000Z";577.336
"2026-04-15T15:39:00.000Z";"2026-04-15T15:42:00.000Z";588.158
"2026-04-15T15:42:00.000Z";"2026-04-15T15:45:00.000Z";588.341
"2026-04-15T15:45:00.000Z";"2026-04-15T15:48:00.000Z";591.837
"2026-04-15T15:48:00.000Z";"2026-04-15T15:51:00.000Z";574.34
"2026-04-15T15:51:00.000Z";"2026-04-15T15:54:00.000Z";569.332
"2026-04-15T15:54:00.000Z";"2026-04-15T15:57:00.000Z";568.326
"2026-04-15T15:57:00.000Z";"2026-04-15T16:00:00.000Z";565.661
"2026-04-15T16:00:00.000Z";"2026-04-15T16:03:00.000Z";565.169
"2026-04-15T16:03:00.000Z";"2026-04-15T16:06:00.000Z";572.144
"2026-04-15T16:06:00.000Z";"2026-04-15T16:09:00.000Z";563.507
"2026-04-15T16:09:00.000Z";"2026-04-15T16:12:00.000Z";542.834
"2026-04-15T16:12:00.000Z";"2026-04-15T16:15:00.000Z";540.508
"2026-04-15T16:15:00.000Z";"2026-04-15T16:18:00.000Z";534.331
"2026-04-15T16:18:00.000Z";"2026-04-15T16:21:00.000Z";536.833
"2026-04-15T16:21:00.000Z";"2026-04-15T16:24:00.000Z";531.507
"2026-04-15T16:24:00.000Z";"2026-04-15T16:27:00.000Z";523.837
"2026-04-15T16:27:00.000Z";"2026-04-15T16:30:00.000Z";525.507
"2026-04-15T16:30:00.000Z";"2026-04-15T16:33:00.000Z";526.667
"2026-04-15T16:33:00.000Z";"2026-04-15T16:36:00.000Z";525.832
"2026-04-15T16:36:00.000Z";"2026-04-15T16:39:00.000Z";525.663
"2026-04-15T16:39:00.000Z";"2026-04-15T16:42:00.000Z";522.854
"2026-04-15T16:42:00.000Z";"2026-04-15T16:45:00.000Z";515.34
"2026-04-15T16:45:00.000Z";"2026-04-15T16:48:00.000Z";513.834
"2026-04-15T16:48:00.000Z";"2026-04-15T16:51:00.000Z";510.005
"2026-04-15T16:51:00.000Z";"2026-04-15T16:54:00.000Z";512.837
"2026-04-15T16:54:00.000Z";"2026-04-15T16:57:00.000Z";525.491
"2026-04-15T16:57:00.000Z";"2026-04-15T17:00:00.000Z";535.168
"2026-04-15T17:00:00.000Z";"2026-04-15T17:03:00.000Z";543
"2026-04-15T17:03:00.000Z";"2026-04-15T17:06:00.000Z";546.492
"2026-04-15T17:06:00.000Z";"2026-04-15T17:09:00.000Z";554.329
"2026-04-15T17:09:00.000Z";"2026-04-15T17:12:00.000Z";559.168
"2026-04-15T17:12:00.000Z";"2026-04-15T17:15:00.000Z";562.999
"2026-04-15T17:15:00.000Z";"2026-04-15T17:18:00.000Z";566.167
"2026-04-15T17:18:00.000Z";"2026-04-15T17:21:00.000Z";560.004
"2026-04-15T17:21:00.000Z";"2026-04-15T17:24:00.000Z";562.49
"2026-04-15T17:24:00.000Z";"2026-04-15T17:27:00.000Z";571.499
"2026-04-15T17:27:00.000Z";"2026-04-15T17:30:00.000Z";573.995
"2026-04-15T17:30:00.000Z";"2026-04-15T17:33:00.000Z";581.83
"2026-04-15T17:33:00.000Z";"2026-04-15T17:36:00.000Z";591.155
"2026-04-15T17:36:00.000Z";"2026-04-15T17:39:00.000Z";600.999
"2026-04-15T17:39:00.000Z";"2026-04-15T17:42:00.000Z";604.993
"2026-04-15T17:42:00.000Z";"2026-04-15T17:45:00.000Z";611.323
"2026-04-15T17:45:00.000Z";"2026-04-15T17:48:00.000Z";625.491
"2026-04-15T17:48:00.000Z";"2026-04-15T17:51:00.000Z";640.489
"2026-04-15T17:51:00.000Z";"2026-04-15T17:54:00.000Z";665.449
"2026-04-15T17:54:00.000Z";"2026-04-15T17:57:00.000Z";675.992
"2026-04-15T17:57:00.000Z";"2026-04-15T18:00:00.000Z";688.484
"2026-04-15T18:00:00.000Z";"2026-04-15T18:03:00.000Z";704.157
"2026-04-15T18:03:00.000Z";"2026-04-15T18:06:00.000Z";707.984
"2026-04-15T18:06:00.000Z";"2026-04-15T18:09:00.000Z";719.005
"2026-04-15T18:09:00.000Z";"2026-04-15T18:12:00.000Z";723.825
"2026-04-15T18:12:00.000Z";"2026-04-15T18:15:00.000Z";734.499
"2026-04-15T18:15:00.000Z";"2026-04-15T18:18:00.000Z";739.163
"2026-04-15T18:18:00.000Z";"2026-04-15T18:21:00.000Z";739.501
"2026-04-15T18:21:00.000Z";"2026-04-15T18:24:00.000Z";740.001
"2026-04-15T18:24:00.000Z";"2026-04-15T18:27:00.000Z";738.679
"2026-04-15T18:27:00.000Z";"2026-04-15T18:30:00.000Z";735.498
"2026-04-15T18:30:00.000Z";"2026-04-15T18:33:00.000Z";736.989
"2026-04-15T18:33:00.000Z";"2026-04-15T18:36:00.000Z";752.49
"2026-04-15T18:36:00.000Z";"2026-04-15T18:39:00.000Z";766.652
"2026-04-15T18:39:00.000Z";"2026-04-15T18:42:00.000Z";789.971
"2026-04-15T18:42:00.000Z";"2026-04-15T18:45:00.000Z";818.476
"2026-04-15T18:45:00.000Z";"2026-04-15T18:48:00.000Z";839.986
"2026-04-15T18:48:00.000Z";"2026-04-15T18:51:00.000Z";854.821
"2026-04-15T18:51:00.000Z";"2026-04-15T18:54:00.000Z";864.651
"2026-04-15T18:54:00.000Z";"2026-04-15T18:57:00.000Z";866.664
"2026-04-15T18:57:00.000Z";"2026-04-15T19:00:00.000Z";866.835
"2026-04-15T19:00:00.000Z";"2026-04-15T19:03:00.000Z";872.494
"2026-04-15T19:03:00.000Z";"2026-04-15T19:06:00.000Z";875.829
"2026-04-15T19:06:00.000Z";"2026-04-15T19:09:00.000Z";882.665
"2026-04-15T19:09:00.000Z";"2026-04-15T19:12:00.000Z";874.343
"2026-04-15T19:12:00.000Z";"2026-04-15T19:15:00.000Z";869.499
"2026-04-15T19:15:00.000Z";"2026-04-15T19:18:00.000Z";868.01
"2026-04-15T19:18:00.000Z";"2026-04-15T19:21:00.000Z";870.155
"2026-04-15T19:21:00.000Z";"2026-04-15T19:24:00.000Z";871.511
"2026-04-15T19:24:00.000Z";"2026-04-15T19:27:00.000Z";879.664
"2026-04-15T19:27:00.000Z";"2026-04-15T19:30:00.000Z";893.982
"2026-04-15T19:30:00.000Z";"2026-04-15T19:33:00.000Z";896.504
"2026-04-15T19:33:00.000Z";"2026-04-15T19:36:00.000Z";894.011
"2026-04-15T19:36:00.000Z";"2026-04-15T19:39:00.000Z";883.165
"2026-04-15T19:39:00.000Z";"2026-04-15T19:42:00.000Z";895.647
"2026-04-15T19:42:00.000Z";"2026-04-15T19:45:00.000Z";905.148
"2026-04-15T19:45:00.000Z";"2026-04-15T19:48:00.000Z";913.499
"2026-04-15T19:48:00.000Z";"2026-04-15T19:51:00.000Z";918.329
"2026-04-15T19:51:00.000Z";"2026-04-15T19:54:00.000Z";918.992
"2026-04-15T19:54:00.000Z";"2026-04-15T19:57:00.000Z";923.327
"2026-04-15T19:57:00.000Z";"2026-04-15T20:00:00.000Z";927.332
"2026-04-15T20:00:00.000Z";"2026-04-15T20:03:00.000Z";952.793
"2026-04-15T20:03:00.000Z";"2026-04-15T20:06:00.000Z";966.648
"2026-04-15T20:06:00.000Z";"2026-04-15T20:09:00.000Z";975.99
"2026-04-15T20:09:00.000Z";"2026-04-15T20:12:00.000Z";988.997
"2026-04-15T20:12:00.000Z";"2026-04-15T20:15:00.000Z";1007.65
"2026-04-15T20:15:00.000Z";"2026-04-15T20:18:00.000Z";1020.85
"2026-04-15T20:18:00.000Z";"2026-04-15T20:21:00.000Z";1026.99
"2026-04-15T20:21:00.000Z";"2026-04-15T20:24:00.000Z";1033.31
"2026-04-15T20:24:00.000Z";"2026-04-15T20:27:00.000Z";1038.34
"2026-04-15T20:27:00.000Z";"2026-04-15T20:30:00.000Z";1045.98
"2026-04-15T20:30:00.000Z";"2026-04-15T20:33:00.000Z";1053.84
"2026-04-15T20:33:00.000Z";"2026-04-15T20:36:00.000Z";1049.84
"2026-04-15T20:36:00.000Z";"2026-04-15T20:39:00.000Z";1045.83
"2026-04-15T20:39:00.000Z";"2026-04-15T20:42:00.000Z";1046.83
"2026-04-15T20:42:00.000Z";"2026-04-15T20:45:00.000Z";1044.51
"2026-04-15T20:45:00.000Z";"2026-04-15T20:48:00.000Z";1054.82
"2026-04-15T20:48:00.000Z";"2026-04-15T20:51:00.000Z";1054.35
"2026-04-15T20:51:00.000Z";"2026-04-15T20:54:00.000Z";1057.33
"2026-04-15T20:54:00.000Z";"2026-04-15T20:57:00.000Z";1060.34
"2026-04-15T20:57:00.000Z";"2026-04-15T21:00:00.000Z";1055.53
"2026-04-15T21:00:00.000Z";"2026-04-15T21:03:00.000Z";1050.83
"2026-04-15T21:03:00.000Z";"2026-04-15T21:06:00.000Z";1049.67
"2026-04-15T21:06:00.000Z";"2026-04-15T21:09:00.000Z";1048.34
"2026-04-15T21:09:00.000Z";"2026-04-15T21:12:00.000Z";1046.83
"2026-04-15T21:12:00.000Z";"2026-04-15T21:15:00.000Z";1048.66
"2026-04-15T21:15:00.000Z";"2026-04-15T21:18:00.000Z";1046.03
"2026-04-15T21:18:00.000Z";"2026-04-15T21:21:00.000Z";1046.99
"2026-04-15T21:21:00.000Z";"2026-04-15T21:24:00.000Z";1052.5
"2026-04-15T21:24:00.000Z";"2026-04-15T21:27:00.000Z";1052
"2026-04-15T21:27:00.000Z";"2026-04-15T21:30:00.000Z";1052.67
"2026-04-15T21:30:00.000Z";"2026-04-15T21:33:00.000Z";1051.67
"2026-04-15T21:33:00.000Z";"2026-04-15T21:36:00.000Z";1045.01
"2026-04-15T21:36:00.000Z";"2026-04-15T21:39:00.000Z";1037.17
"2026-04-15T21:39:00.000Z";"2026-04-15T21:42:00.000Z";1036.17
"2026-04-15T21:42:00.000Z";"2026-04-15T21:45:00.000Z";1033.17
"2026-04-15T21:45:00.000Z";"2026-04-15T21:48:00.000Z";1037.99
"2026-04-15T21:48:00.000Z";"2026-04-15T21:51:00.000Z";1039.49
"2026-04-15T21:51:00.000Z";"2026-04-15T21:54:00.000Z";1039.34
"2026-04-15T21:54:00.000Z";"2026-04-15T21:57:00.000Z";1029.17
"2026-04-15T21:57:00.000Z";"2026-04-15T22:00:00.000Z";1020.01
"2026-04-15T22:00:00.000Z";"2026-04-15T22:03:00.000Z";1005.51
"2026-04-15T22:03:00.000Z";"2026-04-15T22:06:00.000Z";997.005
"2026-04-15T22:06:00.000Z";"2026-04-15T22:09:00.000Z";996.34
"2026-04-15T22:09:00.000Z";"2026-04-15T22:12:00.000Z";998.154
"2026-04-15T22:12:00.000Z";"2026-04-15T22:15:00.000Z";993.193
"2026-04-15T22:15:00.000Z";"2026-04-15T22:18:00.000Z";974.016
"2026-04-15T22:18:00.000Z";"2026-04-15T22:21:00.000Z";970.833
"2026-04-15T22:21:00.000Z";"2026-04-15T22:24:00.000Z";974.333
"2026-04-15T22:24:00.000Z";"2026-04-15T22:27:00.000Z";971.338
"2026-04-15T22:27:00.000Z";"2026-04-15T22:30:00.000Z";981.652
"2026-04-15T22:30:00.000Z";"2026-04-15T22:33:00.000Z";987.174
"2026-04-15T22:33:00.000Z";"2026-04-15T22:36:00.000Z";980.671
"2026-04-15T22:36:00.000Z";"2026-04-15T22:39:00.000Z";975.341
"2026-04-15T22:39:00.000Z";"2026-04-15T22:42:00.000Z";982.982
"2026-04-15T22:42:00.000Z";"2026-04-15T22:45:00.000Z";978.518
"2026-04-15T22:45:00.000Z";"2026-04-15T22:48:00.000Z";980.157
"2026-04-15T22:48:00.000Z";"2026-04-15T22:51:00.000Z";978.495
"2026-04-15T22:51:00.000Z";"2026-04-15T22:54:00.000Z";976.008
"2026-04-15T22:54:00.000Z";"2026-04-15T22:57:00.000Z";983.329
"2026-04-15T22:57:00.000Z";"2026-04-15T23:00:00.000Z";986.663
"2026-04-15T23:00:00.000Z";"2026-04-15T23:03:00.000Z";983.343
"2026-04-15T23:03:00.000Z";"2026-04-15T23:06:00.000Z";970.015
"2026-04-15T23:06:00.000Z";"2026-04-15T23:09:00.000Z";967.165
"2026-04-15T23:09:00.000Z";"2026-04-15T23:12:00.000Z";964.995
"2026-04-15T23:12:00.000Z";"2026-04-15T23:15:00.000Z";954.854
"2026-04-15T23:15:00.000Z";"2026-04-15T23:18:00.000Z";944.337
"2026-04-15T23:18:00.000Z";"2026-04-15T23:21:00.000Z";934.838
"2026-04-15T23:21:00.000Z";"2026-04-15T23:24:00.000Z";923.348
"2026-04-15T23:24:00.000Z";"2026-04-15T23:27:00.000Z";915.006
"2026-04-15T23:27:00.000Z";"2026-04-15T23:30:00.000Z";896.363
"2026-04-15T23:30:00.000Z";"2026-04-15T23:33:00.000Z";881.005
"2026-04-15T23:33:00.000Z";"2026-04-15T23:36:00.000Z";860.856
"2026-04-15T23:36:00.000Z";"2026-04-15T23:39:00.000Z";842.006
"2026-04-15T23:39:00.000Z";"2026-04-15T23:42:00.000Z";842.996
"2026-04-15T23:42:00.000Z";"2026-04-15T23:45:00.000Z";844.335
"2026-04-15T23:45:00.000Z";"2026-04-15T23:48:00.000Z";837.337
"2026-04-15T23:48:00.000Z";"2026-04-15T23:51:00.000Z";830.505
"2026-04-15T23:51:00.000Z";"2026-04-15T23:54:00.000Z";822.168
"2026-04-15T23:54:00.000Z";"2026-04-15T23:57:00.000Z";820.669
"2026-04-15T23:57:00.000Z";"2026-04-16T00:00:00.000Z";820
"2026-04-16T00:00:00.000Z";"2026-04-16T00:03:00.000Z";805.682
"2026-04-16T00:03:00.000Z";"2026-04-16T00:06:00.000Z";792.497
"2026-04-16T00:06:00.000Z";"2026-04-16T00:09:00.000Z";796.663
"2026-04-16T00:09:00.000Z";"2026-04-16T00:12:00.000Z";787.509
"2026-04-16T00:12:00.000Z";"2026-04-16T00:15:00.000Z";778.509
"2026-04-16T00:15:00.000Z";"2026-04-16T00:18:00.000Z";780.171
"2026-04-16T00:18:00.000Z";"2026-04-16T00:21:00.000Z";777.504
"2026-04-16T00:21:00.000Z";"2026-04-16T00:24:00.000Z";769.848
"2026-04-16T00:24:00.000Z";"2026-04-16T00:27:00.000Z";763.335
"2026-04-16T00:27:00.000Z";"2026-04-16T00:30:00.000Z";753.173
"2026-04-16T00:30:00.000Z";"2026-04-16T00:33:00.000Z";742.835
"2026-04-16T00:33:00.000Z";"2026-04-16T00:36:00.000Z";741.334
"2026-04-16T00:36:00.000Z";"2026-04-16T00:39:00.000Z";737.34
"2026-04-16T00:39:00.000Z";"2026-04-16T00:42:00.000Z";724.677
"2026-04-16T00:42:00.000Z";"2026-04-16T00:45:00.000Z";720.335
"2026-04-16T00:45:00.000Z";"2026-04-16T00:48:00.000Z";706.179
"2026-04-16T00:48:00.000Z";"2026-04-16T00:51:00.000Z";686.506
"2026-04-16T00:51:00.000Z";"2026-04-16T00:54:00.000Z";680
"2026-04-16T00:54:00.000Z";"2026-04-16T00:57:00.000Z";672.18
"2026-04-16T00:57:00.000Z";"2026-04-16T01:00:00.000Z";672.657
"2026-04-16T01:00:00.000Z";"2026-04-16T01:03:00.000Z";670.672
"2026-04-16T01:03:00.000Z";"2026-04-16T01:06:00.000Z";657.856
"2026-04-16T01:06:00.000Z";"2026-04-16T01:09:00.000Z";646.511
"2026-04-16T01:09:00.000Z";"2026-04-16T01:12:00.000Z";639.007
"2026-04-16T01:12:00.000Z";"2026-04-16T01:15:00.000Z";635.666
"2026-04-16T01:15:00.000Z";"2026-04-16T01:18:00.000Z";638.667
"2026-04-16T01:18:00.000Z";"2026-04-16T01:21:00.000Z";633.003
"2026-04-16T01:21:00.000Z";"2026-04-16T01:24:00.000Z";627.497
"2026-04-16T01:24:00.000Z";"2026-04-16T01:27:00.000Z";622.346
"2026-04-16T01:27:00.000Z";"2026-04-16T01:30:00.000Z";605.025
"2026-04-16T01:30:00.000Z";"2026-04-16T01:33:00.000Z";590.003
"2026-04-16T01:33:00.000Z";"2026-04-16T01:36:00.000Z";587.84
"2026-04-16T01:36:00.000Z";"2026-04-16T01:39:00.000Z";578.11
"2026-04-16T01:39:00.000Z";"2026-04-16T01:42:00.000Z";567.015
"2026-04-16T01:42:00.000Z";"2026-04-16T01:45:00.000Z";549.685
"2026-04-16T01:45:00.000Z";"2026-04-16T01:48:00.000Z";537.851
"2026-04-16T01:48:00.000Z";"2026-04-16T01:51:00.000Z";536.334
"2026-04-16T01:51:00.000Z";"2026-04-16T01:54:00.000Z";531.518
"2026-04-16T01:54:00.000Z";"2026-04-16T01:57:00.000Z";524.005
"2026-04-16T01:57:00.000Z";"2026-04-16T02:00:00.000Z";514.338
"2026-04-16T02:00:00.000Z";"2026-04-16T02:03:00.000Z";505.011
"2026-04-16T02:03:00.000Z";"2026-04-16T02:06:00.000Z";500.834
"2026-04-16T02:06:00.000Z";"2026-04-16T02:09:00.000Z";494.504
"2026-04-16T02:09:00.000Z";"2026-04-16T02:12:00.000Z";497.498
"2026-04-16T02:12:00.000Z";"2026-04-16T02:15:00.000Z";511.475
"2026-04-16T02:15:00.000Z";"2026-04-16T02:18:00.000Z";513.833
"2026-04-16T02:18:00.000Z";"2026-04-16T02:21:00.000Z";518.829
"2026-04-16T02:21:00.000Z";"2026-04-16T02:24:00.000Z";531.495
"2026-04-16T02:24:00.000Z";"2026-04-16T02:27:00.000Z";531.841
"2026-04-16T02:27:00.000Z";"2026-04-16T02:30:00.000Z";521.841
"2026-04-16T02:30:00.000Z";"2026-04-16T02:33:00.000Z";513
"2026-04-16T02:33:00.000Z";"2026-04-16T02:36:00.000Z";509.839
"2026-04-16T02:36:00.000Z";"2026-04-16T02:39:00.000Z";513.332
"2026-04-16T02:39:00.000Z";"2026-04-16T02:42:00.000Z";510.837
"2026-04-16T02:42:00.000Z";"2026-04-16T02:45:00.000Z";504.837
"2026-04-16T02:45:00.000Z";"2026-04-16T02:48:00.000Z";496.343
"2026-04-16T02:48:00.000Z";"2026-04-16T02:51:00.000Z";492.665
"2026-04-16T02:51:00.000Z";"2026-04-16T02:54:00.000Z";492.67
"2026-04-16T02:54:00.000Z";"2026-04-16T02:57:00.000Z";492.997
"2026-04-16T02:57:00.000Z";"2026-04-16T03:00:00.000Z";478.34
"2026-04-16T03:00:00.000Z";"2026-04-16T03:03:00.000Z";475.5
"2026-04-16T03:03:00.000Z";"2026-04-16T03:06:00.000Z";476.168
"2026-04-16T03:06:00.000Z";"2026-04-16T03:09:00.000Z";477.999
"2026-04-16T03:09:00.000Z";"2026-04-16T03:12:00.000Z";471.01
"2026-04-16T03:12:00.000Z";"2026-04-16T03:15:00.000Z";461.339
"2026-04-16T03:15:00.000Z";"2026-04-16T03:18:00.000Z";451.676
"2026-04-16T03:18:00.000Z";"2026-04-16T03:21:00.000Z";439.671
"2026-04-16T03:21:00.000Z";"2026-04-16T03:24:00.000Z";437
"2026-04-16T03:24:00.000Z";"2026-04-16T03:27:00.000Z";430.007
"2026-04-16T03:27:00.000Z";"2026-04-16T03:30:00.000Z";429.664
"2026-04-16T03:30:00.000Z";"2026-04-16T03:33:00.000Z";433.998
"2026-04-16T03:33:00.000Z";"2026-04-16T03:36:00.000Z";435.001
"2026-04-16T03:36:00.000Z";"2026-04-16T03:39:00.000Z";429.334
"2026-04-16T03:39:00.000Z";"2026-04-16T03:42:00.000Z";428.999
"2026-04-16T03:42:00.000Z";"2026-04-16T03:45:00.000Z";432.992
"2026-04-16T03:45:00.000Z";"2026-04-16T03:48:00.000Z";440.829
"2026-04-16T03:48:00.000Z";"2026-04-16T03:51:00.000Z";440.998
"2026-04-16T03:51:00.000Z";"2026-04-16T03:54:00.000Z";452.004
"2026-04-16T03:54:00.000Z";"2026-04-16T03:57:00.000Z";448.001
"2026-04-16T03:57:00.000Z";"2026-04-16T04:00:00.000Z";449.327
"2026-04-16T04:00:00.000Z";"2026-04-16T04:03:00.000Z";455.658
"2026-04-16T04:03:00.000Z";"2026-04-16T04:06:00.000Z";466.315
"2026-04-16T04:06:00.000Z";"2026-04-16T04:09:00.000Z";472.994
"2026-04-16T04:09:00.000Z";"2026-04-16T04:12:00.000Z";487.326
"2026-04-16T04:12:00.000Z";"2026-04-16T04:15:00.000Z";491.165
"2026-04-16T04:15:00.000Z";"2026-04-16T04:18:00.000Z";495.992
"2026-04-16T04:18:00.000Z";"2026-04-16T04:21:00.000Z";505.493
"2026-04-16T04:21:00.000Z";"2026-04-16T04:24:00.000Z";505.502
"2026-04-16T04:24:00.000Z";"2026-04-16T04:27:00.000Z";500.997
"2026-04-16T04:27:00.000Z";"2026-04-16T04:30:00.000Z";505.166
"2026-04-16T04:30:00.000Z";"2026-04-16T04:33:00.000Z";508.671
"2026-04-16T04:33:00.000Z";"2026-04-16T04:36:00.000Z";509.337
"2026-04-16T04:36:00.000Z";"2026-04-16T04:39:00.000Z";510.997
"2026-04-16T04:39:00.000Z";"2026-04-16T04:42:00.000Z";510.666
"2026-04-16T04:42:00.000Z";"2026-04-16T04:45:00.000Z";510.668
"2026-04-16T04:45:00.000Z";"2026-04-16T04:48:00.000Z";513.495
"2026-04-16T04:48:00.000Z";"2026-04-16T04:51:00.000Z";522.838
"2026-04-16T04:51:00.000Z";"2026-04-16T04:54:00.000Z";526.663
"2026-04-16T04:54:00.000Z";"2026-04-16T04:57:00.000Z";531.167
"2026-04-16T04:57:00.000Z";"2026-04-16T05:00:00.000Z";531.492
"2026-04-16T05:00:00.000Z";"2026-04-16T05:03:00.000Z";529.499
"2026-04-16T05:03:00.000Z";"2026-04-16T05:06:00.000Z";539.324
"2026-04-16T05:06:00.000Z";"2026-04-16T05:09:00.000Z";546.662
"2026-04-16T05:09:00.000Z";"2026-04-16T05:12:00.000Z";549.656
"2026-04-16T05:12:00.000Z";"2026-04-16T05:15:00.000Z";551
"2026-04-16T05:15:00.000Z";"2026-04-16T05:18:00.000Z";561.499
"2026-04-16T05:18:00.000Z";"2026-04-16T05:21:00.000Z";557.184
"2026-04-16T05:21:00.000Z";"2026-04-16T05:24:00.000Z";545.505
"2026-04-16T05:24:00.000Z";"2026-04-16T05:27:00.000Z";542.668
"2026-04-16T05:27:00.000Z";"2026-04-16T05:30:00.000Z";545.84
"2026-04-16T05:30:00.000Z";"2026-04-16T05:33:00.000Z";546.83
"2026-04-16T05:33:00.000Z";"2026-04-16T05:36:00.000Z";551.435
"2026-04-16T05:36:00.000Z";"2026-04-16T05:39:00.000Z";556.325
"2026-04-16T05:39:00.000Z";"2026-04-16T05:42:00.000Z";569.167
"2026-04-16T05:42:00.000Z";"2026-04-16T05:45:00.000Z";573.824
"2026-04-16T05:45:00.000Z";"2026-04-16T05:48:00.000Z";570.674
"2026-04-16T05:48:00.000Z";"2026-04-16T05:51:00.000Z";558.177
"2026-04-16T05:51:00.000Z";"2026-04-16T05:54:00.000Z";542.677
"2026-04-16T05:54:00.000Z";"2026-04-16T05:57:00.000Z";528.84
"2026-04-16T05:57:00.000Z";"2026-04-16T06:00:00.000Z";511.699
"2026-04-16T06:00:00.000Z";"2026-04-16T06:03:00.000Z";504.491
"2026-04-16T06:03:00.000Z";"2026-04-16T06:06:00.000Z";493.67
"2026-04-16T06:06:00.000Z";"2026-04-16T06:09:00.000Z";482.345
"2026-04-16T06:09:00.000Z";"2026-04-16T06:12:00.000Z";472.337
"2026-04-16T06:12:00.000Z";"2026-04-16T06:15:00.000Z";461.837
"2026-04-16T06:15:00.000Z";"2026-04-16T06:18:00.000Z";442.862
"2026-04-16T06:18:00.000Z";"2026-04-16T06:21:00.000Z";424.18
"2026-04-16T06:21:00.000Z";"2026-04-16T06:24:00.000Z";407.683
"2026-04-16T06:24:00.000Z";"2026-04-16T06:27:00.000Z";390.019
"2026-04-16T06:27:00.000Z";"2026-04-16T06:30:00.000Z";375.171
"2026-04-16T06:30:00.000Z";"2026-04-16T06:33:00.000Z";363.838
"2026-04-16T06:33:00.000Z";"2026-04-16T06:36:00.000Z";360.005
"2026-04-16T06:36:00.000Z";"2026-04-16T06:39:00.000Z";346.173
"2026-04-16T06:39:00.000Z";"2026-04-16T06:42:00.000Z";338.011
"2026-04-16T06:42:00.000Z";"2026-04-16T06:45:00.000Z";337.673
"2026-04-16T06:45:00.000Z";"2026-04-16T06:48:00.000Z";327.173
"2026-04-16T06:48:00.000Z";"2026-04-16T06:51:00.000Z";320.346
"2026-04-16T06:51:00.000Z";"2026-04-16T06:54:00.000Z";321.33
"2026-04-16T06:54:00.000Z";"2026-04-16T06:57:00.000Z";317.836
"2026-04-16T06:57:00.000Z";"2026-04-16T07:00:00.000Z";304.506
"2026-04-16T07:00:00.000Z";"2026-04-16T07:03:00.000Z";301.171
"2026-04-16T07:03:00.000Z";"2026-04-16T07:06:00.000Z";299.658
"2026-04-16T07:06:00.000Z";"2026-04-16T07:09:00.000Z";304.837
"2026-04-16T07:09:00.000Z";"2026-04-16T07:12:00.000Z";302.331
"2026-04-16T07:12:00.000Z";"2026-04-16T07:15:00.000Z";303.166
"2026-04-16T07:15:00.000Z";"2026-04-16T07:18:00.000Z";299.173
"2026-04-16T07:18:00.000Z";"2026-04-16T07:21:00.000Z";296.337
"2026-04-16T07:21:00.000Z";"2026-04-16T07:24:00.000Z";290.666
"2026-04-16T07:24:00.000Z";"2026-04-16T07:27:00.000Z";299.18
"2026-04-16T07:27:00.000Z";"2026-04-16T07:30:00.000Z";295.167
"2026-04-16T07:30:00.000Z";"2026-04-16T07:33:00.000Z";292.151
"2026-04-16T07:33:00.000Z";"2026-04-16T07:36:00.000Z";285.681
"2026-04-16T07:36:00.000Z";"2026-04-16T07:39:00.000Z";309.33
"2026-04-16T07:39:00.000Z";"2026-04-16T07:42:00.000Z";318.999
"2026-04-16T07:42:00.000Z";"2026-04-16T07:45:00.000Z";333.816
"2026-04-16T07:45:00.000Z";"2026-04-16T07:48:00.000Z";341.667
"2026-04-16T07:48:00.000Z";"2026-04-16T07:51:00.000Z";348.499
"2026-04-16T07:51:00.000Z";"2026-04-16T07:54:00.000Z";353.983
"2026-04-16T07:54:00.000Z";"2026-04-16T07:57:00.000Z";359.151
"2026-04-16T07:57:00.000Z";"2026-04-16T08:00:00.000Z";373.822
"2026-04-16T08:00:00.000Z";"2026-04-16T08:03:00.000Z";369.862
"2026-04-16T08:03:00.000Z";"2026-04-16T08:06:00.000Z";387.975
"2026-04-16T08:06:00.000Z";"2026-04-16T08:09:00.000Z";403.658
"2026-04-16T08:09:00.000Z";"2026-04-16T08:12:00.000Z";426.651
"2026-04-16T08:12:00.000Z";"2026-04-16T08:15:00.000Z";436.668
"2026-04-16T08:15:00.000Z";"2026-04-16T08:18:00.000Z";447.243
"2026-04-16T08:18:00.000Z";"2026-04-16T08:21:00.000Z";468.003
"2026-04-16T08:21:00.000Z";"2026-04-16T08:24:00.000Z";492.136
"2026-04-16T08:24:00.000Z";"2026-04-16T08:27:00.000Z";509.936
"2026-04-16T08:27:00.000Z";"2026-04-16T08:30:00.000Z";526.993
"2026-04-16T08:30:00.000Z";"2026-04-16T08:33:00.000Z";532.463
"2026-04-16T08:33:00.000Z";"2026-04-16T08:36:00.000Z";553.801
"2026-04-16T08:36:00.000Z";"2026-04-16T08:39:00.000Z";612.95
"2026-04-16T08:39:00.000Z";"2026-04-16T08:42:00.000Z";634.373
"2026-04-16T08:42:00.000Z";"2026-04-16T08:45:00.000Z";655.956
"2026-04-16T08:45:00.000Z";"2026-04-16T08:48:00.000Z";690.126
"2026-04-16T08:48:00.000Z";"2026-04-16T08:51:00.000Z";713.485
"2026-04-16T08:51:00.000Z";"2026-04-16T08:54:00.000Z";711.186
"2026-04-16T08:54:00.000Z";"2026-04-16T08:57:00.000Z";723.474
"2026-04-16T08:57:00.000Z";"2026-04-16T09:00:00.000Z";746.985
"2026-04-16T09:00:00.000Z";"2026-04-16T09:03:00.000Z";783.66
"2026-04-16T09:03:00.000Z";"2026-04-16T09:06:00.000Z";780.513
"2026-04-16T09:06:00.000Z";"2026-04-16T09:09:00.000Z";782.33
"2026-04-16T09:09:00.000Z";"2026-04-16T09:12:00.000Z";789.832
"2026-04-16T09:12:00.000Z";"2026-04-16T09:15:00.000Z";796.354
"2026-04-16T09:15:00.000Z";"2026-04-16T09:18:00.000Z";788.342
"2026-04-16T09:18:00.000Z";"2026-04-16T09:21:00.000Z";802.651
"2026-04-16T09:21:00.000Z";"2026-04-16T09:24:00.000Z";836.32
"2026-04-16T09:24:00.000Z";"2026-04-16T09:27:00.000Z";863.304
"2026-04-16T09:27:00.000Z";"2026-04-16T09:30:00.000Z";875.323
"2026-04-16T09:30:00.000Z";"2026-04-16T09:33:00.000Z";898.775
"2026-04-16T09:33:00.000Z";"2026-04-16T09:36:00.000Z";898.664
"2026-04-16T09:36:00.000Z";"2026-04-16T09:39:00.000Z";893.159
"2026-04-16T09:39:00.000Z";"2026-04-16T09:42:00.000Z";929.491
"2026-04-16T09:42:00.000Z";"2026-04-16T09:45:00.000Z";927.492
"2026-04-16T09:45:00.000Z";"2026-04-16T09:48:00.000Z";938.134
"2026-04-16T09:48:00.000Z";"2026-04-16T09:51:00.000Z";964.782
"2026-04-16T09:51:00.000Z";"2026-04-16T09:54:00.000Z";967.65
"2026-04-16T09:54:00.000Z";"2026-04-16T09:57:00.000Z";967.005
"2026-04-16T09:57:00.000Z";"2026-04-16T10:00:00.000Z";985.346
"2026-04-16T10:00:00.000Z";"2026-04-16T10:03:00.000Z";995.441
"2026-04-16T10:03:00.000Z";"2026-04-16T10:06:00.000Z";1037.5
"2026-04-16T10:06:00.000Z";"2026-04-16T10:09:00.000Z";1063.54
"2026-04-16T10:09:00.000Z";"2026-04-16T10:12:00.000Z";1074.01
"2026-04-16T10:12:00.000Z";"2026-04-16T10:15:00.000Z";1084.83
"2026-04-16T10:15:00.000Z";"2026-04-16T10:18:00.000Z";1086.83
"2026-04-16T10:18:00.000Z";"2026-04-16T10:21:00.000Z";1111.81
"2026-04-16T10:21:00.000Z";"2026-04-16T10:24:00.000Z";1169.63
"2026-04-16T10:24:00.000Z";"2026-04-16T10:27:00.000Z";1171.96
"2026-04-16T10:27:00.000Z";"2026-04-16T10:30:00.000Z";1164.7
"2026-04-16T10:30:00.000Z";"2026-04-16T10:33:00.000Z";1149.64
"2026-04-16T10:33:00.000Z";"2026-04-16T10:36:00.000Z";1170.16
"2026-04-16T10:36:00.000Z";"2026-04-16T10:39:00.000Z";1192.5
"2026-04-16T10:39:00.000Z";"2026-04-16T10:42:00.000Z";1184.48
"2026-04-16T10:42:00.000Z";"2026-04-16T10:45:00.000Z";1184.65
"2026-04-16T10:45:00.000Z";"2026-04-16T10:48:00.000Z";1201.65
"2026-04-16T10:48:00.000Z";"2026-04-16T10:51:00.000Z";1232.14
"2026-04-16T10:51:00.000Z";"2026-04-16T10:54:00.000Z";1256.63
"2026-04-16T10:54:00.000Z";"2026-04-16T10:57:00.000Z";1258.01
"2026-04-16T10:57:00.000Z";"2026-04-16T11:00:00.000Z";1270.98
"2026-04-16T11:00:00.000Z";"2026-04-16T11:03:00.000Z";1258.49
"2026-04-16T11:03:00.000Z";"2026-04-16T11:06:00.000Z";1286.62
"2026-04-16T11:06:00.000Z";"2026-04-16T11:09:00.000Z";1310.71
"2026-04-16T11:09:00.000Z";"2026-04-16T11:12:00.000Z";1309.02
"2026-04-16T11:12:00.000Z";"2026-04-16T11:15:00.000Z";1317.65
"2026-04-16T11:15:00.000Z";"2026-04-16T11:18:00.000Z";1299.21
"2026-04-16T11:18:00.000Z";"2026-04-16T11:21:00.000Z";1297.15
"2026-04-16T11:21:00.000Z";"2026-04-16T11:24:00.000Z";1326.49
"2026-04-16T11:24:00.000Z";"2026-04-16T11:27:00.000Z";1340.66
"2026-04-16T11:27:00.000Z";"2026-04-16T11:30:00.000Z";1325.66
"2026-04-16T11:30:00.000Z";"2026-04-16T11:33:00.000Z";1354.01
"2026-04-16T11:33:00.000Z";"2026-04-16T11:36:00.000Z";1304.71
"2026-04-16T11:36:00.000Z";"2026-04-16T11:39:00.000Z";1303.8
"2026-04-16T11:39:00.000Z";"2026-04-16T11:42:00.000Z";1318.67
"2026-04-16T11:42:00.000Z";"2026-04-16T11:45:00.000Z";1336.29
"2026-04-16T11:45:00.000Z";"2026-04-16T11:48:00.000Z";1349.43
"2026-04-16T11:48:00.000Z";"2026-04-16T11:51:00.000Z";1381.12
"2026-04-16T11:51:00.000Z";"2026-04-16T11:54:00.000Z";1387.64
"2026-04-16T11:54:00.000Z";"2026-04-16T11:57:00.000Z";1413.81
"2026-04-16T11:57:00.000Z";"2026-04-16T12:00:00.000Z";1423.83
"2026-04-16T12:00:00.000Z";"2026-04-16T12:03:00.000Z";1418.98
"2026-04-16T12:03:00.000Z";"2026-04-16T12:06:00.000Z";1430.49
"2026-04-16T12:06:00.000Z";"2026-04-16T12:09:00.000Z";1438.77
"2026-04-16T12:09:00.000Z";"2026-04-16T12:12:00.000Z";1415.81
"2026-04-16T12:12:00.000Z";"2026-04-16T12:15:00.000Z";1422.98
"2026-04-16T12:15:00.000Z";"2026-04-16T12:18:00.000Z";1455.51
"2026-04-16T12:18:00.000Z";"2026-04-16T12:21:00.000Z";1469.68
"2026-04-16T12:21:00.000Z";"2026-04-16T12:24:00.000Z";1448.68
"2026-04-16T12:24:00.000Z";"2026-04-16T12:27:00.000Z";1448.81
"2026-04-16T12:27:00.000Z";"2026-04-16T12:30:00.000Z";1471.83
"2026-04-16T12:30:00.000Z";"2026-04-16T12:33:00.000Z";1489.19
"2026-04-16T12:33:00.000Z";"2026-04-16T12:36:00.000Z";1474.15
"2026-04-16T12:36:00.000Z";"2026-04-16T12:39:00.000Z";1495.14
"2026-04-16T12:39:00.000Z";"2026-04-16T12:42:00.000Z";1473.43
"2026-04-16T12:42:00.000Z";"2026-04-16T12:45:00.000Z";1438.03
"2026-04-16T12:45:00.000Z";"2026-04-16T12:48:00.000Z";1446.82
"2026-04-16T12:48:00.000Z";"2026-04-16T12:51:00.000Z";1459.08
"2026-04-16T12:51:00.000Z";"2026-04-16T12:54:00.000Z";1463.2
"2026-04-16T12:54:00.000Z";"2026-04-16T12:57:00.000Z";1456.16
"2026-04-16T12:57:00.000Z";"2026-04-16T13:00:00.000Z";1435.49
"2026-04-16T13:00:00.000Z";"2026-04-16T13:03:00.000Z";1442.67
"2026-04-16T13:03:00.000Z";"2026-04-16T13:06:00.000Z";1417.17
"2026-04-16T13:06:00.000Z";"2026-04-16T13:09:00.000Z";1437.36
"2026-04-16T13:09:00.000Z";"2026-04-16T13:12:00.000Z";1442.68
"2026-04-16T13:12:00.000Z";"2026-04-16T13:15:00.000Z";1412.68
"2026-04-16T13:15:00.000Z";"2026-04-16T13:18:00.000Z";1400.68
"2026-04-16T13:18:00.000Z";"2026-04-16T13:21:00.000Z";1357.35
"2026-04-16T13:21:00.000Z";"2026-04-16T13:24:00.000Z";1378.43
"2026-04-16T13:24:00.000Z";"2026-04-16T13:27:00.000Z";1360.35
"2026-04-16T13:27:00.000Z";"2026-04-16T13:30:00.000Z";1352.31
"2026-04-16T13:30:00.000Z";"2026-04-16T13:33:00.000Z";1392.94
"2026-04-16T13:33:00.000Z";"2026-04-16T13:36:00.000Z";1435.66
"2026-04-16T13:36:00.000Z";"2026-04-16T13:39:00.000Z";1408.37
"2026-04-16T13:39:00.000Z";"2026-04-16T13:42:00.000Z";1406.98
"2026-04-16T13:42:00.000Z";"2026-04-16T13:45:00.000Z";1395.17
"2026-04-16T13:45:00.000Z";"2026-04-16T13:48:00.000Z";1413.67
"2026-04-16T13:48:00.000Z";"2026-04-16T13:51:00.000Z";1405.71
"2026-04-16T13:51:00.000Z";"2026-04-16T13:54:00.000Z";1434.81
"2026-04-16T13:54:00.000Z";"2026-04-16T13:57:00.000Z";1419.5
"2026-04-16T13:57:00.000Z";"2026-04-16T14:00:00.000Z";1398.85
"2026-04-16T14:00:00.000Z";"2026-04-16T14:03:00.000Z";1410.98
"2026-04-16T14:03:00.000Z";"2026-04-16T14:06:00.000Z";1411.32
"2026-04-16T14:06:00.000Z";"2026-04-16T14:09:00.000Z";1418.01
"2026-04-16T14:09:00.000Z";"2026-04-16T14:12:00.000Z";1423.52
"2026-04-16T14:12:00.000Z";"2026-04-16T14:15:00.000Z";1425.63
"2026-04-16T14:15:00.000Z";"2026-04-16T14:18:00.000Z";1411.02
"2026-04-16T14:18:00.000Z";"2026-04-16T14:21:00.000Z";1426.83
"2026-04-16T14:21:00.000Z";"2026-04-16T14:24:00.000Z";1424.18
"2026-04-16T14:24:00.000Z";"2026-04-16T14:27:00.000Z";1417.69
"2026-04-16T14:27:00.000Z";"2026-04-16T14:30:00.000Z";1429.64
"2026-04-16T14:30:00.000Z";"2026-04-16T14:33:00.000Z";1421.37
"2026-04-16T14:33:00.000Z";"2026-04-16T14:36:00.000Z";1416.34
"2026-04-16T14:36:00.000Z";"2026-04-16T14:39:00.000Z";1419.15
"2026-04-16T14:39:00.000Z";"2026-04-16T14:42:00.000Z";1445.43
"2026-04-16T14:42:00.000Z";"2026-04-16T14:45:00.000Z";1433.19
"2026-04-16T14:45:00.000Z";"2026-04-16T14:48:00.000Z";1455.31
"2026-04-16T14:48:00.000Z";"2026-04-16T14:51:00.000Z";1450.33
"2026-04-16T14:51:00.000Z";"2026-04-16T14:54:00.000Z";1479.31
"2026-04-16T14:54:00.000Z";"2026-04-16T14:57:00.000Z";1487
"2026-04-16T14:57:00.000Z";"2026-04-16T15:00:00.000Z";1498.81
"2026-04-16T15:00:00.000Z";"2026-04-16T15:03:00.000Z";1505.5
"2026-04-16T15:03:00.000Z";"2026-04-16T15:06:00.000Z";1511.31
"2026-04-16T15:06:00.000Z";"2026-04-16T15:09:00.000Z";1513.83
"2026-04-16T15:09:00.000Z";"2026-04-16T15:12:00.000Z";1526.16
"2026-04-16T15:12:00.000Z";"2026-04-16T15:15:00.000Z";1517.85
"2026-04-16T15:15:00.000Z";"2026-04-16T15:18:00.000Z";1517.99
"2026-04-16T15:18:00.000Z";"2026-04-16T15:21:00.000Z";1510.35
"2026-04-16T15:21:00.000Z";"2026-04-16T15:24:00.000Z";1494.68
"2026-04-16T15:24:00.000Z";"2026-04-16T15:27:00.000Z";1499.19
"2026-04-16T15:27:00.000Z";"2026-04-16T15:30:00.000Z";1501.99
"2026-04-16T15:30:00.000Z";"2026-04-16T15:33:00.000Z";1517.15
"2026-04-16T15:33:00.000Z";"2026-04-16T15:36:00.000Z";1521.68
"2026-04-16T15:36:00.000Z";"2026-04-16T15:39:00.000Z";1503.51
"2026-04-16T15:39:00.000Z";"2026-04-16T15:42:00.000Z";1528
"2026-04-16T15:42:00.000Z";"2026-04-16T15:45:00.000Z";1537.49
"2026-04-16T15:45:00.000Z";"2026-04-16T15:48:00.000Z";1569.95
"2026-04-16T15:48:00.000Z";"2026-04-16T15:51:00.000Z";1574.18
"2026-04-16T15:51:00.000Z";"2026-04-16T15:54:00.000Z";1547.86
"2026-04-16T15:54:00.000Z";"2026-04-16T15:57:00.000Z";1540.31
"2026-04-16T15:57:00.000Z";"2026-04-16T16:00:00.000Z";1513.37
"2026-04-16T16:00:00.000Z";"2026-04-16T16:03:00.000Z";1496.14
"2026-04-16T16:03:00.000Z";"2026-04-16T16:06:00.000Z";1513.82
"2026-04-16T16:06:00.000Z";"2026-04-16T16:09:00.000Z";1518.84
"2026-04-16T16:09:00.000Z";"2026-04-16T16:12:00.000Z";1520.34
"2026-04-16T16:12:00.000Z";"2026-04-16T16:15:00.000Z";1522.64
"2026-04-16T16:18:00.000Z";"2026-04-16T16:21:00.000Z";1551.67
"2026-04-16T16:21:00.000Z";"2026-04-16T16:24:00.000Z";1564.99
"2026-04-16T16:24:00.000Z";"2026-04-16T16:27:00.000Z";1566.65
"2026-04-16T16:27:00.000Z";"2026-04-16T16:30:00.000Z";1586.98
"2026-04-16T16:30:00.000Z";"2026-04-16T16:33:00.000Z";1587.49
"2026-04-16T16:33:00.000Z";"2026-04-16T16:36:00.000Z";1597.16
"2026-04-16T16:36:00.000Z";"2026-04-16T16:39:00.000Z";1589.99
"2026-04-16T16:39:00.000Z";"2026-04-16T16:42:00.000Z";1616.97
"2026-04-16T16:42:00.000Z";"2026-04-16T16:45:00.000Z";1620.99
"2026-04-16T16:45:00.000Z";"2026-04-16T16:48:00.000Z";1645.16
"2026-04-16T16:48:00.000Z";"2026-04-16T16:51:00.000Z";1666.84
"2026-04-16T16:51:00.000Z";"2026-04-16T16:54:00.000Z";1685.94
"2026-04-16T16:54:00.000Z";"2026-04-16T16:57:00.000Z";1701.99
"2026-04-16T16:57:00.000Z";"2026-04-16T17:00:00.000Z";1711.49
"2026-04-16T17:00:00.000Z";"2026-04-16T17:03:00.000Z";1724.47
"2026-04-16T17:03:00.000Z";"2026-04-16T17:06:00.000Z";1781.93
"2026-04-16T17:06:00.000Z";"2026-04-16T17:09:00.000Z";1841.3
"2026-04-16T17:09:00.000Z";"2026-04-16T17:12:00.000Z";1887.5
"2026-04-16T17:12:00.000Z";"2026-04-16T17:15:00.000Z";1909.13
"2026-04-16T17:15:00.000Z";"2026-04-16T17:18:00.000Z";1958.78
"2026-04-16T17:18:00.000Z";"2026-04-16T17:21:00.000Z";1996.47
"2026-04-16T17:21:00.000Z";"2026-04-16T17:24:00.000Z";2025.32
"2026-04-16T17:24:00.000Z";"2026-04-16T17:27:00.000Z";2070.13
"2026-04-16T17:30:00.000Z";"2026-04-16T17:33:00.000Z";2161.91
"2026-04-16T17:33:00.000Z";"2026-04-16T17:36:00.000Z";2238.44
"2026-04-16T17:36:00.000Z";"2026-04-16T17:39:00.000Z";2296.8
"2026-04-16T17:39:00.000Z";"2026-04-16T17:42:00.000Z";2353.38
"2026-04-16T17:42:00.000Z";"2026-04-16T17:45:00.000Z";2409.14
"2026-04-16T17:45:00.000Z";"2026-04-16T17:48:00.000Z";2456.3
"2026-04-16T17:48:00.000Z";"2026-04-16T17:51:00.000Z";2523.48
"2026-04-16T17:54:00.000Z";"2026-04-16T17:57:00.000Z";2621.47
"2026-04-16T17:57:00.000Z";"2026-04-16T18:00:00.000Z";2678.63
"2026-04-16T18:00:00.000Z";"2026-04-16T18:03:00.000Z";2736.29
"2026-04-16T18:03:00.000Z";"2026-04-16T18:06:00.000Z";2786.15
"2026-04-16T18:06:00.000Z";"2026-04-16T18:09:00.000Z";2839.47
"2026-04-16T18:09:00.000Z";"2026-04-16T18:12:00.000Z";2886.62
"2026-04-16T18:12:00.000Z";"2026-04-16T18:15:00.000Z";2935.79
"2026-04-16T18:15:00.000Z";"2026-04-16T18:18:00.000Z";2992.46
"2026-04-16T18:18:00.000Z";"2026-04-16T18:21:00.000Z";3055.48
"2026-04-16T18:21:00.000Z";"2026-04-16T18:24:00.000Z";3113.59
"2026-04-16T18:24:00.000Z";"2026-04-16T18:27:00.000Z";3197.11
"2026-04-16T18:27:00.000Z";"2026-04-16T18:30:00.000Z";3288.59
"2026-04-16T18:30:00.000Z";"2026-04-16T18:33:00.000Z";3358.62
"2026-04-16T18:33:00.000Z";"2026-04-16T18:36:00.000Z";3455.95
"2026-04-16T18:36:00.000Z";"2026-04-16T18:39:00.000Z";3540.63
"2026-04-16T18:39:00.000Z";"2026-04-16T18:42:00.000Z";3601.28
"2026-04-16T18:42:00.000Z";"2026-04-16T18:45:00.000Z";3671.13
"2026-04-16T18:45:00.000Z";"2026-04-16T18:48:00.000Z";3726.14
"2026-04-16T18:48:00.000Z";"2026-04-16T18:51:00.000Z";3779.81
"2026-04-16T18:51:00.000Z";"2026-04-16T18:54:00.000Z";3825.14
"2026-04-16T18:54:00.000Z";"2026-04-16T18:57:00.000Z";3855.62
"2026-04-16T18:57:00.000Z";"2026-04-16T19:00:00.000Z";3877.48
"2026-04-16T19:00:00.000Z";"2026-04-16T19:03:00.000Z";3895.66
"2026-04-16T19:03:00.000Z";"2026-04-16T19:06:00.000Z";3910.62
"2026-04-16T19:06:00.000Z";"2026-04-16T19:09:00.000Z";3941.33
"2026-04-16T19:09:00.000Z";"2026-04-16T19:12:00.000Z";3973.17
"2026-04-16T19:12:00.000Z";"2026-04-16T19:15:00.000Z";4013.25
"2026-04-16T19:15:00.000Z";"2026-04-16T19:18:00.000Z";4052.98
"2026-04-16T19:18:00.000Z";"2026-04-16T19:21:00.000Z";4094.09
"2026-04-16T19:21:00.000Z";"2026-04-16T19:24:00.000Z";4134.13
"2026-04-16T19:24:00.000Z";"2026-04-16T19:27:00.000Z";4183.6
"2026-04-16T19:27:00.000Z";"2026-04-16T19:30:00.000Z";4236.12
"2026-04-16T19:30:00.000Z";"2026-04-16T19:33:00.000Z";4308.43
"2026-04-16T19:33:00.000Z";"2026-04-16T19:36:00.000Z";4351.29
"2026-04-16T19:36:00.000Z";"2026-04-16T19:39:00.000Z";4408.11
"2026-04-16T19:39:00.000Z";"2026-04-16T19:42:00.000Z";4444.29
"2026-04-16T19:42:00.000Z";"2026-04-16T19:45:00.000Z";4492.13
"2026-04-16T19:45:00.000Z";"2026-04-16T19:48:00.000Z";4487.2
"2026-04-16T19:48:00.000Z";"2026-04-16T19:51:00.000Z";4472.79
"2026-04-16T19:51:00.000Z";"2026-04-16T19:54:00.000Z";4528.63
"2026-04-16T19:54:00.000Z";"2026-04-16T19:57:00.000Z";4593.31
"2026-04-16T19:57:00.000Z";"2026-04-16T20:00:00.000Z";4628.16
"2026-04-16T20:00:00.000Z";"2026-04-16T20:03:00.000Z";4648.85
"2026-04-16T20:03:00.000Z";"2026-04-16T20:06:00.000Z";4654.5
"2026-04-16T20:06:00.000Z";"2026-04-16T20:09:00.000Z";4678.81
"2026-04-16T20:09:00.000Z";"2026-04-16T20:12:00.000Z";4730.66
"2026-04-16T20:12:00.000Z";"2026-04-16T20:15:00.000Z";4622.13
"2026-04-16T20:15:00.000Z";"2026-04-16T20:18:00.000Z";4566.62
"2026-04-16T20:18:00.000Z";"2026-04-16T20:21:00.000Z";4563.34
"2026-04-16T20:21:00.000Z";"2026-04-16T20:24:00.000Z";4571.49
"2026-04-16T20:24:00.000Z";"2026-04-16T20:27:00.000Z";4583.98
"2026-04-16T20:27:00.000Z";"2026-04-16T20:30:00.000Z";4615
"2026-04-16T20:30:00.000Z";"2026-04-16T20:33:00.000Z";4636.34
"2026-04-16T20:33:00.000Z";"2026-04-16T20:36:00.000Z";4642.99
"2026-04-16T20:36:00.000Z";"2026-04-16T20:39:00.000Z";4648.01
"2026-04-16T20:39:00.000Z";"2026-04-16T20:42:00.000Z";4646.33
"2026-04-16T20:42:00.000Z";"2026-04-16T20:45:00.000Z";4632.71
"2026-04-16T20:45:00.000Z";"2026-04-16T20:48:00.000Z";4546.38
"2026-04-16T20:48:00.000Z";"2026-04-16T20:51:00.000Z";4475.01
"2026-04-16T20:51:00.000Z";"2026-04-16T20:54:00.000Z";4481
"2026-04-16T20:54:00.000Z";"2026-04-16T20:57:00.000Z";4502.47
"2026-04-16T20:57:00.000Z";"2026-04-16T21:00:00.000Z";4540.81
"2026-04-16T21:00:00.000Z";"2026-04-16T21:03:00.000Z";4586.46
"2026-04-16T21:03:00.000Z";"2026-04-16T21:06:00.000Z";4637.47
"2026-04-16T21:06:00.000Z";"2026-04-16T21:09:00.000Z";4795.34
"2026-04-16T21:09:00.000Z";"2026-04-16T21:12:00.000Z";4826.49
"2026-04-16T21:12:00.000Z";"2026-04-16T21:15:00.000Z";4841.16
"2026-04-16T21:15:00.000Z";"2026-04-16T21:18:00.000Z";4847.83
"2026-04-16T21:18:00.000Z";"2026-04-16T21:21:00.000Z";4873.16
"2026-04-16T21:21:00.000Z";"2026-04-16T21:24:00.000Z";4904.98
"2026-04-16T21:24:00.000Z";"2026-04-16T21:27:00.000Z";4937.15
"2026-04-16T21:27:00.000Z";"2026-04-16T21:30:00.000Z";4957.13
"2026-04-16T21:30:00.000Z";"2026-04-16T21:33:00.000Z";4838.53
"2026-04-16T21:33:00.000Z";"2026-04-16T21:36:00.000Z";4762.9
"2026-04-16T21:36:00.000Z";"2026-04-16T21:39:00.000Z";4725.68
"2026-04-16T21:39:00.000Z";"2026-04-16T21:42:00.000Z";4724.33
"2026-04-16T21:42:00.000Z";"2026-04-16T21:45:00.000Z";4705.55
"2026-04-16T21:45:00.000Z";"2026-04-16T21:48:00.000Z";4694.53
"2026-04-16T21:48:00.000Z";"2026-04-16T21:51:00.000Z";4679.01
"2026-04-16T21:51:00.000Z";"2026-04-16T21:54:00.000Z";4651.52
"2026-04-16T21:54:00.000Z";"2026-04-16T21:57:00.000Z";4649.81
"2026-04-16T21:57:00.000Z";"2026-04-16T22:00:00.000Z";4649.49
"2026-04-16T22:00:00.000Z";"2026-04-16T22:03:00.000Z";4594.02
"2026-04-16T22:03:00.000Z";"2026-04-16T22:06:00.000Z";4561.53
"2026-04-16T22:06:00.000Z";"2026-04-16T22:09:00.000Z";4545.52
"2026-04-16T22:09:00.000Z";"2026-04-16T22:12:00.000Z";4543.84
"2026-04-16T22:12:00.000Z";"2026-04-16T22:15:00.000Z";4512.85
"2026-04-16T22:15:00.000Z";"2026-04-16T22:18:00.000Z";4473.51
"2026-04-16T22:18:00.000Z";"2026-04-16T22:21:00.000Z";4442.86
"2026-04-16T22:21:00.000Z";"2026-04-16T22:24:00.000Z";4424.55
"2026-04-16T22:24:00.000Z";"2026-04-16T22:27:00.000Z";4405.16
"2026-04-16T22:27:00.000Z";"2026-04-16T22:30:00.000Z";4378.52
"2026-04-16T22:30:00.000Z";"2026-04-16T22:33:00.000Z";4310.52
"2026-04-16T22:33:00.000Z";"2026-04-16T22:36:00.000Z";4285.34
"2026-04-16T22:36:00.000Z";"2026-04-16T22:39:00.000Z";4295.81
"2026-04-16T22:39:00.000Z";"2026-04-16T22:42:00.000Z";4265.63
"2026-04-16T22:42:00.000Z";"2026-04-16T22:45:00.000Z";4243.38
"2026-04-16T22:45:00.000Z";"2026-04-16T22:48:00.000Z";4223.2
"2026-04-16T22:48:00.000Z";"2026-04-16T22:51:00.000Z";4205.68
"2026-04-16T22:51:00.000Z";"2026-04-16T22:54:00.000Z";4212.16
"2026-04-16T22:54:00.000Z";"2026-04-16T22:57:00.000Z";4200.53
"2026-04-16T22:57:00.000Z";"2026-04-16T23:00:00.000Z";4190
"2026-04-16T23:00:00.000Z";"2026-04-16T23:03:00.000Z";4182.84
"2026-04-16T23:03:00.000Z";"2026-04-16T23:06:00.000Z";4161.48
"2026-04-16T23:06:00.000Z";"2026-04-16T23:09:00.000Z";4145.34
"2026-04-16T23:09:00.000Z";"2026-04-16T23:12:00.000Z";4120.04
"2026-04-16T23:12:00.000Z";"2026-04-16T23:15:00.000Z";4104.99
"2026-04-16T23:15:00.000Z";"2026-04-16T23:18:00.000Z";4095.5
"2026-04-16T23:18:00.000Z";"2026-04-16T23:21:00.000Z";4074.18
"2026-04-16T23:21:00.000Z";"2026-04-16T23:24:00.000Z";4058
"2026-04-16T23:24:00.000Z";"2026-04-16T23:27:00.000Z";4036.18
"2026-04-16T23:27:00.000Z";"2026-04-16T23:30:00.000Z";4014.35
"2026-04-16T23:30:00.000Z";"2026-04-16T23:33:00.000Z";3951.39
"2026-04-16T23:33:00.000Z";"2026-04-16T23:36:00.000Z";3857.27
"2026-04-16T23:36:00.000Z";"2026-04-16T23:39:00.000Z";3829.67
"2026-04-16T23:39:00.000Z";"2026-04-16T23:42:00.000Z";3795.03
"2026-04-16T23:42:00.000Z";"2026-04-16T23:45:00.000Z";3769.53
"2026-04-16T23:45:00.000Z";"2026-04-16T23:48:00.000Z";3756.33
"2026-04-16T23:48:00.000Z";"2026-04-16T23:51:00.000Z";3738.18
"2026-04-16T23:51:00.000Z";"2026-04-16T23:54:00.000Z";3727.67
"2026-04-16T23:54:00.000Z";"2026-04-16T23:57:00.000Z";3728.16
"2026-04-16T23:57:00.000Z";"2026-04-17T00:00:00.000Z";3730.67
"2026-04-17T00:00:00.000Z";"2026-04-17T00:03:00.000Z";3719.5
"2026-04-17T00:03:00.000Z";"2026-04-17T00:06:00.000Z";3703.25
"2026-04-17T00:06:00.000Z";"2026-04-17T00:09:00.000Z";3655.36
"2026-04-17T00:09:00.000Z";"2026-04-17T00:12:00.000Z";3621.51
"2026-04-17T00:12:00.000Z";"2026-04-17T00:15:00.000Z";3611.33
"2026-04-17T00:15:00.000Z";"2026-04-17T00:18:00.000Z";3622.66
"2026-04-17T00:18:00.000Z";"2026-04-17T00:21:00.000Z";3641.31
"2026-04-17T00:21:00.000Z";"2026-04-17T00:24:00.000Z";3637.85
"2026-04-17T00:24:00.000Z";"2026-04-17T00:27:00.000Z";3598.68
"2026-04-17T00:27:00.000Z";"2026-04-17T00:30:00.000Z";3559.36
"2026-04-17T00:30:00.000Z";"2026-04-17T00:33:00.000Z";3515.18
"2026-04-17T00:33:00.000Z";"2026-04-17T00:36:00.000Z";3482.02
"2026-04-17T00:36:00.000Z";"2026-04-17T00:39:00.000Z";3453.68
"2026-04-17T00:39:00.000Z";"2026-04-17T00:42:00.000Z";3417.69
"2026-04-17T00:42:00.000Z";"2026-04-17T00:45:00.000Z";3375.52
"2026-04-17T00:45:00.000Z";"2026-04-17T00:48:00.000Z";3337.35
"2026-04-17T00:48:00.000Z";"2026-04-17T00:51:00.000Z";3324.86
"2026-04-17T00:51:00.000Z";"2026-04-17T00:54:00.000Z";3253.71
"2026-04-17T00:54:00.000Z";"2026-04-17T00:57:00.000Z";3236.18
"2026-04-17T00:57:00.000Z";"2026-04-17T01:00:00.000Z";3263.3
"2026-04-17T01:00:00.000Z";"2026-04-17T01:03:00.000Z";3292.6
"2026-04-17T01:03:00.000Z";"2026-04-17T01:06:00.000Z";3298.33
"2026-04-17T01:06:00.000Z";"2026-04-17T01:09:00.000Z";3287.67
"2026-04-17T01:09:00.000Z";"2026-04-17T01:12:00.000Z";3235.54
"2026-04-17T01:12:00.000Z";"2026-04-17T01:15:00.000Z";3181.19
"2026-04-17T01:15:00.000Z";"2026-04-17T01:18:00.000Z";3133.53
"2026-04-17T01:18:00.000Z";"2026-04-17T01:21:00.000Z";3206.73
"2026-04-17T01:21:00.000Z";"2026-04-17T01:24:00.000Z";3247.69
"2026-04-17T01:24:00.000Z";"2026-04-17T01:27:00.000Z";3206.03
"2026-04-17T01:27:00.000Z";"2026-04-17T01:30:00.000Z";3165.52
"2026-04-17T01:30:00.000Z";"2026-04-17T01:33:00.000Z";3125.51
"2026-04-17T01:33:00.000Z";"2026-04-17T01:36:00.000Z";3092.68
"2026-04-17T01:36:00.000Z";"2026-04-17T01:39:00.000Z";3068.51
"2026-04-17T01:39:00.000Z";"2026-04-17T01:42:00.000Z";3058.86
"2026-04-17T01:42:00.000Z";"2026-04-17T01:45:00.000Z";3062.16
"2026-04-17T01:45:00.000Z";"2026-04-17T01:48:00.000Z";3081.16
"2026-04-17T01:48:00.000Z";"2026-04-17T01:51:00.000Z";3146.65
"2026-04-17T01:51:00.000Z";"2026-04-17T01:54:00.000Z";3157.33
"2026-04-17T01:54:00.000Z";"2026-04-17T01:57:00.000Z";3147
"2026-04-17T01:57:00.000Z";"2026-04-17T02:00:00.000Z";3122.35
"2026-04-17T02:00:00.000Z";"2026-04-17T02:03:00.000Z";3117.17
"2026-04-17T02:03:00.000Z";"2026-04-17T02:06:00.000Z";3127.51
"2026-04-17T02:06:00.000Z";"2026-04-17T02:09:00.000Z";3123.34
"2026-04-17T02:09:00.000Z";"2026-04-17T02:12:00.000Z";3104.38
"2026-04-17T02:12:00.000Z";"2026-04-17T02:15:00.000Z";3094.33
"2026-04-17T02:15:00.000Z";"2026-04-17T02:18:00.000Z";3046.87
"2026-04-17T02:18:00.000Z";"2026-04-17T02:21:00.000Z";3010.01
"2026-04-17T02:21:00.000Z";"2026-04-17T02:24:00.000Z";2982.53
"2026-04-17T02:24:00.000Z";"2026-04-17T02:27:00.000Z";2950.35
"2026-04-17T02:27:00.000Z";"2026-04-17T02:30:00.000Z";2913.39
"2026-04-17T02:30:00.000Z";"2026-04-17T02:33:00.000Z";2884.22
"2026-04-17T02:33:00.000Z";"2026-04-17T02:36:00.000Z";2904.48
"2026-04-17T02:36:00.000Z";"2026-04-17T02:39:00.000Z";2904.17
"2026-04-17T02:39:00.000Z";"2026-04-17T02:42:00.000Z";2891.35
"2026-04-17T02:42:00.000Z";"2026-04-17T02:45:00.000Z";2861.02
"2026-04-17T02:45:00.000Z";"2026-04-17T02:48:00.000Z";2844.19
"2026-04-17T02:48:00.000Z";"2026-04-17T02:51:00.000Z";2825.18
"2026-04-17T02:51:00.000Z";"2026-04-17T02:54:00.000Z";2793.51
"2026-04-17T02:54:00.000Z";"2026-04-17T02:57:00.000Z";2774.19
"2026-04-17T02:57:00.000Z";"2026-04-17T03:00:00.000Z";2717.39
"2026-04-17T03:00:00.000Z";"2026-04-17T03:03:00.000Z";2658.1
"2026-04-17T03:03:00.000Z";"2026-04-17T03:06:00.000Z";2588.38
"2026-04-17T03:06:00.000Z";"2026-04-17T03:09:00.000Z";2554.86
"2026-04-17T03:09:00.000Z";"2026-04-17T03:12:00.000Z";2514.35
"2026-04-17T03:12:00.000Z";"2026-04-17T03:15:00.000Z";2485.02
"2026-04-17T03:15:00.000Z";"2026-04-17T03:18:00.000Z";2480.99
"2026-04-17T03:18:00.000Z";"2026-04-17T03:21:00.000Z";2474.82
"2026-04-17T03:21:00.000Z";"2026-04-17T03:24:00.000Z";2459.52
"2026-04-17T03:24:00.000Z";"2026-04-17T03:27:00.000Z";2453.17
"2026-04-17T03:27:00.000Z";"2026-04-17T03:30:00.000Z";2452
"2026-04-17T03:30:00.000Z";"2026-04-17T03:33:00.000Z";2443.84
"2026-04-17T03:33:00.000Z";"2026-04-17T03:36:00.000Z";2416.87
"2026-04-17T03:36:00.000Z";"2026-04-17T03:39:00.000Z";2381.2
"2026-04-17T03:39:00.000Z";"2026-04-17T03:42:00.000Z";2354.01
"2026-04-17T03:42:00.000Z";"2026-04-17T03:45:00.000Z";2333.19
"2026-04-17T03:45:00.000Z";"2026-04-17T03:48:00.000Z";2296.01
"2026-04-17T03:48:00.000Z";"2026-04-17T03:51:00.000Z";2268.51
"2026-04-17T03:51:00.000Z";"2026-04-17T03:54:00.000Z";2258
"2026-04-17T03:54:00.000Z";"2026-04-17T03:57:00.000Z";2258.17
"2026-04-17T03:57:00.000Z";"2026-04-17T04:00:00.000Z";2237.19
"2026-04-17T04:00:00.000Z";"2026-04-17T04:03:00.000Z";2197.04
"2026-04-17T04:03:00.000Z";"2026-04-17T04:06:00.000Z";2173.85
"2026-04-17T04:06:00.000Z";"2026-04-17T04:09:00.000Z";2166.34
"2026-04-17T04:09:00.000Z";"2026-04-17T04:12:00.000Z";2156.51
"2026-04-17T04:12:00.000Z";"2026-04-17T04:15:00.000Z";2136.02
"2026-04-17T04:15:00.000Z";"2026-04-17T04:18:00.000Z";2097.51
"2026-04-17T04:18:00.000Z";"2026-04-17T04:21:00.000Z";2068.02
"2026-04-17T04:21:00.000Z";"2026-04-17T04:24:00.000Z";2021.7
"2026-04-17T04:24:00.000Z";"2026-04-17T04:27:00.000Z";1975.71
"2026-04-17T04:27:00.000Z";"2026-04-17T04:30:00.000Z";1939.85
"2026-04-17T04:30:00.000Z";"2026-04-17T04:33:00.000Z";1898.88
"2026-04-17T04:33:00.000Z";"2026-04-17T04:36:00.000Z";1863.2
"2026-04-17T04:36:00.000Z";"2026-04-17T04:39:00.000Z";1820.85
"2026-04-17T04:39:00.000Z";"2026-04-17T04:42:00.000Z";1776.69
"2026-04-17T04:42:00.000Z";"2026-04-17T04:45:00.000Z";1737.06
"2026-04-17T04:45:00.000Z";"2026-04-17T04:48:00.000Z";1685.85
"2026-04-17T04:48:00.000Z";"2026-04-17T04:51:00.000Z";1644.02
"2026-04-17T04:51:00.000Z";"2026-04-17T04:54:00.000Z";1605.02
"2026-04-17T04:54:00.000Z";"2026-04-17T04:57:00.000Z";1561.7
"2026-04-17T04:57:00.000Z";"2026-04-17T05:00:00.000Z";1525.71
"2026-04-17T05:00:00.000Z";"2026-04-17T05:03:00.000Z";1480.42
"2026-04-17T05:03:00.000Z";"2026-04-17T05:06:00.000Z";1426.55
"2026-04-17T05:06:00.000Z";"2026-04-17T05:09:00.000Z";1372.53
"2026-04-17T05:09:00.000Z";"2026-04-17T05:12:00.000Z";1341.04
"2026-04-17T05:12:00.000Z";"2026-04-17T05:15:00.000Z";1282.24
"2026-04-17T05:15:00.000Z";"2026-04-17T05:18:00.000Z";1222.2
"2026-04-17T05:18:00.000Z";"2026-04-17T05:21:00.000Z";1159.75
"2026-04-17T05:21:00.000Z";"2026-04-17T05:24:00.000Z";1099.56
"2026-04-17T05:24:00.000Z";"2026-04-17T05:27:00.000Z";1048.21
"2026-04-17T05:27:00.000Z";"2026-04-17T05:30:00.000Z";987.204
"2026-04-17T05:30:00.000Z";"2026-04-17T05:33:00.000Z";920.555
"2026-04-17T05:33:00.000Z";"2026-04-17T05:36:00.000Z";875.011
"2026-04-17T05:36:00.000Z";"2026-04-17T05:39:00.000Z";826.369
"2026-04-17T05:39:00.000Z";"2026-04-17T05:42:00.000Z";773.199
"2026-04-17T05:42:00.000Z";"2026-04-17T05:45:00.000Z";720.003
"2026-04-17T05:45:00.000Z";"2026-04-17T05:48:00.000Z";676.049
"2026-04-17T05:48:00.000Z";"2026-04-17T05:51:00.000Z";628.191
"2026-04-17T05:51:00.000Z";"2026-04-17T05:54:00.000Z";582.379
"2026-04-17T05:54:00.000Z";"2026-04-17T05:57:00.000Z";532.711
"2026-04-17T05:57:00.000Z";"2026-04-17T06:00:00.000Z";494.036
"2026-04-17T06:00:00.000Z";"2026-04-17T06:03:00.000Z";452.685
"2026-04-17T06:03:00.000Z";"2026-04-17T06:06:00.000Z";419.512
"2026-04-17T06:06:00.000Z";"2026-04-17T06:09:00.000Z";397.671
"2026-04-17T06:09:00.000Z";"2026-04-17T06:12:00.000Z";365.863
"2026-04-17T06:12:00.000Z";"2026-04-17T06:15:00.000Z";348.343
"2026-04-17T06:15:00.000Z";"2026-04-17T06:18:00.000Z";327.179
"2026-04-17T06:18:00.000Z";"2026-04-17T06:21:00.000Z";300.706
"2026-04-17T06:21:00.000Z";"2026-04-17T06:24:00.000Z";285.008
"2026-04-17T06:24:00.000Z";"2026-04-17T06:27:00.000Z";264.686
"2026-04-17T06:27:00.000Z";"2026-04-17T06:30:00.000Z";249.172
"2026-04-17T06:30:00.000Z";"2026-04-17T06:33:00.000Z";233.359
"2026-04-17T06:33:00.000Z";"2026-04-17T06:36:00.000Z";228.168
"2026-04-17T06:36:00.000Z";"2026-04-17T06:39:00.000Z";226.002
"2026-04-17T06:39:00.000Z";"2026-04-17T06:42:00.000Z";219.681
"2026-04-17T06:42:00.000Z";"2026-04-17T06:45:00.000Z";221.997
"2026-04-17T06:45:00.000Z";"2026-04-17T06:48:00.000Z";221.326
"2026-04-17T06:48:00.000Z";"2026-04-17T06:51:00.000Z";221.998
"2026-04-17T06:51:00.000Z";"2026-04-17T06:54:00.000Z";222.162
"2026-04-17T06:54:00.000Z";"2026-04-17T06:57:00.000Z";234.663
"2026-04-17T06:57:00.000Z";"2026-04-17T07:00:00.000Z";256.487
"2026-04-17T07:00:00.000Z";"2026-04-17T07:03:00.000Z";254.505
"2026-04-17T07:03:00.000Z";"2026-04-17T07:06:00.000Z";260.321
"2026-04-17T07:06:00.000Z";"2026-04-17T07:09:00.000Z";275.997
"2026-04-17T07:09:00.000Z";"2026-04-17T07:12:00.000Z";282.126
"2026-04-17T07:12:00.000Z";"2026-04-17T07:15:00.000Z";308.829
"2026-04-17T07:15:00.000Z";"2026-04-17T07:18:00.000Z";312.508
"2026-04-17T07:18:00.000Z";"2026-04-17T07:21:00.000Z";328.158
"2026-04-17T07:21:00.000Z";"2026-04-17T07:24:00.000Z";354.159
"2026-04-17T07:24:00.000Z";"2026-04-17T07:27:00.000Z";365.328
"2026-04-17T07:27:00.000Z";"2026-04-17T07:30:00.000Z";383.144
"2026-04-17T07:30:00.000Z";"2026-04-17T07:33:00.000Z";401.657
"2026-04-17T07:33:00.000Z";"2026-04-17T07:36:00.000Z";429.308
"2026-04-17T07:36:00.000Z";"2026-04-17T07:39:00.000Z";449.653
"2026-04-17T07:39:00.000Z";"2026-04-17T07:42:00.000Z";464.475
"2026-04-17T07:42:00.000Z";"2026-04-17T07:45:00.000Z";476.962
"2026-04-17T07:45:00.000Z";"2026-04-17T07:48:00.000Z";492.333
"2026-04-17T07:48:00.000Z";"2026-04-17T07:51:00.000Z";513.66
"2026-04-17T07:51:00.000Z";"2026-04-17T07:54:00.000Z";537.485
"2026-04-17T07:54:00.000Z";"2026-04-17T07:57:00.000Z";572.31
"2026-04-17T07:57:00.000Z";"2026-04-17T08:00:00.000Z";594.826
"2026-04-17T08:00:00.000Z";"2026-04-17T08:03:00.000Z";630.341
"2026-04-17T08:03:00.000Z";"2026-04-17T08:06:00.000Z";641.985
"2026-04-17T08:06:00.000Z";"2026-04-17T08:09:00.000Z";678.145
"2026-04-17T08:09:00.000Z";"2026-04-17T08:12:00.000Z";715.476
"2026-04-17T08:12:00.000Z";"2026-04-17T08:15:00.000Z";759.95
"2026-04-17T08:15:00.000Z";"2026-04-17T08:18:00.000Z";764.492
"2026-04-17T08:18:00.000Z";"2026-04-17T08:21:00.000Z";799.122
"2026-04-17T08:21:00.000Z";"2026-04-17T08:24:00.000Z";840.679
"2026-04-17T08:24:00.000Z";"2026-04-17T08:27:00.000Z";860.669
"2026-04-17T08:27:00.000Z";"2026-04-17T08:30:00.000Z";880.99
"2026-04-17T08:30:00.000Z";"2026-04-17T08:33:00.000Z";889.309
"2026-04-17T08:33:00.000Z";"2026-04-17T08:36:00.000Z";916.52
"2026-04-17T08:36:00.000Z";"2026-04-17T08:39:00.000Z";924.989
"2026-04-17T08:39:00.000Z";"2026-04-17T08:42:00.000Z";939.469
"2026-04-17T08:42:00.000Z";"2026-04-17T08:45:00.000Z";949.336
"2026-04-17T08:45:00.000Z";"2026-04-17T08:48:00.000Z";941.857
"2026-04-17T08:48:00.000Z";"2026-04-17T08:51:00.000Z";938.997
"2026-04-17T08:51:00.000Z";"2026-04-17T08:54:00.000Z";958.471
"2026-04-17T08:54:00.000Z";"2026-04-17T08:57:00.000Z";964.175
"2026-04-17T08:57:00.000Z";"2026-04-17T09:00:00.000Z";982.476
"2026-04-17T09:00:00.000Z";"2026-04-17T09:03:00.000Z";997.662
"2026-04-17T09:03:00.000Z";"2026-04-17T09:06:00.000Z";994.32
"2026-04-17T09:06:00.000Z";"2026-04-17T09:09:00.000Z";967.005
"2026-04-17T09:09:00.000Z";"2026-04-17T09:12:00.000Z";965.838
"2026-04-17T09:12:00.000Z";"2026-04-17T09:15:00.000Z";980.813
"2026-04-17T09:15:00.000Z";"2026-04-17T09:18:00.000Z";1001.52
"2026-04-17T09:18:00.000Z";"2026-04-17T09:21:00.000Z";990.681
"2026-04-17T09:21:00.000Z";"2026-04-17T09:24:00.000Z";985.664
"2026-04-17T09:24:00.000Z";"2026-04-17T09:27:00.000Z";1015.82
"2026-04-17T09:27:00.000Z";"2026-04-17T09:30:00.000Z";999.186
"2026-04-17T09:30:00.000Z";"2026-04-17T09:33:00.000Z";973.68
"2026-04-17T09:33:00.000Z";"2026-04-17T09:36:00.000Z";981.987
"2026-04-17T09:36:00.000Z";"2026-04-17T09:39:00.000Z";975.491
"2026-04-17T09:39:00.000Z";"2026-04-17T09:42:00.000Z";990.989
"2026-04-17T09:42:00.000Z";"2026-04-17T09:45:00.000Z";982.013
"2026-04-17T09:45:00.000Z";"2026-04-17T09:48:00.000Z";978.163
"2026-04-17T09:48:00.000Z";"2026-04-17T09:51:00.000Z";964.024
"2026-04-17T09:51:00.000Z";"2026-04-17T09:54:00.000Z";965.971
"2026-04-17T09:54:00.000Z";"2026-04-17T09:57:00.000Z";969.991
"2026-04-17T09:57:00.000Z";"2026-04-17T10:00:00.000Z";981.155
"2026-04-17T10:00:00.000Z";"2026-04-17T10:03:00.000Z";981.006
"2026-04-17T10:03:00.000Z";"2026-04-17T10:06:00.000Z";1002.49
"2026-04-17T10:06:00.000Z";"2026-04-17T10:09:00.000Z";1035
"2026-04-17T10:09:00.000Z";"2026-04-17T10:12:00.000Z";1040.14
"2026-04-17T10:12:00.000Z";"2026-04-17T10:15:00.000Z";1064.64
"2026-04-17T10:15:00.000Z";"2026-04-17T10:18:00.000Z";1066.65
"2026-04-17T10:18:00.000Z";"2026-04-17T10:21:00.000Z";1111.67
"2026-04-17T10:21:00.000Z";"2026-04-17T10:24:00.000Z";1113.02
"2026-04-17T10:24:00.000Z";"2026-04-17T10:27:00.000Z";1106.67
"2026-04-17T10:27:00.000Z";"2026-04-17T10:30:00.000Z";1105.5
"2026-04-17T10:30:00.000Z";"2026-04-17T10:33:00.000Z";1126.46
"2026-04-17T10:33:00.000Z";"2026-04-17T10:36:00.000Z";1148.64
"2026-04-17T10:36:00.000Z";"2026-04-17T10:39:00.000Z";1145.47
"2026-04-17T10:39:00.000Z";"2026-04-17T10:42:00.000Z";1131.51
"2026-04-17T10:42:00.000Z";"2026-04-17T10:45:00.000Z";1164.66
"2026-04-17T10:45:00.000Z";"2026-04-17T10:48:00.000Z";1157.5
"2026-04-17T10:48:00.000Z";"2026-04-17T10:51:00.000Z";1148.99
"2026-04-17T10:51:00.000Z";"2026-04-17T10:54:00.000Z";1148.5
"2026-04-17T10:54:00.000Z";"2026-04-17T10:57:00.000Z";1142.01
"2026-04-17T10:57:00.000Z";"2026-04-17T11:00:00.000Z";1172.82
"2026-04-17T11:00:00.000Z";"2026-04-17T11:03:00.000Z";1182.08
"2026-04-17T11:03:00.000Z";"2026-04-17T11:06:00.000Z";1156.84
"2026-04-17T11:06:00.000Z";"2026-04-17T11:09:00.000Z";1167.02
"2026-04-17T11:09:00.000Z";"2026-04-17T11:12:00.000Z";1183.15
"2026-04-17T11:12:00.000Z";"2026-04-17T11:15:00.000Z";1179.17
"2026-04-17T11:15:00.000Z";"2026-04-17T11:18:00.000Z";1161.85
"2026-04-17T11:18:00.000Z";"2026-04-17T11:21:00.000Z";1176.32
"2026-04-17T11:21:00.000Z";"2026-04-17T11:24:00.000Z";1208.35
"2026-04-17T11:24:00.000Z";"2026-04-17T11:27:00.000Z";1206.49
"2026-04-17T11:27:00.000Z";"2026-04-17T11:30:00.000Z";1215.66
"2026-04-17T11:30:00.000Z";"2026-04-17T11:33:00.000Z";1200.21
"2026-04-17T11:33:00.000Z";"2026-04-17T11:36:00.000Z";1181.99
"2026-04-17T11:36:00.000Z";"2026-04-17T11:39:00.000Z";1178.66
"2026-04-17T11:39:00.000Z";"2026-04-17T11:42:00.000Z";1195.16
"2026-04-17T11:42:00.000Z";"2026-04-17T11:45:00.000Z";1195.39
"2026-04-17T11:45:00.000Z";"2026-04-17T11:48:00.000Z";1162.23
"2026-04-17T11:48:00.000Z";"2026-04-17T11:51:00.000Z";1178.92
"2026-04-17T11:51:00.000Z";"2026-04-17T11:54:00.000Z";1206.99
"2026-04-17T11:54:00.000Z";"2026-04-17T11:57:00.000Z";1176.35
"2026-04-17T11:57:00.000Z";"2026-04-17T12:00:00.000Z";1161.15
"2026-04-17T12:00:00.000Z";"2026-04-17T12:03:00.000Z";1193.61
"2026-04-17T12:03:00.000Z";"2026-04-17T12:06:00.000Z";1198.01
"2026-04-17T12:06:00.000Z";"2026-04-17T12:09:00.000Z";1209.3
"2026-04-17T12:09:00.000Z";"2026-04-17T12:12:00.000Z";1194.67
"2026-04-17T12:12:00.000Z";"2026-04-17T12:15:00.000Z";1195.81
"2026-04-17T12:15:00.000Z";"2026-04-17T12:18:00.000Z";1212.67
"2026-04-17T12:18:00.000Z";"2026-04-17T12:21:00.000Z";1252.28
"2026-04-17T12:21:00.000Z";"2026-04-17T12:24:00.000Z";1321.33
"2026-04-17T12:24:00.000Z";"2026-04-17T12:27:00.000Z";1311.18
"2026-04-17T12:27:00.000Z";"2026-04-17T12:30:00.000Z";1312.99
"2026-04-17T12:30:00.000Z";"2026-04-17T12:33:00.000Z";1330.48
"2026-04-17T12:33:00.000Z";"2026-04-17T12:36:00.000Z";1321.4
"2026-04-17T12:36:00.000Z";"2026-04-17T12:39:00.000Z";1335.18
"2026-04-17T12:39:00.000Z";"2026-04-17T12:42:00.000Z";1326.65
"2026-04-17T12:42:00.000Z";"2026-04-17T12:45:00.000Z";1357.49
"2026-04-17T12:45:00.000Z";"2026-04-17T12:48:00.000Z";1374.36
"2026-04-17T12:48:00.000Z";"2026-04-17T12:51:00.000Z";1360.18
"2026-04-17T12:51:00.000Z";"2026-04-17T12:54:00.000Z";1363.65
"2026-04-17T12:54:00.000Z";"2026-04-17T12:57:00.000Z";1369.84
"2026-04-17T12:57:00.000Z";"2026-04-17T13:00:00.000Z";1351.17
"2026-04-17T13:00:00.000Z";"2026-04-17T13:03:00.000Z";1359.81
"2026-04-17T13:03:00.000Z";"2026-04-17T13:06:00.000Z";1410.99
"2026-04-17T13:06:00.000Z";"2026-04-17T13:09:00.000Z";1409.49
"2026-04-17T13:09:00.000Z";"2026-04-17T13:12:00.000Z";1410.15
"2026-04-17T13:12:00.000Z";"2026-04-17T13:15:00.000Z";1412.99
"2026-04-17T13:15:00.000Z";"2026-04-17T13:18:00.000Z";1416.35
"2026-04-17T13:18:00.000Z";"2026-04-17T13:21:00.000Z";1410.81
"2026-04-17T13:21:00.000Z";"2026-04-17T13:24:00.000Z";1435.51
"2026-04-17T13:24:00.000Z";"2026-04-17T13:27:00.000Z";1425
"2026-04-17T13:27:00.000Z";"2026-04-17T13:30:00.000Z";1408.77
"2026-04-17T13:30:00.000Z";"2026-04-17T13:33:00.000Z";1424.51
"2026-04-17T13:33:00.000Z";"2026-04-17T13:36:00.000Z";1397.37
"2026-04-17T13:36:00.000Z";"2026-04-17T13:39:00.000Z";1377.43
"2026-04-17T13:39:00.000Z";"2026-04-17T13:42:00.000Z";1394.32
"2026-04-17T13:42:00.000Z";"2026-04-17T13:45:00.000Z";1405.18
"2026-04-17T13:45:00.000Z";"2026-04-17T13:48:00.000Z";1389.83
"2026-04-17T13:48:00.000Z";"2026-04-17T13:51:00.000Z";1379.17
"2026-04-17T13:51:00.000Z";"2026-04-17T13:54:00.000Z";1400.68
"2026-04-17T13:54:00.000Z";"2026-04-17T13:57:00.000Z";1398.99
"2026-04-17T13:57:00.000Z";"2026-04-17T14:00:00.000Z";1423.52
"2026-04-17T14:00:00.000Z";"2026-04-17T14:03:00.000Z";1371.88
"2026-04-17T14:03:00.000Z";"2026-04-17T14:06:00.000Z";1328.5
"2026-04-17T14:06:00.000Z";"2026-04-17T14:09:00.000Z";1308.2
"2026-04-17T14:09:00.000Z";"2026-04-17T14:12:00.000Z";1302.35
"2026-04-17T14:12:00.000Z";"2026-04-17T14:15:00.000Z";1286.98
"2026-04-17T14:15:00.000Z";"2026-04-17T14:18:00.000Z";1288.02
"2026-04-17T14:18:00.000Z";"2026-04-17T14:21:00.000Z";1299.29
"2026-04-17T14:21:00.000Z";"2026-04-17T14:24:00.000Z";1355.48
"2026-04-17T14:24:00.000Z";"2026-04-17T14:27:00.000Z";1348.16
"2026-04-17T14:27:00.000Z";"2026-04-17T14:30:00.000Z";1339.84
"2026-04-17T14:30:00.000Z";"2026-04-17T14:33:00.000Z";1319.92
"2026-04-17T14:33:00.000Z";"2026-04-17T14:36:00.000Z";1337.32
"2026-04-17T14:36:00.000Z";"2026-04-17T14:39:00.000Z";1334.68
"2026-04-17T14:39:00.000Z";"2026-04-17T14:42:00.000Z";1330.85
"2026-04-17T14:42:00.000Z";"2026-04-17T14:45:00.000Z";1299.34
"2026-04-17T14:45:00.000Z";"2026-04-17T14:48:00.000Z";1281.66
"2026-04-17T14:48:00.000Z";"2026-04-17T14:51:00.000Z";1287.86
"2026-04-17T14:51:00.000Z";"2026-04-17T14:54:00.000Z";1296.35
"2026-04-17T14:54:00.000Z";"2026-04-17T14:57:00.000Z";1269.07
"2026-04-17T14:57:00.000Z";"2026-04-17T15:00:00.000Z";1263.17
"2026-04-17T15:00:00.000Z";"2026-04-17T15:03:00.000Z";1252.69
"2026-04-17T15:03:00.000Z";"2026-04-17T15:06:00.000Z";1224.18
"2026-04-17T15:06:00.000Z";"2026-04-17T15:09:00.000Z";1202.01
"2026-04-17T15:09:00.000Z";"2026-04-17T15:12:00.000Z";1208.96
"2026-04-17T15:12:00.000Z";"2026-04-17T15:15:00.000Z";1188.69
"2026-04-17T15:15:00.000Z";"2026-04-17T15:18:00.000Z";1157.16
"2026-04-17T15:18:00.000Z";"2026-04-17T15:21:00.000Z";1145.84
"2026-04-17T15:21:00.000Z";"2026-04-17T15:24:00.000Z";1128.53
"2026-04-17T15:24:00.000Z";"2026-04-17T15:27:00.000Z";1128.53
"2026-04-17T15:27:00.000Z";"2026-04-17T15:30:00.000Z";1108.83
"2026-04-17T15:30:00.000Z";"2026-04-17T15:33:00.000Z";1123.15
"2026-04-17T15:33:00.000Z";"2026-04-17T15:36:00.000Z";1125.99
"2026-04-17T15:36:00.000Z";"2026-04-17T15:39:00.000Z";1114.7
"2026-04-17T15:39:00.000Z";"2026-04-17T15:42:00.000Z";1097.66
"2026-04-17T15:42:00.000Z";"2026-04-17T15:45:00.000Z";1076.34
"2026-04-17T15:45:00.000Z";"2026-04-17T15:48:00.000Z";1095.49
"2026-04-17T15:48:00.000Z";"2026-04-17T15:51:00.000Z";1094.67
"2026-04-17T15:51:00.000Z";"2026-04-17T15:54:00.000Z";1101.8
"2026-04-17T15:54:00.000Z";"2026-04-17T15:57:00.000Z";1096.18
"2026-04-17T15:57:00.000Z";"2026-04-17T16:00:00.000Z";1066.34
"2026-04-17T16:00:00.000Z";"2026-04-17T16:03:00.000Z";1052.3
"2026-04-17T16:03:00.000Z";"2026-04-17T16:06:00.000Z";1050.52
"2026-04-17T16:06:00.000Z";"2026-04-17T16:09:00.000Z";1045.34
"2026-04-17T16:09:00.000Z";"2026-04-17T16:12:00.000Z";1039.68
"2026-04-17T16:12:00.000Z";"2026-04-17T16:15:00.000Z";1054.99
"2026-04-17T16:15:00.000Z";"2026-04-17T16:18:00.000Z";1067.32
"2026-04-17T16:18:00.000Z";"2026-04-17T16:21:00.000Z";1070.64
"2026-04-17T16:21:00.000Z";"2026-04-17T16:24:00.000Z";1073.5
"2026-04-17T16:24:00.000Z";"2026-04-17T16:27:00.000Z";1066.1
"2026-04-17T16:27:00.000Z";"2026-04-17T16:30:00.000Z";1085.65
"2026-04-17T16:30:00.000Z";"2026-04-17T16:33:00.000Z";1101.3
"2026-04-17T16:33:00.000Z";"2026-04-17T16:36:00.000Z";1087.85
"2026-04-17T16:36:00.000Z";"2026-04-17T16:39:00.000Z";1096.82
"2026-04-17T16:39:00.000Z";"2026-04-17T16:42:00.000Z";1097.01
"2026-04-17T16:42:00.000Z";"2026-04-17T16:45:00.000Z";1120.15
"2026-04-17T16:45:00.000Z";"2026-04-17T16:48:00.000Z";1123.67
"2026-04-17T16:48:00.000Z";"2026-04-17T16:51:00.000Z";1135.81
"2026-04-17T16:51:00.000Z";"2026-04-17T16:54:00.000Z";1147.17
"2026-04-17T16:54:00.000Z";"2026-04-17T16:57:00.000Z";1143.34
"2026-04-17T16:57:00.000Z";"2026-04-17T17:00:00.000Z";1143.32
"2026-04-17T17:00:00.000Z";"2026-04-17T17:03:00.000Z";1153.32
"2026-04-17T17:03:00.000Z";"2026-04-17T17:06:00.000Z";1167.82
"2026-04-17T17:06:00.000Z";"2026-04-17T17:09:00.000Z";1196.75
"2026-04-17T17:09:00.000Z";"2026-04-17T17:12:00.000Z";1226.32
"2026-04-17T17:12:00.000Z";"2026-04-17T17:15:00.000Z";1239.33
"2026-04-17T17:15:00.000Z";"2026-04-17T17:18:00.000Z";1260.26
"2026-04-17T17:18:00.000Z";"2026-04-17T17:21:00.000Z";1273.83
"2026-04-17T17:21:00.000Z";"2026-04-17T17:24:00.000Z";1277.33
"2026-04-17T17:24:00.000Z";"2026-04-17T17:27:00.000Z";1308.98
"2026-04-17T17:27:00.000Z";"2026-04-17T17:30:00.000Z";1348.32
"2026-04-17T17:30:00.000Z";"2026-04-17T17:33:00.000Z";1384.81
"2026-04-17T17:33:00.000Z";"2026-04-17T17:36:00.000Z";1417.31
"2026-04-17T17:36:00.000Z";"2026-04-17T17:39:00.000Z";1475.96
"2026-04-17T17:39:00.000Z";"2026-04-17T17:42:00.000Z";1521.64
"2026-04-17T17:42:00.000Z";"2026-04-17T17:45:00.000Z";1557.47
"2026-04-17T17:45:00.000Z";"2026-04-17T17:48:00.000Z";1602.15
"2026-04-17T17:48:00.000Z";"2026-04-17T17:51:00.000Z";1638.3
"2026-04-17T17:51:00.000Z";"2026-04-17T17:54:00.000Z";1674.32
"2026-04-17T17:54:00.000Z";"2026-04-17T17:57:00.000Z";1710.98
"2026-04-17T17:57:00.000Z";"2026-04-17T18:00:00.000Z";1758.44
"2026-04-17T18:00:00.000Z";"2026-04-17T18:03:00.000Z";1807.65
"2026-04-17T18:03:00.000Z";"2026-04-17T18:06:00.000Z";1856.13
"2026-04-17T18:06:00.000Z";"2026-04-17T18:09:00.000Z";1899.65
"2026-04-17T18:09:00.000Z";"2026-04-17T18:12:00.000Z";1943.3
"2026-04-17T18:12:00.000Z";"2026-04-17T18:15:00.000Z";1996.61
"2026-04-17T18:15:00.000Z";"2026-04-17T18:18:00.000Z";2050.98
"2026-04-17T18:18:00.000Z";"2026-04-17T18:21:00.000Z";2095.15
"2026-04-17T18:21:00.000Z";"2026-04-17T18:24:00.000Z";2156.27
"2026-04-17T18:24:00.000Z";"2026-04-17T18:27:00.000Z";2203.12
"2026-04-17T18:27:00.000Z";"2026-04-17T18:30:00.000Z";2242.31
"2026-04-17T18:30:00.000Z";"2026-04-17T18:33:00.000Z";2285.14
"2026-04-17T18:33:00.000Z";"2026-04-17T18:36:00.000Z";2324.15
"2026-04-17T18:36:00.000Z";"2026-04-17T18:39:00.000Z";2364.65
"2026-04-17T18:39:00.000Z";"2026-04-17T18:42:00.000Z";2398.81
"2026-04-17T18:42:00.000Z";"2026-04-17T18:45:00.000Z";2438.15
"2026-04-17T18:45:00.000Z";"2026-04-17T18:48:00.000Z";2478.63
"2026-04-17T18:48:00.000Z";"2026-04-17T18:51:00.000Z";2524.6
"2026-04-17T18:51:00.000Z";"2026-04-17T18:54:00.000Z";2581.13
"2026-04-17T18:54:00.000Z";"2026-04-17T18:57:00.000Z";2637.31
"2026-04-17T18:57:00.000Z";"2026-04-17T19:00:00.000Z";2679.31
"2026-04-17T19:00:00.000Z";"2026-04-17T19:03:00.000Z";2680.21
"2026-04-17T19:03:00.000Z";"2026-04-17T19:06:00.000Z";2703.54
"2026-04-17T19:06:00.000Z";"2026-04-17T19:09:00.000Z";2722.99
"2026-04-17T19:09:00.000Z";"2026-04-17T19:12:00.000Z";2763.14
"2026-04-17T19:12:00.000Z";"2026-04-17T19:15:00.000Z";2780.83
"2026-04-17T19:15:00.000Z";"2026-04-17T19:18:00.000Z";2771.33
"2026-04-17T19:18:00.000Z";"2026-04-17T19:21:00.000Z";2780.82
"2026-04-17T19:21:00.000Z";"2026-04-17T19:24:00.000Z";2803.33
"2026-04-17T19:24:00.000Z";"2026-04-17T19:27:00.000Z";2832.33
"2026-04-17T19:27:00.000Z";"2026-04-17T19:30:00.000Z";2826.84
"2026-04-17T19:30:00.000Z";"2026-04-17T19:33:00.000Z";2825.17
"2026-04-17T19:33:00.000Z";"2026-04-17T19:36:00.000Z";2843.48
"2026-04-17T19:36:00.000Z";"2026-04-17T19:39:00.000Z";2876.82
"2026-04-17T19:39:00.000Z";"2026-04-17T19:42:00.000Z";2900.99
"2026-04-17T19:42:00.000Z";"2026-04-17T19:45:00.000Z";2912.83
"2026-04-17T19:45:00.000Z";"2026-04-17T19:48:00.000Z";2903.19
"2026-04-17T19:48:00.000Z";"2026-04-17T19:51:00.000Z";2902.96
"2026-04-17T19:51:00.000Z";"2026-04-17T19:54:00.000Z";2958.63
"2026-04-17T19:54:00.000Z";"2026-04-17T19:57:00.000Z";2995
"2026-04-17T19:57:00.000Z";"2026-04-17T20:00:00.000Z";2966.7
"2026-04-17T20:00:00.000Z";"2026-04-17T20:03:00.000Z";2881.36
"2026-04-17T20:03:00.000Z";"2026-04-17T20:06:00.000Z";2846.69
"2026-04-17T20:06:00.000Z";"2026-04-17T20:09:00.000Z";2833.67
"2026-04-17T20:09:00.000Z";"2026-04-17T20:12:00.000Z";2860.78
"2026-04-17T20:12:00.000Z";"2026-04-17T20:15:00.000Z";2886.64
"2026-04-17T20:15:00.000Z";"2026-04-17T20:18:00.000Z";2896.83
"2026-04-17T20:18:00.000Z";"2026-04-17T20:21:00.000Z";2900.83
"2026-04-17T20:21:00.000Z";"2026-04-17T20:24:00.000Z";2914.49
"2026-04-17T20:24:00.000Z";"2026-04-17T20:27:00.000Z";2939.83
"2026-04-17T20:27:00.000Z";"2026-04-17T20:30:00.000Z";2952.49
"2026-04-17T20:30:00.000Z";"2026-04-17T20:33:00.000Z";2952.19
"2026-04-17T20:33:00.000Z";"2026-04-17T20:36:00.000Z";2945.16
"2026-04-17T20:36:00.000Z";"2026-04-17T20:39:00.000Z";2962.5
"2026-04-17T20:39:00.000Z";"2026-04-17T20:42:00.000Z";2968.35
"2026-04-17T20:42:00.000Z";"2026-04-17T20:45:00.000Z";2961.66
"2026-04-17T20:45:00.000Z";"2026-04-17T20:48:00.000Z";2971.34
"2026-04-17T20:48:00.000Z";"2026-04-17T20:51:00.000Z";2982.16
"2026-04-17T20:51:00.000Z";"2026-04-17T20:54:00.000Z";3008.81
"2026-04-17T20:54:00.000Z";"2026-04-17T20:57:00.000Z";3004.17
"2026-04-17T20:57:00.000Z";"2026-04-17T21:00:00.000Z";2966.36
"2026-04-17T21:00:00.000Z";"2026-04-17T21:03:00.000Z";2867.25
"2026-04-17T21:03:00.000Z";"2026-04-17T21:06:00.000Z";2751.35
"2026-04-17T21:06:00.000Z";"2026-04-17T21:09:00.000Z";2721.01
"2026-04-17T21:09:00.000Z";"2026-04-17T21:12:00.000Z";2719
"2026-04-17T21:12:00.000Z";"2026-04-17T21:15:00.000Z";2714.34
"2026-04-17T21:15:00.000Z";"2026-04-17T21:18:00.000Z";2695.65
"2026-04-17T21:18:00.000Z";"2026-04-17T21:21:00.000Z";2731.16
"2026-04-17T21:21:00.000Z";"2026-04-17T21:24:00.000Z";2744.34
"2026-04-17T21:24:00.000Z";"2026-04-17T21:27:00.000Z";2716
"2026-04-17T21:27:00.000Z";"2026-04-17T21:30:00.000Z";2696.68
"2026-04-17T21:30:00.000Z";"2026-04-17T21:33:00.000Z";2691.14
"2026-04-17T21:33:00.000Z";"2026-04-17T21:36:00.000Z";2651.18
"2026-04-17T21:36:00.000Z";"2026-04-17T21:39:00.000Z";2641.3
"2026-04-17T21:39:00.000Z";"2026-04-17T21:42:00.000Z";2629.88
"2026-04-17T21:42:00.000Z";"2026-04-17T21:45:00.000Z";2613.37
"2026-04-17T21:45:00.000Z";"2026-04-17T21:48:00.000Z";2577.91
"2026-04-17T21:48:00.000Z";"2026-04-17T21:51:00.000Z";2544.34
"2026-04-17T21:51:00.000Z";"2026-04-17T21:54:00.000Z";2548.66
"2026-04-17T21:54:00.000Z";"2026-04-17T21:57:00.000Z";2539.69
"2026-04-17T21:57:00.000Z";"2026-04-17T22:00:00.000Z";2536.66
"2026-04-17T22:00:00.000Z";"2026-04-17T22:03:00.000Z";2527.17
"2026-04-17T22:03:00.000Z";"2026-04-17T22:06:00.000Z";2512.82
"2026-04-17T22:06:00.000Z";"2026-04-17T22:09:00.000Z";2528.83
"2026-04-17T22:09:00.000Z";"2026-04-17T22:12:00.000Z";2524.35
"2026-04-17T22:12:00.000Z";"2026-04-17T22:15:00.000Z";2521.5
"2026-04-17T22:15:00.000Z";"2026-04-17T22:18:00.000Z";2532.81
"2026-04-17T22:18:00.000Z";"2026-04-17T22:21:00.000Z";2538.84
"2026-04-17T22:21:00.000Z";"2026-04-17T22:24:00.000Z";2567.17
"2026-04-17T22:24:00.000Z";"2026-04-17T22:27:00.000Z";2558.15
"2026-04-17T22:27:00.000Z";"2026-04-17T22:30:00.000Z";2557.15
"2026-04-17T22:30:00.000Z";"2026-04-17T22:33:00.000Z";2571.47
"2026-04-17T22:33:00.000Z";"2026-04-17T22:36:00.000Z";2598.68
"2026-04-17T22:36:00.000Z";"2026-04-17T22:39:00.000Z";2602.5
"2026-04-17T22:39:00.000Z";"2026-04-17T22:42:00.000Z";2616.82
"2026-04-17T22:42:00.000Z";"2026-04-17T22:45:00.000Z";2662.28
"2026-04-17T22:45:00.000Z";"2026-04-17T22:48:00.000Z";2703.98
"2026-04-17T22:48:00.000Z";"2026-04-17T22:51:00.000Z";2760.14
"2026-04-17T22:51:00.000Z";"2026-04-17T22:54:00.000Z";2799.66
"2026-04-17T22:54:00.000Z";"2026-04-17T22:57:00.000Z";2792.51
"2026-04-17T22:57:00.000Z";"2026-04-17T23:00:00.000Z";2776.19
"2026-04-17T23:00:00.000Z";"2026-04-17T23:03:00.000Z";2754.51
"2026-04-17T23:03:00.000Z";"2026-04-17T23:06:00.000Z";2704.68
"2026-04-17T23:06:00.000Z";"2026-04-17T23:09:00.000Z";2671.85
"2026-04-17T23:09:00.000Z";"2026-04-17T23:12:00.000Z";2651.84
"2026-04-17T23:12:00.000Z";"2026-04-17T23:15:00.000Z";2642.33
"2026-04-17T23:15:00.000Z";"2026-04-17T23:18:00.000Z";2616.85
"2026-04-17T23:18:00.000Z";"2026-04-17T23:21:00.000Z";2604.32
"2026-04-17T23:21:00.000Z";"2026-04-17T23:24:00.000Z";2619.66
"2026-04-17T23:24:00.000Z";"2026-04-17T23:27:00.000Z";2601.52
"2026-04-17T23:27:00.000Z";"2026-04-17T23:30:00.000Z";2555.58
"2026-04-17T23:30:00.000Z";"2026-04-17T23:33:00.000Z";2453.23
"2026-04-17T23:33:00.000Z";"2026-04-17T23:36:00.000Z";2394.35
"2026-04-17T23:36:00.000Z";"2026-04-17T23:39:00.000Z";2364.51
"2026-04-17T23:39:00.000Z";"2026-04-17T23:42:00.000Z";2350.67
"2026-04-17T23:42:00.000Z";"2026-04-17T23:45:00.000Z";2336.17
"2026-04-17T23:45:00.000Z";"2026-04-17T23:48:00.000Z";2341.15
"2026-04-17T23:48:00.000Z";"2026-04-17T23:51:00.000Z";2341.18
"2026-04-17T23:51:00.000Z";"2026-04-17T23:54:00.000Z";2329.5
"2026-04-17T23:54:00.000Z";"2026-04-17T23:57:00.000Z";2313.55
"2026-04-17T23:57:00.000Z";"2026-04-18T00:00:00.000Z";2291.53
"2026-04-18T00:00:00.000Z";"2026-04-18T00:03:00.000Z";2265.52
"2026-04-18T00:03:00.000Z";"2026-04-18T00:06:00.000Z";2248
"2026-04-18T00:06:00.000Z";"2026-04-18T00:09:00.000Z";2256.65
"2026-04-18T00:09:00.000Z";"2026-04-18T00:12:00.000Z";2236.37
"2026-04-18T00:12:00.000Z";"2026-04-18T00:15:00.000Z";2177.06
"2026-04-18T00:15:00.000Z";"2026-04-18T00:18:00.000Z";2126.54
"2026-04-18T00:18:00.000Z";"2026-04-18T00:21:00.000Z";2113.17
"2026-04-18T00:21:00.000Z";"2026-04-18T00:24:00.000Z";2100.51
"2026-04-18T00:24:00.000Z";"2026-04-18T00:27:00.000Z";2072.53
"2026-04-18T00:27:00.000Z";"2026-04-18T00:30:00.000Z";2029.02
"2026-04-18T00:30:00.000Z";"2026-04-18T00:33:00.000Z";1968.2
"2026-04-18T00:33:00.000Z";"2026-04-18T00:36:00.000Z";1929.52
"2026-04-18T00:36:00.000Z";"2026-04-18T00:39:00.000Z";1894.35
"2026-04-18T00:39:00.000Z";"2026-04-18T00:42:00.000Z";1856.52
"2026-04-18T00:42:00.000Z";"2026-04-18T00:45:00.000Z";1830.86
"2026-04-18T00:45:00.000Z";"2026-04-18T00:48:00.000Z";1842.99
"2026-04-18T00:48:00.000Z";"2026-04-18T00:51:00.000Z";1874.66
"2026-04-18T00:51:00.000Z";"2026-04-18T00:54:00.000Z";1865.85
"2026-04-18T00:54:00.000Z";"2026-04-18T00:57:00.000Z";1840.35
"2026-04-18T00:57:00.000Z";"2026-04-18T01:00:00.000Z";1817.68
"2026-04-18T01:00:00.000Z";"2026-04-18T01:03:00.000Z";1795.18
"2026-04-18T01:03:00.000Z";"2026-04-18T01:06:00.000Z";1774.51
"2026-04-18T01:06:00.000Z";"2026-04-18T01:09:00.000Z";1769.17
"2026-04-18T01:09:00.000Z";"2026-04-18T01:12:00.000Z";1744.7
"2026-04-18T01:12:00.000Z";"2026-04-18T01:15:00.000Z";1730.51
"2026-04-18T01:15:00.000Z";"2026-04-18T01:18:00.000Z";1767.48
"2026-04-18T01:18:00.000Z";"2026-04-18T01:21:00.000Z";1788.99
"2026-04-18T01:21:00.000Z";"2026-04-18T01:24:00.000Z";1808.01
"2026-04-18T01:24:00.000Z";"2026-04-18T01:27:00.000Z";1795.21
"2026-04-18T01:27:00.000Z";"2026-04-18T01:30:00.000Z";1787.82
"2026-04-18T01:30:00.000Z";"2026-04-18T01:33:00.000Z";1755.17
"2026-04-18T01:33:00.000Z";"2026-04-18T01:36:00.000Z";1735.47
"2026-04-18T01:36:00.000Z";"2026-04-18T01:39:00.000Z";1723.51
"2026-04-18T01:39:00.000Z";"2026-04-18T01:42:00.000Z";1691.02
"2026-04-18T01:42:00.000Z";"2026-04-18T01:45:00.000Z";1656.85
"2026-04-18T01:45:00.000Z";"2026-04-18T01:48:00.000Z";1623.85
"2026-04-18T01:48:00.000Z";"2026-04-18T01:51:00.000Z";1623.33
"2026-04-18T01:51:00.000Z";"2026-04-18T01:54:00.000Z";1616.67
"2026-04-18T01:54:00.000Z";"2026-04-18T01:57:00.000Z";1589.02
"2026-04-18T01:57:00.000Z";"2026-04-18T02:00:00.000Z";1553.69
"2026-04-18T02:00:00.000Z";"2026-04-18T02:03:00.000Z";1534.33
"2026-04-18T02:03:00.000Z";"2026-04-18T02:06:00.000Z";1538.71
"2026-04-18T02:06:00.000Z";"2026-04-18T02:09:00.000Z";1522.35
"2026-04-18T02:09:00.000Z";"2026-04-18T02:12:00.000Z";1494.18
"2026-04-18T02:12:00.000Z";"2026-04-18T02:15:00.000Z";1472.19
"2026-04-18T02:15:00.000Z";"2026-04-18T02:18:00.000Z";1450.35
"2026-04-18T02:18:00.000Z";"2026-04-18T02:21:00.000Z";1435.33
"2026-04-18T02:21:00.000Z";"2026-04-18T02:24:00.000Z";1422.34
"2026-04-18T02:24:00.000Z";"2026-04-18T02:27:00.000Z";1398.51
"2026-04-18T02:27:00.000Z";"2026-04-18T02:30:00.000Z";1383.68
"2026-04-18T02:30:00.000Z";"2026-04-18T02:33:00.000Z";1363.19
"2026-04-18T02:33:00.000Z";"2026-04-18T02:36:00.000Z";1375.66
"2026-04-18T02:36:00.000Z";"2026-04-18T02:39:00.000Z";1371.01
"2026-04-18T02:39:00.000Z";"2026-04-18T02:42:00.000Z";1351.7
"2026-04-18T02:42:00.000Z";"2026-04-18T02:45:00.000Z";1339.17
"2026-04-18T02:45:00.000Z";"2026-04-18T02:48:00.000Z";1327.67
"2026-04-18T02:48:00.000Z";"2026-04-18T02:51:00.000Z";1325.51
"2026-04-18T02:51:00.000Z";"2026-04-18T02:54:00.000Z";1320.01
"2026-04-18T02:54:00.000Z";"2026-04-18T02:57:00.000Z";1316
"2026-04-18T02:57:00.000Z";"2026-04-18T03:00:00.000Z";1314.01
"2026-04-18T03:00:00.000Z";"2026-04-18T03:03:00.000Z";1303.01
"2026-04-18T03:03:00.000Z";"2026-04-18T03:06:00.000Z";1287.01
"2026-04-18T03:06:00.000Z";"2026-04-18T03:09:00.000Z";1277.18
"2026-04-18T03:09:00.000Z";"2026-04-18T03:12:00.000Z";1261.17
"2026-04-18T03:12:00.000Z";"2026-04-18T03:15:00.000Z";1262.66
"2026-04-18T03:15:00.000Z";"2026-04-18T03:18:00.000Z";1270.66
"2026-04-18T03:18:00.000Z";"2026-04-18T03:21:00.000Z";1277.33
"2026-04-18T03:21:00.000Z";"2026-04-18T03:24:00.000Z";1266.68
"2026-04-18T03:24:00.000Z";"2026-04-18T03:27:00.000Z";1249.02
"2026-04-18T03:27:00.000Z";"2026-04-18T03:30:00.000Z";1244.01
"2026-04-18T03:30:00.000Z";"2026-04-18T03:33:00.000Z";1254
"2026-04-18T03:33:00.000Z";"2026-04-18T03:36:00.000Z";1255.99
"2026-04-18T03:36:00.000Z";"2026-04-18T03:39:00.000Z";1264.66
"2026-04-18T03:39:00.000Z";"2026-04-18T03:42:00.000Z";1268.34
"2026-04-18T03:42:00.000Z";"2026-04-18T03:45:00.000Z";1256.68
"2026-04-18T03:45:00.000Z";"2026-04-18T03:48:00.000Z";1256.99
"2026-04-18T03:48:00.000Z";"2026-04-18T03:51:00.000Z";1259.01
"2026-04-18T03:51:00.000Z";"2026-04-18T03:54:00.000Z";1261.66
"2026-04-18T03:54:00.000Z";"2026-04-18T03:57:00.000Z";1270.49
"2026-04-18T03:57:00.000Z";"2026-04-18T04:00:00.000Z";1263.34
"2026-04-18T04:00:00.000Z";"2026-04-18T04:03:00.000Z";1268.82
"2026-04-18T04:03:00.000Z";"2026-04-18T04:06:00.000Z";1273.83
"2026-04-18T04:06:00.000Z";"2026-04-18T04:09:00.000Z";1275.33
"2026-04-18T04:09:00.000Z";"2026-04-18T04:12:00.000Z";1276
"2026-04-18T04:12:00.000Z";"2026-04-18T04:15:00.000Z";1265.51
"2026-04-18T04:15:00.000Z";"2026-04-18T04:18:00.000Z";1256.17
"2026-04-18T04:18:00.000Z";"2026-04-18T04:21:00.000Z";1257.17
"2026-04-18T04:21:00.000Z";"2026-04-18T04:24:00.000Z";1265.82
"2026-04-18T04:24:00.000Z";"2026-04-18T04:27:00.000Z";1278.82
"2026-04-18T04:27:00.000Z";"2026-04-18T04:30:00.000Z";1274.85
"2026-04-18T04:30:00.000Z";"2026-04-18T04:33:00.000Z";1266.5
"2026-04-18T04:33:00.000Z";"2026-04-18T04:36:00.000Z";1269.17
"2026-04-18T04:36:00.000Z";"2026-04-18T04:39:00.000Z";1261.5
"2026-04-18T04:39:00.000Z";"2026-04-18T04:42:00.000Z";1257.19
"2026-04-18T04:42:00.000Z";"2026-04-18T04:45:00.000Z";1241.86
"2026-04-18T04:45:00.000Z";"2026-04-18T04:48:00.000Z";1211.56
"2026-04-18T04:48:00.000Z";"2026-04-18T04:51:00.000Z";1186.33
"2026-04-18T04:51:00.000Z";"2026-04-18T04:54:00.000Z";1187
"2026-04-18T04:54:00.000Z";"2026-04-18T04:57:00.000Z";1182.83
"2026-04-18T04:57:00.000Z";"2026-04-18T05:00:00.000Z";1172.86
"2026-04-18T05:00:00.000Z";"2026-04-18T05:03:00.000Z";1118.75
"2026-04-18T05:03:00.000Z";"2026-04-18T05:06:00.000Z";1103.84
"2026-04-18T05:06:00.000Z";"2026-04-18T05:09:00.000Z";1100
"2026-04-18T05:09:00.000Z";"2026-04-18T05:12:00.000Z";1101.17
"2026-04-18T05:12:00.000Z";"2026-04-18T05:15:00.000Z";1077.68
"2026-04-18T05:15:00.000Z";"2026-04-18T05:18:00.000Z";1057.34
"2026-04-18T05:18:00.000Z";"2026-04-18T05:21:00.000Z";1043.51
"2026-04-18T05:21:00.000Z";"2026-04-18T05:24:00.000Z";994.678
"2026-04-18T05:24:00.000Z";"2026-04-18T05:27:00.000Z";965.353
"2026-04-18T05:27:00.000Z";"2026-04-18T05:30:00.000Z";931.382
"2026-04-18T05:30:00.000Z";"2026-04-18T05:33:00.000Z";884.345
"2026-04-18T05:33:00.000Z";"2026-04-18T05:36:00.000Z";835.183
"2026-04-18T05:36:00.000Z";"2026-04-18T05:39:00.000Z";799.519
"2026-04-18T05:39:00.000Z";"2026-04-18T05:42:00.000Z";764.206
"2026-04-18T05:42:00.000Z";"2026-04-18T05:45:00.000Z";724.858
"2026-04-18T05:45:00.000Z";"2026-04-18T05:48:00.000Z";684.686
"2026-04-18T05:48:00.000Z";"2026-04-18T05:51:00.000Z";677.168
"2026-04-18T05:51:00.000Z";"2026-04-18T05:54:00.000Z";644.513
"2026-04-18T05:54:00.000Z";"2026-04-18T05:57:00.000Z";614.35
"2026-04-18T05:57:00.000Z";"2026-04-18T06:00:00.000Z";577.203
"2026-04-18T06:00:00.000Z";"2026-04-18T06:03:00.000Z";540.358
"2026-04-18T06:03:00.000Z";"2026-04-18T06:06:00.000Z";501.187
"2026-04-18T06:06:00.000Z";"2026-04-18T06:09:00.000Z";466.849
"2026-04-18T06:09:00.000Z";"2026-04-18T06:12:00.000Z";434.18
"2026-04-18T06:12:00.000Z";"2026-04-18T06:15:00.000Z";404.185
"2026-04-18T06:15:00.000Z";"2026-04-18T06:18:00.000Z";381.837
"2026-04-18T06:18:00.000Z";"2026-04-18T06:21:00.000Z";416.323
"2026-04-18T06:21:00.000Z";"2026-04-18T06:24:00.000Z";394.848
"2026-04-18T06:24:00.000Z";"2026-04-18T06:27:00.000Z";361.847
"2026-04-18T06:27:00.000Z";"2026-04-18T06:30:00.000Z";336.719
"2026-04-18T06:30:00.000Z";"2026-04-18T06:33:00.000Z";320.014
"2026-04-18T06:33:00.000Z";"2026-04-18T06:36:00.000Z";306.005
"2026-04-18T06:36:00.000Z";"2026-04-18T06:39:00.000Z";285.67
"2026-04-18T06:39:00.000Z";"2026-04-18T06:42:00.000Z";273.179
"2026-04-18T06:42:00.000Z";"2026-04-18T06:45:00.000Z";261.504
"2026-04-18T06:45:00.000Z";"2026-04-18T06:48:00.000Z";255.498
"2026-04-18T06:48:00.000Z";"2026-04-18T06:51:00.000Z";260.66
"2026-04-18T06:51:00.000Z";"2026-04-18T06:54:00.000Z";263.165
"2026-04-18T06:54:00.000Z";"2026-04-18T06:57:00.000Z";248.221
"2026-04-18T06:57:00.000Z";"2026-04-18T07:00:00.000Z";248.494
"2026-04-18T07:00:00.000Z";"2026-04-18T07:03:00.000Z";257.827
"2026-04-18T07:03:00.000Z";"2026-04-18T07:06:00.000Z";269.826
"2026-04-18T07:06:00.000Z";"2026-04-18T07:09:00.000Z";290.67
"2026-04-18T07:09:00.000Z";"2026-04-18T07:12:00.000Z";299.153
"2026-04-18T07:12:00.000Z";"2026-04-18T07:15:00.000Z";316.325
"2026-04-18T07:15:00.000Z";"2026-04-18T07:18:00.000Z";324.323
"2026-04-18T07:18:00.000Z";"2026-04-18T07:21:00.000Z";365.451
"2026-04-18T07:21:00.000Z";"2026-04-18T07:24:00.000Z";397.975
"2026-04-18T07:24:00.000Z";"2026-04-18T07:27:00.000Z";390.003
"2026-04-18T07:27:00.000Z";"2026-04-18T07:30:00.000Z";398.498
"2026-04-18T07:30:00.000Z";"2026-04-18T07:33:00.000Z";389.955
"2026-04-18T07:33:00.000Z";"2026-04-18T07:36:00.000Z";410.979
"2026-04-18T07:36:00.000Z";"2026-04-18T07:39:00.000Z";429.165
"2026-04-18T07:39:00.000Z";"2026-04-18T07:42:00.000Z";454.996
"2026-04-18T07:42:00.000Z";"2026-04-18T07:45:00.000Z";480.163
"2026-04-18T07:45:00.000Z";"2026-04-18T07:48:00.000Z";501.833
"2026-04-18T07:48:00.000Z";"2026-04-18T07:51:00.000Z";526.647
"2026-04-18T07:51:00.000Z";"2026-04-18T07:54:00.000Z";563.078
"2026-04-18T07:54:00.000Z";"2026-04-18T07:57:00.000Z";577.516
"2026-04-18T07:57:00.000Z";"2026-04-18T08:00:00.000Z";591.004
"2026-04-18T08:00:00.000Z";"2026-04-18T08:03:00.000Z";605.662
"2026-04-18T08:03:00.000Z";"2026-04-18T08:06:00.000Z";616.492
"2026-04-18T08:06:00.000Z";"2026-04-18T08:09:00.000Z";628.975
"2026-04-18T08:09:00.000Z";"2026-04-18T08:12:00.000Z";648.664
"2026-04-18T08:12:00.000Z";"2026-04-18T08:15:00.000Z";675.498
"2026-04-18T08:15:00.000Z";"2026-04-18T08:18:00.000Z";672.188
"2026-04-18T08:18:00.000Z";"2026-04-18T08:21:00.000Z";684.154
"2026-04-18T08:21:00.000Z";"2026-04-18T08:24:00.000Z";692.178
"2026-04-18T08:24:00.000Z";"2026-04-18T08:27:00.000Z";693.169
"2026-04-18T08:27:00.000Z";"2026-04-18T08:30:00.000Z";674.52
"2026-04-18T08:30:00.000Z";"2026-04-18T08:33:00.000Z";669.002
"2026-04-18T08:33:00.000Z";"2026-04-18T08:36:00.000Z";651.706
"2026-04-18T08:36:00.000Z";"2026-04-18T08:39:00.000Z";642.352
"2026-04-18T08:39:00.000Z";"2026-04-18T08:42:00.000Z";641.319
"2026-04-18T08:42:00.000Z";"2026-04-18T08:45:00.000Z";628.502
"2026-04-18T08:45:00.000Z";"2026-04-18T08:48:00.000Z";623.675
"2026-04-18T08:48:00.000Z";"2026-04-18T08:51:00.000Z";619.334
"2026-04-18T08:51:00.000Z";"2026-04-18T08:54:00.000Z";636.659
"2026-04-18T08:54:00.000Z";"2026-04-18T08:57:00.000Z";639.004
"2026-04-18T08:57:00.000Z";"2026-04-18T09:00:00.000Z";643.006
"2026-04-18T09:00:00.000Z";"2026-04-18T09:03:00.000Z";636.339
"2026-04-18T09:03:00.000Z";"2026-04-18T09:06:00.000Z";625.993
"2026-04-18T09:06:00.000Z";"2026-04-18T09:09:00.000Z";648.501
"2026-04-18T09:09:00.000Z";"2026-04-18T09:12:00.000Z";652.841
"2026-04-18T09:12:00.000Z";"2026-04-18T09:15:00.000Z";670.646
"2026-04-18T09:15:00.000Z";"2026-04-18T09:18:00.000Z";678.33
"2026-04-18T09:18:00.000Z";"2026-04-18T09:21:00.000Z";698.674
"2026-04-18T09:21:00.000Z";"2026-04-18T09:24:00.000Z";671.675
"2026-04-18T09:24:00.000Z";"2026-04-18T09:27:00.000Z";657.507
"2026-04-18T09:27:00.000Z";"2026-04-18T09:30:00.000Z";636.506
"2026-04-18T09:30:00.000Z";"2026-04-18T09:33:00.000Z";649.162
"2026-04-18T09:33:00.000Z";"2026-04-18T09:36:00.000Z";659
"2026-04-18T09:36:00.000Z";"2026-04-18T09:39:00.000Z";652.349
"2026-04-18T09:39:00.000Z";"2026-04-18T09:42:00.000Z";661.338
"2026-04-18T09:42:00.000Z";"2026-04-18T09:45:00.000Z";657.164
"2026-04-18T09:45:00.000Z";"2026-04-18T09:48:00.000Z";679.153
"2026-04-18T09:48:00.000Z";"2026-04-18T09:51:00.000Z";681.164
"2026-04-18T09:51:00.000Z";"2026-04-18T09:54:00.000Z";685.33
"2026-04-18T09:54:00.000Z";"2026-04-18T09:57:00.000Z";706.154
"2026-04-18T09:57:00.000Z";"2026-04-18T10:00:00.000Z";721.995
"2026-04-18T10:00:00.000Z";"2026-04-18T10:03:00.000Z";685.693
"2026-04-18T10:03:00.000Z";"2026-04-18T10:06:00.000Z";674.493
"2026-04-18T10:06:00.000Z";"2026-04-18T10:09:00.000Z";678.841
"2026-04-18T10:09:00.000Z";"2026-04-18T10:12:00.000Z";688.658
"2026-04-18T10:12:00.000Z";"2026-04-18T10:15:00.000Z";689.313
"2026-04-18T10:15:00.000Z";"2026-04-18T10:18:00.000Z";702.477
"2026-04-18T10:18:00.000Z";"2026-04-18T10:21:00.000Z";752.459
"2026-04-18T10:21:00.000Z";"2026-04-18T10:24:00.000Z";774.299
"2026-04-18T10:24:00.000Z";"2026-04-18T10:27:00.000Z";773.486
"2026-04-18T10:27:00.000Z";"2026-04-18T10:30:00.000Z";771.84
"2026-04-18T10:30:00.000Z";"2026-04-18T10:33:00.000Z";778.466
"2026-04-18T10:33:00.000Z";"2026-04-18T10:36:00.000Z";755.513
"2026-04-18T10:36:00.000Z";"2026-04-18T10:39:00.000Z";757.82
"2026-04-18T10:39:00.000Z";"2026-04-18T10:42:00.000Z";769.795
"2026-04-18T10:42:00.000Z";"2026-04-18T10:45:00.000Z";794.635
"2026-04-18T10:45:00.000Z";"2026-04-18T10:48:00.000Z";777.675
"2026-04-18T10:48:00.000Z";"2026-04-18T10:51:00.000Z";764.845
"2026-04-18T10:51:00.000Z";"2026-04-18T10:54:00.000Z";766.505
"2026-04-18T10:54:00.000Z";"2026-04-18T10:57:00.000Z";760.312
"2026-04-18T10:57:00.000Z";"2026-04-18T11:00:00.000Z";802.803
"2026-04-18T11:00:00.000Z";"2026-04-18T11:03:00.000Z";815.021
"2026-04-18T11:03:00.000Z";"2026-04-18T11:06:00.000Z";839.439
"2026-04-18T11:06:00.000Z";"2026-04-18T11:09:00.000Z";877.165
"2026-04-18T11:09:00.000Z";"2026-04-18T11:12:00.000Z";860.539
"2026-04-18T11:12:00.000Z";"2026-04-18T11:15:00.000Z";841.982
"2026-04-18T11:15:00.000Z";"2026-04-18T11:18:00.000Z";830.681
"2026-04-18T11:18:00.000Z";"2026-04-18T11:21:00.000Z";846.323
"2026-04-18T11:21:00.000Z";"2026-04-18T11:24:00.000Z";844.505
"2026-04-18T11:24:00.000Z";"2026-04-18T11:27:00.000Z";830.009
"2026-04-18T11:27:00.000Z";"2026-04-18T11:30:00.000Z";833.998
"2026-04-18T11:30:00.000Z";"2026-04-18T11:33:00.000Z";843.327
"2026-04-18T11:33:00.000Z";"2026-04-18T11:36:00.000Z";846.175
"2026-04-18T11:36:00.000Z";"2026-04-18T11:39:00.000Z";829.685
"2026-04-18T11:39:00.000Z";"2026-04-18T11:42:00.000Z";829.984
"2026-04-18T11:42:00.000Z";"2026-04-18T11:45:00.000Z";837.667
"2026-04-18T11:45:00.000Z";"2026-04-18T11:48:00.000Z";826.292
"2026-04-18T11:48:00.000Z";"2026-04-18T11:51:00.000Z";826.155
"2026-04-18T11:51:00.000Z";"2026-04-18T11:54:00.000Z";811.516
"2026-04-18T11:54:00.000Z";"2026-04-18T11:57:00.000Z";802.841
"2026-04-18T11:57:00.000Z";"2026-04-18T12:00:00.000Z";815.349
"2026-04-18T12:00:00.000Z";"2026-04-18T12:03:00.000Z";833.311
"2026-04-18T12:03:00.000Z";"2026-04-18T12:06:00.000Z";870.93
"2026-04-18T12:06:00.000Z";"2026-04-18T12:09:00.000Z";862.5
"2026-04-18T12:09:00.000Z";"2026-04-18T12:12:00.000Z";864.039
"2026-04-18T12:12:00.000Z";"2026-04-18T12:15:00.000Z";854.005
"2026-04-18T12:15:00.000Z";"2026-04-18T12:18:00.000Z";847.012
"2026-04-18T12:18:00.000Z";"2026-04-18T12:21:00.000Z";860.641
"2026-04-18T12:21:00.000Z";"2026-04-18T12:24:00.000Z";875.17
"2026-04-18T12:24:00.000Z";"2026-04-18T12:27:00.000Z";888.506
"2026-04-18T12:27:00.000Z";"2026-04-18T12:30:00.000Z";918.447
"2026-04-18T12:30:00.000Z";"2026-04-18T12:33:00.000Z";899.016
"2026-04-18T12:33:00.000Z";"2026-04-18T12:36:00.000Z";900.138
"2026-04-18T12:36:00.000Z";"2026-04-18T12:39:00.000Z";910.843
"2026-04-18T12:39:00.000Z";"2026-04-18T12:42:00.000Z";888.856
"2026-04-18T12:42:00.000Z";"2026-04-18T12:45:00.000Z";907.351
"2026-04-18T12:45:00.000Z";"2026-04-18T12:48:00.000Z";904.99
"2026-04-18T12:48:00.000Z";"2026-04-18T12:51:00.000Z";904.683
"2026-04-18T12:51:00.000Z";"2026-04-18T12:54:00.000Z";899.664
"2026-04-18T12:54:00.000Z";"2026-04-18T12:57:00.000Z";891.831
"2026-04-18T12:57:00.000Z";"2026-04-18T13:00:00.000Z";896.503
"2026-04-18T13:00:00.000Z";"2026-04-18T13:03:00.000Z";900.153
"2026-04-18T13:03:00.000Z";"2026-04-18T13:06:00.000Z";942.304
"2026-04-18T13:06:00.000Z";"2026-04-18T13:09:00.000Z";943.205
"2026-04-18T13:09:00.000Z";"2026-04-18T13:12:00.000Z";920.193
"2026-04-18T13:12:00.000Z";"2026-04-18T13:15:00.000Z";901.824
"2026-04-18T13:15:00.000Z";"2026-04-18T13:18:00.000Z";869.679
"2026-04-18T13:18:00.000Z";"2026-04-18T13:21:00.000Z";898.942
"2026-04-18T13:21:00.000Z";"2026-04-18T13:24:00.000Z";932.991
"2026-04-18T13:24:00.000Z";"2026-04-18T13:27:00.000Z";946.177
"2026-04-18T13:27:00.000Z";"2026-04-18T13:30:00.000Z";949.322
"2026-04-18T13:30:00.000Z";"2026-04-18T13:33:00.000Z";973.325
"2026-04-18T13:33:00.000Z";"2026-04-18T13:36:00.000Z";971.326
"2026-04-18T13:36:00.000Z";"2026-04-18T13:39:00.000Z";962.34
"2026-04-18T13:39:00.000Z";"2026-04-18T13:42:00.000Z";964.006
"2026-04-18T13:42:00.000Z";"2026-04-18T13:45:00.000Z";964.667
"2026-04-18T13:45:00.000Z";"2026-04-18T13:48:00.000Z";936.886
"2026-04-18T13:48:00.000Z";"2026-04-18T13:51:00.000Z";923.847
"2026-04-18T13:51:00.000Z";"2026-04-18T13:54:00.000Z";944.825
"2026-04-18T13:54:00.000Z";"2026-04-18T13:57:00.000Z";957.491
"2026-04-18T13:57:00.000Z";"2026-04-18T14:00:00.000Z";926.011
"2026-04-18T14:00:00.000Z";"2026-04-18T14:03:00.000Z";954.651
"2026-04-18T14:03:00.000Z";"2026-04-18T14:06:00.000Z";952.234
"2026-04-18T14:06:00.000Z";"2026-04-18T14:09:00.000Z";953.156
"2026-04-18T14:09:00.000Z";"2026-04-18T14:12:00.000Z";916.533
"2026-04-18T14:12:00.000Z";"2026-04-18T14:15:00.000Z";903.663
"2026-04-18T14:15:00.000Z";"2026-04-18T14:18:00.000Z";908.019
"2026-04-18T14:18:00.000Z";"2026-04-18T14:21:00.000Z";927.825
"2026-04-18T14:21:00.000Z";"2026-04-18T14:24:00.000Z";962.492
"2026-04-18T14:24:00.000Z";"2026-04-18T14:27:00.000Z";959.666
"2026-04-18T14:27:00.000Z";"2026-04-18T14:30:00.000Z";974.463
"2026-04-18T14:30:00.000Z";"2026-04-18T14:33:00.000Z";962.857
"2026-04-18T14:33:00.000Z";"2026-04-18T14:36:00.000Z";959.797
"2026-04-18T14:36:00.000Z";"2026-04-18T14:39:00.000Z";948.504
"2026-04-18T14:39:00.000Z";"2026-04-18T14:42:00.000Z";951.165
"2026-04-18T14:42:00.000Z";"2026-04-18T14:45:00.000Z";960.662
"2026-04-18T14:45:00.000Z";"2026-04-18T14:48:00.000Z";967.146
"2026-04-18T14:48:00.000Z";"2026-04-18T14:51:00.000Z";954.487
"2026-04-18T14:51:00.000Z";"2026-04-18T14:54:00.000Z";952.492
"2026-04-18T14:54:00.000Z";"2026-04-18T14:57:00.000Z";955.333
"2026-04-18T14:57:00.000Z";"2026-04-18T15:00:00.000Z";947.022
"2026-04-18T15:00:00.000Z";"2026-04-18T15:03:00.000Z";953.467
"2026-04-18T15:03:00.000Z";"2026-04-18T15:06:00.000Z";985.142
"2026-04-18T15:06:00.000Z";"2026-04-18T15:09:00.000Z";990.507
"2026-04-18T15:09:00.000Z";"2026-04-18T15:12:00.000Z";976.173
"2026-04-18T15:12:00.000Z";"2026-04-18T15:15:00.000Z";964.849
"2026-04-18T15:15:00.000Z";"2026-04-18T15:18:00.000Z";965.008
"2026-04-18T15:18:00.000Z";"2026-04-18T15:21:00.000Z";993.45
"2026-04-18T15:21:00.000Z";"2026-04-18T15:24:00.000Z";1021.67
"2026-04-18T15:24:00.000Z";"2026-04-18T15:27:00.000Z";1028.82
"2026-04-18T15:27:00.000Z";"2026-04-18T15:30:00.000Z";1039.48
"2026-04-18T15:30:00.000Z";"2026-04-18T15:33:00.000Z";1026.31
"2026-04-18T15:33:00.000Z";"2026-04-18T15:36:00.000Z";1029.49
"2026-04-18T15:36:00.000Z";"2026-04-18T15:39:00.000Z";1030.16
"2026-04-18T15:39:00.000Z";"2026-04-18T15:42:00.000Z";1049.15
"2026-04-18T15:42:00.000Z";"2026-04-18T15:45:00.000Z";1057.33
"2026-04-18T15:45:00.000Z";"2026-04-18T15:48:00.000Z";1064.81
"2026-04-18T15:48:00.000Z";"2026-04-18T15:51:00.000Z";1076.22
"2026-04-18T15:51:00.000Z";"2026-04-18T15:54:00.000Z";1068.35
"2026-04-18T15:54:00.000Z";"2026-04-18T15:57:00.000Z";1056.51
"2026-04-18T15:57:00.000Z";"2026-04-18T16:00:00.000Z";1047.49
"2026-04-18T16:00:00.000Z";"2026-04-18T16:03:00.000Z";1049.5
"2026-04-18T16:03:00.000Z";"2026-04-18T16:06:00.000Z";1065.47
"2026-04-18T16:06:00.000Z";"2026-04-18T16:09:00.000Z";1069
"2026-04-18T16:09:00.000Z";"2026-04-18T16:12:00.000Z";1089.29
"2026-04-18T16:12:00.000Z";"2026-04-18T16:15:00.000Z";1103.33
"2026-04-18T16:15:00.000Z";"2026-04-18T16:18:00.000Z";1120.99
"2026-04-18T16:18:00.000Z";"2026-04-18T16:21:00.000Z";1111.04
"2026-04-18T16:21:00.000Z";"2026-04-18T16:24:00.000Z";1098.33
"2026-04-18T16:24:00.000Z";"2026-04-18T16:27:00.000Z";1127.61
"2026-04-18T16:27:00.000Z";"2026-04-18T16:30:00.000Z";1157.62
"2026-04-18T16:30:00.000Z";"2026-04-18T16:33:00.000Z";1108.35
"2026-04-18T16:33:00.000Z";"2026-04-18T16:36:00.000Z";1140.14
"2026-04-18T16:36:00.000Z";"2026-04-18T16:39:00.000Z";1158
"2026-04-18T16:39:00.000Z";"2026-04-18T16:42:00.000Z";1167.98
"2026-04-18T16:42:00.000Z";"2026-04-18T16:45:00.000Z";1199.98
"2026-04-18T16:45:00.000Z";"2026-04-18T16:48:00.000Z";1241.98
"2026-04-18T16:48:00.000Z";"2026-04-18T16:51:00.000Z";1241.67
"2026-04-18T16:51:00.000Z";"2026-04-18T16:54:00.000Z";1243.67
"2026-04-18T16:54:00.000Z";"2026-04-18T16:57:00.000Z";1246
"2026-04-18T16:57:00.000Z";"2026-04-18T17:00:00.000Z";1273.82
"2026-04-18T17:00:00.000Z";"2026-04-18T17:03:00.000Z";1306.31
"2026-04-18T17:03:00.000Z";"2026-04-18T17:06:00.000Z";1388.46
"2026-04-18T17:06:00.000Z";"2026-04-18T17:09:00.000Z";1406.34
"2026-04-18T17:09:00.000Z";"2026-04-18T17:12:00.000Z";1407.14
"2026-04-18T17:12:00.000Z";"2026-04-18T17:15:00.000Z";1427.65
"2026-04-18T17:15:00.000Z";"2026-04-18T17:18:00.000Z";1433.51
"2026-04-18T17:18:00.000Z";"2026-04-18T17:21:00.000Z";1464.46
"2026-04-18T17:21:00.000Z";"2026-04-18T17:24:00.000Z";1489.66
"2026-04-18T17:24:00.000Z";"2026-04-18T17:27:00.000Z";1521.63
"2026-04-18T17:27:00.000Z";"2026-04-18T17:30:00.000Z";1552.49
"2026-04-18T17:30:00.000Z";"2026-04-18T17:33:00.000Z";1577.15
"2026-04-18T17:33:00.000Z";"2026-04-18T17:36:00.000Z";1618.13
"2026-04-18T17:36:00.000Z";"2026-04-18T17:39:00.000Z";1656.15
"2026-04-18T17:39:00.000Z";"2026-04-18T17:42:00.000Z";1701.48
"2026-04-18T17:42:00.000Z";"2026-04-18T17:45:00.000Z";1740.81
"2026-04-18T17:45:00.000Z";"2026-04-18T17:48:00.000Z";1811.77
"2026-04-18T17:48:00.000Z";"2026-04-18T17:51:00.000Z";1881.32
"2026-04-18T17:51:00.000Z";"2026-04-18T17:54:00.000Z";1949.46
"2026-04-18T17:54:00.000Z";"2026-04-18T17:57:00.000Z";2006.96
"2026-04-18T17:57:00.000Z";"2026-04-18T18:00:00.000Z";2075.77
"2026-04-18T18:00:00.000Z";"2026-04-18T18:03:00.000Z";2122.59
"2026-04-18T18:03:00.000Z";"2026-04-18T18:06:00.000Z";2185.29
"2026-04-18T18:06:00.000Z";"2026-04-18T18:09:00.000Z";2265.94
"2026-04-18T18:09:00.000Z";"2026-04-18T18:12:00.000Z";2343.18
"2026-04-18T18:12:00.000Z";"2026-04-18T18:15:00.000Z";2437.45
"2026-04-18T18:15:00.000Z";"2026-04-18T18:18:00.000Z";2411.82
"2026-04-18T18:18:00.000Z";"2026-04-18T18:21:00.000Z";2416.15
"2026-04-18T18:21:00.000Z";"2026-04-18T18:24:00.000Z";2448.82
"2026-04-18T18:24:00.000Z";"2026-04-18T18:27:00.000Z";2474.33
"2026-04-18T18:27:00.000Z";"2026-04-18T18:30:00.000Z";2507.64
"2026-04-18T18:30:00.000Z";"2026-04-18T18:33:00.000Z";2543.65
"2026-04-18T18:33:00.000Z";"2026-04-18T18:36:00.000Z";2587.96
"2026-04-18T18:36:00.000Z";"2026-04-18T18:39:00.000Z";2642.63
"2026-04-18T18:39:00.000Z";"2026-04-18T18:42:00.000Z";2695.14
"2026-04-18T18:42:00.000Z";"2026-04-18T18:45:00.000Z";2718.65
"2026-04-18T18:45:00.000Z";"2026-04-18T18:48:00.000Z";2716.84
"2026-04-18T18:48:00.000Z";"2026-04-18T18:51:00.000Z";2689
"2026-04-18T18:51:00.000Z";"2026-04-18T18:54:00.000Z";2726.82
"2026-04-18T18:54:00.000Z";"2026-04-18T18:57:00.000Z";2771.98
"2026-04-18T18:57:00.000Z";"2026-04-18T19:00:00.000Z";2829.44
"2026-04-18T19:00:00.000Z";"2026-04-18T19:03:00.000Z";2905.74
"2026-04-18T19:03:00.000Z";"2026-04-18T19:06:00.000Z";2999.14
"2026-04-18T19:06:00.000Z";"2026-04-18T19:09:00.000Z";3060.82
"2026-04-18T19:09:00.000Z";"2026-04-18T19:12:00.000Z";3100.79
"2026-04-18T19:12:00.000Z";"2026-04-18T19:15:00.000Z";3122.99
"2026-04-18T19:15:00.000Z";"2026-04-18T19:18:00.000Z";3146.32
"2026-04-18T19:18:00.000Z";"2026-04-18T19:21:00.000Z";3177.16
"2026-04-18T19:21:00.000Z";"2026-04-18T19:24:00.000Z";3179.83
"2026-04-18T19:24:00.000Z";"2026-04-18T19:27:00.000Z";3223.97
"2026-04-18T19:27:00.000Z";"2026-04-18T19:30:00.000Z";3239.86
"2026-04-18T19:30:00.000Z";"2026-04-18T19:33:00.000Z";3231.17
"2026-04-18T19:33:00.000Z";"2026-04-18T19:36:00.000Z";3236.66
"2026-04-18T19:36:00.000Z";"2026-04-18T19:39:00.000Z";3240.32
"2026-04-18T19:39:00.000Z";"2026-04-18T19:42:00.000Z";3282.31
"2026-04-18T19:42:00.000Z";"2026-04-18T19:45:00.000Z";3296.99
"2026-04-18T19:45:00.000Z";"2026-04-18T19:48:00.000Z";3320.66
"2026-04-18T19:48:00.000Z";"2026-04-18T19:51:00.000Z";3361.48
"2026-04-18T19:51:00.000Z";"2026-04-18T19:54:00.000Z";3400.31
"2026-04-18T19:54:00.000Z";"2026-04-18T19:57:00.000Z";3428.15
"2026-04-18T19:57:00.000Z";"2026-04-18T20:00:00.000Z";3442.34
"2026-04-18T20:00:00.000Z";"2026-04-18T20:03:00.000Z";3350.34
"2026-04-18T20:03:00.000Z";"2026-04-18T20:06:00.000Z";3362.46
"2026-04-18T20:06:00.000Z";"2026-04-18T20:09:00.000Z";3372.84
"2026-04-18T20:09:00.000Z";"2026-04-18T20:12:00.000Z";3373.65
"2026-04-18T20:12:00.000Z";"2026-04-18T20:15:00.000Z";3365
"2026-04-18T20:15:00.000Z";"2026-04-18T20:18:00.000Z";3362.19
"2026-04-18T20:18:00.000Z";"2026-04-18T20:21:00.000Z";3387.66
"2026-04-18T20:21:00.000Z";"2026-04-18T20:24:00.000Z";3418.14
"2026-04-18T20:24:00.000Z";"2026-04-18T20:27:00.000Z";3432.32
"2026-04-18T20:27:00.000Z";"2026-04-18T20:30:00.000Z";3427.66
"2026-04-18T20:30:00.000Z";"2026-04-18T20:33:00.000Z";3432.18
"2026-04-18T20:33:00.000Z";"2026-04-18T20:36:00.000Z";3418.83
"2026-04-18T20:36:00.000Z";"2026-04-18T20:39:00.000Z";3436.64
"2026-04-18T20:39:00.000Z";"2026-04-18T20:42:00.000Z";3453.85
"2026-04-18T20:42:00.000Z";"2026-04-18T20:45:00.000Z";3471.93
"2026-04-18T20:45:00.000Z";"2026-04-18T20:48:00.000Z";3475.99
"2026-04-18T20:48:00.000Z";"2026-04-18T20:51:00.000Z";3482.82
"2026-04-18T20:51:00.000Z";"2026-04-18T20:54:00.000Z";3485.5
"2026-04-18T20:54:00.000Z";"2026-04-18T20:57:00.000Z";3500.82
"2026-04-18T20:57:00.000Z";"2026-04-18T21:00:00.000Z";3502.87
"2026-04-18T21:00:00.000Z";"2026-04-18T21:03:00.000Z";3512.16
"2026-04-18T21:03:00.000Z";"2026-04-18T21:06:00.000Z";3524.32
"2026-04-18T21:06:00.000Z";"2026-04-18T21:09:00.000Z";3510.87
"2026-04-18T21:09:00.000Z";"2026-04-18T21:12:00.000Z";3509.66
"2026-04-18T21:12:00.000Z";"2026-04-18T21:15:00.000Z";3524.32
"2026-04-18T21:15:00.000Z";"2026-04-18T21:18:00.000Z";3539.01
"2026-04-18T21:18:00.000Z";"2026-04-18T21:21:00.000Z";3554.49
"2026-04-18T21:21:00.000Z";"2026-04-18T21:24:00.000Z";3575.99
"2026-04-18T21:24:00.000Z";"2026-04-18T21:27:00.000Z";3588.82
"2026-04-18T21:27:00.000Z";"2026-04-18T21:30:00.000Z";3586.83
"2026-04-18T21:30:00.000Z";"2026-04-18T21:33:00.000Z";3585.8
"2026-04-18T21:33:00.000Z";"2026-04-18T21:36:00.000Z";3593.03
"2026-04-18T21:36:00.000Z";"2026-04-18T21:39:00.000Z";3561.83
"2026-04-18T21:39:00.000Z";"2026-04-18T21:42:00.000Z";3556.67
"2026-04-18T21:42:00.000Z";"2026-04-18T21:45:00.000Z";3541.56
"2026-04-18T21:45:00.000Z";"2026-04-18T21:48:00.000Z";3485.35
"2026-04-18T21:48:00.000Z";"2026-04-18T21:51:00.000Z";3447.02
"2026-04-18T21:51:00.000Z";"2026-04-18T21:54:00.000Z";3412.51
"2026-04-18T21:54:00.000Z";"2026-04-18T21:57:00.000Z";3415.68
"2026-04-18T21:57:00.000Z";"2026-04-18T22:00:00.000Z";3452.49
"2026-04-18T22:00:00.000Z";"2026-04-18T22:03:00.000Z";3485.64
"2026-04-18T22:03:00.000Z";"2026-04-18T22:06:00.000Z";3496.46
"2026-04-18T22:06:00.000Z";"2026-04-18T22:09:00.000Z";3507.17
"2026-04-18T22:09:00.000Z";"2026-04-18T22:12:00.000Z";3533
"2026-04-18T22:12:00.000Z";"2026-04-18T22:15:00.000Z";3661.38
"2026-04-18T22:15:00.000Z";"2026-04-18T22:18:00.000Z";3867.82
"2026-04-18T22:18:00.000Z";"2026-04-18T22:21:00.000Z";4032.74
"2026-04-18T22:21:00.000Z";"2026-04-18T22:24:00.000Z";4074.5
"2026-04-18T22:24:00.000Z";"2026-04-18T22:27:00.000Z";4047.18
"2026-04-18T22:27:00.000Z";"2026-04-18T22:30:00.000Z";3982.34
"2026-04-18T22:30:00.000Z";"2026-04-18T22:33:00.000Z";3757.63
"2026-04-18T22:33:00.000Z";"2026-04-18T22:36:00.000Z";3561.9
"2026-04-18T22:36:00.000Z";"2026-04-18T22:39:00.000Z";3505.65
"2026-04-18T22:39:00.000Z";"2026-04-18T22:42:00.000Z";3501.67
"2026-04-18T22:42:00.000Z";"2026-04-18T22:45:00.000Z";3538.3
"2026-04-18T22:45:00.000Z";"2026-04-18T22:48:00.000Z";3566.97
"2026-04-18T22:48:00.000Z";"2026-04-18T22:51:00.000Z";3657.78
"2026-04-18T22:51:00.000Z";"2026-04-18T22:54:00.000Z";3661.89
"2026-04-18T22:54:00.000Z";"2026-04-18T22:57:00.000Z";3653.68
"2026-04-18T22:57:00.000Z";"2026-04-18T23:00:00.000Z";3662.49
"2026-04-18T23:00:00.000Z";"2026-04-18T23:03:00.000Z";3665.37
"2026-04-18T23:03:00.000Z";"2026-04-18T23:06:00.000Z";3661.15
"2026-04-18T23:06:00.000Z";"2026-04-18T23:09:00.000Z";3667.18
"2026-04-18T23:09:00.000Z";"2026-04-18T23:12:00.000Z";3632.35
"2026-04-18T23:12:00.000Z";"2026-04-18T23:15:00.000Z";3593.86
"2026-04-18T23:15:00.000Z";"2026-04-18T23:18:00.000Z";3530.4
"2026-04-18T23:18:00.000Z";"2026-04-18T23:21:00.000Z";3464.35
"2026-04-18T23:21:00.000Z";"2026-04-18T23:24:00.000Z";3411.69
"2026-04-18T23:24:00.000Z";"2026-04-18T23:27:00.000Z";3379.18
"2026-04-18T23:27:00.000Z";"2026-04-18T23:30:00.000Z";3363.82
"2026-04-18T23:30:00.000Z";"2026-04-18T23:33:00.000Z";3383.66
"2026-04-18T23:33:00.000Z";"2026-04-18T23:36:00.000Z";3451.29
"2026-04-18T23:36:00.000Z";"2026-04-18T23:39:00.000Z";3495
"2026-04-18T23:39:00.000Z";"2026-04-18T23:42:00.000Z";3482.2
"2026-04-18T23:42:00.000Z";"2026-04-18T23:45:00.000Z";3456.68
"2026-04-18T23:45:00.000Z";"2026-04-18T23:48:00.000Z";3419.35
"2026-04-18T23:48:00.000Z";"2026-04-18T23:51:00.000Z";3355.76
"2026-04-18T23:51:00.000Z";"2026-04-18T23:54:00.000Z";3316.85
"2026-04-18T23:54:00.000Z";"2026-04-18T23:57:00.000Z";3309.18
"2026-04-18T23:57:00.000Z";"2026-04-19T00:00:00.000Z";3296.18
"2026-04-19T00:00:00.000Z";"2026-04-19T00:03:00.000Z";3256.87
"2026-04-19T00:03:00.000Z";"2026-04-19T00:06:00.000Z";3210.51
"2026-04-19T00:06:00.000Z";"2026-04-19T00:09:00.000Z";3185.35
"2026-04-19T00:09:00.000Z";"2026-04-19T00:12:00.000Z";3159.52
"2026-04-19T00:12:00.000Z";"2026-04-19T00:15:00.000Z";3147.86
"2026-04-19T00:15:00.000Z";"2026-04-19T00:18:00.000Z";3106.36
"2026-04-19T00:18:00.000Z";"2026-04-19T00:21:00.000Z";3081.83
"2026-04-19T00:21:00.000Z";"2026-04-19T00:24:00.000Z";3063.51
"2026-04-19T00:24:00.000Z";"2026-04-19T00:27:00.000Z";3051.34
"2026-04-19T00:27:00.000Z";"2026-04-19T00:30:00.000Z";3036.33
"2026-04-19T00:30:00.000Z";"2026-04-19T00:33:00.000Z";2979.34
"2026-04-19T00:33:00.000Z";"2026-04-19T00:36:00.000Z";2961.97
"2026-04-19T00:36:00.000Z";"2026-04-19T00:39:00.000Z";2963.99
"2026-04-19T00:39:00.000Z";"2026-04-19T00:42:00.000Z";2961.96
"2026-04-19T00:42:00.000Z";"2026-04-19T00:45:00.000Z";2958.5
"2026-04-19T00:45:00.000Z";"2026-04-19T00:48:00.000Z";2949.16
"2026-04-19T00:48:00.000Z";"2026-04-19T00:51:00.000Z";2977.32
"2026-04-19T00:51:00.000Z";"2026-04-19T00:54:00.000Z";2978
"2026-04-19T00:54:00.000Z";"2026-04-19T00:57:00.000Z";2967.67
"2026-04-19T00:57:00.000Z";"2026-04-19T01:00:00.000Z";2972.67
"2026-04-19T01:00:00.000Z";"2026-04-19T01:03:00.000Z";3003.82
"2026-04-19T01:03:00.000Z";"2026-04-19T01:06:00.000Z";3032.24
"2026-04-19T01:06:00.000Z";"2026-04-19T01:09:00.000Z";3097.16
"2026-04-19T01:09:00.000Z";"2026-04-19T01:12:00.000Z";3110.99
"2026-04-19T01:12:00.000Z";"2026-04-19T01:15:00.000Z";3089.53
"2026-04-19T01:15:00.000Z";"2026-04-19T01:18:00.000Z";3038.81
"2026-04-19T01:18:00.000Z";"2026-04-19T01:21:00.000Z";3073.88
"2026-04-19T01:21:00.000Z";"2026-04-19T01:24:00.000Z";3014.22
"2026-04-19T01:24:00.000Z";"2026-04-19T01:27:00.000Z";2998.34
"2026-04-19T01:27:00.000Z";"2026-04-19T01:30:00.000Z";2985.68
"2026-04-19T01:30:00.000Z";"2026-04-19T01:33:00.000Z";2960.17
"2026-04-19T01:33:00.000Z";"2026-04-19T01:36:00.000Z";2868.36
"2026-04-19T01:36:00.000Z";"2026-04-19T01:39:00.000Z";2846.19
"2026-04-19T01:39:00.000Z";"2026-04-19T01:42:00.000Z";2822.18
"2026-04-19T01:42:00.000Z";"2026-04-19T01:45:00.000Z";2811.34
"2026-04-19T01:45:00.000Z";"2026-04-19T01:48:00.000Z";2810.34
"2026-04-19T01:48:00.000Z";"2026-04-19T01:51:00.000Z";2774.68
"2026-04-19T01:51:00.000Z";"2026-04-19T01:54:00.000Z";2744.84
"2026-04-19T01:54:00.000Z";"2026-04-19T01:57:00.000Z";2706.38
"2026-04-19T01:57:00.000Z";"2026-04-19T02:00:00.000Z";2672.35
"2026-04-19T02:00:00.000Z";"2026-04-19T02:03:00.000Z";2648.34
"2026-04-19T02:03:00.000Z";"2026-04-19T02:06:00.000Z";2656.99
"2026-04-19T02:06:00.000Z";"2026-04-19T02:09:00.000Z";2657.53
"2026-04-19T02:09:00.000Z";"2026-04-19T02:12:00.000Z";2613.84
"2026-04-19T02:12:00.000Z";"2026-04-19T02:15:00.000Z";2590.19
"2026-04-19T02:15:00.000Z";"2026-04-19T02:18:00.000Z";2570.36
"2026-04-19T02:18:00.000Z";"2026-04-19T02:21:00.000Z";2554.51
"2026-04-19T02:21:00.000Z";"2026-04-19T02:24:00.000Z";2537.56
"2026-04-19T02:24:00.000Z";"2026-04-19T02:27:00.000Z";2506.52
"2026-04-19T02:27:00.000Z";"2026-04-19T02:30:00.000Z";2502.31
"2026-04-19T02:30:00.000Z";"2026-04-19T02:33:00.000Z";2532.8
"2026-04-19T02:33:00.000Z";"2026-04-19T02:36:00.000Z";2585.49
"2026-04-19T02:36:00.000Z";"2026-04-19T02:39:00.000Z";2617.81
"2026-04-19T02:39:00.000Z";"2026-04-19T02:42:00.000Z";2606.53
"2026-04-19T02:42:00.000Z";"2026-04-19T02:45:00.000Z";2583.71
"2026-04-19T02:45:00.000Z";"2026-04-19T02:48:00.000Z";2551.34
"2026-04-19T02:48:00.000Z";"2026-04-19T02:51:00.000Z";2567.67
"2026-04-19T02:51:00.000Z";"2026-04-19T02:54:00.000Z";2559.52
"2026-04-19T02:54:00.000Z";"2026-04-19T02:57:00.000Z";2541.18
"2026-04-19T02:57:00.000Z";"2026-04-19T03:00:00.000Z";2499.19
"2026-04-19T03:00:00.000Z";"2026-04-19T03:03:00.000Z";2446.56
"2026-04-19T03:03:00.000Z";"2026-04-19T03:06:00.000Z";2374.22
"2026-04-19T03:06:00.000Z";"2026-04-19T03:09:00.000Z";2354.17
"2026-04-19T03:09:00.000Z";"2026-04-19T03:12:00.000Z";2350.65
"2026-04-19T03:12:00.000Z";"2026-04-19T03:15:00.000Z";2332.67
"2026-04-19T03:15:00.000Z";"2026-04-19T03:18:00.000Z";2327.21
"2026-04-19T03:18:00.000Z";"2026-04-19T03:21:00.000Z";2323.67
"2026-04-19T03:21:00.000Z";"2026-04-19T03:24:00.000Z";2312.85
"2026-04-19T03:24:00.000Z";"2026-04-19T03:27:00.000Z";2296.01
"2026-04-19T03:27:00.000Z";"2026-04-19T03:30:00.000Z";2292.48
"2026-04-19T03:30:00.000Z";"2026-04-19T03:33:00.000Z";2284.01
"2026-04-19T03:33:00.000Z";"2026-04-19T03:36:00.000Z";2280.33
"2026-04-19T03:36:00.000Z";"2026-04-19T03:39:00.000Z";2284.84
"2026-04-19T03:39:00.000Z";"2026-04-19T03:42:00.000Z";2251.51
"2026-04-19T03:42:00.000Z";"2026-04-19T03:45:00.000Z";2226.68
"2026-04-19T03:45:00.000Z";"2026-04-19T03:48:00.000Z";2209.98
"2026-04-19T03:48:00.000Z";"2026-04-19T03:51:00.000Z";2188.88
"2026-04-19T03:51:00.000Z";"2026-04-19T03:54:00.000Z";2148.01
"2026-04-19T03:54:00.000Z";"2026-04-19T03:57:00.000Z";2138.84
"2026-04-19T03:57:00.000Z";"2026-04-19T04:00:00.000Z";2105.54
"2026-04-19T04:00:00.000Z";"2026-04-19T04:03:00.000Z";2070.68
"2026-04-19T04:03:00.000Z";"2026-04-19T04:06:00.000Z";2020.01
"2026-04-19T04:06:00.000Z";"2026-04-19T04:09:00.000Z";1995.51
"2026-04-19T04:09:00.000Z";"2026-04-19T04:12:00.000Z";1945.66
"2026-04-19T04:12:00.000Z";"2026-04-19T04:15:00.000Z";1892.68
"2026-04-19T04:15:00.000Z";"2026-04-19T04:18:00.000Z";1864.85
"2026-04-19T04:18:00.000Z";"2026-04-19T04:21:00.000Z";1831.52
"2026-04-19T04:21:00.000Z";"2026-04-19T04:24:00.000Z";1786.69
"2026-04-19T04:24:00.000Z";"2026-04-19T04:27:00.000Z";1742.69
"2026-04-19T04:27:00.000Z";"2026-04-19T04:30:00.000Z";1699.69
"2026-04-19T04:30:00.000Z";"2026-04-19T04:33:00.000Z";1655.33
"2026-04-19T04:33:00.000Z";"2026-04-19T04:36:00.000Z";1672.67
"2026-04-19T04:36:00.000Z";"2026-04-19T04:39:00.000Z";1692.54
"2026-04-19T04:39:00.000Z";"2026-04-19T04:42:00.000Z";1627.53
"2026-04-19T04:42:00.000Z";"2026-04-19T04:45:00.000Z";1566.86
"2026-04-19T04:45:00.000Z";"2026-04-19T04:48:00.000Z";1486.9
"2026-04-19T04:48:00.000Z";"2026-04-19T04:51:00.000Z";1409.21
"2026-04-19T04:51:00.000Z";"2026-04-19T04:54:00.000Z";1353.38
"2026-04-19T04:54:00.000Z";"2026-04-19T04:57:00.000Z";1296.53
"2026-04-19T04:57:00.000Z";"2026-04-19T05:00:00.000Z";1239.88
"2026-04-19T05:00:00.000Z";"2026-04-19T05:03:00.000Z";1155.55
"2026-04-19T05:03:00.000Z";"2026-04-19T05:06:00.000Z";1046.71
"2026-04-19T05:06:00.000Z";"2026-04-19T05:09:00.000Z";981.707
"2026-04-19T05:09:00.000Z";"2026-04-19T05:12:00.000Z";915.707
"2026-04-19T05:12:00.000Z";"2026-04-19T05:15:00.000Z";862.694
"2026-04-19T05:15:00.000Z";"2026-04-19T05:18:00.000Z";813.356
"2026-04-19T05:18:00.000Z";"2026-04-19T05:21:00.000Z";802.673
"2026-04-19T05:21:00.000Z";"2026-04-19T05:24:00.000Z";777.545
"2026-04-19T05:24:00.000Z";"2026-04-19T05:27:00.000Z";719.197
"2026-04-19T05:27:00.000Z";"2026-04-19T05:30:00.000Z";672.208
"2026-04-19T05:30:00.000Z";"2026-04-19T05:33:00.000Z";617.898
"2026-04-19T05:33:00.000Z";"2026-04-19T05:36:00.000Z";546.028
"2026-04-19T05:36:00.000Z";"2026-04-19T05:39:00.000Z";505.86
"2026-04-19T05:39:00.000Z";"2026-04-19T05:42:00.000Z";460.882
"2026-04-19T05:42:00.000Z";"2026-04-19T05:45:00.000Z";422.539
"2026-04-19T05:45:00.000Z";"2026-04-19T05:48:00.000Z";387.342
"2026-04-19T05:48:00.000Z";"2026-04-19T05:51:00.000Z";351.021
"2026-04-19T05:51:00.000Z";"2026-04-19T05:54:00.000Z";327.347
"2026-04-19T05:54:00.000Z";"2026-04-19T05:57:00.000Z";299.86
"2026-04-19T05:57:00.000Z";"2026-04-19T06:00:00.000Z";276.84
"2026-04-19T06:00:00.000Z";"2026-04-19T06:03:00.000Z";259.009
"2026-04-19T06:03:00.000Z";"2026-04-19T06:06:00.000Z";248.177
"2026-04-19T06:06:00.000Z";"2026-04-19T06:09:00.000Z";236.002
"2026-04-19T06:09:00.000Z";"2026-04-19T06:12:00.000Z";224.346
"2026-04-19T06:12:00.000Z";"2026-04-19T06:15:00.000Z";211.338
"2026-04-19T06:15:00.000Z";"2026-04-19T06:18:00.000Z";211.836
"2026-04-19T06:18:00.000Z";"2026-04-19T06:21:00.000Z";207.342
"2026-04-19T06:21:00.000Z";"2026-04-19T06:24:00.000Z";199.506
"2026-04-19T06:24:00.000Z";"2026-04-19T06:27:00.000Z";194.335
"2026-04-19T06:27:00.000Z";"2026-04-19T06:30:00.000Z";190.163
"2026-04-19T06:30:00.000Z";"2026-04-19T06:33:00.000Z";195.999
"2026-04-19T06:33:00.000Z";"2026-04-19T06:36:00.000Z";199.995
"2026-04-19T06:36:00.000Z";"2026-04-19T06:39:00.000Z";205.661
"2026-04-19T06:39:00.000Z";"2026-04-19T06:42:00.000Z";216.82
"2026-04-19T06:42:00.000Z";"2026-04-19T06:45:00.000Z";213.346
"2026-04-19T06:45:00.000Z";"2026-04-19T06:48:00.000Z";209.996
"2026-04-19T06:48:00.000Z";"2026-04-19T06:51:00.000Z";217.331
"2026-04-19T06:51:00.000Z";"2026-04-19T06:54:00.000Z";220.833
"2026-04-19T06:54:00.000Z";"2026-04-19T06:57:00.000Z";227.666
"2026-04-19T06:57:00.000Z";"2026-04-19T07:00:00.000Z";220.504
"2026-04-19T07:00:00.000Z";"2026-04-19T07:03:00.000Z";229.33
"2026-04-19T07:03:00.000Z";"2026-04-19T07:06:00.000Z";230.833
"2026-04-19T07:06:00.000Z";"2026-04-19T07:09:00.000Z";235.831
"2026-04-19T07:09:00.000Z";"2026-04-19T07:12:00.000Z";241.676
"2026-04-19T07:12:00.000Z";"2026-04-19T07:15:00.000Z";238.835
"2026-04-19T07:15:00.000Z";"2026-04-19T07:18:00.000Z";242.177
"2026-04-19T07:18:00.000Z";"2026-04-19T07:21:00.000Z";240.488
"2026-04-19T07:21:00.000Z";"2026-04-19T07:24:00.000Z";240.169
"2026-04-19T07:24:00.000Z";"2026-04-19T07:27:00.000Z";236.834
"2026-04-19T07:27:00.000Z";"2026-04-19T07:30:00.000Z";237.331
"2026-04-19T07:30:00.000Z";"2026-04-19T07:33:00.000Z";238.165
"2026-04-19T07:33:00.000Z";"2026-04-19T07:36:00.000Z";235.509
"2026-04-19T07:36:00.000Z";"2026-04-19T07:39:00.000Z";242.664
"2026-04-19T07:39:00.000Z";"2026-04-19T07:42:00.000Z";240.848
"2026-04-19T07:42:00.000Z";"2026-04-19T07:45:00.000Z";235.835
"2026-04-19T07:45:00.000Z";"2026-04-19T07:48:00.000Z";236.002
"2026-04-19T07:48:00.000Z";"2026-04-19T07:51:00.000Z";233.996
"2026-04-19T07:51:00.000Z";"2026-04-19T07:54:00.000Z";236.998
"2026-04-19T07:54:00.000Z";"2026-04-19T07:57:00.000Z";232.675
"2026-04-19T07:57:00.000Z";"2026-04-19T08:00:00.000Z";237.667
"2026-04-19T08:00:00.000Z";"2026-04-19T08:03:00.000Z";227.836
"2026-04-19T08:03:00.000Z";"2026-04-19T08:06:00.000Z";217.001
"2026-04-19T08:06:00.000Z";"2026-04-19T08:09:00.000Z";222.336
"2026-04-19T08:09:00.000Z";"2026-04-19T08:12:00.000Z";216.337
"2026-04-19T08:12:00.000Z";"2026-04-19T08:15:00.000Z";214.01
"2026-04-19T08:15:00.000Z";"2026-04-19T08:18:00.000Z";200.837
"2026-04-19T08:18:00.000Z";"2026-04-19T08:21:00.000Z";203.677
"2026-04-19T08:21:00.000Z";"2026-04-19T08:24:00.000Z";200.837
"2026-04-19T08:24:00.000Z";"2026-04-19T08:27:00.000Z";195.009
"2026-04-19T08:27:00.000Z";"2026-04-19T08:30:00.000Z";189.003
"2026-04-19T08:30:00.000Z";"2026-04-19T08:33:00.000Z";173.837
"2026-04-19T08:33:00.000Z";"2026-04-19T08:36:00.000Z";175.993
"2026-04-19T08:36:00.000Z";"2026-04-19T08:39:00.000Z";176.176
"2026-04-19T08:39:00.000Z";"2026-04-19T08:42:00.000Z";179.831
"2026-04-19T08:42:00.000Z";"2026-04-19T08:45:00.000Z";186.994
"2026-04-19T08:45:00.000Z";"2026-04-19T08:48:00.000Z";179.012
"2026-04-19T08:48:00.000Z";"2026-04-19T08:51:00.000Z";175.834
"2026-04-19T08:51:00.000Z";"2026-04-19T08:54:00.000Z";174.999
"2026-04-19T08:54:00.000Z";"2026-04-19T08:57:00.000Z";175.831
"2026-04-19T08:57:00.000Z";"2026-04-19T09:00:00.000Z";173.338
"2026-04-19T09:00:00.000Z";"2026-04-19T09:03:00.000Z";171.831
"2026-04-19T09:03:00.000Z";"2026-04-19T09:06:00.000Z";162.006
"2026-04-19T09:06:00.000Z";"2026-04-19T09:09:00.000Z";157
"2026-04-19T09:09:00.000Z";"2026-04-19T09:12:00.000Z";160.67
"2026-04-19T09:12:00.000Z";"2026-04-19T09:15:00.000Z";149.508
"2026-04-19T09:15:00.000Z";"2026-04-19T09:18:00.000Z";150.482
"2026-04-19T09:18:00.000Z";"2026-04-19T09:21:00.000Z";148.836
"2026-04-19T09:21:00.000Z";"2026-04-19T09:24:00.000Z";152.831
"2026-04-19T09:24:00.000Z";"2026-04-19T09:27:00.000Z";151.001
"2026-04-19T09:27:00.000Z";"2026-04-19T09:30:00.000Z";150.011
"2026-04-19T09:30:00.000Z";"2026-04-19T09:33:00.000Z";138.006
"2026-04-19T09:33:00.000Z";"2026-04-19T09:36:00.000Z";137.83
"2026-04-19T09:36:00.000Z";"2026-04-19T09:39:00.000Z";142.164
"2026-04-19T09:39:00.000Z";"2026-04-19T09:42:00.000Z";144.331
"2026-04-19T09:42:00.000Z";"2026-04-19T09:45:00.000Z";142.342
"2026-04-19T09:45:00.000Z";"2026-04-19T09:48:00.000Z";136.836
"2026-04-19T09:48:00.000Z";"2026-04-19T09:51:00.000Z";137.327
"2026-04-19T09:51:00.000Z";"2026-04-19T09:54:00.000Z";138.499
"2026-04-19T09:54:00.000Z";"2026-04-19T09:57:00.000Z";133.835
"2026-04-19T09:57:00.000Z";"2026-04-19T10:00:00.000Z";141.343
"2026-04-19T10:00:00.000Z";"2026-04-19T10:03:00.000Z";138.167
"2026-04-19T10:03:00.000Z";"2026-04-19T10:06:00.000Z";141.667
"2026-04-19T10:06:00.000Z";"2026-04-19T10:09:00.000Z";144.83
"2026-04-19T10:09:00.000Z";"2026-04-19T10:12:00.000Z";139.002
"2026-04-19T10:12:00.000Z";"2026-04-19T10:15:00.000Z";134.505
"2026-04-19T10:15:00.000Z";"2026-04-19T10:18:00.000Z";138.662
"2026-04-19T10:18:00.000Z";"2026-04-19T10:21:00.000Z";147.501
"2026-04-19T10:21:00.000Z";"2026-04-19T10:24:00.000Z";147.99
"2026-04-19T10:24:00.000Z";"2026-04-19T10:27:00.000Z";146.356
"2026-04-19T10:27:00.000Z";"2026-04-19T10:30:00.000Z";149.008
"2026-04-19T10:30:00.000Z";"2026-04-19T10:33:00.000Z";161.831
"2026-04-19T10:33:00.000Z";"2026-04-19T10:36:00.000Z";152.673
"2026-04-19T10:36:00.000Z";"2026-04-19T10:39:00.000Z";139.163
"2026-04-19T10:39:00.000Z";"2026-04-19T10:42:00.000Z";135.506
"2026-04-19T10:42:00.000Z";"2026-04-19T10:45:00.000Z";137.332
"2026-04-19T10:45:00.000Z";"2026-04-19T10:48:00.000Z";141.671
"2026-04-19T10:48:00.000Z";"2026-04-19T10:51:00.000Z";145.659
"2026-04-19T10:51:00.000Z";"2026-04-19T10:54:00.000Z";159.662
"2026-04-19T10:54:00.000Z";"2026-04-19T10:57:00.000Z";159.679
"2026-04-19T10:57:00.000Z";"2026-04-19T11:00:00.000Z";155.995
"2026-04-19T11:00:00.000Z";"2026-04-19T11:03:00.000Z";168.833
"2026-04-19T11:03:00.000Z";"2026-04-19T11:06:00.000Z";170.49
"2026-04-19T11:06:00.000Z";"2026-04-19T11:09:00.000Z";173.657
"2026-04-19T11:09:00.000Z";"2026-04-19T11:12:00.000Z";177.309
"2026-04-19T11:12:00.000Z";"2026-04-19T11:15:00.000Z";184.655
"2026-04-19T11:15:00.000Z";"2026-04-19T11:18:00.000Z";193.148
"2026-04-19T11:18:00.000Z";"2026-04-19T11:21:00.000Z";194.993
"2026-04-19T11:21:00.000Z";"2026-04-19T11:24:00.000Z";203.998
"2026-04-19T11:24:00.000Z";"2026-04-19T11:27:00.000Z";203.5
"2026-04-19T11:27:00.000Z";"2026-04-19T11:30:00.000Z";207.666
"2026-04-19T11:30:00.000Z";"2026-04-19T11:33:00.000Z";213.162
"2026-04-19T11:33:00.000Z";"2026-04-19T11:36:00.000Z";232.16
"2026-04-19T11:36:00.000Z";"2026-04-19T11:39:00.000Z";240.492
"2026-04-19T11:39:00.000Z";"2026-04-19T11:42:00.000Z";223.854
"2026-04-19T11:42:00.000Z";"2026-04-19T11:45:00.000Z";215.338
"2026-04-19T11:45:00.000Z";"2026-04-19T11:48:00.000Z";216.83
"2026-04-19T11:48:00.000Z";"2026-04-19T11:51:00.000Z";218.989
"2026-04-19T11:51:00.000Z";"2026-04-19T11:54:00.000Z";224.161
"2026-04-19T11:54:00.000Z";"2026-04-19T11:57:00.000Z";224.156
"2026-04-19T11:57:00.000Z";"2026-04-19T12:00:00.000Z";235.498
"2026-04-19T12:00:00.000Z";"2026-04-19T12:03:00.000Z";238.848
"2026-04-19T12:03:00.000Z";"2026-04-19T12:06:00.000Z";229.003
"2026-04-19T12:06:00.000Z";"2026-04-19T12:09:00.000Z";238.48
"2026-04-19T12:09:00.000Z";"2026-04-19T12:12:00.000Z";244.833
"2026-04-19T12:12:00.000Z";"2026-04-19T12:15:00.000Z";252.331
"2026-04-19T12:15:00.000Z";"2026-04-19T12:18:00.000Z";261.329
"2026-04-19T12:18:00.000Z";"2026-04-19T12:21:00.000Z";263.827
"2026-04-19T12:21:00.000Z";"2026-04-19T12:24:00.000Z";276.664
"2026-04-19T12:24:00.000Z";"2026-04-19T12:27:00.000Z";279.659
"2026-04-19T12:27:00.000Z";"2026-04-19T12:30:00.000Z";296.321
"2026-04-19T12:30:00.000Z";"2026-04-19T12:33:00.000Z";300.332
"2026-04-19T12:33:00.000Z";"2026-04-19T12:36:00.000Z";321.463
"2026-04-19T12:36:00.000Z";"2026-04-19T12:39:00.000Z";343.997
"2026-04-19T12:39:00.000Z";"2026-04-19T12:42:00.000Z";354.327
"2026-04-19T12:42:00.000Z";"2026-04-19T12:45:00.000Z";372.66
"2026-04-19T12:45:00.000Z";"2026-04-19T12:48:00.000Z";396.327
"2026-04-19T12:48:00.000Z";"2026-04-19T12:51:00.000Z";415.646
"2026-04-19T12:51:00.000Z";"2026-04-19T12:54:00.000Z";423.158
"2026-04-19T12:54:00.000Z";"2026-04-19T12:57:00.000Z";439.82
"2026-04-19T12:57:00.000Z";"2026-04-19T13:00:00.000Z";460.957
"2026-04-19T13:00:00.000Z";"2026-04-19T13:03:00.000Z";476.32
"2026-04-19T13:03:00.000Z";"2026-04-19T13:06:00.000Z";463.669
"2026-04-19T13:06:00.000Z";"2026-04-19T13:09:00.000Z";480.335
"2026-04-19T13:09:00.000Z";"2026-04-19T13:12:00.000Z";491.828
"2026-04-19T13:12:00.000Z";"2026-04-19T13:15:00.000Z";493.666
"2026-04-19T13:15:00.000Z";"2026-04-19T13:18:00.000Z";512.663
"2026-04-19T13:18:00.000Z";"2026-04-19T13:21:00.000Z";520.322
"2026-04-19T13:21:00.000Z";"2026-04-19T13:24:00.000Z";515.67
"2026-04-19T13:24:00.000Z";"2026-04-19T13:27:00.000Z";527.815
"2026-04-19T13:27:00.000Z";"2026-04-19T13:30:00.000Z";540.661
"2026-04-19T13:30:00.000Z";"2026-04-19T13:33:00.000Z";556.151
"2026-04-19T13:33:00.000Z";"2026-04-19T13:36:00.000Z";557.779
"2026-04-19T13:36:00.000Z";"2026-04-19T13:39:00.000Z";580.452
"2026-04-19T13:39:00.000Z";"2026-04-19T13:42:00.000Z";589.828
"2026-04-19T13:42:00.000Z";"2026-04-19T13:45:00.000Z";625.156
"2026-04-19T13:45:00.000Z";"2026-04-19T13:48:00.000Z";633.166
"2026-04-19T13:48:00.000Z";"2026-04-19T13:51:00.000Z";639.657
"2026-04-19T13:51:00.000Z";"2026-04-19T13:54:00.000Z";652.324
"2026-04-19T13:54:00.000Z";"2026-04-19T13:57:00.000Z";665.493
"2026-04-19T13:57:00.000Z";"2026-04-19T14:00:00.000Z";660.667
"2026-04-19T14:00:00.000Z";"2026-04-19T14:03:00.000Z";657.338
"2026-04-19T14:03:00.000Z";"2026-04-19T14:06:00.000Z";649.656
"2026-04-19T14:06:00.000Z";"2026-04-19T14:09:00.000Z";682.315
"2026-04-19T14:09:00.000Z";"2026-04-19T14:12:00.000Z";686.651
"2026-04-19T14:12:00.000Z";"2026-04-19T14:15:00.000Z";695.337
"2026-04-19T14:15:00.000Z";"2026-04-19T14:18:00.000Z";672.488
"2026-04-19T14:18:00.000Z";"2026-04-19T14:21:00.000Z";685.488
"2026-04-19T14:21:00.000Z";"2026-04-19T14:24:00.000Z";685.497
"2026-04-19T14:24:00.000Z";"2026-04-19T14:27:00.000Z";696.134
"2026-04-19T14:27:00.000Z";"2026-04-19T14:30:00.000Z";692.525
"2026-04-19T14:30:00.000Z";"2026-04-19T14:33:00.000Z";696.488
"2026-04-19T14:33:00.000Z";"2026-04-19T14:36:00.000Z";720.282
"2026-04-19T14:36:00.000Z";"2026-04-19T14:39:00.000Z";739.505
"2026-04-19T14:39:00.000Z";"2026-04-19T14:42:00.000Z";738.017
"2026-04-19T14:42:00.000Z";"2026-04-19T14:45:00.000Z";732.149
"2026-04-19T14:45:00.000Z";"2026-04-19T14:48:00.000Z";722.187
"2026-04-19T14:48:00.000Z";"2026-04-19T14:51:00.000Z";720.841
"2026-04-19T14:51:00.000Z";"2026-04-19T14:54:00.000Z";710.504
"2026-04-19T14:54:00.000Z";"2026-04-19T14:57:00.000Z";714.345
"2026-04-19T14:57:00.000Z";"2026-04-19T15:00:00.000Z";702.335
"2026-04-19T15:00:00.000Z";"2026-04-19T15:03:00.000Z";715.623
"2026-04-19T15:03:00.000Z";"2026-04-19T15:06:00.000Z";726.159
"2026-04-19T15:06:00.000Z";"2026-04-19T15:09:00.000Z";712.523
"2026-04-19T15:09:00.000Z";"2026-04-19T15:12:00.000Z";691.855
"2026-04-19T15:12:00.000Z";"2026-04-19T15:15:00.000Z";709.317
"2026-04-19T15:15:00.000Z";"2026-04-19T15:18:00.000Z";729.848
"2026-04-19T15:18:00.000Z";"2026-04-19T15:21:00.000Z";755.145
"2026-04-19T15:21:00.000Z";"2026-04-19T15:24:00.000Z";752.339
"2026-04-19T15:24:00.000Z";"2026-04-19T15:27:00.000Z";730.35
"2026-04-19T15:27:00.000Z";"2026-04-19T15:30:00.000Z";711.66
"2026-04-19T15:30:00.000Z";"2026-04-19T15:33:00.000Z";718.034
"2026-04-19T15:33:00.000Z";"2026-04-19T15:36:00.000Z";725.646
"2026-04-19T15:36:00.000Z";"2026-04-19T15:39:00.000Z";699.688
"2026-04-19T15:39:00.000Z";"2026-04-19T15:42:00.000Z";696.664
"2026-04-19T15:42:00.000Z";"2026-04-19T15:45:00.000Z";706.996
"2026-04-19T15:45:00.000Z";"2026-04-19T15:48:00.000Z";689.517
"2026-04-19T15:48:00.000Z";"2026-04-19T15:51:00.000Z";682.989
"2026-04-19T15:51:00.000Z";"2026-04-19T15:54:00.000Z";671.172
"2026-04-19T15:54:00.000Z";"2026-04-19T15:57:00.000Z";674.331
"2026-04-19T15:57:00.000Z";"2026-04-19T16:00:00.000Z";669.172
"2026-04-19T16:00:00.000Z";"2026-04-19T16:03:00.000Z";678.991
"2026-04-19T16:03:00.000Z";"2026-04-19T16:06:00.000Z";687.011
"2026-04-19T16:06:00.000Z";"2026-04-19T16:09:00.000Z";698.656
"2026-04-19T16:09:00.000Z";"2026-04-19T16:12:00.000Z";700.029
"2026-04-19T16:12:00.000Z";"2026-04-19T16:15:00.000Z";700.343
"2026-04-19T16:15:00.000Z";"2026-04-19T16:18:00.000Z";707.278
"2026-04-19T16:18:00.000Z";"2026-04-19T16:21:00.000Z";699.181
"2026-04-19T16:21:00.000Z";"2026-04-19T16:24:00.000Z";708.337
"2026-04-19T16:24:00.000Z";"2026-04-19T16:27:00.000Z";705.853
"2026-04-19T16:27:00.000Z";"2026-04-19T16:30:00.000Z";688.503
"2026-04-19T16:30:00.000Z";"2026-04-19T16:33:00.000Z";690.339
"2026-04-19T16:33:00.000Z";"2026-04-19T16:36:00.000Z";695.335
"2026-04-19T16:36:00.000Z";"2026-04-19T16:39:00.000Z";694.835
"2026-04-19T16:39:00.000Z";"2026-04-19T16:42:00.000Z";697.487
"2026-04-19T16:42:00.000Z";"2026-04-19T16:45:00.000Z";691.165
"2026-04-19T16:45:00.000Z";"2026-04-19T16:48:00.000Z";708.33
"2026-04-19T16:48:00.000Z";"2026-04-19T16:51:00.000Z";708
"2026-04-19T16:51:00.000Z";"2026-04-19T16:54:00.000Z";704.673
"2026-04-19T16:54:00.000Z";"2026-04-19T16:57:00.000Z";706.487
"2026-04-19T16:57:00.000Z";"2026-04-19T17:00:00.000Z";716.659
"2026-04-19T17:00:00.000Z";"2026-04-19T17:03:00.000Z";718.157
"2026-04-19T17:03:00.000Z";"2026-04-19T17:06:00.000Z";727.825
"2026-04-19T17:06:00.000Z";"2026-04-19T17:09:00.000Z";745.83
"2026-04-19T17:09:00.000Z";"2026-04-19T17:12:00.000Z";765.657
"2026-04-19T17:12:00.000Z";"2026-04-19T17:15:00.000Z";778.997
"2026-04-19T17:15:00.000Z";"2026-04-19T17:18:00.000Z";794.32
"2026-04-19T17:18:00.000Z";"2026-04-19T17:21:00.000Z";807.496
"2026-04-19T17:21:00.000Z";"2026-04-19T17:24:00.000Z";828.147
"2026-04-19T17:24:00.000Z";"2026-04-19T17:27:00.000Z";836.659
"2026-04-19T17:27:00.000Z";"2026-04-19T17:30:00.000Z";844.662
"2026-04-19T17:30:00.000Z";"2026-04-19T17:33:00.000Z";858.492
"2026-04-19T17:33:00.000Z";"2026-04-19T17:36:00.000Z";885.481
"2026-04-19T17:36:00.000Z";"2026-04-19T17:39:00.000Z";903.99
"2026-04-19T17:39:00.000Z";"2026-04-19T17:42:00.000Z";920.658
"2026-04-19T17:42:00.000Z";"2026-04-19T17:45:00.000Z";941
"2026-04-19T17:45:00.000Z";"2026-04-19T17:48:00.000Z";966.124
"2026-04-19T17:48:00.000Z";"2026-04-19T17:51:00.000Z";997.795
"2026-04-19T17:51:00.000Z";"2026-04-19T17:54:00.000Z";1021.16
"2026-04-19T17:54:00.000Z";"2026-04-19T17:57:00.000Z";1032.16
"2026-04-19T17:57:00.000Z";"2026-04-19T18:00:00.000Z";1049.65
"2026-04-19T18:00:00.000Z";"2026-04-19T18:03:00.000Z";1071.47
"2026-04-19T18:03:00.000Z";"2026-04-19T18:06:00.000Z";1086.83
"2026-04-19T18:06:00.000Z";"2026-04-19T18:09:00.000Z";1100.65
"2026-04-19T18:09:00.000Z";"2026-04-19T18:12:00.000Z";1112.99
"2026-04-19T18:12:00.000Z";"2026-04-19T18:15:00.000Z";1124.33
"2026-04-19T18:15:00.000Z";"2026-04-19T18:18:00.000Z";1137.82
"2026-04-19T18:18:00.000Z";"2026-04-19T18:21:00.000Z";1159.82
"2026-04-19T18:21:00.000Z";"2026-04-19T18:24:00.000Z";1173
"2026-04-19T18:24:00.000Z";"2026-04-19T18:27:00.000Z";1174.19
"2026-04-19T18:27:00.000Z";"2026-04-19T18:30:00.000Z";1166.82
"2026-04-19T18:30:00.000Z";"2026-04-19T18:33:00.000Z";1183.32
"2026-04-19T18:33:00.000Z";"2026-04-19T18:36:00.000Z";1201.83
"2026-04-19T18:36:00.000Z";"2026-04-19T18:39:00.000Z";1214.16
"2026-04-19T18:39:00.000Z";"2026-04-19T18:42:00.000Z";1216.5
"2026-04-19T18:42:00.000Z";"2026-04-19T18:45:00.000Z";1222.99
"2026-04-19T18:45:00.000Z";"2026-04-19T18:48:00.000Z";1236.49
"2026-04-19T18:48:00.000Z";"2026-04-19T18:51:00.000Z";1251.66
"2026-04-19T18:51:00.000Z";"2026-04-19T18:54:00.000Z";1270.16
"2026-04-19T18:54:00.000Z";"2026-04-19T18:57:00.000Z";1287.49
"2026-04-19T18:57:00.000Z";"2026-04-19T19:00:00.000Z";1306.31
"2026-04-19T19:00:00.000Z";"2026-04-19T19:03:00.000Z";1338.3
"2026-04-19T19:03:00.000Z";"2026-04-19T19:06:00.000Z";1359.79
"2026-04-19T19:06:00.000Z";"2026-04-19T19:09:00.000Z";1371.83
"2026-04-19T19:09:00.000Z";"2026-04-19T19:12:00.000Z";1387.32
"2026-04-19T19:12:00.000Z";"2026-04-19T19:15:00.000Z";1404.66
"2026-04-19T19:15:00.000Z";"2026-04-19T19:18:00.000Z";1422.83
"2026-04-19T19:18:00.000Z";"2026-04-19T19:21:00.000Z";1426.66
"2026-04-19T19:21:00.000Z";"2026-04-19T19:24:00.000Z";1438.82
"2026-04-19T19:24:00.000Z";"2026-04-19T19:27:00.000Z";1440.69
"2026-04-19T19:27:00.000Z";"2026-04-19T19:30:00.000Z";1456.99
"2026-04-19T19:30:00.000Z";"2026-04-19T19:33:00.000Z";1475.81
"2026-04-19T19:33:00.000Z";"2026-04-19T19:36:00.000Z";1488.5
"2026-04-19T19:36:00.000Z";"2026-04-19T19:39:00.000Z";1495.98
"2026-04-19T19:39:00.000Z";"2026-04-19T19:42:00.000Z";1486.33
"2026-04-19T19:42:00.000Z";"2026-04-19T19:45:00.000Z";1490.99
"2026-04-19T19:45:00.000Z";"2026-04-19T19:48:00.000Z";1488.34
"2026-04-19T19:48:00.000Z";"2026-04-19T19:51:00.000Z";1483.17
"2026-04-19T19:51:00.000Z";"2026-04-19T19:54:00.000Z";1481
"2026-04-19T19:54:00.000Z";"2026-04-19T19:57:00.000Z";1483.5
"2026-04-19T19:57:00.000Z";"2026-04-19T20:00:00.000Z";1482.33
"2026-04-19T20:00:00.000Z";"2026-04-19T20:03:00.000Z";1487.01
"2026-04-19T20:03:00.000Z";"2026-04-19T20:06:00.000Z";1501.63
"2026-04-19T20:06:00.000Z";"2026-04-19T20:09:00.000Z";1516.35
"2026-04-19T20:09:00.000Z";"2026-04-19T20:12:00.000Z";1505.01
"2026-04-19T20:12:00.000Z";"2026-04-19T20:15:00.000Z";1492.99
"2026-04-19T20:15:00.000Z";"2026-04-19T20:18:00.000Z";1506.14
"2026-04-19T20:18:00.000Z";"2026-04-19T20:21:00.000Z";1505.17
"2026-04-19T20:21:00.000Z";"2026-04-19T20:24:00.000Z";1496.84
"2026-04-19T20:24:00.000Z";"2026-04-19T20:27:00.000Z";1483.51
"2026-04-19T20:27:00.000Z";"2026-04-19T20:30:00.000Z";1482.5
"2026-04-19T20:30:00.000Z";"2026-04-19T20:33:00.000Z";1474.17
"2026-04-19T20:33:00.000Z";"2026-04-19T20:36:00.000Z";1462
"2026-04-19T20:36:00.000Z";"2026-04-19T20:39:00.000Z";1447.84
"2026-04-19T20:39:00.000Z";"2026-04-19T20:42:00.000Z";1429.86
"2026-04-19T20:42:00.000Z";"2026-04-19T20:45:00.000Z";1405.85
"2026-04-19T20:45:00.000Z";"2026-04-19T20:48:00.000Z";1389.01
"2026-04-19T20:48:00.000Z";"2026-04-19T20:51:00.000Z";1399.66
"2026-04-19T20:51:00.000Z";"2026-04-19T20:54:00.000Z";1400.5
"2026-04-19T20:54:00.000Z";"2026-04-19T20:57:00.000Z";1391.17
"2026-04-19T20:57:00.000Z";"2026-04-19T21:00:00.000Z";1377.67
"2026-04-19T21:00:00.000Z";"2026-04-19T21:03:00.000Z";1381.67
"2026-04-19T21:03:00.000Z";"2026-04-19T21:06:00.000Z";1389.48
"2026-04-19T21:06:00.000Z";"2026-04-19T21:09:00.000Z";1389.5
"2026-04-19T21:09:00.000Z";"2026-04-19T21:12:00.000Z";1386.5
"2026-04-19T21:12:00.000Z";"2026-04-19T21:15:00.000Z";1385.51
"2026-04-19T21:15:00.000Z";"2026-04-19T21:18:00.000Z";1377.84
"2026-04-19T21:18:00.000Z";"2026-04-19T21:21:00.000Z";1366.87
"2026-04-19T21:21:00.000Z";"2026-04-19T21:24:00.000Z";1365.17
"2026-04-19T21:24:00.000Z";"2026-04-19T21:27:00.000Z";1369.32
"2026-04-19T21:27:00.000Z";"2026-04-19T21:30:00.000Z";1363.34
"2026-04-19T21:30:00.000Z";"2026-04-19T21:33:00.000Z";1355.84
"2026-04-19T21:33:00.000Z";"2026-04-19T21:36:00.000Z";1334.68
"2026-04-19T21:36:00.000Z";"2026-04-19T21:39:00.000Z";1310.19
"2026-04-19T21:39:00.000Z";"2026-04-19T21:42:00.000Z";1284.34
"2026-04-19T21:42:00.000Z";"2026-04-19T21:45:00.000Z";1263.68
"2026-04-19T21:45:00.000Z";"2026-04-19T21:48:00.000Z";1250.85
"2026-04-19T21:48:00.000Z";"2026-04-19T21:51:00.000Z";1235.5
"2026-04-19T21:51:00.000Z";"2026-04-19T21:54:00.000Z";1225.01
"2026-04-19T21:54:00.000Z";"2026-04-19T21:57:00.000Z";1214.83
"2026-04-19T21:57:00.000Z";"2026-04-19T22:00:00.000Z";1209.49
"2026-04-19T22:00:00.000Z";"2026-04-19T22:03:00.000Z";1200.84
"2026-04-19T22:03:00.000Z";"2026-04-19T22:06:00.000Z";1206.65
"2026-04-19T22:06:00.000Z";"2026-04-19T22:09:00.000Z";1209.83
"2026-04-19T22:09:00.000Z";"2026-04-19T22:12:00.000Z";1204.16
"2026-04-19T22:12:00.000Z";"2026-04-19T22:15:00.000Z";1197.68
"2026-04-19T22:15:00.000Z";"2026-04-19T22:18:00.000Z";1182.68
"2026-04-19T22:18:00.000Z";"2026-04-19T22:21:00.000Z";1171.35
"2026-04-19T22:21:00.000Z";"2026-04-19T22:24:00.000Z";1155.03
"2026-04-19T22:24:00.000Z";"2026-04-19T22:27:00.000Z";1140.18
"2026-04-19T22:27:00.000Z";"2026-04-19T22:30:00.000Z";1130.67
"2026-04-19T22:30:00.000Z";"2026-04-19T22:33:00.000Z";1102.85
"2026-04-19T22:33:00.000Z";"2026-04-19T22:36:00.000Z";1095.47
"2026-04-19T22:36:00.000Z";"2026-04-19T22:39:00.000Z";1096.19
"2026-04-19T22:39:00.000Z";"2026-04-19T22:42:00.000Z";1072.34
"2026-04-19T22:42:00.000Z";"2026-04-19T22:45:00.000Z";1057.01
"2026-04-19T22:45:00.000Z";"2026-04-19T22:48:00.000Z";1036.17
"2026-04-19T22:48:00.000Z";"2026-04-19T22:51:00.000Z";1005.84
"2026-04-19T22:51:00.000Z";"2026-04-19T22:54:00.000Z";986.529
"2026-04-19T22:54:00.000Z";"2026-04-19T22:57:00.000Z";966.676
"2026-04-19T22:57:00.000Z";"2026-04-19T23:00:00.000Z";941.85
"2026-04-19T23:00:00.000Z";"2026-04-19T23:03:00.000Z";923.016
"2026-04-19T23:03:00.000Z";"2026-04-19T23:06:00.000Z";923.325
"2026-04-19T23:06:00.000Z";"2026-04-19T23:09:00.000Z";915.176
"2026-04-19T23:09:00.000Z";"2026-04-19T23:12:00.000Z";899.846
"2026-04-19T23:12:00.000Z";"2026-04-19T23:15:00.000Z";885.342
"2026-04-19T23:15:00.000Z";"2026-04-19T23:18:00.000Z";861.022
"2026-04-19T23:18:00.000Z";"2026-04-19T23:21:00.000Z";841.34
"2026-04-19T23:21:00.000Z";"2026-04-19T23:24:00.000Z";826.363
"2026-04-19T23:24:00.000Z";"2026-04-19T23:27:00.000Z";798.534
"2026-04-19T23:27:00.000Z";"2026-04-19T23:30:00.000Z";775.183
"2026-04-19T23:30:00.000Z";"2026-04-19T23:33:00.000Z";750.526
"2026-04-19T23:33:00.000Z";"2026-04-19T23:36:00.000Z";728.678
"2026-04-19T23:36:00.000Z";"2026-04-19T23:39:00.000Z";709.51
"2026-04-19T23:39:00.000Z";"2026-04-19T23:42:00.000Z";688.195
"2026-04-19T23:42:00.000Z";"2026-04-19T23:45:00.000Z";668.191
"2026-04-19T23:45:00.000Z";"2026-04-19T23:48:00.000Z";657.169
"2026-04-19T23:48:00.000Z";"2026-04-19T23:51:00.000Z";648.179
"2026-04-19T23:51:00.000Z";"2026-04-19T23:54:00.000Z";631.173
"2026-04-19T23:54:00.000Z";"2026-04-19T23:57:00.000Z";612.684
"2026-04-19T23:57:00.000Z";"2026-04-20T00:00:00.000Z";596.841
"2026-04-20T00:00:00.000Z";"2026-04-20T00:03:00.000Z";570.356
"2026-04-20T00:03:00.000Z";"2026-04-20T00:06:00.000Z";552
"2026-04-20T00:06:00.000Z";"2026-04-20T00:09:00.000Z";540.514
"2026-04-20T00:09:00.000Z";"2026-04-20T00:12:00.000Z";520.178
"2026-04-20T00:12:00.000Z";"2026-04-20T00:15:00.000Z";501.673
"2026-04-20T00:15:00.000Z";"2026-04-20T00:18:00.000Z";485.511
"2026-04-20T00:18:00.000Z";"2026-04-20T00:21:00.000Z";462.345
"2026-04-20T00:21:00.000Z";"2026-04-20T00:24:00.000Z";439.858
"2026-04-20T00:24:00.000Z";"2026-04-20T00:27:00.000Z";421.851
"2026-04-20T00:27:00.000Z";"2026-04-20T00:30:00.000Z";406.848
"2026-04-20T00:30:00.000Z";"2026-04-20T00:33:00.000Z";387.006
"2026-04-20T00:33:00.000Z";"2026-04-20T00:36:00.000Z";365.842
"2026-04-20T00:36:00.000Z";"2026-04-20T00:39:00.000Z";350.01
"2026-04-20T00:39:00.000Z";"2026-04-20T00:42:00.000Z";332.18
"2026-04-20T00:42:00.000Z";"2026-04-20T00:45:00.000Z";310.174
"2026-04-20T00:45:00.000Z";"2026-04-20T00:48:00.000Z";296.173
"2026-04-20T00:48:00.000Z";"2026-04-20T00:51:00.000Z";286.337
"2026-04-20T00:51:00.000Z";"2026-04-20T00:54:00.000Z";275.005
"2026-04-20T00:54:00.000Z";"2026-04-20T00:57:00.000Z";266.004
"2026-04-20T00:57:00.000Z";"2026-04-20T01:00:00.000Z";257.338
"2026-04-20T01:00:00.000Z";"2026-04-20T01:03:00.000Z";245.51
"2026-04-20T01:03:00.000Z";"2026-04-20T01:06:00.000Z";232.841
"2026-04-20T01:06:00.000Z";"2026-04-20T01:09:00.000Z";227.504
"2026-04-20T01:09:00.000Z";"2026-04-20T01:12:00.000Z";220.17
"2026-04-20T01:12:00.000Z";"2026-04-20T01:15:00.000Z";212.344
"2026-04-20T01:15:00.000Z";"2026-04-20T01:18:00.000Z";200.004
"2026-04-20T01:18:00.000Z";"2026-04-20T01:21:00.000Z";192.337
"2026-04-20T01:21:00.000Z";"2026-04-20T01:24:00.000Z";184.836
"2026-04-20T01:24:00.000Z";"2026-04-20T01:27:00.000Z";177.006
"2026-04-20T01:27:00.000Z";"2026-04-20T01:30:00.000Z";169.84
"2026-04-20T01:30:00.000Z";"2026-04-20T01:33:00.000Z";164.669
"2026-04-20T01:33:00.000Z";"2026-04-20T01:36:00.000Z";159.002
"2026-04-20T01:36:00.000Z";"2026-04-20T01:39:00.000Z";152.835
"2026-04-20T01:39:00.000Z";"2026-04-20T01:42:00.000Z";145.335
"2026-04-20T01:42:00.000Z";"2026-04-20T01:45:00.000Z";141.668
"2026-04-20T01:45:00.000Z";"2026-04-20T01:48:00.000Z";138.006
"2026-04-20T01:48:00.000Z";"2026-04-20T01:51:00.000Z";137.667
"2026-04-20T01:51:00.000Z";"2026-04-20T01:54:00.000Z";133.001
"2026-04-20T01:54:00.000Z";"2026-04-20T01:57:00.000Z";130.667
"2026-04-20T01:57:00.000Z";"2026-04-20T02:00:00.000Z";129.001
"2026-04-20T02:00:00.000Z";"2026-04-20T02:03:00.000Z";124.334
"2026-04-20T02:03:00.000Z";"2026-04-20T02:06:00.000Z";120.504
"2026-04-20T02:06:00.000Z";"2026-04-20T02:09:00.000Z";116.668
"2026-04-20T02:09:00.000Z";"2026-04-20T02:12:00.000Z";111.837
"2026-04-20T02:12:00.000Z";"2026-04-20T02:15:00.000Z";110
"2026-04-20T02:15:00.000Z";"2026-04-20T02:18:00.000Z";110
"2026-04-20T02:18:00.000Z";"2026-04-20T02:21:00.000Z";109.666
"2026-04-20T02:21:00.000Z";"2026-04-20T02:24:00.000Z";108.001
"2026-04-20T02:24:00.000Z";"2026-04-20T02:27:00.000Z";106
"2026-04-20T02:27:00.000Z";"2026-04-20T02:30:00.000Z";105
"2026-04-20T02:30:00.000Z";"2026-04-20T02:33:00.000Z";104
"2026-04-20T02:33:00.000Z";"2026-04-20T02:36:00.000Z";103.668
"2026-04-20T02:36:00.000Z";"2026-04-20T02:39:00.000Z";100.836
"2026-04-20T02:39:00.000Z";"2026-04-20T02:42:00.000Z";101.333
"2026-04-20T02:42:00.000Z";"2026-04-20T02:45:00.000Z";103
"2026-04-20T02:45:00.000Z";"2026-04-20T02:48:00.000Z";99.336
"2026-04-20T02:48:00.000Z";"2026-04-20T02:51:00.000Z";94.668
"2026-04-20T02:51:00.000Z";"2026-04-20T02:54:00.000Z";91
"2026-04-20T02:54:00.000Z";"2026-04-20T02:57:00.000Z";91
"2026-04-20T02:57:00.000Z";"2026-04-20T03:00:00.000Z";88.669
"2026-04-20T03:00:00.000Z";"2026-04-20T03:03:00.000Z";89.332
"2026-04-20T03:03:00.000Z";"2026-04-20T03:06:00.000Z";89.67
"2026-04-20T03:06:00.000Z";"2026-04-20T03:09:00.000Z";89.332
"2026-04-20T03:09:00.000Z";"2026-04-20T03:12:00.000Z";88
"2026-04-20T03:12:00.000Z";"2026-04-20T03:15:00.000Z";87
"2026-04-20T03:15:00.000Z";"2026-04-20T03:18:00.000Z";87
"2026-04-20T03:18:00.000Z";"2026-04-20T03:21:00.000Z";84.003
"2026-04-20T03:21:00.000Z";"2026-04-20T03:24:00.000Z";82.332
"2026-04-20T03:24:00.000Z";"2026-04-20T03:27:00.000Z";81.001
"2026-04-20T03:27:00.000Z";"2026-04-20T03:30:00.000Z";80.666
"2026-04-20T03:30:00.000Z";"2026-04-20T03:33:00.000Z";83.33
"2026-04-20T03:33:00.000Z";"2026-04-20T03:36:00.000Z";88.996
"2026-04-20T03:36:00.000Z";"2026-04-20T03:39:00.000Z";89.666
"2026-04-20T03:39:00.000Z";"2026-04-20T03:42:00.000Z";90
"2026-04-20T03:42:00.000Z";"2026-04-20T03:45:00.000Z";90
"2026-04-20T03:45:00.000Z";"2026-04-20T03:48:00.000Z";89.667
"2026-04-20T03:48:00.000Z";"2026-04-20T03:51:00.000Z";87.666
"2026-04-20T03:51:00.000Z";"2026-04-20T03:54:00.000Z";86.503
"2026-04-20T03:54:00.000Z";"2026-04-20T03:57:00.000Z";83.667
"2026-04-20T03:57:00.000Z";"2026-04-20T04:00:00.000Z";82.669
"2026-04-20T04:00:00.000Z";"2026-04-20T04:03:00.000Z";83.169
"2026-04-20T04:03:00.000Z";"2026-04-20T04:06:00.000Z";81.333
"2026-04-20T04:06:00.000Z";"2026-04-20T04:09:00.000Z";81
"2026-04-20T04:09:00.000Z";"2026-04-20T04:12:00.000Z";78.334
"2026-04-20T04:12:00.000Z";"2026-04-20T04:15:00.000Z";79
"2026-04-20T04:15:00.000Z";"2026-04-20T04:18:00.000Z";78.334
"2026-04-20T04:18:00.000Z";"2026-04-20T04:21:00.000Z";77.501
"2026-04-20T04:21:00.000Z";"2026-04-20T04:24:00.000Z";77.33
"2026-04-20T04:24:00.000Z";"2026-04-20T04:27:00.000Z";74.672
"2026-04-20T04:27:00.000Z";"2026-04-20T04:30:00.000Z";73.501
"2026-04-20T04:30:00.000Z";"2026-04-20T04:33:00.000Z";72.333
"2026-04-20T04:33:00.000Z";"2026-04-20T04:36:00.000Z";72.667
"2026-04-20T04:36:00.000Z";"2026-04-20T04:39:00.000Z";73.996
"2026-04-20T04:39:00.000Z";"2026-04-20T04:42:00.000Z";77.166
"2026-04-20T04:42:00.000Z";"2026-04-20T04:45:00.000Z";78.997
"2026-04-20T04:45:00.000Z";"2026-04-20T04:48:00.000Z";80.666
"2026-04-20T04:48:00.000Z";"2026-04-20T04:51:00.000Z";81
"2026-04-20T04:51:00.000Z";"2026-04-20T04:54:00.000Z";79.002
"2026-04-20T04:54:00.000Z";"2026-04-20T04:57:00.000Z";80.997
"2026-04-20T04:57:00.000Z";"2026-04-20T05:00:00.000Z";82.999
"2026-04-20T05:00:00.000Z";"2026-04-20T05:03:00.000Z";83.507
"2026-04-20T05:03:00.000Z";"2026-04-20T05:06:00.000Z";82.502
"2026-04-20T05:06:00.000Z";"2026-04-20T05:09:00.000Z";80.335
"2026-04-20T05:09:00.000Z";"2026-04-20T05:12:00.000Z";82
"2026-04-20T05:12:00.000Z";"2026-04-20T05:15:00.000Z";84.499
"2026-04-20T05:15:00.000Z";"2026-04-20T05:18:00.000Z";84.668
"2026-04-20T05:18:00.000Z";"2026-04-20T05:21:00.000Z";86.83
"2026-04-20T05:21:00.000Z";"2026-04-20T05:24:00.000Z";86
"2026-04-20T05:24:00.000Z";"2026-04-20T05:27:00.000Z";86.166
"2026-04-20T05:27:00.000Z";"2026-04-20T05:30:00.000Z";87.333
"2026-04-20T05:30:00.000Z";"2026-04-20T05:33:00.000Z";85.168
"2026-04-20T05:33:00.000Z";"2026-04-20T05:36:00.000Z";86.665
"2026-04-20T05:36:00.000Z";"2026-04-20T05:39:00.000Z";83.004
"2026-04-20T05:39:00.000Z";"2026-04-20T05:42:00.000Z";81.667
"2026-04-20T05:42:00.000Z";"2026-04-20T05:45:00.000Z";82.5
"2026-04-20T05:45:00.000Z";"2026-04-20T05:48:00.000Z";81.668
"2026-04-20T05:48:00.000Z";"2026-04-20T05:51:00.000Z";80.665
"2026-04-20T05:51:00.000Z";"2026-04-20T05:54:00.000Z";78.669
"2026-04-20T05:54:00.000Z";"2026-04-20T05:57:00.000Z";73.35
"2026-04-20T05:57:00.000Z";"2026-04-20T06:00:00.000Z";72.334
"2026-04-20T06:00:00.000Z";"2026-04-20T06:03:00.000Z";70.501
"2026-04-20T06:03:00.000Z";"2026-04-20T06:06:00.000Z";68.83
"2026-04-20T06:06:00.000Z";"2026-04-20T06:09:00.000Z";66.668
"2026-04-20T06:09:00.000Z";"2026-04-20T06:12:00.000Z";65.002
"2026-04-20T06:12:00.000Z";"2026-04-20T06:15:00.000Z";62.671
"2026-04-20T06:15:00.000Z";"2026-04-20T06:18:00.000Z";58.67
"2026-04-20T06:18:00.000Z";"2026-04-20T06:21:00.000Z";54.672
"2026-04-20T06:21:00.000Z";"2026-04-20T06:24:00.000Z";50.008
"2026-04-20T06:24:00.000Z";"2026-04-20T06:27:00.000Z";46.174
"2026-04-20T06:27:00.000Z";"2026-04-20T06:30:00.000Z";41.334
"2026-04-20T06:30:00.000Z";"2026-04-20T06:33:00.000Z";37.501
"2026-04-20T06:33:00.000Z";"2026-04-20T06:36:00.000Z";34.5
"2026-04-20T06:36:00.000Z";"2026-04-20T06:39:00.000Z";33.503
"2026-04-20T06:39:00.000Z";"2026-04-20T06:42:00.000Z";33.001
"2026-04-20T06:42:00.000Z";"2026-04-20T06:45:00.000Z";31.001
"2026-04-20T06:45:00.000Z";"2026-04-20T06:48:00.000Z";26.669
"2026-04-20T06:48:00.000Z";"2026-04-20T06:51:00.000Z";26
"2026-04-20T06:51:00.000Z";"2026-04-20T06:54:00.000Z";27.33
"2026-04-20T06:54:00.000Z";"2026-04-20T06:57:00.000Z";26.666
"2026-04-20T06:57:00.000Z";"2026-04-20T07:00:00.000Z";29.164
"2026-04-20T07:00:00.000Z";"2026-04-20T07:03:00.000Z";31.834
"2026-04-20T07:03:00.000Z";"2026-04-20T07:06:00.000Z";32.833
"2026-04-20T07:06:00.000Z";"2026-04-20T07:09:00.000Z";34.828
"2026-04-20T07:09:00.000Z";"2026-04-20T07:12:00.000Z";37.334
"2026-04-20T07:12:00.000Z";"2026-04-20T07:15:00.000Z";41.656
"2026-04-20T07:15:00.000Z";"2026-04-20T07:18:00.000Z";45.338
"2026-04-20T07:18:00.000Z";"2026-04-20T07:21:00.000Z";40.837
"2026-04-20T07:21:00.000Z";"2026-04-20T07:24:00.000Z";44.331
"2026-04-20T07:24:00.000Z";"2026-04-20T07:27:00.000Z";48.333
"2026-04-20T07:27:00.000Z";"2026-04-20T07:30:00.000Z";50.501
"2026-04-20T07:30:00.000Z";"2026-04-20T07:33:00.000Z";52.663
"2026-04-20T07:33:00.000Z";"2026-04-20T07:36:00.000Z";57.994
"2026-04-20T07:36:00.000Z";"2026-04-20T07:39:00.000Z";66.333
"2026-04-20T07:39:00.000Z";"2026-04-20T07:42:00.000Z";68.166
"2026-04-20T07:42:00.000Z";"2026-04-20T07:45:00.000Z";77.337
"2026-04-20T07:45:00.000Z";"2026-04-20T07:48:00.000Z";84.993
"2026-04-20T07:48:00.000Z";"2026-04-20T07:51:00.000Z";82.495
"2026-04-20T07:51:00.000Z";"2026-04-20T07:54:00.000Z";90.318
"2026-04-20T07:54:00.000Z";"2026-04-20T07:57:00.000Z";94.169
"2026-04-20T07:57:00.000Z";"2026-04-20T08:00:00.000Z";93.327
"2026-04-20T08:00:00.000Z";"2026-04-20T08:03:00.000Z";99.495
"2026-04-20T08:03:00.000Z";"2026-04-20T08:06:00.000Z";108
"2026-04-20T08:06:00.000Z";"2026-04-20T08:09:00.000Z";114.162
"2026-04-20T08:09:00.000Z";"2026-04-20T08:12:00.000Z";117.996
"2026-04-20T08:12:00.000Z";"2026-04-20T08:15:00.000Z";119.652
"2026-04-20T08:15:00.000Z";"2026-04-20T08:18:00.000Z";125.828
"2026-04-20T08:18:00.000Z";"2026-04-20T08:21:00.000Z";131.334
"2026-04-20T08:21:00.000Z";"2026-04-20T08:24:00.000Z";131.003
"2026-04-20T08:24:00.000Z";"2026-04-20T08:27:00.000Z";128.334
"2026-04-20T08:27:00.000Z";"2026-04-20T08:30:00.000Z";127.165
"2026-04-20T08:30:00.000Z";"2026-04-20T08:33:00.000Z";135.157
"2026-04-20T08:33:00.000Z";"2026-04-20T08:36:00.000Z";149.331
"2026-04-20T08:36:00.000Z";"2026-04-20T08:39:00.000Z";153.331
"2026-04-20T08:39:00.000Z";"2026-04-20T08:42:00.000Z";162.495
"2026-04-20T08:42:00.000Z";"2026-04-20T08:45:00.000Z";163.159
"2026-04-20T08:45:00.000Z";"2026-04-20T08:48:00.000Z";155.832
"2026-04-20T08:48:00.000Z";"2026-04-20T08:51:00.000Z";157.33
"2026-04-20T08:51:00.000Z";"2026-04-20T08:54:00.000Z";162.516
"2026-04-20T08:54:00.000Z";"2026-04-20T08:57:00.000Z";163.677
"2026-04-20T08:57:00.000Z";"2026-04-20T09:00:00.000Z";167.846
"2026-04-20T09:00:00.000Z";"2026-04-20T09:03:00.000Z";183.156
"2026-04-20T09:03:00.000Z";"2026-04-20T09:06:00.000Z";172.001
"2026-04-20T09:06:00.000Z";"2026-04-20T09:09:00.000Z";169.163
"2026-04-20T09:09:00.000Z";"2026-04-20T09:12:00.000Z";175.852
"2026-04-20T09:12:00.000Z";"2026-04-20T09:15:00.000Z";164.502
"2026-04-20T09:15:00.000Z";"2026-04-20T09:18:00.000Z";175.656
"2026-04-20T09:18:00.000Z";"2026-04-20T09:21:00.000Z";177.009
"2026-04-20T09:21:00.000Z";"2026-04-20T09:24:00.000Z";173.327
"2026-04-20T09:24:00.000Z";"2026-04-20T09:27:00.000Z";177.846
"2026-04-20T09:27:00.000Z";"2026-04-20T09:30:00.000Z";177.331
"2026-04-20T09:30:00.000Z";"2026-04-20T09:33:00.000Z";181.327
"2026-04-20T09:33:00.000Z";"2026-04-20T09:36:00.000Z";184.658
"2026-04-20T09:36:00.000Z";"2026-04-20T09:39:00.000Z";188.157
"2026-04-20T09:39:00.000Z";"2026-04-20T09:42:00.000Z";185.167
"2026-04-20T09:42:00.000Z";"2026-04-20T09:45:00.000Z";190.161
"2026-04-20T09:45:00.000Z";"2026-04-20T09:48:00.000Z";197.81
"2026-04-20T09:48:00.000Z";"2026-04-20T09:51:00.000Z";215.831
"2026-04-20T09:51:00.000Z";"2026-04-20T09:54:00.000Z";220.166
"2026-04-20T09:54:00.000Z";"2026-04-20T09:57:00.000Z";220.498
"2026-04-20T09:57:00.000Z";"2026-04-20T10:00:00.000Z";221.671
"2026-04-20T10:00:00.000Z";"2026-04-20T10:03:00.000Z";229.99
"2026-04-20T10:03:00.000Z";"2026-04-20T10:06:00.000Z";233.16
"2026-04-20T10:06:00.000Z";"2026-04-20T10:09:00.000Z";236.318
"2026-04-20T10:09:00.000Z";"2026-04-20T10:12:00.000Z";230.51
"2026-04-20T10:12:00.000Z";"2026-04-20T10:15:00.000Z";239.491
"2026-04-20T10:15:00.000Z";"2026-04-20T10:18:00.000Z";249.995
"2026-04-20T10:18:00.000Z";"2026-04-20T10:21:00.000Z";254.828
"2026-04-20T10:21:00.000Z";"2026-04-20T10:24:00.000Z";252.993
"2026-04-20T10:24:00.000Z";"2026-04-20T10:27:00.000Z";257.001
"2026-04-20T10:27:00.000Z";"2026-04-20T10:30:00.000Z";257.83
"2026-04-20T10:30:00.000Z";"2026-04-20T10:33:00.000Z";287.289
"2026-04-20T10:33:00.000Z";"2026-04-20T10:36:00.000Z";301.163
"2026-04-20T10:36:00.000Z";"2026-04-20T10:39:00.000Z";299.503
"2026-04-20T10:39:00.000Z";"2026-04-20T10:42:00.000Z";308.995
"2026-04-20T10:42:00.000Z";"2026-04-20T10:45:00.000Z";302.338
"2026-04-20T10:45:00.000Z";"2026-04-20T10:48:00.000Z";316.484
"2026-04-20T10:48:00.000Z";"2026-04-20T10:51:00.000Z";325.168
"2026-04-20T10:51:00.000Z";"2026-04-20T10:54:00.000Z";327.325
"2026-04-20T10:54:00.000Z";"2026-04-20T10:57:00.000Z";332.83
"2026-04-20T10:57:00.000Z";"2026-04-20T11:00:00.000Z";327.842
"2026-04-20T11:00:00.000Z";"2026-04-20T11:03:00.000Z";337.151
"2026-04-20T11:03:00.000Z";"2026-04-20T11:06:00.000Z";350.334
"2026-04-20T11:06:00.000Z";"2026-04-20T11:09:00.000Z";355.006
"2026-04-20T11:09:00.000Z";"2026-04-20T11:12:00.000Z";360.827
"2026-04-20T11:12:00.000Z";"2026-04-20T11:15:00.000Z";379.653
"2026-04-20T11:15:00.000Z";"2026-04-20T11:18:00.000Z";384.498
"2026-04-20T11:18:00.000Z";"2026-04-20T11:21:00.000Z";396.651
"2026-04-20T11:21:00.000Z";"2026-04-20T11:24:00.000Z";398.664
"2026-04-20T11:24:00.000Z";"2026-04-20T11:27:00.000Z";398.997
"2026-04-20T11:27:00.000Z";"2026-04-20T11:30:00.000Z";410.475
"2026-04-20T11:30:00.000Z";"2026-04-20T11:33:00.000Z";421.822
"2026-04-20T11:33:00.000Z";"2026-04-20T11:36:00.000Z";420.341
"2026-04-20T11:36:00.000Z";"2026-04-20T11:39:00.000Z";425.009
"2026-04-20T11:39:00.000Z";"2026-04-20T11:42:00.000Z";419.992
"2026-04-20T11:42:00.000Z";"2026-04-20T11:45:00.000Z";431.494
"2026-04-20T11:45:00.000Z";"2026-04-20T11:48:00.000Z";430.189
"2026-04-20T11:48:00.000Z";"2026-04-20T11:51:00.000Z";414.023
"2026-04-20T11:51:00.000Z";"2026-04-20T11:54:00.000Z";426.491
"2026-04-20T11:54:00.000Z";"2026-04-20T11:57:00.000Z";425.832
"2026-04-20T11:57:00.000Z";"2026-04-20T12:00:00.000Z";436.329
"2026-04-20T12:00:00.000Z";"2026-04-20T12:03:00.000Z";438.164
"2026-04-20T12:03:00.000Z";"2026-04-20T12:06:00.000Z";460.157
"2026-04-20T12:06:00.000Z";"2026-04-20T12:09:00.000Z";470.665
"2026-04-20T12:09:00.000Z";"2026-04-20T12:12:00.000Z";485.463
"2026-04-20T12:12:00.000Z";"2026-04-20T12:15:00.000Z";500.147
"2026-04-20T12:15:00.000Z";"2026-04-20T12:18:00.000Z";510.833
"2026-04-20T12:18:00.000Z";"2026-04-20T12:21:00.000Z";518.657
"2026-04-20T12:21:00.000Z";"2026-04-20T12:24:00.000Z";537.816
"2026-04-20T12:24:00.000Z";"2026-04-20T12:27:00.000Z";556.782
"2026-04-20T12:27:00.000Z";"2026-04-20T12:30:00.000Z";583.822
"2026-04-20T12:30:00.000Z";"2026-04-20T12:33:00.000Z";591.159
"2026-04-20T12:33:00.000Z";"2026-04-20T12:36:00.000Z";606.982
"2026-04-20T12:36:00.000Z";"2026-04-20T12:39:00.000Z";609.991
"2026-04-20T12:39:00.000Z";"2026-04-20T12:42:00.000Z";624.141
"2026-04-20T12:42:00.000Z";"2026-04-20T12:45:00.000Z";654.937
"2026-04-20T12:45:00.000Z";"2026-04-20T12:48:00.000Z";668.502
"2026-04-20T12:48:00.000Z";"2026-04-20T12:51:00.000Z";698.126
"2026-04-20T12:51:00.000Z";"2026-04-20T12:54:00.000Z";697.341
"2026-04-20T12:54:00.000Z";"2026-04-20T12:57:00.000Z";709.823
"2026-04-20T12:57:00.000Z";"2026-04-20T13:00:00.000Z";724.334
"2026-04-20T13:00:00.000Z";"2026-04-20T13:03:00.000Z";751.49
"2026-04-20T13:03:00.000Z";"2026-04-20T13:06:00.000Z";748.49
"2026-04-20T13:06:00.000Z";"2026-04-20T13:09:00.000Z";747.497
"2026-04-20T13:09:00.000Z";"2026-04-20T13:12:00.000Z";752.801
"2026-04-20T13:12:00.000Z";"2026-04-20T13:15:00.000Z";768.169
"2026-04-20T13:15:00.000Z";"2026-04-20T13:18:00.000Z";772.158
"2026-04-20T13:18:00.000Z";"2026-04-20T13:21:00.000Z";792.652
"2026-04-20T13:21:00.000Z";"2026-04-20T13:24:00.000Z";805.304
"2026-04-20T13:24:00.000Z";"2026-04-20T13:27:00.000Z";804.683
"2026-04-20T13:27:00.000Z";"2026-04-20T13:30:00.000Z";784.171
"2026-04-20T13:30:00.000Z";"2026-04-20T13:33:00.000Z";759.686
"2026-04-20T13:33:00.000Z";"2026-04-20T13:36:00.000Z";727.666
"2026-04-20T13:36:00.000Z";"2026-04-20T13:39:00.000Z";747.833
"2026-04-20T13:39:00.000Z";"2026-04-20T13:42:00.000Z";738.204
"2026-04-20T13:42:00.000Z";"2026-04-20T13:45:00.000Z";723.991
"2026-04-20T13:45:00.000Z";"2026-04-20T13:48:00.000Z";714.521
"2026-04-20T13:48:00.000Z";"2026-04-20T13:51:00.000Z";693.196
"2026-04-20T13:51:00.000Z";"2026-04-20T13:54:00.000Z";686.148
"2026-04-20T13:54:00.000Z";"2026-04-20T13:57:00.000Z";672.998
"2026-04-20T13:57:00.000Z";"2026-04-20T14:00:00.000Z";683.486
"2026-04-20T14:00:00.000Z";"2026-04-20T14:03:00.000Z";680.67
"2026-04-20T14:03:00.000Z";"2026-04-20T14:06:00.000Z";689.659
"2026-04-20T14:06:00.000Z";"2026-04-20T14:09:00.000Z";701.971
"2026-04-20T14:09:00.000Z";"2026-04-20T14:12:00.000Z";702.163
"2026-04-20T14:12:00.000Z";"2026-04-20T14:15:00.000Z";695.862
"2026-04-20T14:15:00.000Z";"2026-04-20T14:18:00.000Z";682.494
"2026-04-20T14:18:00.000Z";"2026-04-20T14:21:00.000Z";673.829
"2026-04-20T14:21:00.000Z";"2026-04-20T14:24:00.000Z";678.191
"2026-04-20T14:24:00.000Z";"2026-04-20T14:27:00.000Z";681.118
"2026-04-20T14:27:00.000Z";"2026-04-20T14:30:00.000Z";679.339
"2026-04-20T14:30:00.000Z";"2026-04-20T14:33:00.000Z";685.677
"2026-04-20T14:33:00.000Z";"2026-04-20T14:36:00.000Z";703.815
"2026-04-20T14:36:00.000Z";"2026-04-20T14:39:00.000Z";718.498
"2026-04-20T14:39:00.000Z";"2026-04-20T14:42:00.000Z";702.829
"2026-04-20T14:42:00.000Z";"2026-04-20T14:45:00.000Z";688.028
"2026-04-20T14:45:00.000Z";"2026-04-20T14:48:00.000Z";706.156
"2026-04-20T14:48:00.000Z";"2026-04-20T14:51:00.000Z";711.18
"2026-04-20T14:51:00.000Z";"2026-04-20T14:54:00.000Z";684.169
"2026-04-20T14:54:00.000Z";"2026-04-20T14:57:00.000Z";668.518
"2026-04-20T14:57:00.000Z";"2026-04-20T15:00:00.000Z";662.148
"2026-04-20T15:00:00.000Z";"2026-04-20T15:03:00.000Z";659.674
"2026-04-20T15:03:00.000Z";"2026-04-20T15:06:00.000Z";647.668
"2026-04-20T15:06:00.000Z";"2026-04-20T15:09:00.000Z";658.835
"2026-04-20T15:09:00.000Z";"2026-04-20T15:12:00.000Z";641.832
"2026-04-20T15:12:00.000Z";"2026-04-20T15:15:00.000Z";633.182
"2026-04-20T15:15:00.000Z";"2026-04-20T15:18:00.000Z";618.349
"2026-04-20T15:18:00.000Z";"2026-04-20T15:21:00.000Z";630.095
"2026-04-20T15:21:00.000Z";"2026-04-20T15:24:00.000Z";681.986
"2026-04-20T15:24:00.000Z";"2026-04-20T15:27:00.000Z";688.185
"2026-04-20T15:27:00.000Z";"2026-04-20T15:30:00.000Z";689.324
"2026-04-20T15:30:00.000Z";"2026-04-20T15:33:00.000Z";699.973
"2026-04-20T15:33:00.000Z";"2026-04-20T15:36:00.000Z";678.34
"2026-04-20T15:36:00.000Z";"2026-04-20T15:39:00.000Z";679.163
"2026-04-20T15:39:00.000Z";"2026-04-20T15:42:00.000Z";676.503
"2026-04-20T15:42:00.000Z";"2026-04-20T15:45:00.000Z";680.164
"2026-04-20T15:45:00.000Z";"2026-04-20T15:48:00.000Z";672.18
"2026-04-20T15:48:00.000Z";"2026-04-20T15:51:00.000Z";676.002
"2026-04-20T15:51:00.000Z";"2026-04-20T15:54:00.000Z";683.13
"2026-04-20T15:54:00.000Z";"2026-04-20T15:57:00.000Z";695.654
"2026-04-20T15:57:00.000Z";"2026-04-20T16:00:00.000Z";706.656
"2026-04-20T16:00:00.000Z";"2026-04-20T16:03:00.000Z";694.511
"2026-04-20T16:03:00.000Z";"2026-04-20T16:06:00.000Z";688.332
"2026-04-20T16:06:00.000Z";"2026-04-20T16:09:00.000Z";688.491
"2026-04-20T16:09:00.000Z";"2026-04-20T16:12:00.000Z";685.191
"2026-04-20T16:12:00.000Z";"2026-04-20T16:15:00.000Z";691.831
"2026-04-20T16:15:00.000Z";"2026-04-20T16:18:00.000Z";689.844
"2026-04-20T16:18:00.000Z";"2026-04-20T16:21:00.000Z";697.325
"2026-04-20T16:21:00.000Z";"2026-04-20T16:24:00.000Z";699.507
"2026-04-20T16:24:00.000Z";"2026-04-20T16:27:00.000Z";709.649
"2026-04-20T16:27:00.000Z";"2026-04-20T16:30:00.000Z";707.335
"2026-04-20T16:30:00.000Z";"2026-04-20T16:33:00.000Z";717.827
"2026-04-20T16:33:00.000Z";"2026-04-20T16:36:00.000Z";716.332
"2026-04-20T16:36:00.000Z";"2026-04-20T16:39:00.000Z";708.827
"2026-04-20T16:39:00.000Z";"2026-04-20T16:42:00.000Z";717.827
"2026-04-20T16:42:00.000Z";"2026-04-20T16:45:00.000Z";723.183
"2026-04-20T16:45:00.000Z";"2026-04-20T16:48:00.000Z";719.51
"2026-04-20T16:48:00.000Z";"2026-04-20T16:51:00.000Z";724.642
"2026-04-20T16:51:00.000Z";"2026-04-20T16:54:00.000Z";744.657
"2026-04-20T16:54:00.000Z";"2026-04-20T16:57:00.000Z";757.494
"2026-04-20T16:57:00.000Z";"2026-04-20T17:00:00.000Z";770.83
"2026-04-20T17:00:00.000Z";"2026-04-20T17:03:00.000Z";783.83
"2026-04-20T17:03:00.000Z";"2026-04-20T17:06:00.000Z";789.99
"2026-04-20T17:06:00.000Z";"2026-04-20T17:09:00.000Z";811.133
"2026-04-20T17:09:00.000Z";"2026-04-20T17:12:00.000Z";832.787
"2026-04-20T17:12:00.000Z";"2026-04-20T17:15:00.000Z";851.508
"2026-04-20T17:15:00.000Z";"2026-04-20T17:18:00.000Z";865.319
"2026-04-20T17:18:00.000Z";"2026-04-20T17:21:00.000Z";887.478
"2026-04-20T17:21:00.000Z";"2026-04-20T17:24:00.000Z";912.812
"2026-04-20T17:24:00.000Z";"2026-04-20T17:27:00.000Z";943.133
"2026-04-20T17:27:00.000Z";"2026-04-20T17:30:00.000Z";979.141
"2026-04-20T17:30:00.000Z";"2026-04-20T17:33:00.000Z";1005.32
"2026-04-20T17:33:00.000Z";"2026-04-20T17:36:00.000Z";1034.48
"2026-04-20T17:36:00.000Z";"2026-04-20T17:39:00.000Z";1065.48
"2026-04-20T17:39:00.000Z";"2026-04-20T17:42:00.000Z";1090.64
"2026-04-20T17:42:00.000Z";"2026-04-20T17:45:00.000Z";1122.8
"2026-04-20T17:45:00.000Z";"2026-04-20T17:48:00.000Z";1164.65
"2026-04-20T17:48:00.000Z";"2026-04-20T17:51:00.000Z";1192.82
"2026-04-20T17:51:00.000Z";"2026-04-20T17:54:00.000Z";1220.15
"2026-04-20T17:54:00.000Z";"2026-04-20T17:57:00.000Z";1243.65
"2026-04-20T17:57:00.000Z";"2026-04-20T18:00:00.000Z";1269.32
"2026-04-20T18:00:00.000Z";"2026-04-20T18:03:00.000Z";1297.81
"2026-04-20T18:03:00.000Z";"2026-04-20T18:06:00.000Z";1332.16
"2026-04-20T18:06:00.000Z";"2026-04-20T18:09:00.000Z";1363.47
"2026-04-20T18:09:00.000Z";"2026-04-20T18:12:00.000Z";1397.98
"2026-04-20T18:12:00.000Z";"2026-04-20T18:15:00.000Z";1423.8
"2026-04-20T18:15:00.000Z";"2026-04-20T18:18:00.000Z";1445.46
"2026-04-20T18:18:00.000Z";"2026-04-20T18:21:00.000Z";1468.99
"2026-04-20T18:21:00.000Z";"2026-04-20T18:24:00.000Z";1477.32
"2026-04-20T18:24:00.000Z";"2026-04-20T18:27:00.000Z";1495.98
"2026-04-20T18:27:00.000Z";"2026-04-20T18:30:00.000Z";1517.65
"2026-04-20T18:30:00.000Z";"2026-04-20T18:33:00.000Z";1528.5
"2026-04-20T18:33:00.000Z";"2026-04-20T18:36:00.000Z";1545.99
"2026-04-20T18:36:00.000Z";"2026-04-20T18:39:00.000Z";1575.81
"2026-04-20T18:39:00.000Z";"2026-04-20T18:42:00.000Z";1599.98
"2026-04-20T18:42:00.000Z";"2026-04-20T18:45:00.000Z";1626.81
"2026-04-20T18:45:00.000Z";"2026-04-20T18:48:00.000Z";1649.32
"2026-04-20T18:48:00.000Z";"2026-04-20T18:51:00.000Z";1663.99
"2026-04-20T18:51:00.000Z";"2026-04-20T18:54:00.000Z";1686.49
"2026-04-20T18:54:00.000Z";"2026-04-20T18:57:00.000Z";1709.82
"2026-04-20T18:57:00.000Z";"2026-04-20T19:00:00.000Z";1711.17
"2026-04-20T19:00:00.000Z";"2026-04-20T19:03:00.000Z";1717
"2026-04-20T19:03:00.000Z";"2026-04-20T19:06:00.000Z";1726.16
"2026-04-20T19:06:00.000Z";"2026-04-20T19:09:00.000Z";1757.97
"2026-04-20T19:09:00.000Z";"2026-04-20T19:12:00.000Z";1790.33
"2026-04-20T19:12:00.000Z";"2026-04-20T19:15:00.000Z";1820.65
"2026-04-20T19:15:00.000Z";"2026-04-20T19:18:00.000Z";1836.84
"2026-04-20T19:18:00.000Z";"2026-04-20T19:21:00.000Z";1861.98
"2026-04-20T19:21:00.000Z";"2026-04-20T19:24:00.000Z";1890.98
"2026-04-20T19:24:00.000Z";"2026-04-20T19:27:00.000Z";1919.98
"2026-04-20T19:27:00.000Z";"2026-04-20T19:30:00.000Z";1945.49
"2026-04-20T19:30:00.000Z";"2026-04-20T19:33:00.000Z";1963.99
"2026-04-20T19:33:00.000Z";"2026-04-20T19:36:00.000Z";1985.15
"2026-04-20T19:36:00.000Z";"2026-04-20T19:39:00.000Z";1994.33
"2026-04-20T19:39:00.000Z";"2026-04-20T19:42:00.000Z";2032.93
"2026-04-20T19:42:00.000Z";"2026-04-20T19:45:00.000Z";2065.65
"2026-04-20T19:45:00.000Z";"2026-04-20T19:48:00.000Z";2089.48
"2026-04-20T19:48:00.000Z";"2026-04-20T19:51:00.000Z";2106.82
"2026-04-20T19:51:00.000Z";"2026-04-20T19:54:00.000Z";2120.48
"2026-04-20T19:54:00.000Z";"2026-04-20T19:57:00.000Z";2148.49
"2026-04-20T19:57:00.000Z";"2026-04-20T20:00:00.000Z";2165.83
"2026-04-20T20:00:00.000Z";"2026-04-20T20:03:00.000Z";2173.49
"2026-04-20T20:03:00.000Z";"2026-04-20T20:06:00.000Z";2177.97
"2026-04-20T20:06:00.000Z";"2026-04-20T20:09:00.000Z";2188
"2026-04-20T20:09:00.000Z";"2026-04-20T20:12:00.000Z";2198.32
"2026-04-20T20:12:00.000Z";"2026-04-20T20:15:00.000Z";2188.52
"2026-04-20T20:15:00.000Z";"2026-04-20T20:18:00.000Z";2098.96
"2026-04-20T20:18:00.000Z";"2026-04-20T20:21:00.000Z";2082.83
"2026-04-20T20:21:00.000Z";"2026-04-20T20:24:00.000Z";2086
"2026-04-20T20:24:00.000Z";"2026-04-20T20:27:00.000Z";2067.2
"2026-04-20T20:27:00.000Z";"2026-04-20T20:30:00.000Z";2031.2
"2026-04-20T20:30:00.000Z";"2026-04-20T20:33:00.000Z";2002.83
"2026-04-20T20:33:00.000Z";"2026-04-20T20:36:00.000Z";1992
"2026-04-20T20:36:00.000Z";"2026-04-20T20:39:00.000Z";1996.67
"2026-04-20T20:39:00.000Z";"2026-04-20T20:42:00.000Z";1991.34
"2026-04-20T20:42:00.000Z";"2026-04-20T20:45:00.000Z";1999.66
"2026-04-20T20:45:00.000Z";"2026-04-20T20:48:00.000Z";1983.36
"2026-04-20T20:48:00.000Z";"2026-04-20T20:51:00.000Z";1951.18
"2026-04-20T20:51:00.000Z";"2026-04-20T20:54:00.000Z";1955.67
"2026-04-20T20:54:00.000Z";"2026-04-20T20:57:00.000Z";1962.64
"2026-04-20T20:57:00.000Z";"2026-04-20T21:00:00.000Z";1966.84
"2026-04-20T21:00:00.000Z";"2026-04-20T21:03:00.000Z";1962
"2026-04-20T21:03:00.000Z";"2026-04-20T21:06:00.000Z";2005.78
"2026-04-20T21:06:00.000Z";"2026-04-20T21:09:00.000Z";2060.2
"2026-04-20T21:09:00.000Z";"2026-04-20T21:12:00.000Z";2078.15
"2026-04-20T21:12:00.000Z";"2026-04-20T21:15:00.000Z";2073.67
"2026-04-20T21:15:00.000Z";"2026-04-20T21:18:00.000Z";2068.68
"2026-04-20T21:18:00.000Z";"2026-04-20T21:21:00.000Z";2043.34
"2026-04-20T21:21:00.000Z";"2026-04-20T21:24:00.000Z";2026
"2026-04-20T21:24:00.000Z";"2026-04-20T21:27:00.000Z";2040.64
"2026-04-20T21:27:00.000Z";"2026-04-20T21:30:00.000Z";2067.16
"2026-04-20T21:30:00.000Z";"2026-04-20T21:33:00.000Z";2079.17
"2026-04-20T21:33:00.000Z";"2026-04-20T21:36:00.000Z";2057.68
"2026-04-20T21:36:00.000Z";"2026-04-20T21:39:00.000Z";2058
"2026-04-20T21:39:00.000Z";"2026-04-20T21:42:00.000Z";2052.66
"2026-04-20T21:42:00.000Z";"2026-04-20T21:45:00.000Z";2050
"2026-04-20T21:45:00.000Z";"2026-04-20T21:48:00.000Z";2015.71
"2026-04-20T21:48:00.000Z";"2026-04-20T21:51:00.000Z";1988.34
"2026-04-20T21:51:00.000Z";"2026-04-20T21:54:00.000Z";1992.5
"2026-04-20T21:54:00.000Z";"2026-04-20T21:57:00.000Z";1988.33
"2026-04-20T21:57:00.000Z";"2026-04-20T22:00:00.000Z";1988.33
"2026-04-20T22:00:00.000Z";"2026-04-20T22:03:00.000Z";1976.87
"2026-04-20T22:03:00.000Z";"2026-04-20T22:06:00.000Z";2001.95
"2026-04-20T22:06:00.000Z";"2026-04-20T22:09:00.000Z";2038.54
"2026-04-20T22:09:00.000Z";"2026-04-20T22:12:00.000Z";2021.02
"2026-04-20T22:12:00.000Z";"2026-04-20T22:15:00.000Z";1992.02
"2026-04-20T22:15:00.000Z";"2026-04-20T22:18:00.000Z";1931.54
"2026-04-20T22:18:00.000Z";"2026-04-20T22:21:00.000Z";1905.67
"2026-04-20T22:21:00.000Z";"2026-04-20T22:24:00.000Z";1854.71
"2026-04-20T22:24:00.000Z";"2026-04-20T22:27:00.000Z";1838.65
"2026-04-20T22:27:00.000Z";"2026-04-20T22:30:00.000Z";1836.83
"2026-04-20T22:30:00.000Z";"2026-04-20T22:33:00.000Z";1826.17
"2026-04-20T22:33:00.000Z";"2026-04-20T22:36:00.000Z";1818
"2026-04-20T22:36:00.000Z";"2026-04-20T22:39:00.000Z";1811.84
"2026-04-20T22:39:00.000Z";"2026-04-20T22:42:00.000Z";1803.84
"2026-04-20T22:42:00.000Z";"2026-04-20T22:45:00.000Z";1794.5
"2026-04-20T22:45:00.000Z";"2026-04-20T22:48:00.000Z";1772.69
"2026-04-20T22:48:00.000Z";"2026-04-20T22:51:00.000Z";1787.81
"2026-04-20T22:51:00.000Z";"2026-04-20T22:54:00.000Z";1812.51
"2026-04-20T22:54:00.000Z";"2026-04-20T22:57:00.000Z";1779.52
"2026-04-20T22:57:00.000Z";"2026-04-20T23:00:00.000Z";1766.67
"2026-04-20T23:00:00.000Z";"2026-04-20T23:03:00.000Z";1747.51
"2026-04-20T23:03:00.000Z";"2026-04-20T23:06:00.000Z";1719.68
"2026-04-20T23:06:00.000Z";"2026-04-20T23:09:00.000Z";1690.51
"2026-04-20T23:09:00.000Z";"2026-04-20T23:12:00.000Z";1669.85
"2026-04-20T23:12:00.000Z";"2026-04-20T23:15:00.000Z";1649.19
"2026-04-20T23:15:00.000Z";"2026-04-20T23:18:00.000Z";1620.01
"2026-04-20T23:18:00.000Z";"2026-04-20T23:21:00.000Z";1588
"2026-04-20T23:21:00.000Z";"2026-04-20T23:24:00.000Z";1579.84
"2026-04-20T23:24:00.000Z";"2026-04-20T23:27:00.000Z";1574.34
"2026-04-20T23:27:00.000Z";"2026-04-20T23:30:00.000Z";1578.34
"2026-04-20T23:30:00.000Z";"2026-04-20T23:33:00.000Z";1568.34
"2026-04-20T23:33:00.000Z";"2026-04-20T23:36:00.000Z";1549.34
"2026-04-20T23:36:00.000Z";"2026-04-20T23:39:00.000Z";1536.34
"2026-04-20T23:39:00.000Z";"2026-04-20T23:42:00.000Z";1524.84
"2026-04-20T23:42:00.000Z";"2026-04-20T23:45:00.000Z";1514.68
"2026-04-20T23:45:00.000Z";"2026-04-20T23:48:00.000Z";1504.86
"2026-04-20T23:48:00.000Z";"2026-04-20T23:51:00.000Z";1500.85
"2026-04-20T23:51:00.000Z";"2026-04-20T23:54:00.000Z";1484.68
"2026-04-20T23:54:00.000Z";"2026-04-20T23:57:00.000Z";1452.73
"2026-04-20T23:57:00.000Z";"2026-04-21T00:00:00.000Z";1420.18
"2026-04-21T00:00:00.000Z";"2026-04-21T00:03:00.000Z";1428.51
"2026-04-21T00:03:00.000Z";"2026-04-21T00:06:00.000Z";1428.66
"2026-04-21T00:06:00.000Z";"2026-04-21T00:09:00.000Z";1414.19
"2026-04-21T00:09:00.000Z";"2026-04-21T00:12:00.000Z";1384.19
"2026-04-21T00:12:00.000Z";"2026-04-21T00:15:00.000Z";1348.53
"2026-04-21T00:15:00.000Z";"2026-04-21T00:18:00.000Z";1321.52
"2026-04-21T00:18:00.000Z";"2026-04-21T00:21:00.000Z";1320.67
"2026-04-21T00:21:00.000Z";"2026-04-21T00:24:00.000Z";1296.83
"2026-04-21T00:24:00.000Z";"2026-04-21T00:27:00.000Z";1283.69
"2026-04-21T00:27:00.000Z";"2026-04-21T00:30:00.000Z";1262.01
"2026-04-21T00:30:00.000Z";"2026-04-21T00:33:00.000Z";1249.84
"2026-04-21T00:33:00.000Z";"2026-04-21T00:36:00.000Z";1222.86
"2026-04-21T00:36:00.000Z";"2026-04-21T00:39:00.000Z";1199.68
"2026-04-21T00:39:00.000Z";"2026-04-21T00:42:00.000Z";1175.34
"2026-04-21T00:42:00.000Z";"2026-04-21T00:45:00.000Z";1157.01
"2026-04-21T00:45:00.000Z";"2026-04-21T00:48:00.000Z";1145.18
"2026-04-21T00:48:00.000Z";"2026-04-21T00:51:00.000Z";1187.15
"2026-04-21T00:51:00.000Z";"2026-04-21T00:54:00.000Z";1176.32
"2026-04-21T00:54:00.000Z";"2026-04-21T00:57:00.000Z";1179.51
"2026-04-21T00:57:00.000Z";"2026-04-21T01:00:00.000Z";1169.03
"2026-04-21T01:00:00.000Z";"2026-04-21T01:03:00.000Z";1155.01
"2026-04-21T01:03:00.000Z";"2026-04-21T01:06:00.000Z";1138.34
"2026-04-21T01:06:00.000Z";"2026-04-21T01:09:00.000Z";1135.17
"2026-04-21T01:09:00.000Z";"2026-04-21T01:12:00.000Z";1130.17
"2026-04-21T01:12:00.000Z";"2026-04-21T01:15:00.000Z";1122.01
"2026-04-21T01:15:00.000Z";"2026-04-21T01:18:00.000Z";1104.01
"2026-04-21T01:18:00.000Z";"2026-04-21T01:21:00.000Z";1090.34
"2026-04-21T01:21:00.000Z";"2026-04-21T01:24:00.000Z";1083.83
"2026-04-21T01:24:00.000Z";"2026-04-21T01:27:00.000Z";1076.68
"2026-04-21T01:27:00.000Z";"2026-04-21T01:30:00.000Z";1065.01
"2026-04-21T01:30:00.000Z";"2026-04-21T01:33:00.000Z";1049.18
"2026-04-21T01:33:00.000Z";"2026-04-21T01:36:00.000Z";1027.34
"2026-04-21T01:36:00.000Z";"2026-04-21T01:39:00.000Z";1008.17
"2026-04-21T01:39:00.000Z";"2026-04-21T01:42:00.000Z";988.19
"2026-04-21T01:42:00.000Z";"2026-04-21T01:45:00.000Z";974.669
"2026-04-21T01:45:00.000Z";"2026-04-21T01:48:00.000Z";969.336
"2026-04-21T01:48:00.000Z";"2026-04-21T01:51:00.000Z";956.183
"2026-04-21T01:51:00.000Z";"2026-04-21T01:54:00.000Z";935.85
"2026-04-21T01:54:00.000Z";"2026-04-21T01:57:00.000Z";915.842
"2026-04-21T01:57:00.000Z";"2026-04-21T02:00:00.000Z";904.337
"2026-04-21T02:00:00.000Z";"2026-04-21T02:03:00.000Z";897.335
"2026-04-21T02:03:00.000Z";"2026-04-21T02:06:00.000Z";892.335
"2026-04-21T02:06:00.000Z";"2026-04-21T02:09:00.000Z";885.338
"2026-04-21T02:09:00.000Z";"2026-04-21T02:12:00.000Z";883.992
"2026-04-21T02:12:00.000Z";"2026-04-21T02:15:00.000Z";884.666
"2026-04-21T02:15:00.000Z";"2026-04-21T02:18:00.000Z";888.978
"2026-04-21T02:18:00.000Z";"2026-04-21T02:21:00.000Z";891.997
"2026-04-21T02:21:00.000Z";"2026-04-21T02:24:00.000Z";893.666
"2026-04-21T02:24:00.000Z";"2026-04-21T02:27:00.000Z";885.017
"2026-04-21T02:27:00.000Z";"2026-04-21T02:30:00.000Z";868.85
"2026-04-21T02:30:00.000Z";"2026-04-21T02:33:00.000Z";859.175
"2026-04-21T02:33:00.000Z";"2026-04-21T02:36:00.000Z";856
"2026-04-21T02:36:00.000Z";"2026-04-21T02:39:00.000Z";852.338
"2026-04-21T02:39:00.000Z";"2026-04-21T02:42:00.000Z";835.684
"2026-04-21T02:42:00.000Z";"2026-04-21T02:45:00.000Z";818.675
"2026-04-21T02:45:00.000Z";"2026-04-21T02:48:00.000Z";799.18
"2026-04-21T02:48:00.000Z";"2026-04-21T02:51:00.000Z";788.509
"2026-04-21T02:51:00.000Z";"2026-04-21T02:54:00.000Z";776.837
"2026-04-21T02:54:00.000Z";"2026-04-21T02:57:00.000Z";767.506
"2026-04-21T02:57:00.000Z";"2026-04-21T03:00:00.000Z";765
"2026-04-21T03:00:00.000Z";"2026-04-21T03:03:00.000Z";770.161
"2026-04-21T03:03:00.000Z";"2026-04-21T03:06:00.000Z";780.489
"2026-04-21T03:06:00.000Z";"2026-04-21T03:09:00.000Z";794.314
"2026-04-21T03:09:00.000Z";"2026-04-21T03:12:00.000Z";806.494
"2026-04-21T03:12:00.000Z";"2026-04-21T03:15:00.000Z";806.002
"2026-04-21T03:15:00.000Z";"2026-04-21T03:18:00.000Z";809
"2026-04-21T03:18:00.000Z";"2026-04-21T03:21:00.000Z";810.669
"2026-04-21T03:21:00.000Z";"2026-04-21T03:24:00.000Z";814.33
"2026-04-21T03:24:00.000Z";"2026-04-21T03:27:00.000Z";822.663
"2026-04-21T03:27:00.000Z";"2026-04-21T03:30:00.000Z";819.336
"2026-04-21T03:30:00.000Z";"2026-04-21T03:33:00.000Z";812.174
"2026-04-21T03:33:00.000Z";"2026-04-21T03:36:00.000Z";812.498
"2026-04-21T03:36:00.000Z";"2026-04-21T03:39:00.000Z";819.995
"2026-04-21T03:39:00.000Z";"2026-04-21T03:42:00.000Z";821.666
"2026-04-21T03:42:00.000Z";"2026-04-21T03:45:00.000Z";823
"2026-04-21T03:45:00.000Z";"2026-04-21T03:48:00.000Z";823.666
"2026-04-21T03:48:00.000Z";"2026-04-21T03:51:00.000Z";832.507
"2026-04-21T03:51:00.000Z";"2026-04-21T03:54:00.000Z";843.494
"2026-04-21T03:54:00.000Z";"2026-04-21T03:57:00.000Z";848.997
"2026-04-21T03:57:00.000Z";"2026-04-21T04:00:00.000Z";854.659
"2026-04-21T04:00:00.000Z";"2026-04-21T04:03:00.000Z";857.163
"2026-04-21T04:03:00.000Z";"2026-04-21T04:06:00.000Z";872.82
"2026-04-21T04:06:00.000Z";"2026-04-21T04:09:00.000Z";885.995
"2026-04-21T04:09:00.000Z";"2026-04-21T04:12:00.000Z";899.493
"2026-04-21T04:12:00.000Z";"2026-04-21T04:15:00.000Z";898.684
"2026-04-21T04:15:00.000Z";"2026-04-21T04:18:00.000Z";887.009
"2026-04-21T04:18:00.000Z";"2026-04-21T04:21:00.000Z";881.337
"2026-04-21T04:21:00.000Z";"2026-04-21T04:24:00.000Z";875.349
"2026-04-21T04:24:00.000Z";"2026-04-21T04:27:00.000Z";876.195
"2026-04-21T04:27:00.000Z";"2026-04-21T04:30:00.000Z";868.835
"2026-04-21T04:30:00.000Z";"2026-04-21T04:33:00.000Z";873.492
"2026-04-21T04:33:00.000Z";"2026-04-21T04:36:00.000Z";876.661
"2026-04-21T04:36:00.000Z";"2026-04-21T04:39:00.000Z";873.338
"2026-04-21T04:39:00.000Z";"2026-04-21T04:42:00.000Z";867.334
"2026-04-21T04:42:00.000Z";"2026-04-21T04:45:00.000Z";862.185
"2026-04-21T04:45:00.000Z";"2026-04-21T04:48:00.000Z";855.188
"2026-04-21T04:48:00.000Z";"2026-04-21T04:51:00.000Z";844.173
"2026-04-21T04:51:00.000Z";"2026-04-21T04:54:00.000Z";831.992
"2026-04-21T04:54:00.000Z";"2026-04-21T04:57:00.000Z";819.194
"2026-04-21T04:57:00.000Z";"2026-04-21T05:00:00.000Z";806.345
"2026-04-21T05:00:00.000Z";"2026-04-21T05:03:00.000Z";806.331
"2026-04-21T05:03:00.000Z";"2026-04-21T05:06:00.000Z";806.679
"2026-04-21T05:06:00.000Z";"2026-04-21T05:09:00.000Z";798.002
"2026-04-21T05:09:00.000Z";"2026-04-21T05:12:00.000Z";789.172
"2026-04-21T05:12:00.000Z";"2026-04-21T05:15:00.000Z";783.995
"2026-04-21T05:15:00.000Z";"2026-04-21T05:18:00.000Z";776.512
"2026-04-21T05:18:00.000Z";"2026-04-21T05:21:00.000Z";777.004
"2026-04-21T05:21:00.000Z";"2026-04-21T05:24:00.000Z";765.682
"2026-04-21T05:24:00.000Z";"2026-04-21T05:27:00.000Z";750.01
"2026-04-21T05:27:00.000Z";"2026-04-21T05:30:00.000Z";737.503
"2026-04-21T05:30:00.000Z";"2026-04-21T05:33:00.000Z";725.839
"2026-04-21T05:33:00.000Z";"2026-04-21T05:36:00.000Z";708.355
"2026-04-21T05:36:00.000Z";"2026-04-21T05:39:00.000Z";698.668
"2026-04-21T05:39:00.000Z";"2026-04-21T05:42:00.000Z";684.685
"2026-04-21T05:42:00.000Z";"2026-04-21T05:45:00.000Z";665.172
"2026-04-21T05:45:00.000Z";"2026-04-21T05:48:00.000Z";647.51
"2026-04-21T05:48:00.000Z";"2026-04-21T05:51:00.000Z";621.852
"2026-04-21T05:51:00.000Z";"2026-04-21T05:54:00.000Z";597.686
"2026-04-21T05:54:00.000Z";"2026-04-21T05:57:00.000Z";581.852
"2026-04-21T05:57:00.000Z";"2026-04-21T06:00:00.000Z";548.852
"2026-04-21T06:00:00.000Z";"2026-04-21T06:03:00.000Z";520.678
"2026-04-21T06:03:00.000Z";"2026-04-21T06:06:00.000Z";497.683
"2026-04-21T06:06:00.000Z";"2026-04-21T06:09:00.000Z";472.526
"2026-04-21T06:09:00.000Z";"2026-04-21T06:12:00.000Z";446.514
"2026-04-21T06:12:00.000Z";"2026-04-21T06:15:00.000Z";430.34
"2026-04-21T06:15:00.000Z";"2026-04-21T06:18:00.000Z";395.521
"2026-04-21T06:18:00.000Z";"2026-04-21T06:21:00.000Z";370.017
"2026-04-21T06:21:00.000Z";"2026-04-21T06:24:00.000Z";353.838
"2026-04-21T06:24:00.000Z";"2026-04-21T06:27:00.000Z";336.845
"2026-04-21T06:27:00.000Z";"2026-04-21T06:30:00.000Z";316.009
"2026-04-21T06:30:00.000Z";"2026-04-21T06:33:00.000Z";292.855
"2026-04-21T06:33:00.000Z";"2026-04-21T06:36:00.000Z";278.508
"2026-04-21T06:36:00.000Z";"2026-04-21T06:39:00.000Z";264.338
"2026-04-21T06:39:00.000Z";"2026-04-21T06:42:00.000Z";256.851
"2026-04-21T06:42:00.000Z";"2026-04-21T06:45:00.000Z";245.002
"2026-04-21T06:45:00.000Z";"2026-04-21T06:48:00.000Z";244.507
"2026-04-21T06:48:00.000Z";"2026-04-21T06:51:00.000Z";249.324
"2026-04-21T06:51:00.000Z";"2026-04-21T06:54:00.000Z";240.841
"2026-04-21T06:54:00.000Z";"2026-04-21T06:57:00.000Z";233.667
"2026-04-21T06:57:00.000Z";"2026-04-21T07:00:00.000Z";234.65
"2026-04-21T07:00:00.000Z";"2026-04-21T07:03:00.000Z";230.671
"2026-04-21T07:03:00.000Z";"2026-04-21T07:06:00.000Z";222.674
"2026-04-21T07:06:00.000Z";"2026-04-21T07:09:00.000Z";212.675
"2026-04-21T07:09:00.000Z";"2026-04-21T07:12:00.000Z";215.648
"2026-04-21T07:12:00.000Z";"2026-04-21T07:15:00.000Z";209.334
"2026-04-21T07:15:00.000Z";"2026-04-21T07:18:00.000Z";212.338
"2026-04-21T07:18:00.000Z";"2026-04-21T07:21:00.000Z";216.651
"2026-04-21T07:21:00.000Z";"2026-04-21T07:24:00.000Z";220.501
"2026-04-21T07:24:00.000Z";"2026-04-21T07:27:00.000Z";225.004
"2026-04-21T07:27:00.000Z";"2026-04-21T07:30:00.000Z";227.327
"2026-04-21T07:30:00.000Z";"2026-04-21T07:33:00.000Z";224.854
"2026-04-21T07:33:00.000Z";"2026-04-21T07:36:00.000Z";226.491
"2026-04-21T07:36:00.000Z";"2026-04-21T07:39:00.000Z";235.83
"2026-04-21T07:39:00.000Z";"2026-04-21T07:42:00.000Z";260.646
"2026-04-21T07:42:00.000Z";"2026-04-21T07:45:00.000Z";277.482
"2026-04-21T07:45:00.000Z";"2026-04-21T07:48:00.000Z";282.666
"2026-04-21T07:48:00.000Z";"2026-04-21T07:51:00.000Z";293.647
"2026-04-21T07:51:00.000Z";"2026-04-21T07:54:00.000Z";302.848
"2026-04-21T07:54:00.000Z";"2026-04-21T07:57:00.000Z";307.003
"2026-04-21T07:57:00.000Z";"2026-04-21T08:00:00.000Z";320.801
"2026-04-21T08:00:00.000Z";"2026-04-21T08:03:00.000Z";321
"2026-04-21T08:03:00.000Z";"2026-04-21T08:06:00.000Z";345.644
"2026-04-21T08:06:00.000Z";"2026-04-21T08:09:00.000Z";356.14
"2026-04-21T08:09:00.000Z";"2026-04-21T08:12:00.000Z";377.632
"2026-04-21T08:12:00.000Z";"2026-04-21T08:15:00.000Z";389.821
"2026-04-21T08:15:00.000Z";"2026-04-21T08:18:00.000Z";382.183
"2026-04-21T08:18:00.000Z";"2026-04-21T08:21:00.000Z";385.483
"2026-04-21T08:21:00.000Z";"2026-04-21T08:24:00.000Z";403.839
"2026-04-21T08:24:00.000Z";"2026-04-21T08:27:00.000Z";407.508
"2026-04-21T08:27:00.000Z";"2026-04-21T08:30:00.000Z";427.51
"2026-04-21T08:30:00.000Z";"2026-04-21T08:33:00.000Z";454.149
"2026-04-21T08:33:00.000Z";"2026-04-21T08:36:00.000Z";466.472
"2026-04-21T08:36:00.000Z";"2026-04-21T08:39:00.000Z";480.824
"2026-04-21T08:39:00.000Z";"2026-04-21T08:42:00.000Z";474.675
"2026-04-21T08:42:00.000Z";"2026-04-21T08:45:00.000Z";485.662
"2026-04-21T08:45:00.000Z";"2026-04-21T08:48:00.000Z";468.661
"2026-04-21T08:48:00.000Z";"2026-04-21T08:51:00.000Z";478.542
"2026-04-21T08:51:00.000Z";"2026-04-21T08:54:00.000Z";495.973
"2026-04-21T08:54:00.000Z";"2026-04-21T08:57:00.000Z";511.836
"2026-04-21T08:57:00.000Z";"2026-04-21T09:00:00.000Z";494.003
"2026-04-21T09:00:00.000Z";"2026-04-21T09:03:00.000Z";488.667
"2026-04-21T09:03:00.000Z";"2026-04-21T09:06:00.000Z";502.312
"2026-04-21T09:06:00.000Z";"2026-04-21T09:09:00.000Z";548.672
"2026-04-21T09:09:00.000Z";"2026-04-21T09:12:00.000Z";549.648
"2026-04-21T09:12:00.000Z";"2026-04-21T09:15:00.000Z";584.809
"2026-04-21T09:15:00.000Z";"2026-04-21T09:18:00.000Z";582.655
"2026-04-21T09:18:00.000Z";"2026-04-21T09:21:00.000Z";585.004
"2026-04-21T09:21:00.000Z";"2026-04-21T09:24:00.000Z";582.172
"2026-04-21T09:24:00.000Z";"2026-04-21T09:27:00.000Z";611.153
"2026-04-21T09:27:00.000Z";"2026-04-21T09:30:00.000Z";608.678
"2026-04-21T09:30:00.000Z";"2026-04-21T09:33:00.000Z";605.348
"2026-04-21T09:33:00.000Z";"2026-04-21T09:36:00.000Z";627.809
"2026-04-21T09:36:00.000Z";"2026-04-21T09:39:00.000Z";625.651
"2026-04-21T09:39:00.000Z";"2026-04-21T09:42:00.000Z";651.137
"2026-04-21T09:42:00.000Z";"2026-04-21T09:45:00.000Z";666.653
"2026-04-21T09:45:00.000Z";"2026-04-21T09:48:00.000Z";660.17
"2026-04-21T09:48:00.000Z";"2026-04-21T09:51:00.000Z";665.332
"2026-04-21T09:51:00.000Z";"2026-04-21T09:54:00.000Z";681.674
"2026-04-21T09:54:00.000Z";"2026-04-21T09:57:00.000Z";677.835
"2026-04-21T09:57:00.000Z";"2026-04-21T10:00:00.000Z";688.809
"2026-04-21T10:00:00.000Z";"2026-04-21T10:03:00.000Z";700.336
"2026-04-21T10:03:00.000Z";"2026-04-21T10:06:00.000Z";712.503
"2026-04-21T10:06:00.000Z";"2026-04-21T10:09:00.000Z";742.986
"2026-04-21T10:09:00.000Z";"2026-04-21T10:12:00.000Z";724.353
"2026-04-21T10:12:00.000Z";"2026-04-21T10:15:00.000Z";716.33
"2026-04-21T10:15:00.000Z";"2026-04-21T10:18:00.000Z";741.471
"2026-04-21T10:18:00.000Z";"2026-04-21T10:21:00.000Z";727.167
"2026-04-21T10:21:00.000Z";"2026-04-21T10:24:00.000Z";756.159
"2026-04-21T10:24:00.000Z";"2026-04-21T10:27:00.000Z";769.994
"2026-04-21T10:27:00.000Z";"2026-04-21T10:30:00.000Z";779.005
"2026-04-21T10:30:00.000Z";"2026-04-21T10:33:00.000Z";773.994
"2026-04-21T10:33:00.000Z";"2026-04-21T10:36:00.000Z";772.324
"2026-04-21T10:36:00.000Z";"2026-04-21T10:39:00.000Z";778.67
"2026-04-21T10:39:00.000Z";"2026-04-21T10:42:00.000Z";781.675
"2026-04-21T10:42:00.000Z";"2026-04-21T10:45:00.000Z";787.482
"2026-04-21T10:45:00.000Z";"2026-04-21T10:48:00.000Z";797.827
"2026-04-21T10:48:00.000Z";"2026-04-21T10:51:00.000Z";833.65
"2026-04-21T10:51:00.000Z";"2026-04-21T10:54:00.000Z";837.81
"2026-04-21T10:54:00.000Z";"2026-04-21T10:57:00.000Z";847.336
"2026-04-21T10:57:00.000Z";"2026-04-21T11:00:00.000Z";875.816
"2026-04-21T11:00:00.000Z";"2026-04-21T11:03:00.000Z";890.493
"2026-04-21T11:03:00.000Z";"2026-04-21T11:06:00.000Z";928.446
"2026-04-21T11:06:00.000Z";"2026-04-21T11:09:00.000Z";949.812
"2026-04-21T11:09:00.000Z";"2026-04-21T11:12:00.000Z";985.303
"2026-04-21T11:12:00.000Z";"2026-04-21T11:15:00.000Z";999.337
"2026-04-21T11:15:00.000Z";"2026-04-21T11:18:00.000Z";1026.33
"2026-04-21T11:18:00.000Z";"2026-04-21T11:21:00.000Z";1076.27
"2026-04-21T11:21:00.000Z";"2026-04-21T11:24:00.000Z";1118.17
"2026-04-21T11:24:00.000Z";"2026-04-21T11:27:00.000Z";1091.88
"2026-04-21T11:27:00.000Z";"2026-04-21T11:30:00.000Z";1104.32
"2026-04-21T11:30:00.000Z";"2026-04-21T11:33:00.000Z";1109.55
"2026-04-21T11:33:00.000Z";"2026-04-21T11:36:00.000Z";1115.82
"2026-04-21T11:36:00.000Z";"2026-04-21T11:39:00.000Z";1122.16
"2026-04-21T11:39:00.000Z";"2026-04-21T11:42:00.000Z";1111.17
"2026-04-21T11:42:00.000Z";"2026-04-21T11:45:00.000Z";1104.33
"2026-04-21T11:45:00.000Z";"2026-04-21T11:48:00.000Z";1126.65
"2026-04-21T11:48:00.000Z";"2026-04-21T11:51:00.000Z";1124.13
"2026-04-21T11:51:00.000Z";"2026-04-21T11:54:00.000Z";1119.5
"2026-04-21T11:54:00.000Z";"2026-04-21T11:57:00.000Z";1139.78
"2026-04-21T11:57:00.000Z";"2026-04-21T12:00:00.000Z";1186.47
"2026-04-21T12:00:00.000Z";"2026-04-21T12:03:00.000Z";1214.33
"2026-04-21T12:03:00.000Z";"2026-04-21T12:06:00.000Z";1245.69
"2026-04-21T12:06:00.000Z";"2026-04-21T12:09:00.000Z";1263
"2026-04-21T12:09:00.000Z";"2026-04-21T12:12:00.000Z";1271.28
"2026-04-21T12:12:00.000Z";"2026-04-21T12:15:00.000Z";1298.32
"2026-04-21T12:15:00.000Z";"2026-04-21T12:18:00.000Z";1330.81
"2026-04-21T12:18:00.000Z";"2026-04-21T12:21:00.000Z";1423.97
"2026-04-21T12:21:00.000Z";"2026-04-21T12:24:00.000Z";1424.33
"2026-04-21T12:24:00.000Z";"2026-04-21T12:27:00.000Z";1415.82
"2026-04-21T12:27:00.000Z";"2026-04-21T12:30:00.000Z";1458.95
"2026-04-21T12:30:00.000Z";"2026-04-21T12:33:00.000Z";1495.48
"2026-04-21T12:33:00.000Z";"2026-04-21T12:36:00.000Z";1514.01
"2026-04-21T12:36:00.000Z";"2026-04-21T12:39:00.000Z";1534.66
"2026-04-21T12:39:00.000Z";"2026-04-21T12:42:00.000Z";1583.43
"2026-04-21T12:42:00.000Z";"2026-04-21T12:45:00.000Z";1612.48
"2026-04-21T12:45:00.000Z";"2026-04-21T12:48:00.000Z";1629.29
"2026-04-21T12:48:00.000Z";"2026-04-21T12:51:00.000Z";1626.51
"2026-04-21T12:51:00.000Z";"2026-04-21T12:54:00.000Z";1656.67
"2026-04-21T12:54:00.000Z";"2026-04-21T12:57:00.000Z";1668.33
"2026-04-21T12:57:00.000Z";"2026-04-21T13:00:00.000Z";1644.2
"2026-04-21T13:00:00.000Z";"2026-04-21T13:03:00.000Z";1621.83
"2026-04-21T13:03:00.000Z";"2026-04-21T13:06:00.000Z";1647.48
"2026-04-21T13:06:00.000Z";"2026-04-21T13:09:00.000Z";1680.31
"2026-04-21T13:09:00.000Z";"2026-04-21T13:12:00.000Z";1686.57
"2026-04-21T13:12:00.000Z";"2026-04-21T13:15:00.000Z";1669.28
"2026-04-21T13:15:00.000Z";"2026-04-21T13:18:00.000Z";1707.5
"2026-04-21T13:18:00.000Z";"2026-04-21T13:21:00.000Z";1696.67
"2026-04-21T13:21:00.000Z";"2026-04-21T13:24:00.000Z";1704.16
"2026-04-21T13:24:00.000Z";"2026-04-21T13:27:00.000Z";1686.8
"2026-04-21T13:27:00.000Z";"2026-04-21T13:30:00.000Z";1734.42
"2026-04-21T13:30:00.000Z";"2026-04-21T13:33:00.000Z";1761.67
"2026-04-21T13:33:00.000Z";"2026-04-21T13:36:00.000Z";1799.5
"2026-04-21T13:36:00.000Z";"2026-04-21T13:39:00.000Z";1864.48
"2026-04-21T13:39:00.000Z";"2026-04-21T13:42:00.000Z";1872.02
"2026-04-21T13:42:00.000Z";"2026-04-21T13:45:00.000Z";1867.02
"2026-04-21T13:45:00.000Z";"2026-04-21T13:48:00.000Z";1858.55
"2026-04-21T13:48:00.000Z";"2026-04-21T13:51:00.000Z";1906.23
"2026-04-21T13:51:00.000Z";"2026-04-21T13:54:00.000Z";1956.35
"2026-04-21T13:54:00.000Z";"2026-04-21T13:57:00.000Z";1973.29
"2026-04-21T13:57:00.000Z";"2026-04-21T14:00:00.000Z";2027.65
"2026-04-21T14:00:00.000Z";"2026-04-21T14:03:00.000Z";1923.29
"2026-04-21T14:03:00.000Z";"2026-04-21T14:06:00.000Z";1794.92
"2026-04-21T14:06:00.000Z";"2026-04-21T14:09:00.000Z";1804.98
"2026-04-21T14:09:00.000Z";"2026-04-21T14:12:00.000Z";1871.93
"2026-04-21T14:12:00.000Z";"2026-04-21T14:15:00.000Z";1902.51
"2026-04-21T14:15:00.000Z";"2026-04-21T14:18:00.000Z";1981.78
"2026-04-21T14:18:00.000Z";"2026-04-21T14:21:00.000Z";2118.88
"2026-04-21T14:21:00.000Z";"2026-04-21T14:24:00.000Z";2179.51
"2026-04-21T14:24:00.000Z";"2026-04-21T14:27:00.000Z";2163.04
"2026-04-21T14:27:00.000Z";"2026-04-21T14:30:00.000Z";2192.43
"2026-04-21T14:30:00.000Z";"2026-04-21T14:33:00.000Z";2203.31
"2026-04-21T14:33:00.000Z";"2026-04-21T14:36:00.000Z";2256.64
"2026-04-21T14:36:00.000Z";"2026-04-21T14:39:00.000Z";2273.78
"2026-04-21T14:39:00.000Z";"2026-04-21T14:42:00.000Z";2293.8
"2026-04-21T14:42:00.000Z";"2026-04-21T14:45:00.000Z";2325.99
"2026-04-21T14:45:00.000Z";"2026-04-21T14:48:00.000Z";2358.13
"2026-04-21T14:48:00.000Z";"2026-04-21T14:51:00.000Z";2288.27
"2026-04-21T14:51:00.000Z";"2026-04-21T14:54:00.000Z";2272.13
"2026-04-21T14:54:00.000Z";"2026-04-21T14:57:00.000Z";2294.99
"2026-04-21T14:57:00.000Z";"2026-04-21T15:00:00.000Z";2280.84
"2026-04-21T15:00:00.000Z";"2026-04-21T15:03:00.000Z";2278.83
"2026-04-21T15:03:00.000Z";"2026-04-21T15:06:00.000Z";2211.68
"2026-04-21T15:06:00.000Z";"2026-04-21T15:09:00.000Z";2217.16
"2026-04-21T15:09:00.000Z";"2026-04-21T15:12:00.000Z";2226.97
"2026-04-21T15:12:00.000Z";"2026-04-21T15:15:00.000Z";2207.5
"2026-04-21T15:15:00.000Z";"2026-04-21T15:18:00.000Z";2212.29
"2026-04-21T15:18:00.000Z";"2026-04-21T15:21:00.000Z";2255.93
"2026-04-21T15:21:00.000Z";"2026-04-21T15:24:00.000Z";2302.77
"2026-04-21T15:24:00.000Z";"2026-04-21T15:27:00.000Z";2296.35
"2026-04-21T15:27:00.000Z";"2026-04-21T15:30:00.000Z";2305.16
"2026-04-21T15:30:00.000Z";"2026-04-21T15:33:00.000Z";2319.61
"2026-04-21T15:33:00.000Z";"2026-04-21T15:36:00.000Z";2294.84
"2026-04-21T15:36:00.000Z";"2026-04-21T15:39:00.000Z";2274.18
"2026-04-21T15:39:00.000Z";"2026-04-21T15:42:00.000Z";2262.47
"2026-04-21T15:42:00.000Z";"2026-04-21T15:45:00.000Z";2294.37
"2026-04-21T15:45:00.000Z";"2026-04-21T15:48:00.000Z";2287.31
"2026-04-21T15:48:00.000Z";"2026-04-21T15:51:00.000Z";2325.67
"2026-04-21T15:51:00.000Z";"2026-04-21T15:54:00.000Z";2352.69
"2026-04-21T15:54:00.000Z";"2026-04-21T15:57:00.000Z";2366
"2026-04-21T15:57:00.000Z";"2026-04-21T16:00:00.000Z";2362.83
"2026-04-21T16:00:00.000Z";"2026-04-21T16:03:00.000Z";2359.34
"2026-04-21T16:03:00.000Z";"2026-04-21T16:06:00.000Z";2333.06
"2026-04-21T16:06:00.000Z";"2026-04-21T16:09:00.000Z";2333.33
"2026-04-21T16:09:00.000Z";"2026-04-21T16:12:00.000Z";2329.45
"2026-04-21T16:12:00.000Z";"2026-04-21T16:15:00.000Z";2366.97
"2026-04-21T16:15:00.000Z";"2026-04-21T16:18:00.000Z";2395.95
"2026-04-21T16:18:00.000Z";"2026-04-21T16:21:00.000Z";2427.76
"2026-04-21T16:21:00.000Z";"2026-04-21T16:24:00.000Z";2573.63
"2026-04-21T16:24:00.000Z";"2026-04-21T16:27:00.000Z";2556.51
"2026-04-21T16:27:00.000Z";"2026-04-21T16:30:00.000Z";2546.64
"2026-04-21T16:30:00.000Z";"2026-04-21T16:33:00.000Z";2472.38
"2026-04-21T16:33:00.000Z";"2026-04-21T16:36:00.000Z";2409.35
"2026-04-21T16:36:00.000Z";"2026-04-21T16:39:00.000Z";2404.79
"2026-04-21T16:39:00.000Z";"2026-04-21T16:42:00.000Z";2393.68
"2026-04-21T16:42:00.000Z";"2026-04-21T16:45:00.000Z";2427.81
"2026-04-21T16:45:00.000Z";"2026-04-21T16:48:00.000Z";2427.16
"2026-04-21T16:48:00.000Z";"2026-04-21T16:51:00.000Z";2489.59
"2026-04-21T16:51:00.000Z";"2026-04-21T16:54:00.000Z";2592.67
"2026-04-21T16:54:00.000Z";"2026-04-21T16:57:00.000Z";2594.81
"2026-04-21T16:57:00.000Z";"2026-04-21T17:00:00.000Z";2592.97
"2026-04-21T17:00:00.000Z";"2026-04-21T17:03:00.000Z";2708.6
"2026-04-21T17:03:00.000Z";"2026-04-21T17:06:00.000Z";2747.08
"2026-04-21T17:06:00.000Z";"2026-04-21T17:09:00.000Z";2802.34
"2026-04-21T17:09:00.000Z";"2026-04-21T17:12:00.000Z";2871.3
"2026-04-21T17:12:00.000Z";"2026-04-21T17:15:00.000Z";2881.51
"2026-04-21T17:15:00.000Z";"2026-04-21T17:18:00.000Z";2878.16
"2026-04-21T17:18:00.000Z";"2026-04-21T17:21:00.000Z";2868.52
"2026-04-21T17:21:00.000Z";"2026-04-21T17:24:00.000Z";2838.02
"2026-04-21T17:24:00.000Z";"2026-04-21T17:27:00.000Z";2823.67
"2026-04-21T17:27:00.000Z";"2026-04-21T17:30:00.000Z";2836.65
"2026-04-21T17:30:00.000Z";"2026-04-21T17:33:00.000Z";2817.54
"2026-04-21T17:33:00.000Z";"2026-04-21T17:36:00.000Z";2744.08
"2026-04-21T17:36:00.000Z";"2026-04-21T17:39:00.000Z";2782.81
"2026-04-21T17:39:00.000Z";"2026-04-21T17:42:00.000Z";2842.48
"2026-04-21T17:42:00.000Z";"2026-04-21T17:45:00.000Z";2884.44
"2026-04-21T17:45:00.000Z";"2026-04-21T17:48:00.000Z";2957.62
"2026-04-21T17:48:00.000Z";"2026-04-21T17:51:00.000Z";3063.28
"2026-04-21T17:51:00.000Z";"2026-04-21T17:54:00.000Z";3137.91
"2026-04-21T17:54:00.000Z";"2026-04-21T17:57:00.000Z";3179.5
"2026-04-21T17:57:00.000Z";"2026-04-21T18:00:00.000Z";3202.46
"2026-04-21T18:00:00.000Z";"2026-04-21T18:03:00.000Z";3218.74
"2026-04-21T18:03:00.000Z";"2026-04-21T18:06:00.000Z";3288.16
"2026-04-21T18:06:00.000Z";"2026-04-21T18:09:00.000Z";3339.15
"2026-04-21T18:09:00.000Z";"2026-04-21T18:12:00.000Z";3391.8
"2026-04-21T18:12:00.000Z";"2026-04-21T18:15:00.000Z";3439.14
"2026-04-21T18:15:00.000Z";"2026-04-21T18:18:00.000Z";3492.96
"2026-04-21T18:18:00.000Z";"2026-04-21T18:21:00.000Z";3563.84
"2026-04-21T18:21:00.000Z";"2026-04-21T18:24:00.000Z";3605.33
"2026-04-21T18:24:00.000Z";"2026-04-21T18:27:00.000Z";3625.63
"2026-04-21T18:27:00.000Z";"2026-04-21T18:30:00.000Z";3648.27
"2026-04-21T18:30:00.000Z";"2026-04-21T18:33:00.000Z";3672.66
"2026-04-21T18:33:00.000Z";"2026-04-21T18:36:00.000Z";3682.84
"2026-04-21T18:36:00.000Z";"2026-04-21T18:39:00.000Z";3754.29
"2026-04-21T18:39:00.000Z";"2026-04-21T18:42:00.000Z";3809.31
"2026-04-21T18:42:00.000Z";"2026-04-21T18:45:00.000Z";3833.35
"2026-04-21T18:45:00.000Z";"2026-04-21T18:48:00.000Z";3836.54
"2026-04-21T18:48:00.000Z";"2026-04-21T18:51:00.000Z";3830.19
"2026-04-21T18:51:00.000Z";"2026-04-21T18:54:00.000Z";3864.27
"2026-04-21T18:54:00.000Z";"2026-04-21T18:57:00.000Z";3895.61
"2026-04-21T18:57:00.000Z";"2026-04-21T19:00:00.000Z";3952.14
"2026-04-21T19:00:00.000Z";"2026-04-21T19:03:00.000Z";4024.14
"2026-04-21T19:03:00.000Z";"2026-04-21T19:06:00.000Z";4035.01
"2026-04-21T19:06:00.000Z";"2026-04-21T19:09:00.000Z";4092.13
"2026-04-21T19:09:00.000Z";"2026-04-21T19:12:00.000Z";4086.08
"2026-04-21T19:12:00.000Z";"2026-04-21T19:15:00.000Z";4072.84
"2026-04-21T19:15:00.000Z";"2026-04-21T19:18:00.000Z";3989.62
"2026-04-21T19:18:00.000Z";"2026-04-21T19:21:00.000Z";3943.5
"2026-04-21T19:21:00.000Z";"2026-04-21T19:24:00.000Z";3991.76
"2026-04-21T19:24:00.000Z";"2026-04-21T19:27:00.000Z";4069.61
"2026-04-21T19:27:00.000Z";"2026-04-21T19:30:00.000Z";4122.75
"2026-04-21T19:30:00.000Z";"2026-04-21T19:33:00.000Z";4180.42
"2026-04-21T19:33:00.000Z";"2026-04-21T19:36:00.000Z";4284.01
"2026-04-21T19:36:00.000Z";"2026-04-21T19:39:00.000Z";4477.1
"2026-04-21T19:39:00.000Z";"2026-04-21T19:42:00.000Z";4518.65
"2026-04-21T19:42:00.000Z";"2026-04-21T19:45:00.000Z";4530.73
"2026-04-21T19:45:00.000Z";"2026-04-21T19:48:00.000Z";4339.1
"2026-04-21T19:48:00.000Z";"2026-04-21T19:51:00.000Z";3995.45
"2026-04-21T19:51:00.000Z";"2026-04-21T19:54:00.000Z";4005.8
"2026-04-21T19:54:00.000Z";"2026-04-21T19:57:00.000Z";4068.11
"2026-04-21T19:57:00.000Z";"2026-04-21T20:00:00.000Z";4119.47
"2026-04-21T20:00:00.000Z";"2026-04-21T20:03:00.000Z";4170.27
"2026-04-21T20:03:00.000Z";"2026-04-21T20:06:00.000Z";4196.14
"2026-04-21T20:06:00.000Z";"2026-04-21T20:09:00.000Z";4224.95
"2026-04-21T20:09:00.000Z";"2026-04-21T20:12:00.000Z";4253.31
"2026-04-21T20:12:00.000Z";"2026-04-21T20:15:00.000Z";4270.5
"2026-04-21T20:15:00.000Z";"2026-04-21T20:18:00.000Z";4319.28
"2026-04-21T20:18:00.000Z";"2026-04-21T20:21:00.000Z";4372.75
"2026-04-21T20:21:00.000Z";"2026-04-21T20:24:00.000Z";4418
"2026-04-21T20:24:00.000Z";"2026-04-21T20:27:00.000Z";4438.34
"2026-04-21T20:27:00.000Z";"2026-04-21T20:30:00.000Z";4444.02
"2026-04-21T20:30:00.000Z";"2026-04-21T20:33:00.000Z";4420.18
"2026-04-21T20:33:00.000Z";"2026-04-21T20:36:00.000Z";4293.68
"2026-04-21T20:36:00.000Z";"2026-04-21T20:39:00.000Z";4271.29
"2026-04-21T20:39:00.000Z";"2026-04-21T20:42:00.000Z";4256.38
"2026-04-21T20:42:00.000Z";"2026-04-21T20:45:00.000Z";4261.55
"2026-04-21T20:45:00.000Z";"2026-04-21T20:48:00.000Z";4229.72
"2026-04-21T20:48:00.000Z";"2026-04-21T20:51:00.000Z";4101.35
"2026-04-21T20:51:00.000Z";"2026-04-21T20:54:00.000Z";4132.98
"2026-04-21T20:54:00.000Z";"2026-04-21T20:57:00.000Z";4164.84
"2026-04-21T20:57:00.000Z";"2026-04-21T21:00:00.000Z";4149.33
"2026-04-21T21:00:00.000Z";"2026-04-21T21:03:00.000Z";4096.56
"2026-04-21T21:03:00.000Z";"2026-04-21T21:06:00.000Z";4013.49
"2026-04-21T21:06:00.000Z";"2026-04-21T21:09:00.000Z";4013.34
"2026-04-21T21:09:00.000Z";"2026-04-21T21:12:00.000Z";4017.33
"2026-04-21T21:12:00.000Z";"2026-04-21T21:15:00.000Z";3970.88
"2026-04-21T21:15:00.000Z";"2026-04-21T21:18:00.000Z";3935.35
"2026-04-21T21:18:00.000Z";"2026-04-21T21:21:00.000Z";3948.34
"2026-04-21T21:21:00.000Z";"2026-04-21T21:24:00.000Z";3929.51
"2026-04-21T21:24:00.000Z";"2026-04-21T21:27:00.000Z";3920.33
"2026-04-21T21:27:00.000Z";"2026-04-21T21:30:00.000Z";3917.51
"2026-04-21T21:30:00.000Z";"2026-04-21T21:33:00.000Z";3834.89
"2026-04-21T21:33:00.000Z";"2026-04-21T21:36:00.000Z";3493.34
"2026-04-21T21:36:00.000Z";"2026-04-21T21:39:00.000Z";3460.34
"2026-04-21T21:39:00.000Z";"2026-04-21T21:42:00.000Z";3455.66
"2026-04-21T21:42:00.000Z";"2026-04-21T21:45:00.000Z";3464.97
"2026-04-21T21:45:00.000Z";"2026-04-21T21:48:00.000Z";3460.7
"2026-04-21T21:48:00.000Z";"2026-04-21T21:51:00.000Z";3514.54
"2026-04-21T21:51:00.000Z";"2026-04-21T21:54:00.000Z";3545.49
"2026-04-21T21:54:00.000Z";"2026-04-21T21:57:00.000Z";3550.49
"2026-04-21T21:57:00.000Z";"2026-04-21T22:00:00.000Z";3567.67
"2026-04-21T22:00:00.000Z";"2026-04-21T22:03:00.000Z";3622.89
"2026-04-21T22:03:00.000Z";"2026-04-21T22:06:00.000Z";3906.61
"2026-04-21T22:06:00.000Z";"2026-04-21T22:09:00.000Z";3993.82
"2026-04-21T22:09:00.000Z";"2026-04-21T22:12:00.000Z";4011.98
"2026-04-21T22:12:00.000Z";"2026-04-21T22:15:00.000Z";4008.34
"2026-04-21T22:15:00.000Z";"2026-04-21T22:18:00.000Z";4046.81
"2026-04-21T22:18:00.000Z";"2026-04-21T22:21:00.000Z";4051.54
"2026-04-21T22:21:00.000Z";"2026-04-21T22:24:00.000Z";3998.37
"2026-04-21T22:24:00.000Z";"2026-04-21T22:27:00.000Z";3969.17
"2026-04-21T22:27:00.000Z";"2026-04-21T22:30:00.000Z";3951.66
"2026-04-21T22:30:00.000Z";"2026-04-21T22:33:00.000Z";3969.67
"2026-04-21T22:33:00.000Z";"2026-04-21T22:36:00.000Z";3952.35
"2026-04-21T22:36:00.000Z";"2026-04-21T22:39:00.000Z";4006.15
"2026-04-21T22:39:00.000Z";"2026-04-21T22:42:00.000Z";4026.71
"2026-04-21T22:42:00.000Z";"2026-04-21T22:45:00.000Z";3987.36
"2026-04-21T22:45:00.000Z";"2026-04-21T22:48:00.000Z";3952.18
"2026-04-21T22:48:00.000Z";"2026-04-21T22:51:00.000Z";3960.64
"2026-04-21T22:51:00.000Z";"2026-04-21T22:54:00.000Z";4047.99
"2026-04-21T22:54:00.000Z";"2026-04-21T22:57:00.000Z";4068.7
"2026-04-21T22:57:00.000Z";"2026-04-21T23:00:00.000Z";4095.16
"2026-04-21T23:00:00.000Z";"2026-04-21T23:03:00.000Z";4125.33
"2026-04-21T23:03:00.000Z";"2026-04-21T23:06:00.000Z";4064.72
"2026-04-21T23:06:00.000Z";"2026-04-21T23:09:00.000Z";4139.95
"2026-04-21T23:09:00.000Z";"2026-04-21T23:12:00.000Z";4148.83
"2026-04-21T23:12:00.000Z";"2026-04-21T23:15:00.000Z";4171.12
"2026-04-21T23:15:00.000Z";"2026-04-21T23:18:00.000Z";4190.33
"2026-04-21T23:18:00.000Z";"2026-04-21T23:21:00.000Z";4170
"2026-04-21T23:21:00.000Z";"2026-04-21T23:24:00.000Z";4166.54
"2026-04-21T23:24:00.000Z";"2026-04-21T23:27:00.000Z";4170.5
"2026-04-21T23:27:00.000Z";"2026-04-21T23:30:00.000Z";4166.35
"2026-04-21T23:30:00.000Z";"2026-04-21T23:33:00.000Z";4059.53
"2026-04-21T23:33:00.000Z";"2026-04-21T23:36:00.000Z";4063.36
"2026-04-21T23:36:00.000Z";"2026-04-21T23:39:00.000Z";4079.71
"2026-04-21T23:39:00.000Z";"2026-04-21T23:42:00.000Z";4084.65
"2026-04-21T23:42:00.000Z";"2026-04-21T23:45:00.000Z";4070.51
"2026-04-21T23:45:00.000Z";"2026-04-21T23:48:00.000Z";4047.01
"2026-04-21T23:48:00.000Z";"2026-04-21T23:51:00.000Z";4047.57
"2026-04-21T23:51:00.000Z";"2026-04-21T23:54:00.000Z";4084.84
"2026-04-21T23:54:00.000Z";"2026-04-21T23:57:00.000Z";4120.64
"2026-04-21T23:57:00.000Z";"2026-04-22T00:00:00.000Z";4120.2
"2026-04-22T00:00:00.000Z";"2026-04-22T00:03:00.000Z";4100.05
"2026-04-22T00:03:00.000Z";"2026-04-22T00:06:00.000Z";4047.83
"2026-04-22T00:06:00.000Z";"2026-04-22T00:09:00.000Z";4146.01
"2026-04-22T00:09:00.000Z";"2026-04-22T00:12:00.000Z";4148.35
"2026-04-22T00:12:00.000Z";"2026-04-22T00:15:00.000Z";4138.18
"2026-04-22T00:15:00.000Z";"2026-04-22T00:18:00.000Z";4141.85
"2026-04-22T00:18:00.000Z";"2026-04-22T00:21:00.000Z";4163.45
"2026-04-22T00:21:00.000Z";"2026-04-22T00:24:00.000Z";4166.49
"2026-04-22T00:24:00.000Z";"2026-04-22T00:27:00.000Z";4182.6
"2026-04-22T00:27:00.000Z";"2026-04-22T00:30:00.000Z";4203.79
"2026-04-22T00:30:00.000Z";"2026-04-22T00:33:00.000Z";4155.85
"2026-04-22T00:33:00.000Z";"2026-04-22T00:36:00.000Z";4150.95
"2026-04-22T00:36:00.000Z";"2026-04-22T00:39:00.000Z";4173.17
"2026-04-22T00:39:00.000Z";"2026-04-22T00:42:00.000Z";4192.63
"2026-04-22T00:42:00.000Z";"2026-04-22T00:45:00.000Z";4213.67
"2026-04-22T00:45:00.000Z";"2026-04-22T00:48:00.000Z";4187.01
"2026-04-22T00:48:00.000Z";"2026-04-22T00:51:00.000Z";4142.06
"2026-04-22T00:51:00.000Z";"2026-04-22T00:54:00.000Z";4074.02
"2026-04-22T00:54:00.000Z";"2026-04-22T00:57:00.000Z";4088.17
"2026-04-22T00:57:00.000Z";"2026-04-22T01:00:00.000Z";4082.66
"2026-04-22T01:00:00.000Z";"2026-04-22T01:03:00.000Z";4005.55
"2026-04-22T01:03:00.000Z";"2026-04-22T01:06:00.000Z";3712.02
"2026-04-22T01:06:00.000Z";"2026-04-22T01:09:00.000Z";3665.72
"2026-04-22T01:09:00.000Z";"2026-04-22T01:12:00.000Z";3612.52
"2026-04-22T01:12:00.000Z";"2026-04-22T01:15:00.000Z";3601.33
"2026-04-22T01:15:00.000Z";"2026-04-22T01:18:00.000Z";3601.84
"2026-04-22T01:18:00.000Z";"2026-04-22T01:21:00.000Z";3588.16
"2026-04-22T01:21:00.000Z";"2026-04-22T01:24:00.000Z";3621.24
"2026-04-22T01:24:00.000Z";"2026-04-22T01:27:00.000Z";3674.67
"2026-04-22T01:27:00.000Z";"2026-04-22T01:30:00.000Z";3923.47
"2026-04-22T01:30:00.000Z";"2026-04-22T01:33:00.000Z";4011.21
"2026-04-22T01:33:00.000Z";"2026-04-22T01:36:00.000Z";4423.98
"2026-04-22T01:36:00.000Z";"2026-04-22T01:39:00.000Z";4486.48
"2026-04-22T01:39:00.000Z";"2026-04-22T01:42:00.000Z";4557.36
"2026-04-22T01:42:00.000Z";"2026-04-22T01:45:00.000Z";4545.33
"2026-04-22T01:45:00.000Z";"2026-04-22T01:48:00.000Z";4471.46
"2026-04-22T01:48:00.000Z";"2026-04-22T01:51:00.000Z";4253.01
"2026-04-22T01:51:00.000Z";"2026-04-22T01:54:00.000Z";4237.17
"2026-04-22T01:54:00.000Z";"2026-04-22T01:57:00.000Z";4226.99
"2026-04-22T01:57:00.000Z";"2026-04-22T02:00:00.000Z";4211.88
"2026-04-22T02:00:00.000Z";"2026-04-22T02:03:00.000Z";4104.26
"2026-04-22T02:03:00.000Z";"2026-04-22T02:06:00.000Z";4023.02
"2026-04-22T02:06:00.000Z";"2026-04-22T02:09:00.000Z";3999.66
"2026-04-22T02:09:00.000Z";"2026-04-22T02:12:00.000Z";3996.84
"2026-04-22T02:12:00.000Z";"2026-04-22T02:15:00.000Z";4005.04
"2026-04-22T02:15:00.000Z";"2026-04-22T02:18:00.000Z";3994.02
"2026-04-22T02:18:00.000Z";"2026-04-22T02:21:00.000Z";4006.35
"2026-04-22T02:21:00.000Z";"2026-04-22T02:24:00.000Z";4020.17
"2026-04-22T02:24:00.000Z";"2026-04-22T02:27:00.000Z";4004.34
"2026-04-22T02:27:00.000Z";"2026-04-22T02:30:00.000Z";3987.02
"2026-04-22T02:30:00.000Z";"2026-04-22T02:33:00.000Z";3969.67
"2026-04-22T02:33:00.000Z";"2026-04-22T02:36:00.000Z";3948.51
"2026-04-22T02:36:00.000Z";"2026-04-22T02:39:00.000Z";3964.49
"2026-04-22T02:39:00.000Z";"2026-04-22T02:42:00.000Z";3993.64
"2026-04-22T02:42:00.000Z";"2026-04-22T02:45:00.000Z";4009.16
"2026-04-22T02:45:00.000Z";"2026-04-22T02:48:00.000Z";4005.84
"2026-04-22T02:48:00.000Z";"2026-04-22T02:51:00.000Z";4039.66
"2026-04-22T02:51:00.000Z";"2026-04-22T02:54:00.000Z";4013.89
"2026-04-22T02:54:00.000Z";"2026-04-22T02:57:00.000Z";4006.16
"2026-04-22T02:57:00.000Z";"2026-04-22T03:00:00.000Z";4005.1
"2026-04-22T03:00:00.000Z";"2026-04-22T03:03:00.000Z";4018.5
"2026-04-22T03:03:00.000Z";"2026-04-22T03:06:00.000Z";4095.03
"2026-04-22T03:06:00.000Z";"2026-04-22T03:09:00.000Z";4098.8
"2026-04-22T03:09:00.000Z";"2026-04-22T03:12:00.000Z";4091.16
"2026-04-22T03:12:00.000Z";"2026-04-22T03:15:00.000Z";4098.85
"2026-04-22T03:15:00.000Z";"2026-04-22T03:18:00.000Z";4090.83
"2026-04-22T03:18:00.000Z";"2026-04-22T03:21:00.000Z";4077.68
"2026-04-22T03:21:00.000Z";"2026-04-22T03:24:00.000Z";4094.98
"2026-04-22T03:24:00.000Z";"2026-04-22T03:27:00.000Z";4085.03
"2026-04-22T03:27:00.000Z";"2026-04-22T03:30:00.000Z";4075.81
"2026-04-22T03:30:00.000Z";"2026-04-22T03:33:00.000Z";4126.74
"2026-04-22T03:33:00.000Z";"2026-04-22T03:36:00.000Z";4176.62
"2026-04-22T03:36:00.000Z";"2026-04-22T03:39:00.000Z";4375.83
"2026-04-22T03:39:00.000Z";"2026-04-22T03:42:00.000Z";4461.79
"2026-04-22T03:42:00.000Z";"2026-04-22T03:45:00.000Z";4532.42
"2026-04-22T03:45:00.000Z";"2026-04-22T03:48:00.000Z";4575.78
"2026-04-22T03:48:00.000Z";"2026-04-22T03:51:00.000Z";4598.85
"2026-04-22T03:51:00.000Z";"2026-04-22T03:54:00.000Z";4597.54
"2026-04-22T03:54:00.000Z";"2026-04-22T03:57:00.000Z";4583.68
"2026-04-22T03:57:00.000Z";"2026-04-22T04:00:00.000Z";4564.85
"2026-04-22T04:00:00.000Z";"2026-04-22T04:03:00.000Z";4604.13
"2026-04-22T04:03:00.000Z";"2026-04-22T04:06:00.000Z";4578.65
"2026-04-22T04:06:00.000Z";"2026-04-22T04:09:00.000Z";4566.03
"2026-04-22T04:09:00.000Z";"2026-04-22T04:12:00.000Z";4513
"2026-04-22T04:12:00.000Z";"2026-04-22T04:15:00.000Z";4501
"2026-04-22T04:15:00.000Z";"2026-04-22T04:18:00.000Z";4514.5
"2026-04-22T04:18:00.000Z";"2026-04-22T04:21:00.000Z";4519.55
"2026-04-22T04:21:00.000Z";"2026-04-22T04:24:00.000Z";4498.83
"2026-04-22T04:24:00.000Z";"2026-04-22T04:27:00.000Z";4485.5
"2026-04-22T04:27:00.000Z";"2026-04-22T04:30:00.000Z";4453.99
"2026-04-22T04:30:00.000Z";"2026-04-22T04:33:00.000Z";4459.47
"2026-04-22T04:33:00.000Z";"2026-04-22T04:36:00.000Z";4557.84
"2026-04-22T04:36:00.000Z";"2026-04-22T04:39:00.000Z";4639.35
"2026-04-22T04:39:00.000Z";"2026-04-22T04:42:00.000Z";4626.67
"2026-04-22T04:42:00.000Z";"2026-04-22T04:45:00.000Z";4593.89
"2026-04-22T04:45:00.000Z";"2026-04-22T04:48:00.000Z";4570.69
"2026-04-22T04:48:00.000Z";"2026-04-22T04:51:00.000Z";4569.84
"2026-04-22T04:51:00.000Z";"2026-04-22T04:54:00.000Z";4585.69
"2026-04-22T04:54:00.000Z";"2026-04-22T04:57:00.000Z";4555.5
"2026-04-22T04:57:00.000Z";"2026-04-22T05:00:00.000Z";4539.18
"2026-04-22T05:00:00.000Z";"2026-04-22T05:03:00.000Z";4526.2
"2026-04-22T05:03:00.000Z";"2026-04-22T05:06:00.000Z";4531.14
"2026-04-22T05:06:00.000Z";"2026-04-22T05:09:00.000Z";4606.04
"2026-04-22T05:09:00.000Z";"2026-04-22T05:12:00.000Z";4649.64
"2026-04-22T05:12:00.000Z";"2026-04-22T05:15:00.000Z";4629.89
"2026-04-22T05:15:00.000Z";"2026-04-22T05:18:00.000Z";4647.1
"2026-04-22T05:18:00.000Z";"2026-04-22T05:21:00.000Z";4726.62
"2026-04-22T05:21:00.000Z";"2026-04-22T05:24:00.000Z";4791.39
"2026-04-22T05:24:00.000Z";"2026-04-22T05:27:00.000Z";4781.65
"2026-04-22T05:27:00.000Z";"2026-04-22T05:30:00.000Z";4792.35
"2026-04-22T05:30:00.000Z";"2026-04-22T05:33:00.000Z";4706.16
"2026-04-22T05:33:00.000Z";"2026-04-22T05:36:00.000Z";4663
"2026-04-22T05:36:00.000Z";"2026-04-22T05:39:00.000Z";4592
"2026-04-22T05:39:00.000Z";"2026-04-22T05:42:00.000Z";4615.63
"2026-04-22T05:42:00.000Z";"2026-04-22T05:45:00.000Z";4613.68
"2026-04-22T05:45:00.000Z";"2026-04-22T05:48:00.000Z";4597.63
"2026-04-22T05:48:00.000Z";"2026-04-22T05:51:00.000Z";4492.61
"2026-04-22T05:51:00.000Z";"2026-04-22T05:54:00.000Z";4407.52
"2026-04-22T05:54:00.000Z";"2026-04-22T05:57:00.000Z";4418.91
"2026-04-22T05:57:00.000Z";"2026-04-22T06:00:00.000Z";4421.71
"2026-04-22T06:00:00.000Z";"2026-04-22T06:03:00.000Z";4377.9
"2026-04-22T06:03:00.000Z";"2026-04-22T06:06:00.000Z";4313.57
"2026-04-22T06:06:00.000Z";"2026-04-22T06:09:00.000Z";4341.26
"2026-04-22T06:09:00.000Z";"2026-04-22T06:12:00.000Z";4325.73
"2026-04-22T06:12:00.000Z";"2026-04-22T06:15:00.000Z";4271.69
"2026-04-22T06:15:00.000Z";"2026-04-22T06:18:00.000Z";4282.58
"2026-04-22T06:18:00.000Z";"2026-04-22T06:21:00.000Z";4321
"2026-04-22T06:21:00.000Z";"2026-04-22T06:24:00.000Z";4304.29
"2026-04-22T06:24:00.000Z";"2026-04-22T06:27:00.000Z";4329.94
"2026-04-22T06:27:00.000Z";"2026-04-22T06:30:00.000Z";4331.85
"2026-04-22T06:30:00.000Z";"2026-04-22T06:33:00.000Z";4300.16
"2026-04-22T06:33:00.000Z";"2026-04-22T06:36:00.000Z";4254.62
"2026-04-22T06:36:00.000Z";"2026-04-22T06:39:00.000Z";4216.54
"2026-04-22T06:39:00.000Z";"2026-04-22T06:42:00.000Z";4196.57
"2026-04-22T06:42:00.000Z";"2026-04-22T06:45:00.000Z";4243.94
"2026-04-22T06:45:00.000Z";"2026-04-22T06:48:00.000Z";4268.68
"2026-04-22T06:48:00.000Z";"2026-04-22T06:51:00.000Z";4229.43
"2026-04-22T06:51:00.000Z";"2026-04-22T06:54:00.000Z";4148.27
"2026-04-22T06:54:00.000Z";"2026-04-22T06:57:00.000Z";4093.33
"2026-04-22T06:57:00.000Z";"2026-04-22T07:00:00.000Z";4090.53
"2026-04-22T07:00:00.000Z";"2026-04-22T07:03:00.000Z";4102.27
"2026-04-22T07:03:00.000Z";"2026-04-22T07:06:00.000Z";4194.42
"2026-04-22T07:06:00.000Z";"2026-04-22T07:09:00.000Z";4332.28
"2026-04-22T07:09:00.000Z";"2026-04-22T07:12:00.000Z";4370.92
"2026-04-22T07:12:00.000Z";"2026-04-22T07:15:00.000Z";4365.66
"2026-04-22T07:15:00.000Z";"2026-04-22T07:18:00.000Z";4433.71
"2026-04-22T07:18:00.000Z";"2026-04-22T07:21:00.000Z";4335.63
"2026-04-22T07:21:00.000Z";"2026-04-22T07:24:00.000Z";4372.81
"2026-04-22T07:24:00.000Z";"2026-04-22T07:27:00.000Z";4344.66
"2026-04-22T07:27:00.000Z";"2026-04-22T07:30:00.000Z";4391.82
"2026-04-22T07:30:00.000Z";"2026-04-22T07:33:00.000Z";4287.92
"2026-04-22T07:33:00.000Z";"2026-04-22T07:36:00.000Z";4166.88
"2026-04-22T07:36:00.000Z";"2026-04-22T07:39:00.000Z";4169.48
"2026-04-22T07:39:00.000Z";"2026-04-22T07:42:00.000Z";4162.71
"2026-04-22T07:42:00.000Z";"2026-04-22T07:45:00.000Z";4159.98
"2026-04-22T07:45:00.000Z";"2026-04-22T07:48:00.000Z";4120.53
"2026-04-22T07:48:00.000Z";"2026-04-22T07:51:00.000Z";4059.5
"2026-04-22T07:51:00.000Z";"2026-04-22T07:54:00.000Z";4056
"2026-04-22T07:54:00.000Z";"2026-04-22T07:57:00.000Z";4077.16
"2026-04-22T07:57:00.000Z";"2026-04-22T08:00:00.000Z";4178.56
"2026-04-22T08:00:00.000Z";"2026-04-22T08:03:00.000Z";4161.33
"2026-04-22T08:03:00.000Z";"2026-04-22T08:06:00.000Z";4246.42
"2026-04-22T08:06:00.000Z";"2026-04-22T08:09:00.000Z";4256.7
"2026-04-22T08:09:00.000Z";"2026-04-22T08:12:00.000Z";4236.49
"2026-04-22T08:12:00.000Z";"2026-04-22T08:15:00.000Z";4247.7
"2026-04-22T08:15:00.000Z";"2026-04-22T08:18:00.000Z";4136.59
"2026-04-22T08:18:00.000Z";"2026-04-22T08:21:00.000Z";4145.63
"2026-04-22T08:21:00.000Z";"2026-04-22T08:24:00.000Z";4150.16
"2026-04-22T08:24:00.000Z";"2026-04-22T08:27:00.000Z";4172.55
"2026-04-22T08:27:00.000Z";"2026-04-22T08:30:00.000Z";4203.78
"2026-04-22T08:30:00.000Z";"2026-04-22T08:33:00.000Z";4194.33
"2026-04-22T08:33:00.000Z";"2026-04-22T08:36:00.000Z";4235.94
"2026-04-22T08:36:00.000Z";"2026-04-22T08:39:00.000Z";4284.33
"2026-04-22T08:39:00.000Z";"2026-04-22T08:42:00.000Z";4293.87
"2026-04-22T08:42:00.000Z";"2026-04-22T08:45:00.000Z";4258.82
"2026-04-22T08:45:00.000Z";"2026-04-22T08:48:00.000Z";4256.96
"2026-04-22T08:48:00.000Z";"2026-04-22T08:51:00.000Z";4275.34
"2026-04-22T08:51:00.000Z";"2026-04-22T08:54:00.000Z";4265.01
"2026-04-22T08:54:00.000Z";"2026-04-22T08:57:00.000Z";4256
"2026-04-22T08:57:00.000Z";"2026-04-22T09:00:00.000Z";4263.33
"2026-04-22T09:00:00.000Z";"2026-04-22T09:03:00.000Z";4349.25
"2026-04-22T09:03:00.000Z";"2026-04-22T09:06:00.000Z";4395.42
"2026-04-22T09:06:00.000Z";"2026-04-22T09:09:00.000Z";4378
"2026-04-22T09:09:00.000Z";"2026-04-22T09:12:00.000Z";4356.54
"2026-04-22T09:12:00.000Z";"2026-04-22T09:15:00.000Z";4326.47
"2026-04-22T09:15:00.000Z";"2026-04-22T09:18:00.000Z";4366.77
"2026-04-22T09:18:00.000Z";"2026-04-22T09:21:00.000Z";4336.76
"2026-04-22T09:21:00.000Z";"2026-04-22T09:24:00.000Z";4322.81
"2026-04-22T09:24:00.000Z";"2026-04-22T09:27:00.000Z";4361.63
"2026-04-22T09:27:00.000Z";"2026-04-22T09:30:00.000Z";4419.46
"2026-04-22T09:30:00.000Z";"2026-04-22T09:33:00.000Z";4401.6
"2026-04-22T09:33:00.000Z";"2026-04-22T09:36:00.000Z";4470.24
"2026-04-22T09:36:00.000Z";"2026-04-22T09:39:00.000Z";4558.82
"2026-04-22T09:39:00.000Z";"2026-04-22T09:42:00.000Z";4618.8
"2026-04-22T09:42:00.000Z";"2026-04-22T09:45:00.000Z";4587.84
"2026-04-22T09:45:00.000Z";"2026-04-22T09:48:00.000Z";4652.12
"2026-04-22T09:48:00.000Z";"2026-04-22T09:51:00.000Z";4667.32
"2026-04-22T09:51:00.000Z";"2026-04-22T09:54:00.000Z";4685.32
"2026-04-22T09:54:00.000Z";"2026-04-22T09:57:00.000Z";4704.32
"2026-04-22T09:57:00.000Z";"2026-04-22T10:00:00.000Z";4697.92
"2026-04-22T10:00:00.000Z";"2026-04-22T10:03:00.000Z";4747.7
"2026-04-22T10:03:00.000Z";"2026-04-22T10:06:00.000Z";4822.25
"2026-04-22T10:06:00.000Z";"2026-04-22T10:09:00.000Z";4857.68
"2026-04-22T10:09:00.000Z";"2026-04-22T10:12:00.000Z";4867.94
"2026-04-22T10:12:00.000Z";"2026-04-22T10:15:00.000Z";4890.69
"2026-04-22T10:15:00.000Z";"2026-04-22T10:18:00.000Z";4837.82
"2026-04-22T10:18:00.000Z";"2026-04-22T10:21:00.000Z";4793.64
"2026-04-22T10:21:00.000Z";"2026-04-22T10:24:00.000Z";4801.5
"2026-04-22T10:24:00.000Z";"2026-04-22T10:27:00.000Z";4820
"2026-04-22T10:27:00.000Z";"2026-04-22T10:30:00.000Z";4864.96
"2026-04-22T10:30:00.000Z";"2026-04-22T10:33:00.000Z";4792.77
"2026-04-22T10:33:00.000Z";"2026-04-22T10:36:00.000Z";4650.84
"2026-04-22T10:36:00.000Z";"2026-04-22T10:39:00.000Z";4674.63
"2026-04-22T10:39:00.000Z";"2026-04-22T10:42:00.000Z";4634
"2026-04-22T10:42:00.000Z";"2026-04-22T10:45:00.000Z";4665.95
"2026-04-22T10:45:00.000Z";"2026-04-22T10:48:00.000Z";4630.62
"2026-04-22T10:48:00.000Z";"2026-04-22T10:51:00.000Z";4610.72
"2026-04-22T10:51:00.000Z";"2026-04-22T10:54:00.000Z";4542.19
"2026-04-22T10:54:00.000Z";"2026-04-22T10:57:00.000Z";4571.63
"2026-04-22T10:57:00.000Z";"2026-04-22T11:00:00.000Z";4588.62
"2026-04-22T11:00:00.000Z";"2026-04-22T11:03:00.000Z";4394.04
"2026-04-22T11:03:00.000Z";"2026-04-22T11:06:00.000Z";3780.13
"2026-04-22T11:06:00.000Z";"2026-04-22T11:09:00.000Z";3748.37
"2026-04-22T11:09:00.000Z";"2026-04-22T11:12:00.000Z";3749.51
"2026-04-22T11:12:00.000Z";"2026-04-22T11:15:00.000Z";3712.07
"2026-04-22T11:15:00.000Z";"2026-04-22T11:18:00.000Z";3687.39
"2026-04-22T11:18:00.000Z";"2026-04-22T11:21:00.000Z";3681.16
"2026-04-22T11:21:00.000Z";"2026-04-22T11:24:00.000Z";3705.46
"2026-04-22T11:24:00.000Z";"2026-04-22T11:27:00.000Z";3712.86
"2026-04-22T11:27:00.000Z";"2026-04-22T11:30:00.000Z";3708
"2026-04-22T11:30:00.000Z";"2026-04-22T11:33:00.000Z";3660.07
"2026-04-22T11:33:00.000Z";"2026-04-22T11:36:00.000Z";3655.14
"2026-04-22T11:36:00.000Z";"2026-04-22T11:39:00.000Z";3632.01
"2026-04-22T11:39:00.000Z";"2026-04-22T11:42:00.000Z";3605.49
"2026-04-22T11:42:00.000Z";"2026-04-22T11:45:00.000Z";3618.98
"2026-04-22T11:45:00.000Z";"2026-04-22T11:48:00.000Z";3621.98
"2026-04-22T11:48:00.000Z";"2026-04-22T11:51:00.000Z";3603.68
"2026-04-22T11:51:00.000Z";"2026-04-22T11:54:00.000Z";3611.35
"2026-04-22T11:54:00.000Z";"2026-04-22T11:57:00.000Z";3628.99
"2026-04-22T11:57:00.000Z";"2026-04-22T12:00:00.000Z";3642.65
"2026-04-22T12:00:00.000Z";"2026-04-22T12:03:00.000Z";3631.27
"2026-04-22T12:03:00.000Z";"2026-04-22T12:06:00.000Z";3637.94
"2026-04-22T12:06:00.000Z";"2026-04-22T12:09:00.000Z";3649.34
"2026-04-22T12:09:00.000Z";"2026-04-22T12:12:00.000Z";3643.34
"2026-04-22T12:12:00.000Z";"2026-04-22T12:15:00.000Z";3653.16
"2026-04-22T12:15:00.000Z";"2026-04-22T12:18:00.000Z";3666.21
"2026-04-22T12:18:00.000Z";"2026-04-22T12:21:00.000Z";3654.31
"2026-04-22T12:21:00.000Z";"2026-04-22T12:24:00.000Z";3715.61
"2026-04-22T12:24:00.000Z";"2026-04-22T12:27:00.000Z";3736.05
"2026-04-22T12:27:00.000Z";"2026-04-22T12:30:00.000Z";3721.16
"2026-04-22T12:30:00.000Z";"2026-04-22T12:33:00.000Z";3719.98
"2026-04-22T12:33:00.000Z";"2026-04-22T12:36:00.000Z";3735.71
"2026-04-22T12:36:00.000Z";"2026-04-22T12:39:00.000Z";3762.81
"2026-04-22T12:39:00.000Z";"2026-04-22T12:42:00.000Z";3633.19
"2026-04-22T12:42:00.000Z";"2026-04-22T12:45:00.000Z";3594.5
"2026-04-22T12:45:00.000Z";"2026-04-22T12:48:00.000Z";3598.61
"2026-04-22T12:48:00.000Z";"2026-04-22T12:51:00.000Z";3650.31
"2026-04-22T12:51:00.000Z";"2026-04-22T12:54:00.000Z";3668.51
"2026-04-22T12:54:00.000Z";"2026-04-22T12:57:00.000Z";3659.69
"2026-04-22T12:57:00.000Z";"2026-04-22T13:00:00.000Z";3643.14
"2026-04-22T13:00:00.000Z";"2026-04-22T13:03:00.000Z";3685.99
"2026-04-22T13:03:00.000Z";"2026-04-22T13:06:00.000Z";3619.7
"2026-04-22T13:06:00.000Z";"2026-04-22T13:09:00.000Z";3541.93
"2026-04-22T13:09:00.000Z";"2026-04-22T13:12:00.000Z";3535.3
"2026-04-22T13:12:00.000Z";"2026-04-22T13:15:00.000Z";3583.79
"2026-04-22T13:15:00.000Z";"2026-04-22T13:18:00.000Z";3676.43
"2026-04-22T13:18:00.000Z";"2026-04-22T13:21:00.000Z";3918.68
"2026-04-22T13:21:00.000Z";"2026-04-22T13:24:00.000Z";4006.64
"2026-04-22T13:24:00.000Z";"2026-04-22T13:27:00.000Z";4018.16
"2026-04-22T13:27:00.000Z";"2026-04-22T13:30:00.000Z";4077.29
"2026-04-22T13:30:00.000Z";"2026-04-22T13:33:00.000Z";4124.16
"2026-04-22T13:33:00.000Z";"2026-04-22T13:36:00.000Z";4123.38
"2026-04-22T13:36:00.000Z";"2026-04-22T13:39:00.000Z";4090.67
"2026-04-22T13:39:00.000Z";"2026-04-22T13:42:00.000Z";4078.01
"2026-04-22T13:42:00.000Z";"2026-04-22T13:45:00.000Z";4056.01
"2026-04-22T13:45:00.000Z";"2026-04-22T13:48:00.000Z";4081.36
"2026-04-22T13:48:00.000Z";"2026-04-22T13:51:00.000Z";4078.33
"2026-04-22T13:51:00.000Z";"2026-04-22T13:54:00.000Z";4110.65
"2026-04-22T13:54:00.000Z";"2026-04-22T13:57:00.000Z";4115.84
"2026-04-22T13:57:00.000Z";"2026-04-22T14:00:00.000Z";4108.54
"2026-04-22T14:00:00.000Z";"2026-04-22T14:03:00.000Z";4105.96
"2026-04-22T14:03:00.000Z";"2026-04-22T14:06:00.000Z";4091.65
"2026-04-22T14:06:00.000Z";"2026-04-22T14:09:00.000Z";4073.52
"2026-04-22T14:09:00.000Z";"2026-04-22T14:12:00.000Z";4122
"2026-04-22T14:12:00.000Z";"2026-04-22T14:15:00.000Z";4055.89
"2026-04-22T14:15:00.000Z";"2026-04-22T14:18:00.000Z";4048.02
"2026-04-22T14:18:00.000Z";"2026-04-22T14:21:00.000Z";4034.33
"2026-04-22T14:21:00.000Z";"2026-04-22T14:24:00.000Z";4112.47
"2026-04-22T14:24:00.000Z";"2026-04-22T14:27:00.000Z";4155.86
"2026-04-22T14:27:00.000Z";"2026-04-22T14:30:00.000Z";4250.44
"2026-04-22T14:30:00.000Z";"2026-04-22T14:33:00.000Z";4434.49
"2026-04-22T14:33:00.000Z";"2026-04-22T14:36:00.000Z";4934.14
"2026-04-22T14:36:00.000Z";"2026-04-22T14:39:00.000Z";5097.97
"2026-04-22T14:39:00.000Z";"2026-04-22T14:42:00.000Z";5137.13
"2026-04-22T14:42:00.000Z";"2026-04-22T14:45:00.000Z";5134.84
"2026-04-22T14:45:00.000Z";"2026-04-22T14:48:00.000Z";5183.11
"2026-04-22T14:48:00.000Z";"2026-04-22T14:51:00.000Z";5327.38
"2026-04-22T14:51:00.000Z";"2026-04-22T14:54:00.000Z";5439.98
"2026-04-22T14:54:00.000Z";"2026-04-22T14:57:00.000Z";5448.84
"2026-04-22T14:57:00.000Z";"2026-04-22T15:00:00.000Z";5436.51
"2026-04-22T15:00:00.000Z";"2026-04-22T15:03:00.000Z";5302.79
"2026-04-22T15:03:00.000Z";"2026-04-22T15:06:00.000Z";5422.6
"2026-04-22T15:06:00.000Z";"2026-04-22T15:09:00.000Z";5508.33
"2026-04-22T15:09:00.000Z";"2026-04-22T15:12:00.000Z";5475.01
"2026-04-22T15:12:00.000Z";"2026-04-22T15:15:00.000Z";5527.95
"2026-04-22T15:15:00.000Z";"2026-04-22T15:18:00.000Z";5584.68
"2026-04-22T15:18:00.000Z";"2026-04-22T15:21:00.000Z";5551.81
"2026-04-22T15:21:00.000Z";"2026-04-22T15:24:00.000Z";5531.83
"2026-04-22T15:24:00.000Z";"2026-04-22T15:27:00.000Z";5557.65
"2026-04-22T15:27:00.000Z";"2026-04-22T15:30:00.000Z";5654.93
"2026-04-22T15:30:00.000Z";"2026-04-22T15:33:00.000Z";5713.95
"2026-04-22T15:33:00.000Z";"2026-04-22T15:36:00.000Z";5722.51
"2026-04-22T15:36:00.000Z";"2026-04-22T15:39:00.000Z";5739.19
"2026-04-22T15:39:00.000Z";"2026-04-22T15:42:00.000Z";5669.86
"2026-04-22T15:42:00.000Z";"2026-04-22T15:45:00.000Z";5672.33
"2026-04-22T15:45:00.000Z";"2026-04-22T15:48:00.000Z";5674.88
"2026-04-22T15:48:00.000Z";"2026-04-22T15:51:00.000Z";5577.43
"2026-04-22T15:51:00.000Z";"2026-04-22T15:54:00.000Z";5636.92
"2026-04-22T15:54:00.000Z";"2026-04-22T15:57:00.000Z";5687.16
"2026-04-22T15:57:00.000Z";"2026-04-22T16:00:00.000Z";5689.51
"2026-04-22T16:00:00.000Z";"2026-04-22T16:03:00.000Z";5683.49
"2026-04-22T16:03:00.000Z";"2026-04-22T16:06:00.000Z";5673.85
"2026-04-22T16:06:00.000Z";"2026-04-22T16:09:00.000Z";5629
"2026-04-22T16:09:00.000Z";"2026-04-22T16:12:00.000Z";5600.51
"2026-04-22T16:12:00.000Z";"2026-04-22T16:15:00.000Z";5618.31
"2026-04-22T16:15:00.000Z";"2026-04-22T16:18:00.000Z";5765.93
"2026-04-22T16:18:00.000Z";"2026-04-22T16:21:00.000Z";5841.94
"2026-04-22T16:21:00.000Z";"2026-04-22T16:24:00.000Z";5941.86
"2026-04-22T16:24:00.000Z";"2026-04-22T16:27:00.000Z";5897.85
"2026-04-22T16:27:00.000Z";"2026-04-22T16:30:00.000Z";5905.51
"2026-04-22T16:30:00.000Z";"2026-04-22T16:33:00.000Z";5978.78
"2026-04-22T16:33:00.000Z";"2026-04-22T16:36:00.000Z";5987.31
"2026-04-22T16:36:00.000Z";"2026-04-22T16:39:00.000Z";6043.82
"2026-04-22T16:39:00.000Z";"2026-04-22T16:42:00.000Z";6049.84
"2026-04-22T16:42:00.000Z";"2026-04-22T16:45:00.000Z";6036.85
"2026-04-22T16:45:00.000Z";"2026-04-22T16:48:00.000Z";6016.85
"2026-04-22T16:48:00.000Z";"2026-04-22T16:51:00.000Z";5994.51
"2026-04-22T16:51:00.000Z";"2026-04-22T16:54:00.000Z";6029.32
"2026-04-22T16:54:00.000Z";"2026-04-22T16:57:00.000Z";6071.62
"2026-04-22T16:57:00.000Z";"2026-04-22T17:00:00.000Z";6088.17
"2026-04-22T17:00:00.000Z";"2026-04-22T17:03:00.000Z";6060.87
"2026-04-22T17:03:00.000Z";"2026-04-22T17:06:00.000Z";6007.04
"2026-04-22T17:06:00.000Z";"2026-04-22T17:09:00.000Z";6023.84
"2026-04-22T17:09:00.000Z";"2026-04-22T17:12:00.000Z";5994.56
"2026-04-22T17:12:00.000Z";"2026-04-22T17:15:00.000Z";5898.51
"2026-04-22T17:15:00.000Z";"2026-04-22T17:18:00.000Z";5807.11
"2026-04-22T17:18:00.000Z";"2026-04-22T17:21:00.000Z";5745.65
"2026-04-22T17:21:00.000Z";"2026-04-22T17:24:00.000Z";5719.22
"2026-04-22T17:24:00.000Z";"2026-04-22T17:27:00.000Z";5711.51
"2026-04-22T17:27:00.000Z";"2026-04-22T17:30:00.000Z";5688.34
"2026-04-22T17:30:00.000Z";"2026-04-22T17:33:00.000Z";5702.49
"2026-04-22T17:33:00.000Z";"2026-04-22T17:36:00.000Z";5592.98
"2026-04-22T17:36:00.000Z";"2026-04-22T17:39:00.000Z";5597.65
"2026-04-22T17:39:00.000Z";"2026-04-22T17:42:00.000Z";5618.81
"2026-04-22T17:42:00.000Z";"2026-04-22T17:45:00.000Z";5621.65
"2026-04-22T17:45:00.000Z";"2026-04-22T17:48:00.000Z";5616.77
"2026-04-22T17:48:00.000Z";"2026-04-22T17:51:00.000Z";5698.79
"2026-04-22T17:51:00.000Z";"2026-04-22T17:54:00.000Z";5780.24
"2026-04-22T17:54:00.000Z";"2026-04-22T17:57:00.000Z";5761.67
"2026-04-22T17:57:00.000Z";"2026-04-22T18:00:00.000Z";5777.29
"2026-04-22T18:00:00.000Z";"2026-04-22T18:03:00.000Z";5759.04
"2026-04-22T18:03:00.000Z";"2026-04-22T18:06:00.000Z";5798
"2026-04-22T18:06:00.000Z";"2026-04-22T18:09:00.000Z";5747.2
"2026-04-22T18:09:00.000Z";"2026-04-22T18:12:00.000Z";5707.53
"2026-04-22T18:12:00.000Z";"2026-04-22T18:15:00.000Z";5675.18
"2026-04-22T18:15:00.000Z";"2026-04-22T18:18:00.000Z";5634.46
"2026-04-22T18:18:00.000Z";"2026-04-22T18:21:00.000Z";5689.99
"2026-04-22T18:21:00.000Z";"2026-04-22T18:24:00.000Z";5670.53
"2026-04-22T18:24:00.000Z";"2026-04-22T18:27:00.000Z";5683.14
"2026-04-22T18:27:00.000Z";"2026-04-22T18:30:00.000Z";5676.84
"2026-04-22T18:30:00.000Z";"2026-04-22T18:33:00.000Z";5727.09
"2026-04-22T18:33:00.000Z";"2026-04-22T18:36:00.000Z";5802.97
"2026-04-22T18:36:00.000Z";"2026-04-22T18:39:00.000Z";5854.67
"2026-04-22T18:39:00.000Z";"2026-04-22T18:42:00.000Z";5816.36
"2026-04-22T18:42:00.000Z";"2026-04-22T18:45:00.000Z";5783.75
"2026-04-22T18:45:00.000Z";"2026-04-22T18:48:00.000Z";5716.59
"2026-04-22T18:48:00.000Z";"2026-04-22T18:51:00.000Z";5660.98
"2026-04-22T18:51:00.000Z";"2026-04-22T18:54:00.000Z";5609.64
"2026-04-22T18:54:00.000Z";"2026-04-22T18:57:00.000Z";5594.18
"2026-04-22T18:57:00.000Z";"2026-04-22T19:00:00.000Z";5590.65
"2026-04-22T19:00:00.000Z";"2026-04-22T19:03:00.000Z";5608.43
"2026-04-22T19:03:00.000Z";"2026-04-22T19:06:00.000Z";5598
"2026-04-22T19:06:00.000Z";"2026-04-22T19:09:00.000Z";5557.04
"2026-04-22T19:09:00.000Z";"2026-04-22T19:12:00.000Z";5502.54
"2026-04-22T19:12:00.000Z";"2026-04-22T19:15:00.000Z";5414.21
"2026-04-22T19:15:00.000Z";"2026-04-22T19:18:00.000Z";5388.39
"2026-04-22T19:18:00.000Z";"2026-04-22T19:21:00.000Z";5345.69
"2026-04-22T19:21:00.000Z";"2026-04-22T19:24:00.000Z";5287.58
"2026-04-22T19:24:00.000Z";"2026-04-22T19:27:00.000Z";5258.56
"2026-04-22T19:27:00.000Z";"2026-04-22T19:30:00.000Z";5287.31
"2026-04-22T19:30:00.000Z";"2026-04-22T19:33:00.000Z";5277.49
"2026-04-22T19:33:00.000Z";"2026-04-22T19:36:00.000Z";5235.38
"2026-04-22T19:36:00.000Z";"2026-04-22T19:39:00.000Z";5227.05
"2026-04-22T19:39:00.000Z";"2026-04-22T19:42:00.000Z";5195.34
"2026-04-22T19:42:00.000Z";"2026-04-22T19:45:00.000Z";5178.28
"2026-04-22T19:45:00.000Z";"2026-04-22T19:48:00.000Z";5193.48
"2026-04-22T19:48:00.000Z";"2026-04-22T19:51:00.000Z";5222.74
"2026-04-22T19:51:00.000Z";"2026-04-22T19:54:00.000Z";5229.41
"2026-04-22T19:54:00.000Z";"2026-04-22T19:57:00.000Z";5204.68
"2026-04-22T19:57:00.000Z";"2026-04-22T20:00:00.000Z";5196.16
"2026-04-22T20:00:00.000Z";"2026-04-22T20:03:00.000Z";5139.1
"2026-04-22T20:03:00.000Z";"2026-04-22T20:06:00.000Z";5152.36
"2026-04-22T20:06:00.000Z";"2026-04-22T20:09:00.000Z";5156.82
"2026-04-22T20:09:00.000Z";"2026-04-22T20:12:00.000Z";5127.95
"2026-04-22T20:12:00.000Z";"2026-04-22T20:15:00.000Z";5103.81
"2026-04-22T20:15:00.000Z";"2026-04-22T20:18:00.000Z";5082.38
"2026-04-22T20:18:00.000Z";"2026-04-22T20:21:00.000Z";5071.96
"2026-04-22T20:21:00.000Z";"2026-04-22T20:24:00.000Z";5069.51
"2026-04-22T20:24:00.000Z";"2026-04-22T20:27:00.000Z";5070.94
"2026-04-22T20:27:00.000Z";"2026-04-22T20:30:00.000Z";5019.38
"2026-04-22T20:30:00.000Z";"2026-04-22T20:33:00.000Z";5073.08
"2026-04-22T20:33:00.000Z";"2026-04-22T20:36:00.000Z";5156.67
"2026-04-22T20:36:00.000Z";"2026-04-22T20:39:00.000Z";5142.84
"2026-04-22T20:39:00.000Z";"2026-04-22T20:42:00.000Z";5048.23
"2026-04-22T20:42:00.000Z";"2026-04-22T20:45:00.000Z";5027.19
"2026-04-22T20:45:00.000Z";"2026-04-22T20:48:00.000Z";4771.57
"2026-04-22T20:48:00.000Z";"2026-04-22T20:51:00.000Z";4540.58
"2026-04-22T20:51:00.000Z";"2026-04-22T20:54:00.000Z";4556.66
"2026-04-22T20:54:00.000Z";"2026-04-22T20:57:00.000Z";4541.83
"2026-04-22T20:57:00.000Z";"2026-04-22T21:00:00.000Z";4544.84
"2026-04-22T21:00:00.000Z";"2026-04-22T21:03:00.000Z";4560.33
"2026-04-22T21:03:00.000Z";"2026-04-22T21:06:00.000Z";4522.66
"2026-04-22T21:06:00.000Z";"2026-04-22T21:09:00.000Z";4602.99
"2026-04-22T21:09:00.000Z";"2026-04-22T21:12:00.000Z";4608.09
"2026-04-22T21:12:00.000Z";"2026-04-22T21:15:00.000Z";4573.45
"2026-04-22T21:15:00.000Z";"2026-04-22T21:18:00.000Z";4442.59
"2026-04-22T21:18:00.000Z";"2026-04-22T21:21:00.000Z";4343.69
"2026-04-22T21:21:00.000Z";"2026-04-22T21:24:00.000Z";4354.33
"2026-04-22T21:24:00.000Z";"2026-04-22T21:27:00.000Z";4327.2
"2026-04-22T21:27:00.000Z";"2026-04-22T21:30:00.000Z";4314.7
"2026-04-22T21:30:00.000Z";"2026-04-22T21:33:00.000Z";4285.17
"2026-04-22T21:33:00.000Z";"2026-04-22T21:36:00.000Z";4252.74
"2026-04-22T21:36:00.000Z";"2026-04-22T21:39:00.000Z";4239
"2026-04-22T21:39:00.000Z";"2026-04-22T21:42:00.000Z";4230.86
"2026-04-22T21:42:00.000Z";"2026-04-22T21:45:00.000Z";4214.67
"2026-04-22T21:45:00.000Z";"2026-04-22T21:48:00.000Z";4193.04
"2026-04-22T21:48:00.000Z";"2026-04-22T21:51:00.000Z";4202.15
"2026-04-22T21:51:00.000Z";"2026-04-22T21:54:00.000Z";4226.75
"2026-04-22T21:54:00.000Z";"2026-04-22T21:57:00.000Z";4250.51
"2026-04-22T21:57:00.000Z";"2026-04-22T22:00:00.000Z";4207.19
"2026-04-22T22:00:00.000Z";"2026-04-22T22:03:00.000Z";4185.85
"2026-04-22T22:03:00.000Z";"2026-04-22T22:06:00.000Z";4220.66
"2026-04-22T22:06:00.000Z";"2026-04-22T22:09:00.000Z";4312.83
"2026-04-22T22:09:00.000Z";"2026-04-22T22:12:00.000Z";4287.2
"2026-04-22T22:12:00.000Z";"2026-04-22T22:15:00.000Z";4227.07
"2026-04-22T22:15:00.000Z";"2026-04-22T22:18:00.000Z";4065.31
"2026-04-22T22:18:00.000Z";"2026-04-22T22:21:00.000Z";3986.88
"2026-04-22T22:21:00.000Z";"2026-04-22T22:24:00.000Z";3900.85
"2026-04-22T22:24:00.000Z";"2026-04-22T22:27:00.000Z";3840.38
"2026-04-22T22:27:00.000Z";"2026-04-22T22:30:00.000Z";3774.03
"2026-04-22T22:30:00.000Z";"2026-04-22T22:33:00.000Z";3739.49
"2026-04-22T22:33:00.000Z";"2026-04-22T22:36:00.000Z";3843.48
"2026-04-22T22:36:00.000Z";"2026-04-22T22:39:00.000Z";4006.42
"2026-04-22T22:39:00.000Z";"2026-04-22T22:42:00.000Z";3979
"2026-04-22T22:42:00.000Z";"2026-04-22T22:45:00.000Z";3963.02
"2026-04-22T22:45:00.000Z";"2026-04-22T22:48:00.000Z";4007.63
"2026-04-22T22:48:00.000Z";"2026-04-22T22:51:00.000Z";4017.59
"2026-04-22T22:51:00.000Z";"2026-04-22T22:54:00.000Z";3977.52
"2026-04-22T22:54:00.000Z";"2026-04-22T22:57:00.000Z";3967.82
"2026-04-22T22:57:00.000Z";"2026-04-22T23:00:00.000Z";3961.63
"2026-04-22T23:00:00.000Z";"2026-04-22T23:03:00.000Z";4011.15
"2026-04-22T23:03:00.000Z";"2026-04-22T23:06:00.000Z";3953.14
"2026-04-22T23:06:00.000Z";"2026-04-22T23:09:00.000Z";3902.69
"2026-04-22T23:09:00.000Z";"2026-04-22T23:12:00.000Z";3856.02
"2026-04-22T23:12:00.000Z";"2026-04-22T23:15:00.000Z";3842.71
"2026-04-22T23:15:00.000Z";"2026-04-22T23:18:00.000Z";3741.5
"2026-04-22T23:18:00.000Z";"2026-04-22T23:21:00.000Z";3732.99
"2026-04-22T23:21:00.000Z";"2026-04-22T23:24:00.000Z";3765.65
"2026-04-22T23:24:00.000Z";"2026-04-22T23:27:00.000Z";3792
"2026-04-22T23:27:00.000Z";"2026-04-22T23:30:00.000Z";3818.65
"2026-04-22T23:30:00.000Z";"2026-04-22T23:33:00.000Z";3801.04
"2026-04-22T23:33:00.000Z";"2026-04-22T23:36:00.000Z";3814.52
"2026-04-22T23:36:00.000Z";"2026-04-22T23:39:00.000Z";3801.64
"2026-04-22T23:39:00.000Z";"2026-04-22T23:42:00.000Z";3785.88
"2026-04-22T23:42:00.000Z";"2026-04-22T23:45:00.000Z";3783.81
"2026-04-22T23:45:00.000Z";"2026-04-22T23:48:00.000Z";3601.44
"2026-04-22T23:48:00.000Z";"2026-04-22T23:51:00.000Z";3469.4
"2026-04-22T23:51:00.000Z";"2026-04-22T23:54:00.000Z";3446.17
"2026-04-22T23:54:00.000Z";"2026-04-22T23:57:00.000Z";3454.32
"2026-04-22T23:57:00.000Z";"2026-04-23T00:00:00.000Z";3436.18
"2026-04-23T00:00:00.000Z";"2026-04-23T00:03:00.000Z";3415.5
"2026-04-23T00:03:00.000Z";"2026-04-23T00:06:00.000Z";3367.67
"2026-04-23T00:06:00.000Z";"2026-04-23T00:09:00.000Z";3360.01
"2026-04-23T00:09:00.000Z";"2026-04-23T00:12:00.000Z";3370.02
"2026-04-23T00:12:00.000Z";"2026-04-23T00:15:00.000Z";3387.65
"2026-04-23T00:15:00.000Z";"2026-04-23T00:18:00.000Z";3464.93
"2026-04-23T00:18:00.000Z";"2026-04-23T00:21:00.000Z";3478.73
"2026-04-23T00:21:00.000Z";"2026-04-23T00:24:00.000Z";3486.99
"2026-04-23T00:24:00.000Z";"2026-04-23T00:27:00.000Z";3465.86
"2026-04-23T00:27:00.000Z";"2026-04-23T00:30:00.000Z";3481.01
"2026-04-23T00:30:00.000Z";"2026-04-23T00:33:00.000Z";3478.01
"2026-04-23T00:33:00.000Z";"2026-04-23T00:36:00.000Z";3482
"2026-04-23T00:36:00.000Z";"2026-04-23T00:39:00.000Z";3452.68
"2026-04-23T00:39:00.000Z";"2026-04-23T00:42:00.000Z";3454.34
"2026-04-23T00:42:00.000Z";"2026-04-23T00:45:00.000Z";3464.16
"2026-04-23T00:45:00.000Z";"2026-04-23T00:48:00.000Z";3486.49
"2026-04-23T00:48:00.000Z";"2026-04-23T00:51:00.000Z";3477.84
"2026-04-23T00:51:00.000Z";"2026-04-23T00:54:00.000Z";3485.36
"2026-04-23T00:54:00.000Z";"2026-04-23T00:57:00.000Z";3468.85
"2026-04-23T00:57:00.000Z";"2026-04-23T01:00:00.000Z";3457.47
"2026-04-23T01:00:00.000Z";"2026-04-23T01:03:00.000Z";3507.01
"2026-04-23T01:03:00.000Z";"2026-04-23T01:06:00.000Z";3493.17
"2026-04-23T01:06:00.000Z";"2026-04-23T01:09:00.000Z";3504.19
"2026-04-23T01:09:00.000Z";"2026-04-23T01:12:00.000Z";3501.21
"2026-04-23T01:12:00.000Z";"2026-04-23T01:15:00.000Z";3480.02
"2026-04-23T01:15:00.000Z";"2026-04-23T01:18:00.000Z";3465.63
"2026-04-23T01:18:00.000Z";"2026-04-23T01:21:00.000Z";3508.57
"2026-04-23T01:21:00.000Z";"2026-04-23T01:24:00.000Z";3561.33
"2026-04-23T01:24:00.000Z";"2026-04-23T01:27:00.000Z";3507.26
"2026-04-23T01:27:00.000Z";"2026-04-23T01:30:00.000Z";3498.49
"2026-04-23T01:30:00.000Z";"2026-04-23T01:33:00.000Z";3426.01
"2026-04-23T01:33:00.000Z";"2026-04-23T01:36:00.000Z";3398.04
"2026-04-23T01:36:00.000Z";"2026-04-23T01:39:00.000Z";3372.33
"2026-04-23T01:39:00.000Z";"2026-04-23T01:42:00.000Z";3341.2
"2026-04-23T01:42:00.000Z";"2026-04-23T01:45:00.000Z";3355.14
"2026-04-23T01:45:00.000Z";"2026-04-23T01:48:00.000Z";3308.2
"2026-04-23T01:48:00.000Z";"2026-04-23T01:51:00.000Z";3286.49
"2026-04-23T01:51:00.000Z";"2026-04-23T01:54:00.000Z";3347.86
"2026-04-23T01:54:00.000Z";"2026-04-23T01:57:00.000Z";3354
"2026-04-23T01:57:00.000Z";"2026-04-23T02:00:00.000Z";3363.96
"2026-04-23T02:00:00.000Z";"2026-04-23T02:03:00.000Z";3399.66
"2026-04-23T02:03:00.000Z";"2026-04-23T02:06:00.000Z";3421.93
"2026-04-23T02:06:00.000Z";"2026-04-23T02:09:00.000Z";3417.56
"2026-04-23T02:09:00.000Z";"2026-04-23T02:12:00.000Z";3413.84
"2026-04-23T02:12:00.000Z";"2026-04-23T02:15:00.000Z";3393.18
"2026-04-23T02:15:00.000Z";"2026-04-23T02:18:00.000Z";3412.16
"2026-04-23T02:18:00.000Z";"2026-04-23T02:21:00.000Z";3432.32
"2026-04-23T02:21:00.000Z";"2026-04-23T02:24:00.000Z";3433.11
"2026-04-23T02:24:00.000Z";"2026-04-23T02:27:00.000Z";3437.83
"2026-04-23T02:27:00.000Z";"2026-04-23T02:30:00.000Z";3447.48
"2026-04-23T02:30:00.000Z";"2026-04-23T02:33:00.000Z";3469.2
"2026-04-23T02:33:00.000Z";"2026-04-23T02:36:00.000Z";3504.5
"2026-04-23T02:36:00.000Z";"2026-04-23T02:39:00.000Z";3484.49
"2026-04-23T02:39:00.000Z";"2026-04-23T02:42:00.000Z";3488.84
"2026-04-23T02:42:00.000Z";"2026-04-23T02:45:00.000Z";3502.78
"2026-04-23T02:45:00.000Z";"2026-04-23T02:48:00.000Z";3559.96
"2026-04-23T02:48:00.000Z";"2026-04-23T02:51:00.000Z";3552.69
"2026-04-23T02:51:00.000Z";"2026-04-23T02:54:00.000Z";3535.85
"2026-04-23T02:54:00.000Z";"2026-04-23T02:57:00.000Z";3493.88
"2026-04-23T02:57:00.000Z";"2026-04-23T03:00:00.000Z";3457.17
"2026-04-23T03:00:00.000Z";"2026-04-23T03:03:00.000Z";3444.33
"2026-04-23T03:03:00.000Z";"2026-04-23T03:06:00.000Z";3459
"2026-04-23T03:06:00.000Z";"2026-04-23T03:09:00.000Z";3431.24
"2026-04-23T03:09:00.000Z";"2026-04-23T03:12:00.000Z";3434.33
"2026-04-23T03:12:00.000Z";"2026-04-23T03:15:00.000Z";3449.83
"2026-04-23T03:15:00.000Z";"2026-04-23T03:18:00.000Z";3507.95
"2026-04-23T03:18:00.000Z";"2026-04-23T03:21:00.000Z";3645.43
"2026-04-23T03:21:00.000Z";"2026-04-23T03:24:00.000Z";3632.37
"2026-04-23T03:24:00.000Z";"2026-04-23T03:27:00.000Z";3605.17
"2026-04-23T03:27:00.000Z";"2026-04-23T03:30:00.000Z";3628.15
"2026-04-23T03:30:00.000Z";"2026-04-23T03:33:00.000Z";3617.14
"2026-04-23T03:33:00.000Z";"2026-04-23T03:36:00.000Z";3691.45
"2026-04-23T03:36:00.000Z";"2026-04-23T03:39:00.000Z";3740.34
"2026-04-23T03:39:00.000Z";"2026-04-23T03:42:00.000Z";3696.52
"2026-04-23T03:42:00.000Z";"2026-04-23T03:45:00.000Z";3641.67
"2026-04-23T03:45:00.000Z";"2026-04-23T03:48:00.000Z";3632.84
"2026-04-23T03:48:00.000Z";"2026-04-23T03:51:00.000Z";3622.03
"2026-04-23T03:51:00.000Z";"2026-04-23T03:54:00.000Z";3587.5
"2026-04-23T03:54:00.000Z";"2026-04-23T03:57:00.000Z";3557.88
"2026-04-23T03:57:00.000Z";"2026-04-23T04:00:00.000Z";3500.25
"2026-04-23T04:00:00.000Z";"2026-04-23T04:03:00.000Z";3426.87
"2026-04-23T04:03:00.000Z";"2026-04-23T04:06:00.000Z";3376.18
"2026-04-23T04:06:00.000Z";"2026-04-23T04:09:00.000Z";3338.35
"2026-04-23T04:09:00.000Z";"2026-04-23T04:12:00.000Z";3331.82
"2026-04-23T04:12:00.000Z";"2026-04-23T04:15:00.000Z";3274.9
"2026-04-23T04:15:00.000Z";"2026-04-23T04:18:00.000Z";3187.04
"2026-04-23T04:18:00.000Z";"2026-04-23T04:21:00.000Z";3129
"2026-04-23T04:21:00.000Z";"2026-04-23T04:24:00.000Z";3066.09
"2026-04-23T04:24:00.000Z";"2026-04-23T04:27:00.000Z";3012.19
"2026-04-23T04:27:00.000Z";"2026-04-23T04:30:00.000Z";2958.18
"2026-04-23T04:30:00.000Z";"2026-04-23T04:33:00.000Z";2959.13
"2026-04-23T04:33:00.000Z";"2026-04-23T04:36:00.000Z";2955.38
"2026-04-23T04:36:00.000Z";"2026-04-23T04:39:00.000Z";2892.81
"2026-04-23T04:39:00.000Z";"2026-04-23T04:42:00.000Z";2827.85
"2026-04-23T04:42:00.000Z";"2026-04-23T04:45:00.000Z";2792.37
"2026-04-23T04:45:00.000Z";"2026-04-23T04:48:00.000Z";2772.42
"2026-04-23T04:48:00.000Z";"2026-04-23T04:51:00.000Z";2802.05
"2026-04-23T04:51:00.000Z";"2026-04-23T04:54:00.000Z";2750.2
"2026-04-23T04:54:00.000Z";"2026-04-23T04:57:00.000Z";2665.86
"2026-04-23T04:57:00.000Z";"2026-04-23T05:00:00.000Z";2635.57
"2026-04-23T05:00:00.000Z";"2026-04-23T05:03:00.000Z";2568.18
"2026-04-23T05:03:00.000Z";"2026-04-23T05:06:00.000Z";2553.74
"2026-04-23T05:06:00.000Z";"2026-04-23T05:09:00.000Z";2498.15
"2026-04-23T05:09:00.000Z";"2026-04-23T05:12:00.000Z";2457.21
"2026-04-23T05:12:00.000Z";"2026-04-23T05:15:00.000Z";2403.4
"2026-04-23T05:15:00.000Z";"2026-04-23T05:18:00.000Z";2333.2
"2026-04-23T05:18:00.000Z";"2026-04-23T05:21:00.000Z";2300.64
"2026-04-23T05:21:00.000Z";"2026-04-23T05:24:00.000Z";2306.85
"2026-04-23T05:24:00.000Z";"2026-04-23T05:27:00.000Z";2265.52
"2026-04-23T05:27:00.000Z";"2026-04-23T05:30:00.000Z";2281.47
"2026-04-23T05:30:00.000Z";"2026-04-23T05:33:00.000Z";2263.7
"2026-04-23T05:33:00.000Z";"2026-04-23T05:36:00.000Z";2258.69
"2026-04-23T05:36:00.000Z";"2026-04-23T05:39:00.000Z";2249.83
"2026-04-23T05:39:00.000Z";"2026-04-23T05:42:00.000Z";2251.01
"2026-04-23T05:42:00.000Z";"2026-04-23T05:45:00.000Z";2238.5
"2026-04-23T05:45:00.000Z";"2026-04-23T05:48:00.000Z";2150.61
"2026-04-23T05:48:00.000Z";"2026-04-23T05:51:00.000Z";2063.83
"2026-04-23T05:51:00.000Z";"2026-04-23T05:54:00.000Z";2031.65
"2026-04-23T05:54:00.000Z";"2026-04-23T05:57:00.000Z";2039.94
"2026-04-23T05:57:00.000Z";"2026-04-23T06:00:00.000Z";2013.88
"2026-04-23T06:00:00.000Z";"2026-04-23T06:03:00.000Z";2014.48
"2026-04-23T06:03:00.000Z";"2026-04-23T06:06:00.000Z";2022.64
"2026-04-23T06:06:00.000Z";"2026-04-23T06:09:00.000Z";2033.5
"2026-04-23T06:09:00.000Z";"2026-04-23T06:12:00.000Z";2047.53
"2026-04-23T06:12:00.000Z";"2026-04-23T06:15:00.000Z";2084.32
"2026-04-23T06:15:00.000Z";"2026-04-23T06:18:00.000Z";2027.53
"2026-04-23T06:18:00.000Z";"2026-04-23T06:21:00.000Z";2005.44
"2026-04-23T06:21:00.000Z";"2026-04-23T06:24:00.000Z";2029.99
"2026-04-23T06:24:00.000Z";"2026-04-23T06:27:00.000Z";2058.69
"2026-04-23T06:27:00.000Z";"2026-04-23T06:30:00.000Z";2032.44
"2026-04-23T06:30:00.000Z";"2026-04-23T06:33:00.000Z";2029.63
"2026-04-23T06:33:00.000Z";"2026-04-23T06:36:00.000Z";2041.81
"2026-04-23T06:36:00.000Z";"2026-04-23T06:39:00.000Z";2012.44
"2026-04-23T06:39:00.000Z";"2026-04-23T06:42:00.000Z";1956.86
"2026-04-23T06:42:00.000Z";"2026-04-23T06:45:00.000Z";1953.35
"2026-04-23T06:45:00.000Z";"2026-04-23T06:48:00.000Z";1937.31
"2026-04-23T06:48:00.000Z";"2026-04-23T06:51:00.000Z";1921
"2026-04-23T06:51:00.000Z";"2026-04-23T06:54:00.000Z";1934.68
"2026-04-23T06:54:00.000Z";"2026-04-23T06:57:00.000Z";1929.85
"2026-04-23T06:57:00.000Z";"2026-04-23T07:00:00.000Z";1883.2
"2026-04-23T07:00:00.000Z";"2026-04-23T07:03:00.000Z";1846.76
"2026-04-23T07:03:00.000Z";"2026-04-23T07:06:00.000Z";1811.71
"2026-04-23T07:06:00.000Z";"2026-04-23T07:09:00.000Z";1793.16
"2026-04-23T07:09:00.000Z";"2026-04-23T07:12:00.000Z";1807.17
"2026-04-23T07:12:00.000Z";"2026-04-23T07:15:00.000Z";1793.51
"2026-04-23T07:15:00.000Z";"2026-04-23T07:18:00.000Z";1772.55
"2026-04-23T07:18:00.000Z";"2026-04-23T07:21:00.000Z";1775.83
"2026-04-23T07:21:00.000Z";"2026-04-23T07:24:00.000Z";1769.97
"2026-04-23T07:24:00.000Z";"2026-04-23T07:27:00.000Z";1787.06
"2026-04-23T07:27:00.000Z";"2026-04-23T07:30:00.000Z";1767.16
"2026-04-23T07:30:00.000Z";"2026-04-23T07:33:00.000Z";1765.33
"2026-04-23T07:33:00.000Z";"2026-04-23T07:36:00.000Z";1741.2
"2026-04-23T07:36:00.000Z";"2026-04-23T07:39:00.000Z";1697.18
"2026-04-23T07:39:00.000Z";"2026-04-23T07:42:00.000Z";1716.29
"2026-04-23T07:42:00.000Z";"2026-04-23T07:45:00.000Z";1716.5
"2026-04-23T07:45:00.000Z";"2026-04-23T07:48:00.000Z";1627.74
"2026-04-23T07:48:00.000Z";"2026-04-23T07:51:00.000Z";1578.33
"2026-04-23T07:51:00.000Z";"2026-04-23T07:54:00.000Z";1533.56
"2026-04-23T07:54:00.000Z";"2026-04-23T07:57:00.000Z";1526.31
"2026-04-23T07:57:00.000Z";"2026-04-23T08:00:00.000Z";1548.33
"2026-04-23T08:00:00.000Z";"2026-04-23T08:03:00.000Z";1564.95
"2026-04-23T08:03:00.000Z";"2026-04-23T08:06:00.000Z";1558.68
"2026-04-23T08:06:00.000Z";"2026-04-23T08:09:00.000Z";1551.97
"2026-04-23T08:09:00.000Z";"2026-04-23T08:12:00.000Z";1542
"2026-04-23T08:12:00.000Z";"2026-04-23T08:15:00.000Z";1563.83
"2026-04-23T08:15:00.000Z";"2026-04-23T08:18:00.000Z";1594.46
"2026-04-23T08:18:00.000Z";"2026-04-23T08:21:00.000Z";1573.69
"2026-04-23T08:21:00.000Z";"2026-04-23T08:24:00.000Z";1572.31
"2026-04-23T08:24:00.000Z";"2026-04-23T08:27:00.000Z";1611.82
"2026-04-23T08:27:00.000Z";"2026-04-23T08:30:00.000Z";1601.54
"2026-04-23T08:30:00.000Z";"2026-04-23T08:33:00.000Z";1520.41
"2026-04-23T08:33:00.000Z";"2026-04-23T08:36:00.000Z";1471.51
"2026-04-23T08:36:00.000Z";"2026-04-23T08:39:00.000Z";1462.13
"2026-04-23T08:39:00.000Z";"2026-04-23T08:42:00.000Z";1464.18
"2026-04-23T08:42:00.000Z";"2026-04-23T08:45:00.000Z";1437.56
"2026-04-23T08:45:00.000Z";"2026-04-23T08:48:00.000Z";1426.18
"2026-04-23T08:48:00.000Z";"2026-04-23T08:51:00.000Z";1408.84
"2026-04-23T08:51:00.000Z";"2026-04-23T08:54:00.000Z";1411.83
"2026-04-23T08:54:00.000Z";"2026-04-23T08:57:00.000Z";1463.18
"2026-04-23T08:57:00.000Z";"2026-04-23T09:00:00.000Z";1469.67
"2026-04-23T09:00:00.000Z";"2026-04-23T09:03:00.000Z";1494.61
"2026-04-23T09:03:00.000Z";"2026-04-23T09:06:00.000Z";1545.82
"2026-04-23T09:06:00.000Z";"2026-04-23T09:09:00.000Z";1565.31
"2026-04-23T09:09:00.000Z";"2026-04-23T09:12:00.000Z";1576.65
"2026-04-23T09:12:00.000Z";"2026-04-23T09:15:00.000Z";1584.34
"2026-04-23T09:15:00.000Z";"2026-04-23T09:18:00.000Z";1592.68
"2026-04-23T09:18:00.000Z";"2026-04-23T09:21:00.000Z";1596.95
"2026-04-23T09:21:00.000Z";"2026-04-23T09:24:00.000Z";1621.98
"2026-04-23T09:24:00.000Z";"2026-04-23T09:27:00.000Z";1620.12
"2026-04-23T09:27:00.000Z";"2026-04-23T09:30:00.000Z";1653.82
"2026-04-23T09:30:00.000Z";"2026-04-23T09:33:00.000Z";1681.65
"2026-04-23T09:33:00.000Z";"2026-04-23T09:36:00.000Z";1693
"2026-04-23T09:36:00.000Z";"2026-04-23T09:39:00.000Z";1632.39
"2026-04-23T09:39:00.000Z";"2026-04-23T09:42:00.000Z";1594.85
"2026-04-23T09:42:00.000Z";"2026-04-23T09:45:00.000Z";1613.97
"2026-04-23T09:45:00.000Z";"2026-04-23T09:48:00.000Z";1594.39
"2026-04-23T09:48:00.000Z";"2026-04-23T09:51:00.000Z";1560.53
"2026-04-23T09:51:00.000Z";"2026-04-23T09:54:00.000Z";1583.83
"2026-04-23T09:54:00.000Z";"2026-04-23T09:57:00.000Z";1596.5
"2026-04-23T09:57:00.000Z";"2026-04-23T10:00:00.000Z";1573.16
"2026-04-23T10:00:00.000Z";"2026-04-23T10:03:00.000Z";1593.16
"2026-04-23T10:03:00.000Z";"2026-04-23T10:06:00.000Z";1642.66
"2026-04-23T10:06:00.000Z";"2026-04-23T10:09:00.000Z";1660.84
"2026-04-23T10:09:00.000Z";"2026-04-23T10:12:00.000Z";1659.31
"2026-04-23T10:12:00.000Z";"2026-04-23T10:15:00.000Z";1646.05
"2026-04-23T10:15:00.000Z";"2026-04-23T10:18:00.000Z";1595
"2026-04-23T10:18:00.000Z";"2026-04-23T10:21:00.000Z";1584.85
"2026-04-23T10:21:00.000Z";"2026-04-23T10:24:00.000Z";1616.96
"2026-04-23T10:24:00.000Z";"2026-04-23T10:27:00.000Z";1616.01
"2026-04-23T10:27:00.000Z";"2026-04-23T10:30:00.000Z";1592.33
"2026-04-23T10:30:00.000Z";"2026-04-23T10:33:00.000Z";1606.17
"2026-04-23T10:33:00.000Z";"2026-04-23T10:36:00.000Z";1638
"2026-04-23T10:36:00.000Z";"2026-04-23T10:39:00.000Z";1648.21
"2026-04-23T10:39:00.000Z";"2026-04-23T10:42:00.000Z";1666.65
"2026-04-23T10:42:00.000Z";"2026-04-23T10:45:00.000Z";1674.02
"2026-04-23T10:45:00.000Z";"2026-04-23T10:48:00.000Z";1586.08
"2026-04-23T10:48:00.000Z";"2026-04-23T10:51:00.000Z";1530.85
"2026-04-23T10:51:00.000Z";"2026-04-23T10:54:00.000Z";1547.31
"2026-04-23T10:54:00.000Z";"2026-04-23T10:57:00.000Z";1530.04
"2026-04-23T10:57:00.000Z";"2026-04-23T11:00:00.000Z";1530.17
"2026-04-23T11:00:00.000Z";"2026-04-23T11:03:00.000Z";1543.17
"2026-04-23T11:03:00.000Z";"2026-04-23T11:06:00.000Z";1588.64
"2026-04-23T11:06:00.000Z";"2026-04-23T11:09:00.000Z";1612.61
"2026-04-23T11:09:00.000Z";"2026-04-23T11:12:00.000Z";1624.66
"2026-04-23T11:12:00.000Z";"2026-04-23T11:15:00.000Z";1654.16
"2026-04-23T11:15:00.000Z";"2026-04-23T11:18:00.000Z";1655.5
"2026-04-23T11:18:00.000Z";"2026-04-23T11:21:00.000Z";1683.29
"2026-04-23T11:21:00.000Z";"2026-04-23T11:24:00.000Z";1713.31
"2026-04-23T11:24:00.000Z";"2026-04-23T11:27:00.000Z";1695.68
"2026-04-23T11:27:00.000Z";"2026-04-23T11:30:00.000Z";1700.83
"2026-04-23T11:30:00.000Z";"2026-04-23T11:33:00.000Z";1690.91
"2026-04-23T11:33:00.000Z";"2026-04-23T11:36:00.000Z";1657.7
"2026-04-23T11:36:00.000Z";"2026-04-23T11:39:00.000Z";1661.49
"2026-04-23T11:39:00.000Z";"2026-04-23T11:42:00.000Z";1708.65
"2026-04-23T11:42:00.000Z";"2026-04-23T11:45:00.000Z";1725.8
"2026-04-23T11:45:00.000Z";"2026-04-23T11:48:00.000Z";1707.24
"2026-04-23T11:48:00.000Z";"2026-04-23T11:51:00.000Z";1675.81
"2026-04-23T11:51:00.000Z";"2026-04-23T11:54:00.000Z";1689.17
"2026-04-23T11:54:00.000Z";"2026-04-23T11:57:00.000Z";1691.83
"2026-04-23T11:57:00.000Z";"2026-04-23T12:00:00.000Z";1712.63
"2026-04-23T12:00:00.000Z";"2026-04-23T12:03:00.000Z";1774.29
"2026-04-23T12:03:00.000Z";"2026-04-23T12:06:00.000Z";1874.86
"2026-04-23T12:06:00.000Z";"2026-04-23T12:09:00.000Z";1904.01
"2026-04-23T12:09:00.000Z";"2026-04-23T12:12:00.000Z";1927.18
"2026-04-23T12:12:00.000Z";"2026-04-23T12:15:00.000Z";1920.34
"2026-04-23T12:15:00.000Z";"2026-04-23T12:18:00.000Z";1934
"2026-04-23T12:18:00.000Z";"2026-04-23T12:21:00.000Z";1934.55
"2026-04-23T12:21:00.000Z";"2026-04-23T12:24:00.000Z";1907.66
"2026-04-23T12:24:00.000Z";"2026-04-23T12:27:00.000Z";1894.16
"2026-04-23T12:27:00.000Z";"2026-04-23T12:30:00.000Z";1923.87
"2026-04-23T12:30:00.000Z";"2026-04-23T12:33:00.000Z";1890.84
"2026-04-23T12:33:00.000Z";"2026-04-23T12:36:00.000Z";1907.5
"2026-04-23T12:36:00.000Z";"2026-04-23T12:39:00.000Z";1899.84
"2026-04-23T12:39:00.000Z";"2026-04-23T12:42:00.000Z";1854.39
"2026-04-23T12:42:00.000Z";"2026-04-23T12:45:00.000Z";1785.79
"2026-04-23T12:45:00.000Z";"2026-04-23T12:48:00.000Z";1646.05
"2026-04-23T12:48:00.000Z";"2026-04-23T12:51:00.000Z";1564.33
"2026-04-23T12:51:00.000Z";"2026-04-23T12:54:00.000Z";1549.2
"2026-04-23T12:54:00.000Z";"2026-04-23T12:57:00.000Z";1530.51
"2026-04-23T12:57:00.000Z";"2026-04-23T13:00:00.000Z";1525.84
"2026-04-23T13:00:00.000Z";"2026-04-23T13:03:00.000Z";1521.18
"2026-04-23T13:03:00.000Z";"2026-04-23T13:06:00.000Z";1497.51
"2026-04-23T13:06:00.000Z";"2026-04-23T13:09:00.000Z";1538.49
"2026-04-23T13:09:00.000Z";"2026-04-23T13:12:00.000Z";1552.98
"2026-04-23T13:12:00.000Z";"2026-04-23T13:15:00.000Z";1540.89
"2026-04-23T13:15:00.000Z";"2026-04-23T13:18:00.000Z";1540.54
"2026-04-23T13:18:00.000Z";"2026-04-23T13:21:00.000Z";1576.46
"2026-04-23T13:21:00.000Z";"2026-04-23T13:24:00.000Z";1544.51
"2026-04-23T13:24:00.000Z";"2026-04-23T13:27:00.000Z";1526.04
"2026-04-23T13:27:00.000Z";"2026-04-23T13:30:00.000Z";1469.35
"2026-04-23T13:30:00.000Z";"2026-04-23T13:33:00.000Z";1476.64
"2026-04-23T13:33:00.000Z";"2026-04-23T13:36:00.000Z";1523.28
"2026-04-23T13:36:00.000Z";"2026-04-23T13:39:00.000Z";1604.25
"2026-04-23T13:39:00.000Z";"2026-04-23T13:42:00.000Z";1564.87
"2026-04-23T13:42:00.000Z";"2026-04-23T13:45:00.000Z";1512.52
"2026-04-23T13:45:00.000Z";"2026-04-23T13:48:00.000Z";1449.25
"2026-04-23T13:48:00.000Z";"2026-04-23T13:51:00.000Z";1354.52
"2026-04-23T13:51:00.000Z";"2026-04-23T13:54:00.000Z";1319.37
"2026-04-23T13:54:00.000Z";"2026-04-23T13:57:00.000Z";1332.98
"2026-04-23T13:57:00.000Z";"2026-04-23T14:00:00.000Z";1333.09
"2026-04-23T14:00:00.000Z";"2026-04-23T14:03:00.000Z";1314.93
"2026-04-23T14:03:00.000Z";"2026-04-23T14:06:00.000Z";1367.15
"2026-04-23T14:06:00.000Z";"2026-04-23T14:09:00.000Z";1381.84
"2026-04-23T14:09:00.000Z";"2026-04-23T14:12:00.000Z";1396.62
"2026-04-23T14:12:00.000Z";"2026-04-23T14:15:00.000Z";1386.35
"2026-04-23T14:15:00.000Z";"2026-04-23T14:18:00.000Z";1365.84
"2026-04-23T14:18:00.000Z";"2026-04-23T14:21:00.000Z";1307.24
"2026-04-23T14:21:00.000Z";"2026-04-23T14:24:00.000Z";1309.49
"2026-04-23T14:24:00.000Z";"2026-04-23T14:27:00.000Z";1287.02
"2026-04-23T14:27:00.000Z";"2026-04-23T14:30:00.000Z";1281
"2026-04-23T14:30:00.000Z";"2026-04-23T14:33:00.000Z";1295.33
"2026-04-23T14:33:00.000Z";"2026-04-23T14:36:00.000Z";1302.18
"2026-04-23T14:36:00.000Z";"2026-04-23T14:39:00.000Z";1270.85
"2026-04-23T14:39:00.000Z";"2026-04-23T14:42:00.000Z";1244.84
"2026-04-23T14:42:00.000Z";"2026-04-23T14:45:00.000Z";1229.85
"2026-04-23T14:45:00.000Z";"2026-04-23T14:48:00.000Z";1221.5
"2026-04-23T14:48:00.000Z";"2026-04-23T14:51:00.000Z";1211.83
"2026-04-23T14:51:00.000Z";"2026-04-23T14:54:00.000Z";1218.02
"2026-04-23T14:54:00.000Z";"2026-04-23T14:57:00.000Z";1193.83
"2026-04-23T14:57:00.000Z";"2026-04-23T15:00:00.000Z";1175.69
"2026-04-23T15:00:00.000Z";"2026-04-23T15:03:00.000Z";1098.88
"2026-04-23T15:03:00.000Z";"2026-04-23T15:06:00.000Z";1054.07
"2026-04-23T15:06:00.000Z";"2026-04-23T15:09:00.000Z";1026.85
"2026-04-23T15:09:00.000Z";"2026-04-23T15:12:00.000Z";1041.14
"2026-04-23T15:12:00.000Z";"2026-04-23T15:15:00.000Z";1031.16
"2026-04-23T15:15:00.000Z";"2026-04-23T15:18:00.000Z";1046.7
"2026-04-23T15:18:00.000Z";"2026-04-23T15:21:00.000Z";1032.01
"2026-04-23T15:21:00.000Z";"2026-04-23T15:24:00.000Z";1015.37
"2026-04-23T15:24:00.000Z";"2026-04-23T15:27:00.000Z";999.835
"2026-04-23T15:27:00.000Z";"2026-04-23T15:30:00.000Z";994.174
"2026-04-23T15:30:00.000Z";"2026-04-23T15:33:00.000Z";986.32
"2026-04-23T15:33:00.000Z";"2026-04-23T15:36:00.000Z";1064.74
"2026-04-23T15:36:00.000Z";"2026-04-23T15:39:00.000Z";1122.5
"2026-04-23T15:39:00.000Z";"2026-04-23T15:42:00.000Z";1149.32
"2026-04-23T15:42:00.000Z";"2026-04-23T15:45:00.000Z";1158.49
"2026-04-23T15:45:00.000Z";"2026-04-23T15:48:00.000Z";1183.32
"2026-04-23T15:48:00.000Z";"2026-04-23T15:51:00.000Z";1187.99
"2026-04-23T15:51:00.000Z";"2026-04-23T15:54:00.000Z";1175.68
"2026-04-23T15:54:00.000Z";"2026-04-23T15:57:00.000Z";1187.99
"2026-04-23T15:57:00.000Z";"2026-04-23T16:00:00.000Z";1183.33
"2026-04-23T16:00:00.000Z";"2026-04-23T16:03:00.000Z";1171.17
"2026-04-23T16:03:00.000Z";"2026-04-23T16:06:00.000Z";1182.96
"2026-04-23T16:06:00.000Z";"2026-04-23T16:09:00.000Z";1195.49
"2026-04-23T16:09:00.000Z";"2026-04-23T16:12:00.000Z";1213.82
"2026-04-23T16:12:00.000Z";"2026-04-23T16:15:00.000Z";1230.16
"2026-04-23T16:15:00.000Z";"2026-04-23T16:18:00.000Z";1246.66
"2026-04-23T16:18:00.000Z";"2026-04-23T16:21:00.000Z";1253.83
"2026-04-23T16:21:00.000Z";"2026-04-23T16:24:00.000Z";1270.94
"2026-04-23T16:24:00.000Z";"2026-04-23T16:27:00.000Z";1309.34
"2026-04-23T16:27:00.000Z";"2026-04-23T16:30:00.000Z";1308.01
"2026-04-23T16:30:00.000Z";"2026-04-23T16:33:00.000Z";1299.19
"2026-04-23T16:33:00.000Z";"2026-04-23T16:36:00.000Z";1280.86
"2026-04-23T16:36:00.000Z";"2026-04-23T16:39:00.000Z";1280.01
"2026-04-23T16:39:00.000Z";"2026-04-23T16:42:00.000Z";1266
"2026-04-23T16:42:00.000Z";"2026-04-23T16:45:00.000Z";1257.84
"2026-04-23T16:45:00.000Z";"2026-04-23T16:48:00.000Z";1247.32
"2026-04-23T16:48:00.000Z";"2026-04-23T16:51:00.000Z";1283.94
"2026-04-23T16:51:00.000Z";"2026-04-23T16:54:00.000Z";1284.84
"2026-04-23T16:54:00.000Z";"2026-04-23T16:57:00.000Z";1267.51
"2026-04-23T16:57:00.000Z";"2026-04-23T17:00:00.000Z";1261.5
"2026-04-23T17:00:00.000Z";"2026-04-23T17:03:00.000Z";1269.31
"2026-04-23T17:03:00.000Z";"2026-04-23T17:06:00.000Z";1271.66
"2026-04-23T17:06:00.000Z";"2026-04-23T17:09:00.000Z";1288.99
"2026-04-23T17:09:00.000Z";"2026-04-23T17:12:00.000Z";1316.29
"2026-04-23T17:12:00.000Z";"2026-04-23T17:15:00.000Z";1353.15
"2026-04-23T17:15:00.000Z";"2026-04-23T17:18:00.000Z";1412.01
"2026-04-23T17:18:00.000Z";"2026-04-23T17:21:00.000Z";1445.78
"2026-04-23T17:21:00.000Z";"2026-04-23T17:24:00.000Z";1508.27
"2026-04-23T17:24:00.000Z";"2026-04-23T17:27:00.000Z";1570.78
"2026-04-23T17:27:00.000Z";"2026-04-23T17:30:00.000Z";1629.46
"2026-04-23T17:30:00.000Z";"2026-04-23T17:33:00.000Z";1654.77
"2026-04-23T17:33:00.000Z";"2026-04-23T17:36:00.000Z";1705.14
"2026-04-23T17:36:00.000Z";"2026-04-23T17:39:00.000Z";1754.81
"2026-04-23T17:39:00.000Z";"2026-04-23T17:42:00.000Z";1818.13
"2026-04-23T17:42:00.000Z";"2026-04-23T17:45:00.000Z";1897.41
"2026-04-23T17:45:00.000Z";"2026-04-23T17:48:00.000Z";1958.17
"2026-04-23T17:48:00.000Z";"2026-04-23T17:51:00.000Z";2005.62
"2026-04-23T17:51:00.000Z";"2026-04-23T17:54:00.000Z";2047.63
"2026-04-23T17:54:00.000Z";"2026-04-23T17:57:00.000Z";2093.98
"2026-04-23T17:57:00.000Z";"2026-04-23T18:00:00.000Z";2136.95
"2026-04-23T18:00:00.000Z";"2026-04-23T18:03:00.000Z";2156.58
"2026-04-23T18:03:00.000Z";"2026-04-23T18:06:00.000Z";2182.49
"2026-04-23T18:06:00.000Z";"2026-04-23T18:09:00.000Z";2233.48
"2026-04-23T18:09:00.000Z";"2026-04-23T18:12:00.000Z";2245.35
"2026-04-23T18:12:00.000Z";"2026-04-23T18:15:00.000Z";2264.32
"2026-04-23T18:15:00.000Z";"2026-04-23T18:18:00.000Z";2334.79
"2026-04-23T18:18:00.000Z";"2026-04-23T18:21:00.000Z";2397.97
"2026-04-23T18:21:00.000Z";"2026-04-23T18:24:00.000Z";2442.16
"2026-04-23T18:24:00.000Z";"2026-04-23T18:27:00.000Z";2498.29
"2026-04-23T18:27:00.000Z";"2026-04-23T18:30:00.000Z";2577.15
"2026-04-23T18:30:00.000Z";"2026-04-23T18:33:00.000Z";2647.76
"2026-04-23T18:33:00.000Z";"2026-04-23T18:36:00.000Z";2703.64
"2026-04-23T18:36:00.000Z";"2026-04-23T18:39:00.000Z";2755.47
"2026-04-23T18:39:00.000Z";"2026-04-23T18:42:00.000Z";2798.14
"2026-04-23T18:42:00.000Z";"2026-04-23T18:45:00.000Z";2836.83
"2026-04-23T18:45:00.000Z";"2026-04-23T18:48:00.000Z";2883.96
"2026-04-23T18:48:00.000Z";"2026-04-23T18:51:00.000Z";2907
"2026-04-23T18:51:00.000Z";"2026-04-23T18:54:00.000Z";2868.37
"2026-04-23T18:54:00.000Z";"2026-04-23T18:57:00.000Z";2867.81
"2026-04-23T18:57:00.000Z";"2026-04-23T19:00:00.000Z";2876.85
"2026-04-23T19:00:00.000Z";"2026-04-23T19:03:00.000Z";2887.83
"2026-04-23T19:03:00.000Z";"2026-04-23T19:06:00.000Z";2930.13
"2026-04-23T19:06:00.000Z";"2026-04-23T19:09:00.000Z";2974
"2026-04-23T19:09:00.000Z";"2026-04-23T19:12:00.000Z";2990.99
"2026-04-23T19:12:00.000Z";"2026-04-23T19:15:00.000Z";3047.96
"2026-04-23T19:15:00.000Z";"2026-04-23T19:18:00.000Z";3097.83
"2026-04-23T19:18:00.000Z";"2026-04-23T19:21:00.000Z";3142.13
"2026-04-23T19:21:00.000Z";"2026-04-23T19:24:00.000Z";3184.99
"2026-04-23T19:24:00.000Z";"2026-04-23T19:27:00.000Z";3221.31
"2026-04-23T19:27:00.000Z";"2026-04-23T19:30:00.000Z";3259.49
"2026-04-23T19:30:00.000Z";"2026-04-23T19:33:00.000Z";3269.48
"2026-04-23T19:33:00.000Z";"2026-04-23T19:36:00.000Z";3303.14
"2026-04-23T19:36:00.000Z";"2026-04-23T19:39:00.000Z";3351.66
"2026-04-23T19:39:00.000Z";"2026-04-23T19:42:00.000Z";3395.8
"2026-04-23T19:42:00.000Z";"2026-04-23T19:45:00.000Z";3427.63
"2026-04-23T19:45:00.000Z";"2026-04-23T19:48:00.000Z";3463.15
"2026-04-23T19:48:00.000Z";"2026-04-23T19:51:00.000Z";3510.13
"2026-04-23T19:51:00.000Z";"2026-04-23T19:54:00.000Z";3556.12
"2026-04-23T19:54:00.000Z";"2026-04-23T19:57:00.000Z";3561.85
"2026-04-23T19:57:00.000Z";"2026-04-23T20:00:00.000Z";3568.48
"2026-04-23T20:00:00.000Z";"2026-04-23T20:03:00.000Z";3622.29
"2026-04-23T20:03:00.000Z";"2026-04-23T20:06:00.000Z";3660.83
"2026-04-23T20:06:00.000Z";"2026-04-23T20:09:00.000Z";3669.66
"2026-04-23T20:09:00.000Z";"2026-04-23T20:12:00.000Z";3687.82
"2026-04-23T20:12:00.000Z";"2026-04-23T20:15:00.000Z";3748.11
"2026-04-23T20:15:00.000Z";"2026-04-23T20:18:00.000Z";3800.47
"2026-04-23T20:18:00.000Z";"2026-04-23T20:21:00.000Z";3743.22
"2026-04-23T20:21:00.000Z";"2026-04-23T20:24:00.000Z";3789.82
"2026-04-23T20:24:00.000Z";"2026-04-23T20:27:00.000Z";3814.99
"2026-04-23T20:27:00.000Z";"2026-04-23T20:30:00.000Z";3814.33
"2026-04-23T20:30:00.000Z";"2026-04-23T20:33:00.000Z";3675.78
"2026-04-23T20:33:00.000Z";"2026-04-23T20:36:00.000Z";3552.97
"2026-04-23T20:36:00.000Z";"2026-04-23T20:39:00.000Z";3580.28
"2026-04-23T20:39:00.000Z";"2026-04-23T20:42:00.000Z";3633.48
"2026-04-23T20:42:00.000Z";"2026-04-23T20:45:00.000Z";3679.16
"2026-04-23T20:45:00.000Z";"2026-04-23T20:48:00.000Z";3826.28
"2026-04-23T20:48:00.000Z";"2026-04-23T20:51:00.000Z";3830.45
"2026-04-23T20:51:00.000Z";"2026-04-23T20:54:00.000Z";3874.74
"2026-04-23T20:54:00.000Z";"2026-04-23T20:57:00.000Z";3938.66
"2026-04-23T20:57:00.000Z";"2026-04-23T21:00:00.000Z";3974.7
"2026-04-23T21:00:00.000Z";"2026-04-23T21:03:00.000Z";3945.41
"2026-04-23T21:03:00.000Z";"2026-04-23T21:06:00.000Z";3840.51
"2026-04-23T21:06:00.000Z";"2026-04-23T21:09:00.000Z";4042.46
"2026-04-23T21:09:00.000Z";"2026-04-23T21:12:00.000Z";4099.66
"2026-04-23T21:12:00.000Z";"2026-04-23T21:15:00.000Z";4247.81
"2026-04-23T21:15:00.000Z";"2026-04-23T21:18:00.000Z";4313.64
"2026-04-23T21:18:00.000Z";"2026-04-23T21:21:00.000Z";4355.99
"2026-04-23T21:21:00.000Z";"2026-04-23T21:24:00.000Z";4402.93
"2026-04-23T21:24:00.000Z";"2026-04-23T21:27:00.000Z";4448.16
"2026-04-23T21:27:00.000Z";"2026-04-23T21:30:00.000Z";4445.18
"2026-04-23T21:30:00.000Z";"2026-04-23T21:33:00.000Z";4378.12
"2026-04-23T21:33:00.000Z";"2026-04-23T21:36:00.000Z";4262.51
"2026-04-23T21:36:00.000Z";"2026-04-23T21:39:00.000Z";4271.49
"2026-04-23T21:39:00.000Z";"2026-04-23T21:42:00.000Z";4279.01
"2026-04-23T21:42:00.000Z";"2026-04-23T21:45:00.000Z";4282.56
"2026-04-23T21:45:00.000Z";"2026-04-23T21:48:00.000Z";4227.21
"2026-04-23T21:48:00.000Z";"2026-04-23T21:51:00.000Z";4153.34
"2026-04-23T21:51:00.000Z";"2026-04-23T21:54:00.000Z";4146.18
"2026-04-23T21:54:00.000Z";"2026-04-23T21:57:00.000Z";4143.17
"2026-04-23T21:57:00.000Z";"2026-04-23T22:00:00.000Z";4202.29
"2026-04-23T22:00:00.000Z";"2026-04-23T22:03:00.000Z";4284.43
"2026-04-23T22:03:00.000Z";"2026-04-23T22:06:00.000Z";4597.29
"2026-04-23T22:06:00.000Z";"2026-04-23T22:09:00.000Z";4721.9
"2026-04-23T22:09:00.000Z";"2026-04-23T22:12:00.000Z";4776.67
"2026-04-23T22:12:00.000Z";"2026-04-23T22:15:00.000Z";4817.64
"2026-04-23T22:15:00.000Z";"2026-04-23T22:18:00.000Z";4806.85
"2026-04-23T22:18:00.000Z";"2026-04-23T22:21:00.000Z";4808.68
"2026-04-23T22:21:00.000Z";"2026-04-23T22:24:00.000Z";4852.29
"2026-04-23T22:24:00.000Z";"2026-04-23T22:27:00.000Z";4874.98
"2026-04-23T22:27:00.000Z";"2026-04-23T22:30:00.000Z";4874.84
"2026-04-23T22:30:00.000Z";"2026-04-23T22:33:00.000Z";4861.67
"2026-04-23T22:33:00.000Z";"2026-04-23T22:36:00.000Z";4823.43
"2026-04-23T22:36:00.000Z";"2026-04-23T22:39:00.000Z";4847.01
"2026-04-23T22:39:00.000Z";"2026-04-23T22:42:00.000Z";4851.65
"2026-04-23T22:42:00.000Z";"2026-04-23T22:45:00.000Z";4843.63
"2026-04-23T22:45:00.000Z";"2026-04-23T22:48:00.000Z";4811.56
"2026-04-23T22:48:00.000Z";"2026-04-23T22:51:00.000Z";4769.66
"2026-04-23T22:51:00.000Z";"2026-04-23T22:54:00.000Z";4803.42
"2026-04-23T22:54:00.000Z";"2026-04-23T22:57:00.000Z";4833.86
"2026-04-23T22:57:00.000Z";"2026-04-23T23:00:00.000Z";4877.41
"2026-04-23T23:00:00.000Z";"2026-04-23T23:03:00.000Z";4918.31
"2026-04-23T23:03:00.000Z";"2026-04-23T23:06:00.000Z";4952.31
"2026-04-23T23:06:00.000Z";"2026-04-23T23:09:00.000Z";4940.99
"2026-04-23T23:09:00.000Z";"2026-04-23T23:12:00.000Z";4938.32
"2026-04-23T23:12:00.000Z";"2026-04-23T23:15:00.000Z";4927.01
"2026-04-23T23:15:00.000Z";"2026-04-23T23:18:00.000Z";4826.51
"2026-04-23T23:18:00.000Z";"2026-04-23T23:21:00.000Z";4777.84
"2026-04-23T23:21:00.000Z";"2026-04-23T23:24:00.000Z";4797.49
"2026-04-23T23:24:00.000Z";"2026-04-23T23:27:00.000Z";4843.27
"2026-04-23T23:27:00.000Z";"2026-04-23T23:30:00.000Z";4854.5
"2026-04-23T23:30:00.000Z";"2026-04-23T23:33:00.000Z";4843.35
"2026-04-23T23:33:00.000Z";"2026-04-23T23:36:00.000Z";4859.8
"2026-04-23T23:36:00.000Z";"2026-04-23T23:39:00.000Z";4921.47
"2026-04-23T23:39:00.000Z";"2026-04-23T23:42:00.000Z";4965.16
"2026-04-23T23:42:00.000Z";"2026-04-23T23:45:00.000Z";4991.94
"2026-04-23T23:45:00.000Z";"2026-04-23T23:48:00.000Z";4997.33
"2026-04-23T23:48:00.000Z";"2026-04-23T23:51:00.000Z";4962.52
"2026-04-23T23:51:00.000Z";"2026-04-23T23:54:00.000Z";4939.32
"2026-04-23T23:54:00.000Z";"2026-04-23T23:57:00.000Z";4922.72
"2026-04-23T23:57:00.000Z";"2026-04-24T00:00:00.000Z";4928.14
"2026-04-24T00:00:00.000Z";"2026-04-24T00:03:00.000Z";4917.13
"2026-04-24T00:03:00.000Z";"2026-04-24T00:06:00.000Z";4903.05
"2026-04-24T00:06:00.000Z";"2026-04-24T00:09:00.000Z";4897.95
"2026-04-24T00:09:00.000Z";"2026-04-24T00:12:00.000Z";4907.98
"2026-04-24T00:12:00.000Z";"2026-04-24T00:15:00.000Z";4891.53
"2026-04-24T00:15:00.000Z";"2026-04-24T00:18:00.000Z";4955.4
"2026-04-24T00:18:00.000Z";"2026-04-24T00:21:00.000Z";4951.8
"2026-04-24T00:21:00.000Z";"2026-04-24T00:24:00.000Z";4960
"2026-04-24T00:24:00.000Z";"2026-04-24T00:27:00.000Z";5001.33
"2026-04-24T00:27:00.000Z";"2026-04-24T00:30:00.000Z";5019.33
"2026-04-24T00:30:00.000Z";"2026-04-24T00:33:00.000Z";4972.55
"2026-04-24T00:33:00.000Z";"2026-04-24T00:36:00.000Z";4947.52
"2026-04-24T00:36:00.000Z";"2026-04-24T00:39:00.000Z";4906.16
"2026-04-24T00:39:00.000Z";"2026-04-24T00:42:00.000Z";4867.65
"2026-04-24T00:42:00.000Z";"2026-04-24T00:45:00.000Z";4860.84
"2026-04-24T00:45:00.000Z";"2026-04-24T00:48:00.000Z";4852.5
"2026-04-24T00:48:00.000Z";"2026-04-24T00:51:00.000Z";4857.36
"2026-04-24T00:51:00.000Z";"2026-04-24T00:54:00.000Z";4845.72
"2026-04-24T00:54:00.000Z";"2026-04-24T00:57:00.000Z";4820.35
"2026-04-24T00:57:00.000Z";"2026-04-24T01:00:00.000Z";4822.65
"2026-04-24T01:00:00.000Z";"2026-04-24T01:03:00.000Z";4978.65
"2026-04-24T01:03:00.000Z";"2026-04-24T01:06:00.000Z";5164.95
"2026-04-24T01:06:00.000Z";"2026-04-24T01:09:00.000Z";5142.49
"2026-04-24T01:09:00.000Z";"2026-04-24T01:12:00.000Z";5098.83
"2026-04-24T01:12:00.000Z";"2026-04-24T01:15:00.000Z";5051.17
"2026-04-24T01:15:00.000Z";"2026-04-24T01:18:00.000Z";5055.85
"2026-04-24T01:18:00.000Z";"2026-04-24T01:21:00.000Z";5079.17
"2026-04-24T01:21:00.000Z";"2026-04-24T01:24:00.000Z";5095.31
"2026-04-24T01:24:00.000Z";"2026-04-24T01:27:00.000Z";5102.33
"2026-04-24T01:27:00.000Z";"2026-04-24T01:30:00.000Z";5124.17
"2026-04-24T01:30:00.000Z";"2026-04-24T01:33:00.000Z";5113.7
"2026-04-24T01:33:00.000Z";"2026-04-24T01:36:00.000Z";5123.52
"2026-04-24T01:36:00.000Z";"2026-04-24T01:39:00.000Z";5162.09
"2026-04-24T01:39:00.000Z";"2026-04-24T01:42:00.000Z";5161.36
"2026-04-24T01:42:00.000Z";"2026-04-24T01:45:00.000Z";5177.83
"2026-04-24T01:45:00.000Z";"2026-04-24T01:48:00.000Z";5201.17
"2026-04-24T01:48:00.000Z";"2026-04-24T01:51:00.000Z";5098.21
"2026-04-24T01:51:00.000Z";"2026-04-24T01:54:00.000Z";5099.85
"2026-04-24T01:54:00.000Z";"2026-04-24T01:57:00.000Z";5106.53
"2026-04-24T01:57:00.000Z";"2026-04-24T02:00:00.000Z";5110.5
"2026-04-24T02:00:00.000Z";"2026-04-24T02:03:00.000Z";5040.7
"2026-04-24T02:03:00.000Z";"2026-04-24T02:06:00.000Z";5050.96
"2026-04-24T02:06:00.000Z";"2026-04-24T02:09:00.000Z";5025.58
"2026-04-24T02:09:00.000Z";"2026-04-24T02:12:00.000Z";5008.35
"2026-04-24T02:12:00.000Z";"2026-04-24T02:15:00.000Z";4999.5
"2026-04-24T02:15:00.000Z";"2026-04-24T02:18:00.000Z";5004.32
"2026-04-24T02:18:00.000Z";"2026-04-24T02:21:00.000Z";5016.63
"2026-04-24T02:21:00.000Z";"2026-04-24T02:24:00.000Z";5060.29
"2026-04-24T02:24:00.000Z";"2026-04-24T02:27:00.000Z";5088.68
"2026-04-24T02:27:00.000Z";"2026-04-24T02:30:00.000Z";5113.33
"2026-04-24T02:30:00.000Z";"2026-04-24T02:33:00.000Z";5162.53
"2026-04-24T02:33:00.000Z";"2026-04-24T02:36:00.000Z";5250.99
"2026-04-24T02:36:00.000Z";"2026-04-24T02:39:00.000Z";5241.69
"2026-04-24T02:39:00.000Z";"2026-04-24T02:42:00.000Z";5210.88
"2026-04-24T02:42:00.000Z";"2026-04-24T02:45:00.000Z";5143.51
"2026-04-24T02:45:00.000Z";"2026-04-24T02:48:00.000Z";5018.35
"2026-04-24T02:48:00.000Z";"2026-04-24T02:51:00.000Z";4886.88
"2026-04-24T02:51:00.000Z";"2026-04-24T02:54:00.000Z";4852.67
"2026-04-24T02:54:00.000Z";"2026-04-24T02:57:00.000Z";4829.23
"2026-04-24T02:57:00.000Z";"2026-04-24T03:00:00.000Z";4803.04
"2026-04-24T03:00:00.000Z";"2026-04-24T03:03:00.000Z";4875.71
"2026-04-24T03:03:00.000Z";"2026-04-24T03:06:00.000Z";5183.21
"2026-04-24T03:06:00.000Z";"2026-04-24T03:09:00.000Z";5148.35
"2026-04-24T03:09:00.000Z";"2026-04-24T03:12:00.000Z";5072.23
"2026-04-24T03:12:00.000Z";"2026-04-24T03:15:00.000Z";5026.21
"2026-04-24T03:15:00.000Z";"2026-04-24T03:18:00.000Z";5005.69
"2026-04-24T03:18:00.000Z";"2026-04-24T03:21:00.000Z";4965.17
"2026-04-24T03:21:00.000Z";"2026-04-24T03:24:00.000Z";4935.86
"2026-04-24T03:24:00.000Z";"2026-04-24T03:27:00.000Z";4922.54
"2026-04-24T03:27:00.000Z";"2026-04-24T03:30:00.000Z";4914.34
"2026-04-24T03:30:00.000Z";"2026-04-24T03:33:00.000Z";4911.48
"2026-04-24T03:33:00.000Z";"2026-04-24T03:36:00.000Z";4827.66
"2026-04-24T03:36:00.000Z";"2026-04-24T03:39:00.000Z";4827.69
"2026-04-24T03:39:00.000Z";"2026-04-24T03:42:00.000Z";4746.24
"2026-04-24T03:42:00.000Z";"2026-04-24T03:45:00.000Z";4664.51
"2026-04-24T03:45:00.000Z";"2026-04-24T03:48:00.000Z";4652.4
"2026-04-24T03:48:00.000Z";"2026-04-24T03:51:00.000Z";4683.06
"2026-04-24T03:51:00.000Z";"2026-04-24T03:54:00.000Z";4592.36
"2026-04-24T03:54:00.000Z";"2026-04-24T03:57:00.000Z";4531.1
"2026-04-24T03:57:00.000Z";"2026-04-24T04:00:00.000Z";4473.18
"2026-04-24T04:00:00.000Z";"2026-04-24T04:03:00.000Z";4347.6
"2026-04-24T04:03:00.000Z";"2026-04-24T04:06:00.000Z";4207.44
"2026-04-24T04:06:00.000Z";"2026-04-24T04:09:00.000Z";4123.55
"2026-04-24T04:09:00.000Z";"2026-04-24T04:12:00.000Z";4080.03
"2026-04-24T04:12:00.000Z";"2026-04-24T04:15:00.000Z";4004.17
"2026-04-24T04:15:00.000Z";"2026-04-24T04:18:00.000Z";3926.94
"2026-04-24T04:18:00.000Z";"2026-04-24T04:21:00.000Z";3908
"2026-04-24T04:21:00.000Z";"2026-04-24T04:24:00.000Z";3978.99
"2026-04-24T04:24:00.000Z";"2026-04-24T04:27:00.000Z";3929.93
"2026-04-24T04:27:00.000Z";"2026-04-24T04:30:00.000Z";3911.65
"2026-04-24T04:30:00.000Z";"2026-04-24T04:33:00.000Z";3909.72
"2026-04-24T04:33:00.000Z";"2026-04-24T04:36:00.000Z";3878.68
"2026-04-24T04:36:00.000Z";"2026-04-24T04:39:00.000Z";3854.53
"2026-04-24T04:39:00.000Z";"2026-04-24T04:42:00.000Z";3791.91
"2026-04-24T04:42:00.000Z";"2026-04-24T04:45:00.000Z";3783.27
"2026-04-24T04:45:00.000Z";"2026-04-24T04:48:00.000Z";3785
"2026-04-24T04:48:00.000Z";"2026-04-24T04:51:00.000Z";3776.05
"2026-04-24T04:51:00.000Z";"2026-04-24T04:54:00.000Z";3774.94
"2026-04-24T04:54:00.000Z";"2026-04-24T04:57:00.000Z";3741.81
"2026-04-24T04:57:00.000Z";"2026-04-24T05:00:00.000Z";3742.68
"2026-04-24T05:00:00.000Z";"2026-04-24T05:03:00.000Z";3653.26
"2026-04-24T05:03:00.000Z";"2026-04-24T05:06:00.000Z";3581
"2026-04-24T05:06:00.000Z";"2026-04-24T05:09:00.000Z";3610.03
"2026-04-24T05:09:00.000Z";"2026-04-24T05:12:00.000Z";3547.2
"2026-04-24T05:12:00.000Z";"2026-04-24T05:15:00.000Z";3474.38
"2026-04-24T05:15:00.000Z";"2026-04-24T05:18:00.000Z";3406.51
"2026-04-24T05:18:00.000Z";"2026-04-24T05:21:00.000Z";3388.69
"2026-04-24T05:21:00.000Z";"2026-04-24T05:24:00.000Z";3366.92
"2026-04-24T05:24:00.000Z";"2026-04-24T05:27:00.000Z";3316.66
"2026-04-24T05:27:00.000Z";"2026-04-24T05:30:00.000Z";3309.9
"2026-04-24T05:30:00.000Z";"2026-04-24T05:33:00.000Z";3266.74
"2026-04-24T05:33:00.000Z";"2026-04-24T05:36:00.000Z";3266.87
"2026-04-24T05:36:00.000Z";"2026-04-24T05:39:00.000Z";3242.14
"2026-04-24T05:39:00.000Z";"2026-04-24T05:42:00.000Z";3193.19
"2026-04-24T05:42:00.000Z";"2026-04-24T05:45:00.000Z";3206.99
"2026-04-24T05:45:00.000Z";"2026-04-24T05:48:00.000Z";3243.84
"2026-04-24T05:48:00.000Z";"2026-04-24T05:51:00.000Z";3226.21
"2026-04-24T05:51:00.000Z";"2026-04-24T05:54:00.000Z";3198.91
"2026-04-24T05:54:00.000Z";"2026-04-24T05:57:00.000Z";3109.54
"2026-04-24T05:57:00.000Z";"2026-04-24T06:00:00.000Z";3068.03
"2026-04-24T06:00:00.000Z";"2026-04-24T06:03:00.000Z";3017.53
"2026-04-24T06:03:00.000Z";"2026-04-24T06:06:00.000Z";2950.51
"2026-04-24T06:06:00.000Z";"2026-04-24T06:09:00.000Z";2911.89
"2026-04-24T06:09:00.000Z";"2026-04-24T06:12:00.000Z";2928.15
"2026-04-24T06:12:00.000Z";"2026-04-24T06:15:00.000Z";2925.35
"2026-04-24T06:15:00.000Z";"2026-04-24T06:18:00.000Z";2858.4
"2026-04-24T06:18:00.000Z";"2026-04-24T06:21:00.000Z";2822.37
"2026-04-24T06:21:00.000Z";"2026-04-24T06:24:00.000Z";2726.81
"2026-04-24T06:24:00.000Z";"2026-04-24T06:27:00.000Z";2741.83
"2026-04-24T06:27:00.000Z";"2026-04-24T06:30:00.000Z";2662.56
"2026-04-24T06:30:00.000Z";"2026-04-24T06:33:00.000Z";2650.17
"2026-04-24T06:33:00.000Z";"2026-04-24T06:36:00.000Z";2696.36
"2026-04-24T06:36:00.000Z";"2026-04-24T06:39:00.000Z";2672
"2026-04-24T06:39:00.000Z";"2026-04-24T06:42:00.000Z";2646.18
"2026-04-24T06:42:00.000Z";"2026-04-24T06:45:00.000Z";2612.21
"2026-04-24T06:45:00.000Z";"2026-04-24T06:48:00.000Z";2565.67
"2026-04-24T06:48:00.000Z";"2026-04-24T06:51:00.000Z";2510.69
"2026-04-24T06:51:00.000Z";"2026-04-24T06:54:00.000Z";2517.52
"2026-04-24T06:54:00.000Z";"2026-04-24T06:57:00.000Z";2545.8
"2026-04-24T06:57:00.000Z";"2026-04-24T07:00:00.000Z";2547.53
"2026-04-24T07:00:00.000Z";"2026-04-24T07:03:00.000Z";2555.46
"2026-04-24T07:03:00.000Z";"2026-04-24T07:06:00.000Z";2563.83
"2026-04-24T07:06:00.000Z";"2026-04-24T07:09:00.000Z";2566.82
"2026-04-24T07:09:00.000Z";"2026-04-24T07:12:00.000Z";2577.31
"2026-04-24T07:12:00.000Z";"2026-04-24T07:15:00.000Z";2551
"2026-04-24T07:15:00.000Z";"2026-04-24T07:18:00.000Z";2565.96
"2026-04-24T07:18:00.000Z";"2026-04-24T07:21:00.000Z";2566.52
"2026-04-24T07:21:00.000Z";"2026-04-24T07:24:00.000Z";2651.26
"2026-04-24T07:24:00.000Z";"2026-04-24T07:27:00.000Z";2693.84
"2026-04-24T07:27:00.000Z";"2026-04-24T07:30:00.000Z";2696.38
"2026-04-24T07:30:00.000Z";"2026-04-24T07:33:00.000Z";2679.92
"2026-04-24T07:33:00.000Z";"2026-04-24T07:36:00.000Z";2661.65
"2026-04-24T07:36:00.000Z";"2026-04-24T07:39:00.000Z";2619.72
"2026-04-24T07:39:00.000Z";"2026-04-24T07:42:00.000Z";2647.98
"2026-04-24T07:42:00.000Z";"2026-04-24T07:45:00.000Z";2647.95
"2026-04-24T07:45:00.000Z";"2026-04-24T07:48:00.000Z";2612.42
"2026-04-24T07:48:00.000Z";"2026-04-24T07:51:00.000Z";2614.42
"2026-04-24T07:51:00.000Z";"2026-04-24T07:54:00.000Z";2568.83
"2026-04-24T07:54:00.000Z";"2026-04-24T07:57:00.000Z";2631.3
"2026-04-24T07:57:00.000Z";"2026-04-24T08:00:00.000Z";2715.32
"2026-04-24T08:00:00.000Z";"2026-04-24T08:03:00.000Z";2702.6
"2026-04-24T08:03:00.000Z";"2026-04-24T08:06:00.000Z";2714.69
"2026-04-24T08:06:00.000Z";"2026-04-24T08:09:00.000Z";2751.53
"2026-04-24T08:09:00.000Z";"2026-04-24T08:12:00.000Z";2814.98
"2026-04-24T08:12:00.000Z";"2026-04-24T08:15:00.000Z";2781.35
"2026-04-24T08:15:00.000Z";"2026-04-24T08:18:00.000Z";2773.21
"2026-04-24T08:18:00.000Z";"2026-04-24T08:21:00.000Z";2727.8
"2026-04-24T08:21:00.000Z";"2026-04-24T08:24:00.000Z";2728.85
"2026-04-24T08:24:00.000Z";"2026-04-24T08:27:00.000Z";2714.88
"2026-04-24T08:27:00.000Z";"2026-04-24T08:30:00.000Z";2731.16
"2026-04-24T08:30:00.000Z";"2026-04-24T08:33:00.000Z";2760.43
"2026-04-24T08:33:00.000Z";"2026-04-24T08:36:00.000Z";2783.36
"2026-04-24T08:36:00.000Z";"2026-04-24T08:39:00.000Z";2751.79
"2026-04-24T08:39:00.000Z";"2026-04-24T08:42:00.000Z";2756.78
"2026-04-24T08:42:00.000Z";"2026-04-24T08:45:00.000Z";2744.79
"2026-04-24T08:45:00.000Z";"2026-04-24T08:48:00.000Z";2722.69
"2026-04-24T08:48:00.000Z";"2026-04-24T08:51:00.000Z";2598.86
"2026-04-24T08:51:00.000Z";"2026-04-24T08:54:00.000Z";2631.24
"2026-04-24T08:54:00.000Z";"2026-04-24T08:57:00.000Z";2699.94
"2026-04-24T08:57:00.000Z";"2026-04-24T09:00:00.000Z";2709.32
"2026-04-24T09:00:00.000Z";"2026-04-24T09:03:00.000Z";2755.08
"2026-04-24T09:03:00.000Z";"2026-04-24T09:06:00.000Z";2828.95
"2026-04-24T09:06:00.000Z";"2026-04-24T09:09:00.000Z";2929.87
"2026-04-24T09:09:00.000Z";"2026-04-24T09:12:00.000Z";2950.2
"2026-04-24T09:12:00.000Z";"2026-04-24T09:15:00.000Z";3007.32
"2026-04-24T09:15:00.000Z";"2026-04-24T09:18:00.000Z";3117.6
"2026-04-24T09:18:00.000Z";"2026-04-24T09:21:00.000Z";3190.35
"2026-04-24T09:21:00.000Z";"2026-04-24T09:24:00.000Z";3147.57
"2026-04-24T09:24:00.000Z";"2026-04-24T09:27:00.000Z";3159.09
"2026-04-24T09:27:00.000Z";"2026-04-24T09:30:00.000Z";3229.71
"2026-04-24T09:30:00.000Z";"2026-04-24T09:33:00.000Z";3202.24
"2026-04-24T09:33:00.000Z";"2026-04-24T09:36:00.000Z";3028.05
"2026-04-24T09:36:00.000Z";"2026-04-24T09:39:00.000Z";3036.99
"2026-04-24T09:39:00.000Z";"2026-04-24T09:42:00.000Z";2983.94
"2026-04-24T09:42:00.000Z";"2026-04-24T09:45:00.000Z";2957.17
"2026-04-24T09:45:00.000Z";"2026-04-24T09:48:00.000Z";3021.17
"2026-04-24T09:48:00.000Z";"2026-04-24T09:51:00.000Z";2986.85
"2026-04-24T09:51:00.000Z";"2026-04-24T09:54:00.000Z";2985.84
"2026-04-24T09:54:00.000Z";"2026-04-24T09:57:00.000Z";3045.64
"2026-04-24T09:57:00.000Z";"2026-04-24T10:00:00.000Z";3068.91
"2026-04-24T10:00:00.000Z";"2026-04-24T10:03:00.000Z";3098.01
"2026-04-24T10:03:00.000Z";"2026-04-24T10:06:00.000Z";3233.92
"2026-04-24T10:06:00.000Z";"2026-04-24T10:09:00.000Z";3263.84
"2026-04-24T10:09:00.000Z";"2026-04-24T10:12:00.000Z";3289.78
"2026-04-24T10:12:00.000Z";"2026-04-24T10:15:00.000Z";3181.7
"2026-04-24T10:15:00.000Z";"2026-04-24T10:18:00.000Z";3204.65
"2026-04-24T10:18:00.000Z";"2026-04-24T10:21:00.000Z";3101.09
"2026-04-24T10:21:00.000Z";"2026-04-24T10:24:00.000Z";3061.17
"2026-04-24T10:24:00.000Z";"2026-04-24T10:27:00.000Z";3075.32
"2026-04-24T10:27:00.000Z";"2026-04-24T10:30:00.000Z";3063.86
"2026-04-24T10:30:00.000Z";"2026-04-24T10:33:00.000Z";3150.74
"2026-04-24T10:33:00.000Z";"2026-04-24T10:36:00.000Z";3150.13
"2026-04-24T10:36:00.000Z";"2026-04-24T10:39:00.000Z";3203.41
"2026-04-24T10:39:00.000Z";"2026-04-24T10:42:00.000Z";3187.7
"2026-04-24T10:42:00.000Z";"2026-04-24T10:45:00.000Z";3137.53
"2026-04-24T10:45:00.000Z";"2026-04-24T10:48:00.000Z";3109.8
"2026-04-24T10:48:00.000Z";"2026-04-24T10:51:00.000Z";3112.51
"2026-04-24T10:51:00.000Z";"2026-04-24T10:54:00.000Z";3140.92
"2026-04-24T10:54:00.000Z";"2026-04-24T10:57:00.000Z";3100.15
"2026-04-24T10:57:00.000Z";"2026-04-24T11:00:00.000Z";3014.7
"2026-04-24T11:00:00.000Z";"2026-04-24T11:03:00.000Z";3020.16
"2026-04-24T11:03:00.000Z";"2026-04-24T11:06:00.000Z";3043.17
"2026-04-24T11:06:00.000Z";"2026-04-24T11:09:00.000Z";2975.17
"2026-04-24T11:09:00.000Z";"2026-04-24T11:12:00.000Z";2982.64
"2026-04-24T11:12:00.000Z";"2026-04-24T11:15:00.000Z";3036.96
"2026-04-24T11:15:00.000Z";"2026-04-24T11:18:00.000Z";3038.02
"2026-04-24T11:18:00.000Z";"2026-04-24T11:21:00.000Z";2986.51
"2026-04-24T11:21:00.000Z";"2026-04-24T11:24:00.000Z";3009.98
"2026-04-24T11:24:00.000Z";"2026-04-24T11:27:00.000Z";3041.37
"2026-04-24T11:27:00.000Z";"2026-04-24T11:30:00.000Z";3000.85
"2026-04-24T11:30:00.000Z";"2026-04-24T11:33:00.000Z";3024.66
"2026-04-24T11:33:00.000Z";"2026-04-24T11:36:00.000Z";3053.14
"2026-04-24T11:36:00.000Z";"2026-04-24T11:39:00.000Z";3120.99
"2026-04-24T11:39:00.000Z";"2026-04-24T11:42:00.000Z";3158.35
"2026-04-24T11:42:00.000Z";"2026-04-24T11:45:00.000Z";3095.37
"2026-04-24T11:45:00.000Z";"2026-04-24T11:48:00.000Z";3007.88
"2026-04-24T11:48:00.000Z";"2026-04-24T11:51:00.000Z";2963.17
"2026-04-24T11:51:00.000Z";"2026-04-24T11:54:00.000Z";3027.18
"2026-04-24T11:54:00.000Z";"2026-04-24T11:57:00.000Z";2973.73
"2026-04-24T11:57:00.000Z";"2026-04-24T12:00:00.000Z";2946.5
"2026-04-24T12:00:00.000Z";"2026-04-24T12:03:00.000Z";2842.47
"2026-04-24T12:03:00.000Z";"2026-04-24T12:06:00.000Z";2869.83
"2026-04-24T12:06:00.000Z";"2026-04-24T12:09:00.000Z";2821.24
"2026-04-24T12:09:00.000Z";"2026-04-24T12:12:00.000Z";2586.59
"2026-04-24T12:12:00.000Z";"2026-04-24T12:15:00.000Z";2540.89
"2026-04-24T12:15:00.000Z";"2026-04-24T12:18:00.000Z";2554.02
"2026-04-24T12:18:00.000Z";"2026-04-24T12:21:00.000Z";2616.21
"2026-04-24T12:21:00.000Z";"2026-04-24T12:24:00.000Z";2663.97
"2026-04-24T12:24:00.000Z";"2026-04-24T12:27:00.000Z";2673.31
"2026-04-24T12:27:00.000Z";"2026-04-24T12:30:00.000Z";2653.04
"2026-04-24T12:30:00.000Z";"2026-04-24T12:33:00.000Z";2695.22
"2026-04-24T12:33:00.000Z";"2026-04-24T12:36:00.000Z";2753.04
"2026-04-24T12:36:00.000Z";"2026-04-24T12:39:00.000Z";2746.02
"2026-04-24T12:39:00.000Z";"2026-04-24T12:42:00.000Z";2692.89
"2026-04-24T12:42:00.000Z";"2026-04-24T12:45:00.000Z";2683.65
"2026-04-24T12:45:00.000Z";"2026-04-24T12:48:00.000Z";2752.95
"2026-04-24T12:48:00.000Z";"2026-04-24T12:51:00.000Z";2754.54
"2026-04-24T12:51:00.000Z";"2026-04-24T12:54:00.000Z";2661.19
"2026-04-24T12:54:00.000Z";"2026-04-24T12:57:00.000Z";2645.68
"2026-04-24T12:57:00.000Z";"2026-04-24T13:00:00.000Z";2547.36
"2026-04-24T13:00:00.000Z";"2026-04-24T13:03:00.000Z";2626.82
"2026-04-24T13:03:00.000Z";"2026-04-24T13:06:00.000Z";2623.59
"2026-04-24T13:06:00.000Z";"2026-04-24T13:09:00.000Z";2571.05
"2026-04-24T13:09:00.000Z";"2026-04-24T13:12:00.000Z";2553.06
"2026-04-24T13:12:00.000Z";"2026-04-24T13:15:00.000Z";2524.13
"2026-04-24T13:15:00.000Z";"2026-04-24T13:18:00.000Z";2517.13
"2026-04-24T13:18:00.000Z";"2026-04-24T13:21:00.000Z";2480.04
"2026-04-24T13:21:00.000Z";"2026-04-24T13:24:00.000Z";2518.48
"2026-04-24T13:24:00.000Z";"2026-04-24T13:27:00.000Z";2481.99
"2026-04-24T13:27:00.000Z";"2026-04-24T13:30:00.000Z";2478.64
"2026-04-24T13:30:00.000Z";"2026-04-24T13:33:00.000Z";2516.46
"2026-04-24T13:33:00.000Z";"2026-04-24T13:36:00.000Z";2519.33
"2026-04-24T13:36:00.000Z";"2026-04-24T13:39:00.000Z";2442.36
"2026-04-24T13:39:00.000Z";"2026-04-24T13:42:00.000Z";2389.55
"2026-04-24T13:42:00.000Z";"2026-04-24T13:45:00.000Z";2378.45
"2026-04-24T13:45:00.000Z";"2026-04-24T13:48:00.000Z";2382.18
"2026-04-24T13:48:00.000Z";"2026-04-24T13:51:00.000Z";2347.36
"2026-04-24T13:51:00.000Z";"2026-04-24T13:54:00.000Z";2309.71
"2026-04-24T13:54:00.000Z";"2026-04-24T13:57:00.000Z";2273.84
"2026-04-24T13:57:00.000Z";"2026-04-24T14:00:00.000Z";2291.29
"2026-04-24T14:00:00.000Z";"2026-04-24T14:03:00.000Z";2312.5
"2026-04-24T14:03:00.000Z";"2026-04-24T14:06:00.000Z";2277.12
"2026-04-24T14:06:00.000Z";"2026-04-24T14:09:00.000Z";2242.22
"2026-04-24T14:09:00.000Z";"2026-04-24T14:12:00.000Z";2208.82
"2026-04-24T14:12:00.000Z";"2026-04-24T14:15:00.000Z";2157.6
"2026-04-24T14:15:00.000Z";"2026-04-24T14:18:00.000Z";2096.2
"2026-04-24T14:18:00.000Z";"2026-04-24T14:21:00.000Z";1993.25
"2026-04-24T14:21:00.000Z";"2026-04-24T14:24:00.000Z";1946.5
"2026-04-24T14:24:00.000Z";"2026-04-24T14:27:00.000Z";1964.33
"2026-04-24T14:27:00.000Z";"2026-04-24T14:30:00.000Z";1943.54
"2026-04-24T14:30:00.000Z";"2026-04-24T14:33:00.000Z";1947.15
"2026-04-24T14:33:00.000Z";"2026-04-24T14:36:00.000Z";1972.69
"2026-04-24T14:36:00.000Z";"2026-04-24T14:39:00.000Z";1952.35
"2026-04-24T14:39:00.000Z";"2026-04-24T14:42:00.000Z";1959.84
"2026-04-24T14:42:00.000Z";"2026-04-24T14:45:00.000Z";1963.36
"2026-04-24T14:45:00.000Z";"2026-04-24T14:48:00.000Z";1957.68
"2026-04-24T14:48:00.000Z";"2026-04-24T14:51:00.000Z";1950.32
"2026-04-24T14:51:00.000Z";"2026-04-24T14:54:00.000Z";1986.98
"2026-04-24T14:54:00.000Z";"2026-04-24T14:57:00.000Z";1966.77
"2026-04-24T14:57:00.000Z";"2026-04-24T15:00:00.000Z";1978.49
"2026-04-24T15:00:00.000Z";"2026-04-24T15:03:00.000Z";1940.34
"2026-04-24T15:03:00.000Z";"2026-04-24T15:06:00.000Z";1922.53
"2026-04-24T15:06:00.000Z";"2026-04-24T15:09:00.000Z";1883.36
"2026-04-24T15:09:00.000Z";"2026-04-24T15:12:00.000Z";1849.21
"2026-04-24T15:12:00.000Z";"2026-04-24T15:15:00.000Z";1814.82
"2026-04-24T15:15:00.000Z";"2026-04-24T15:18:00.000Z";1839.82
"2026-04-24T15:18:00.000Z";"2026-04-24T15:21:00.000Z";1834.33
"2026-04-24T15:21:00.000Z";"2026-04-24T15:24:00.000Z";1831.16
"2026-04-24T15:24:00.000Z";"2026-04-24T15:27:00.000Z";1823.67
"2026-04-24T15:27:00.000Z";"2026-04-24T15:30:00.000Z";1788.99
"2026-04-24T15:30:00.000Z";"2026-04-24T15:33:00.000Z";1727.21
"2026-04-24T15:33:00.000Z";"2026-04-24T15:36:00.000Z";1693.53
"2026-04-24T15:36:00.000Z";"2026-04-24T15:39:00.000Z";1698.21
"2026-04-24T15:39:00.000Z";"2026-04-24T15:42:00.000Z";1672.82
"2026-04-24T15:42:00.000Z";"2026-04-24T15:45:00.000Z";1656.02
"2026-04-24T15:45:00.000Z";"2026-04-24T15:48:00.000Z";1676.79
"2026-04-24T15:48:00.000Z";"2026-04-24T15:51:00.000Z";1692.98
"2026-04-24T15:51:00.000Z";"2026-04-24T15:54:00.000Z";1679.02
"2026-04-24T15:54:00.000Z";"2026-04-24T15:57:00.000Z";1671.18
"2026-04-24T15:57:00.000Z";"2026-04-24T16:00:00.000Z";1655.22
"2026-04-24T16:00:00.000Z";"2026-04-24T16:03:00.000Z";1626.68
"2026-04-24T16:03:00.000Z";"2026-04-24T16:06:00.000Z";1596.99
"2026-04-24T16:06:00.000Z";"2026-04-24T16:09:00.000Z";1602.83
"2026-04-24T16:09:00.000Z";"2026-04-24T16:12:00.000Z";1568.88
"2026-04-24T16:12:00.000Z";"2026-04-24T16:15:00.000Z";1553.85
"2026-04-24T16:15:00.000Z";"2026-04-24T16:18:00.000Z";1533.93
"2026-04-24T16:18:00.000Z";"2026-04-24T16:21:00.000Z";1539.32
"2026-04-24T16:21:00.000Z";"2026-04-24T16:24:00.000Z";1524.49
"2026-04-24T16:24:00.000Z";"2026-04-24T16:27:00.000Z";1497.19
"2026-04-24T16:27:00.000Z";"2026-04-24T16:30:00.000Z";1493.18
"2026-04-24T16:30:00.000Z";"2026-04-24T16:33:00.000Z";1483.02
"2026-04-24T16:33:00.000Z";"2026-04-24T16:36:00.000Z";1464.34
"2026-04-24T16:36:00.000Z";"2026-04-24T16:39:00.000Z";1446.02
"2026-04-24T16:39:00.000Z";"2026-04-24T16:42:00.000Z";1428.03
"2026-04-24T16:42:00.000Z";"2026-04-24T16:45:00.000Z";1404.84
"2026-04-24T16:45:00.000Z";"2026-04-24T16:48:00.000Z";1382.02
"2026-04-24T16:48:00.000Z";"2026-04-24T16:51:00.000Z";1321.53
"2026-04-24T16:51:00.000Z";"2026-04-24T16:54:00.000Z";1292.75
"2026-04-24T16:54:00.000Z";"2026-04-24T16:57:00.000Z";1255.2
"2026-04-24T16:57:00.000Z";"2026-04-24T17:00:00.000Z";1214.69
"2026-04-24T17:00:00.000Z";"2026-04-24T17:03:00.000Z";1186.85
"2026-04-24T17:03:00.000Z";"2026-04-24T17:06:00.000Z";1143.84
"2026-04-24T17:06:00.000Z";"2026-04-24T17:09:00.000Z";1126.86
"2026-04-24T17:09:00.000Z";"2026-04-24T17:12:00.000Z";1077.7
"2026-04-24T17:12:00.000Z";"2026-04-24T17:15:00.000Z";1047.01
"2026-04-24T17:15:00.000Z";"2026-04-24T17:18:00.000Z";1015.72
"2026-04-24T17:18:00.000Z";"2026-04-24T17:21:00.000Z";984.182
"2026-04-24T17:21:00.000Z";"2026-04-24T17:24:00.000Z";951.342
"2026-04-24T17:24:00.000Z";"2026-04-24T17:27:00.000Z";940.518
"2026-04-24T17:27:00.000Z";"2026-04-24T17:30:00.000Z";915.681
"2026-04-24T17:30:00.000Z";"2026-04-24T17:33:00.000Z";883.039
"2026-04-24T17:33:00.000Z";"2026-04-24T17:36:00.000Z";870.332
"2026-04-24T17:36:00.000Z";"2026-04-24T17:39:00.000Z";883.669
"2026-04-24T17:39:00.000Z";"2026-04-24T17:42:00.000Z";886.333
"2026-04-24T17:42:00.000Z";"2026-04-24T17:45:00.000Z";884.821
"2026-04-24T17:45:00.000Z";"2026-04-24T17:48:00.000Z";888.004
"2026-04-24T17:48:00.000Z";"2026-04-24T17:51:00.000Z";899.664
"2026-04-24T17:51:00.000Z";"2026-04-24T17:54:00.000Z";904.008
"2026-04-24T17:54:00.000Z";"2026-04-24T17:57:00.000Z";902.507
"2026-04-24T17:57:00.000Z";"2026-04-24T18:00:00.000Z";913.33
"2026-04-24T18:00:00.000Z";"2026-04-24T18:03:00.000Z";923.326
"2026-04-24T18:03:00.000Z";"2026-04-24T18:06:00.000Z";925.157
"2026-04-24T18:06:00.000Z";"2026-04-24T18:09:00.000Z";930.492
"2026-04-24T18:09:00.000Z";"2026-04-24T18:12:00.000Z";947.494
"2026-04-24T18:12:00.000Z";"2026-04-24T18:15:00.000Z";961.666
"2026-04-24T18:15:00.000Z";"2026-04-24T18:18:00.000Z";961.508
"2026-04-24T18:18:00.000Z";"2026-04-24T18:21:00.000Z";980.816
"2026-04-24T18:21:00.000Z";"2026-04-24T18:24:00.000Z";1005.16
"2026-04-24T18:24:00.000Z";"2026-04-24T18:27:00.000Z";1032.79
"2026-04-24T18:27:00.000Z";"2026-04-24T18:30:00.000Z";1047.15
"2026-04-24T18:30:00.000Z";"2026-04-24T18:33:00.000Z";1066.49
"2026-04-24T18:33:00.000Z";"2026-04-24T18:36:00.000Z";1059.16
"2026-04-24T18:36:00.000Z";"2026-04-24T18:39:00.000Z";1067.51
"2026-04-24T18:39:00.000Z";"2026-04-24T18:42:00.000Z";1065.67
"2026-04-24T18:42:00.000Z";"2026-04-24T18:45:00.000Z";1078.98
"2026-04-24T18:45:00.000Z";"2026-04-24T18:48:00.000Z";1108.15
"2026-04-24T18:48:00.000Z";"2026-04-24T18:51:00.000Z";1140.83
"2026-04-24T18:51:00.000Z";"2026-04-24T18:54:00.000Z";1152.01
"2026-04-24T18:54:00.000Z";"2026-04-24T18:57:00.000Z";1160.17
"2026-04-24T18:57:00.000Z";"2026-04-24T19:00:00.000Z";1166.66
"2026-04-24T19:00:00.000Z";"2026-04-24T19:03:00.000Z";1180.32
"2026-04-24T19:03:00.000Z";"2026-04-24T19:06:00.000Z";1182.68
"2026-04-24T19:06:00.000Z";"2026-04-24T19:09:00.000Z";1186.48
"2026-04-24T19:09:00.000Z";"2026-04-24T19:12:00.000Z";1193.14
"2026-04-24T19:12:00.000Z";"2026-04-24T19:15:00.000Z";1219.49
"2026-04-24T19:15:00.000Z";"2026-04-24T19:18:00.000Z";1229.63
"2026-04-24T19:18:00.000Z";"2026-04-24T19:21:00.000Z";1240.32
"2026-04-24T19:21:00.000Z";"2026-04-24T19:24:00.000Z";1245.33
"2026-04-24T19:24:00.000Z";"2026-04-24T19:27:00.000Z";1250.33
"2026-04-24T19:27:00.000Z";"2026-04-24T19:30:00.000Z";1275.48
"2026-04-24T19:30:00.000Z";"2026-04-24T19:33:00.000Z";1292.16
"2026-04-24T19:33:00.000Z";"2026-04-24T19:36:00.000Z";1303.31
"2026-04-24T19:36:00.000Z";"2026-04-24T19:39:00.000Z";1340.14
"2026-04-24T19:39:00.000Z";"2026-04-24T19:42:00.000Z";1360.16
"2026-04-24T19:42:00.000Z";"2026-04-24T19:45:00.000Z";1376.33
"2026-04-24T19:45:00.000Z";"2026-04-24T19:48:00.000Z";1395.65
"2026-04-24T19:48:00.000Z";"2026-04-24T19:51:00.000Z";1401.01
"2026-04-24T19:51:00.000Z";"2026-04-24T19:54:00.000Z";1402.5
"2026-04-24T19:54:00.000Z";"2026-04-24T19:57:00.000Z";1396.14
"2026-04-24T19:57:00.000Z";"2026-04-24T20:00:00.000Z";1409.15
"2026-04-24T20:00:00.000Z";"2026-04-24T20:03:00.000Z";1410.01
"2026-04-24T20:03:00.000Z";"2026-04-24T20:06:00.000Z";1409.84
"2026-04-24T20:06:00.000Z";"2026-04-24T20:09:00.000Z";1416
"2026-04-24T20:09:00.000Z";"2026-04-24T20:12:00.000Z";1420.53
"2026-04-24T20:12:00.000Z";"2026-04-24T20:15:00.000Z";1399.51
"2026-04-24T20:15:00.000Z";"2026-04-24T20:18:00.000Z";1394.74
"2026-04-24T20:18:00.000Z";"2026-04-24T20:21:00.000Z";1393.69
"2026-04-24T20:21:00.000Z";"2026-04-24T20:24:00.000Z";1391.51
"2026-04-24T20:24:00.000Z";"2026-04-24T20:27:00.000Z";1392.48
"2026-04-24T20:27:00.000Z";"2026-04-24T20:30:00.000Z";1419.83
"2026-04-24T20:30:00.000Z";"2026-04-24T20:33:00.000Z";1461.68
"2026-04-24T20:33:00.000Z";"2026-04-24T20:36:00.000Z";1460.83
"2026-04-24T20:36:00.000Z";"2026-04-24T20:39:00.000Z";1455.98
"2026-04-24T20:39:00.000Z";"2026-04-24T20:42:00.000Z";1453.51
"2026-04-24T20:42:00.000Z";"2026-04-24T20:45:00.000Z";1439.19
"2026-04-24T20:45:00.000Z";"2026-04-24T20:48:00.000Z";1401.7
"2026-04-24T20:48:00.000Z";"2026-04-24T20:51:00.000Z";1375.51
"2026-04-24T20:51:00.000Z";"2026-04-24T20:54:00.000Z";1377.32
"2026-04-24T20:54:00.000Z";"2026-04-24T20:57:00.000Z";1390.84
"2026-04-24T20:57:00.000Z";"2026-04-24T21:00:00.000Z";1366.69
"2026-04-24T21:00:00.000Z";"2026-04-24T21:03:00.000Z";1362.68
"2026-04-24T21:03:00.000Z";"2026-04-24T21:06:00.000Z";1374.19
"2026-04-24T21:06:00.000Z";"2026-04-24T21:09:00.000Z";1370.67
"2026-04-24T21:09:00.000Z";"2026-04-24T21:12:00.000Z";1365.98
"2026-04-24T21:12:00.000Z";"2026-04-24T21:15:00.000Z";1359.65
"2026-04-24T21:15:00.000Z";"2026-04-24T21:18:00.000Z";1368.15
"2026-04-24T21:18:00.000Z";"2026-04-24T21:21:00.000Z";1386.5
"2026-04-24T21:21:00.000Z";"2026-04-24T21:24:00.000Z";1340.68
"2026-04-24T21:24:00.000Z";"2026-04-24T21:27:00.000Z";1344.17
"2026-04-24T21:27:00.000Z";"2026-04-24T21:30:00.000Z";1338.18
"2026-04-24T21:30:00.000Z";"2026-04-24T21:33:00.000Z";1349.02
"2026-04-24T21:33:00.000Z";"2026-04-24T21:36:00.000Z";1333.34
"2026-04-24T21:36:00.000Z";"2026-04-24T21:39:00.000Z";1348.5
"2026-04-24T21:39:00.000Z";"2026-04-24T21:42:00.000Z";1370.32
"2026-04-24T21:42:00.000Z";"2026-04-24T21:45:00.000Z";1380.16
"2026-04-24T21:45:00.000Z";"2026-04-24T21:48:00.000Z";1388.99
"2026-04-24T21:48:00.000Z";"2026-04-24T21:51:00.000Z";1397.34
"2026-04-24T21:51:00.000Z";"2026-04-24T21:54:00.000Z";1424.13
"2026-04-24T21:54:00.000Z";"2026-04-24T21:57:00.000Z";1448.65
"2026-04-24T21:57:00.000Z";"2026-04-24T22:00:00.000Z";1451.16
"2026-04-24T22:00:00.000Z";"2026-04-24T22:03:00.000Z";1442.33
"2026-04-24T22:03:00.000Z";"2026-04-24T22:06:00.000Z";1416.88
"2026-04-24T22:06:00.000Z";"2026-04-24T22:09:00.000Z";1444.82
"2026-04-24T22:09:00.000Z";"2026-04-24T22:12:00.000Z";1473.65
"2026-04-24T22:12:00.000Z";"2026-04-24T22:15:00.000Z";1473.13
"2026-04-24T22:15:00.000Z";"2026-04-24T22:18:00.000Z";1472.03
"2026-04-24T22:18:00.000Z";"2026-04-24T22:21:00.000Z";1503.62
"2026-04-24T22:21:00.000Z";"2026-04-24T22:24:00.000Z";1527.33
"2026-04-24T22:24:00.000Z";"2026-04-24T22:27:00.000Z";1536.66
"2026-04-24T22:27:00.000Z";"2026-04-24T22:30:00.000Z";1554.16
"2026-04-24T22:30:00.000Z";"2026-04-24T22:33:00.000Z";1577.14
"2026-04-24T22:33:00.000Z";"2026-04-24T22:36:00.000Z";1609.98
"2026-04-24T22:36:00.000Z";"2026-04-24T22:39:00.000Z";1633.33
"2026-04-24T22:39:00.000Z";"2026-04-24T22:42:00.000Z";1669.97
"2026-04-24T22:42:00.000Z";"2026-04-24T22:45:00.000Z";1696.66
"2026-04-24T22:45:00.000Z";"2026-04-24T22:48:00.000Z";1719.99
"2026-04-24T22:48:00.000Z";"2026-04-24T22:51:00.000Z";1725.99
"2026-04-24T22:51:00.000Z";"2026-04-24T22:54:00.000Z";1744.85
"2026-04-24T22:54:00.000Z";"2026-04-24T22:57:00.000Z";1745.02
"2026-04-24T22:57:00.000Z";"2026-04-24T23:00:00.000Z";1753.5
"2026-04-24T23:00:00.000Z";"2026-04-24T23:03:00.000Z";1778.32
"2026-04-24T23:03:00.000Z";"2026-04-24T23:06:00.000Z";1772.67
"2026-04-24T23:06:00.000Z";"2026-04-24T23:09:00.000Z";1801.79
"2026-04-24T23:09:00.000Z";"2026-04-24T23:12:00.000Z";1863.97
"2026-04-24T23:12:00.000Z";"2026-04-24T23:15:00.000Z";1905.46
"2026-04-24T23:15:00.000Z";"2026-04-24T23:18:00.000Z";1914.65
"2026-04-24T23:18:00.000Z";"2026-04-24T23:21:00.000Z";1934.15
"2026-04-24T23:21:00.000Z";"2026-04-24T23:24:00.000Z";1958.47
"2026-04-24T23:24:00.000Z";"2026-04-24T23:27:00.000Z";1987.33
"2026-04-24T23:27:00.000Z";"2026-04-24T23:30:00.000Z";2012.95
"2026-04-24T23:30:00.000Z";"2026-04-24T23:33:00.000Z";1989.47
"2026-04-24T23:33:00.000Z";"2026-04-24T23:36:00.000Z";1961.33
"2026-04-24T23:36:00.000Z";"2026-04-24T23:39:00.000Z";1998.31
"2026-04-24T23:39:00.000Z";"2026-04-24T23:42:00.000Z";2028.14
"2026-04-24T23:42:00.000Z";"2026-04-24T23:45:00.000Z";2048.96
"2026-04-24T23:45:00.000Z";"2026-04-24T23:48:00.000Z";2050.31
"2026-04-24T23:48:00.000Z";"2026-04-24T23:51:00.000Z";2062
"2026-04-24T23:51:00.000Z";"2026-04-24T23:54:00.000Z";2083.16
"2026-04-24T23:54:00.000Z";"2026-04-24T23:57:00.000Z";2065.17
"2026-04-24T23:57:00.000Z";"2026-04-25T00:00:00.000Z";2088.47
"2026-04-25T00:00:00.000Z";"2026-04-25T00:03:00.000Z";2126.97
"2026-04-25T00:03:00.000Z";"2026-04-25T00:06:00.000Z";2182.8
"2026-04-25T00:06:00.000Z";"2026-04-25T00:09:00.000Z";2232.32
"2026-04-25T00:09:00.000Z";"2026-04-25T00:12:00.000Z";2247.16
"2026-04-25T00:12:00.000Z";"2026-04-25T00:15:00.000Z";2266.67
"2026-04-25T00:15:00.000Z";"2026-04-25T00:18:00.000Z";2265.17
"2026-04-25T00:18:00.000Z";"2026-04-25T00:21:00.000Z";2255.34
"2026-04-25T00:21:00.000Z";"2026-04-25T00:24:00.000Z";2258.67
"2026-04-25T00:24:00.000Z";"2026-04-25T00:27:00.000Z";2264.5
"2026-04-25T00:27:00.000Z";"2026-04-25T00:30:00.000Z";2261.52
"2026-04-25T00:30:00.000Z";"2026-04-25T00:33:00.000Z";2275.63
"2026-04-25T00:33:00.000Z";"2026-04-25T00:36:00.000Z";2290.49
"2026-04-25T00:36:00.000Z";"2026-04-25T00:39:00.000Z";2312.62
"2026-04-25T00:39:00.000Z";"2026-04-25T00:42:00.000Z";2312.34
"2026-04-25T00:42:00.000Z";"2026-04-25T00:45:00.000Z";2305.84
"2026-04-25T00:45:00.000Z";"2026-04-25T00:48:00.000Z";2302.19
"2026-04-25T00:48:00.000Z";"2026-04-25T00:51:00.000Z";2297.51
"2026-04-25T00:51:00.000Z";"2026-04-25T00:54:00.000Z";2288.33
"2026-04-25T00:54:00.000Z";"2026-04-25T00:57:00.000Z";2313.99
"2026-04-25T00:57:00.000Z";"2026-04-25T01:00:00.000Z";2340.46
"2026-04-25T01:00:00.000Z";"2026-04-25T01:03:00.000Z";2376.97
"2026-04-25T01:03:00.000Z";"2026-04-25T01:06:00.000Z";2399.65
"2026-04-25T01:06:00.000Z";"2026-04-25T01:09:00.000Z";2432.45
"2026-04-25T01:09:00.000Z";"2026-04-25T01:12:00.000Z";2455
"2026-04-25T01:12:00.000Z";"2026-04-25T01:15:00.000Z";2496.96
"2026-04-25T01:15:00.000Z";"2026-04-25T01:18:00.000Z";2533.64
"2026-04-25T01:18:00.000Z";"2026-04-25T01:21:00.000Z";2552.83
"2026-04-25T01:21:00.000Z";"2026-04-25T01:24:00.000Z";2581.17
"2026-04-25T01:24:00.000Z";"2026-04-25T01:27:00.000Z";2585.95
"2026-04-25T01:27:00.000Z";"2026-04-25T01:30:00.000Z";2604.34
"2026-04-25T01:30:00.000Z";"2026-04-25T01:33:00.000Z";2614.32
"2026-04-25T01:33:00.000Z";"2026-04-25T01:36:00.000Z";2582.07
"2026-04-25T01:36:00.000Z";"2026-04-25T01:39:00.000Z";2576.64
"2026-04-25T01:39:00.000Z";"2026-04-25T01:42:00.000Z";2562.84
"2026-04-25T01:42:00.000Z";"2026-04-25T01:45:00.000Z";2531.82
"2026-04-25T01:45:00.000Z";"2026-04-25T01:48:00.000Z";2532.5
"2026-04-25T01:48:00.000Z";"2026-04-25T01:51:00.000Z";2556.32
"2026-04-25T01:51:00.000Z";"2026-04-25T01:54:00.000Z";2621.96
"2026-04-25T01:54:00.000Z";"2026-04-25T01:57:00.000Z";2643.5
"2026-04-25T01:57:00.000Z";"2026-04-25T02:00:00.000Z";2641.28
"2026-04-25T02:00:00.000Z";"2026-04-25T02:03:00.000Z";2631.66
"2026-04-25T02:03:00.000Z";"2026-04-25T02:06:00.000Z";2643.5
"2026-04-25T02:06:00.000Z";"2026-04-25T02:09:00.000Z";2644.86
"2026-04-25T02:09:00.000Z";"2026-04-25T02:12:00.000Z";2689.47
"2026-04-25T02:12:00.000Z";"2026-04-25T02:15:00.000Z";2681.51
"2026-04-25T02:15:00.000Z";"2026-04-25T02:18:00.000Z";2693.67
"2026-04-25T02:18:00.000Z";"2026-04-25T02:21:00.000Z";2725.27
"2026-04-25T02:21:00.000Z";"2026-04-25T02:24:00.000Z";2736.11
"2026-04-25T02:24:00.000Z";"2026-04-25T02:27:00.000Z";2747.64
"2026-04-25T02:27:00.000Z";"2026-04-25T02:30:00.000Z";2783.13
"2026-04-25T02:30:00.000Z";"2026-04-25T02:33:00.000Z";2785.21
"2026-04-25T02:33:00.000Z";"2026-04-25T02:36:00.000Z";2790.43
"2026-04-25T02:36:00.000Z";"2026-04-25T02:39:00.000Z";2793.85
"2026-04-25T02:39:00.000Z";"2026-04-25T02:42:00.000Z";2792.14
"2026-04-25T02:42:00.000Z";"2026-04-25T02:45:00.000Z";2809
"2026-04-25T02:45:00.000Z";"2026-04-25T02:48:00.000Z";2833.77
"2026-04-25T02:48:00.000Z";"2026-04-25T02:51:00.000Z";2831.9
"2026-04-25T02:51:00.000Z";"2026-04-25T02:54:00.000Z";2802.02
"2026-04-25T02:54:00.000Z";"2026-04-25T02:57:00.000Z";2766.51
"2026-04-25T02:57:00.000Z";"2026-04-25T03:00:00.000Z";2739.67
"2026-04-25T03:00:00.000Z";"2026-04-25T03:03:00.000Z";2668.69
"2026-04-25T03:03:00.000Z";"2026-04-25T03:06:00.000Z";2637.75
"2026-04-25T03:06:00.000Z";"2026-04-25T03:09:00.000Z";2603.67
"2026-04-25T03:09:00.000Z";"2026-04-25T03:12:00.000Z";2628.99
"2026-04-25T03:12:00.000Z";"2026-04-25T03:15:00.000Z";2649.33
"2026-04-25T03:15:00.000Z";"2026-04-25T03:18:00.000Z";2669.65
"2026-04-25T03:18:00.000Z";"2026-04-25T03:21:00.000Z";2724.47
"2026-04-25T03:21:00.000Z";"2026-04-25T03:24:00.000Z";2724.68
"2026-04-25T03:24:00.000Z";"2026-04-25T03:27:00.000Z";2701.66
"2026-04-25T03:27:00.000Z";"2026-04-25T03:30:00.000Z";2652.04
"2026-04-25T03:30:00.000Z";"2026-04-25T03:33:00.000Z";2535.17
"2026-04-25T03:33:00.000Z";"2026-04-25T03:36:00.000Z";2465.04
"2026-04-25T03:36:00.000Z";"2026-04-25T03:39:00.000Z";2434.71
"2026-04-25T03:39:00.000Z";"2026-04-25T03:42:00.000Z";2417.13
"2026-04-25T03:42:00.000Z";"2026-04-25T03:45:00.000Z";2359.72
"2026-04-25T03:45:00.000Z";"2026-04-25T03:48:00.000Z";2327.31
"2026-04-25T03:48:00.000Z";"2026-04-25T03:51:00.000Z";2369.67
"2026-04-25T03:51:00.000Z";"2026-04-25T03:54:00.000Z";2373.34
"2026-04-25T03:54:00.000Z";"2026-04-25T03:57:00.000Z";2354.63
"2026-04-25T03:57:00.000Z";"2026-04-25T04:00:00.000Z";2362.33
"2026-04-25T04:00:00.000Z";"2026-04-25T04:03:00.000Z";2399.12
"2026-04-25T04:03:00.000Z";"2026-04-25T04:06:00.000Z";2489.46
"2026-04-25T04:06:00.000Z";"2026-04-25T04:09:00.000Z";2556.84
"2026-04-25T04:09:00.000Z";"2026-04-25T04:12:00.000Z";2552.69
"2026-04-25T04:12:00.000Z";"2026-04-25T04:15:00.000Z";2527.49
"2026-04-25T04:15:00.000Z";"2026-04-25T04:18:00.000Z";2522.84
"2026-04-25T04:18:00.000Z";"2026-04-25T04:21:00.000Z";2491.52
"2026-04-25T04:21:00.000Z";"2026-04-25T04:24:00.000Z";2461.72
"2026-04-25T04:24:00.000Z";"2026-04-25T04:27:00.000Z";2423.44
"2026-04-25T04:27:00.000Z";"2026-04-25T04:30:00.000Z";2399.64
"2026-04-25T04:30:00.000Z";"2026-04-25T04:33:00.000Z";2369.79
"2026-04-25T04:33:00.000Z";"2026-04-25T04:36:00.000Z";2350.54
"2026-04-25T04:36:00.000Z";"2026-04-25T04:39:00.000Z";2350.43
"2026-04-25T04:39:00.000Z";"2026-04-25T04:42:00.000Z";2321.5
"2026-04-25T04:42:00.000Z";"2026-04-25T04:45:00.000Z";2316.52
"2026-04-25T04:45:00.000Z";"2026-04-25T04:48:00.000Z";2319.52
"2026-04-25T04:48:00.000Z";"2026-04-25T04:51:00.000Z";2365.61
"2026-04-25T04:51:00.000Z";"2026-04-25T04:54:00.000Z";2378.75
"2026-04-25T04:54:00.000Z";"2026-04-25T04:57:00.000Z";2359.01
"2026-04-25T04:57:00.000Z";"2026-04-25T05:00:00.000Z";2346.89
"2026-04-25T05:00:00.000Z";"2026-04-25T05:03:00.000Z";2367.32
"2026-04-25T05:03:00.000Z";"2026-04-25T05:06:00.000Z";2345.83
"2026-04-25T05:06:00.000Z";"2026-04-25T05:09:00.000Z";2353.84
"2026-04-25T05:09:00.000Z";"2026-04-25T05:12:00.000Z";2388.06
"2026-04-25T05:12:00.000Z";"2026-04-25T05:15:00.000Z";2372.35
"2026-04-25T05:15:00.000Z";"2026-04-25T05:18:00.000Z";2357
"2026-04-25T05:18:00.000Z";"2026-04-25T05:21:00.000Z";2373.49
"2026-04-25T05:21:00.000Z";"2026-04-25T05:24:00.000Z";2364.02
"2026-04-25T05:24:00.000Z";"2026-04-25T05:27:00.000Z";2357.17
"2026-04-25T05:27:00.000Z";"2026-04-25T05:30:00.000Z";2331.69
"2026-04-25T05:30:00.000Z";"2026-04-25T05:33:00.000Z";2338.64
"2026-04-25T05:33:00.000Z";"2026-04-25T05:36:00.000Z";2353.48
"2026-04-25T05:36:00.000Z";"2026-04-25T05:39:00.000Z";2351.47
"2026-04-25T05:39:00.000Z";"2026-04-25T05:42:00.000Z";2370.98
"2026-04-25T05:42:00.000Z";"2026-04-25T05:45:00.000Z";2373.54
"2026-04-25T05:45:00.000Z";"2026-04-25T05:48:00.000Z";2365.17
"2026-04-25T05:48:00.000Z";"2026-04-25T05:51:00.000Z";2374.85
"2026-04-25T05:51:00.000Z";"2026-04-25T05:54:00.000Z";2375.97
"2026-04-25T05:54:00.000Z";"2026-04-25T05:57:00.000Z";2424.31
"2026-04-25T05:57:00.000Z";"2026-04-25T06:00:00.000Z";2475.83
"2026-04-25T06:00:00.000Z";"2026-04-25T06:03:00.000Z";2486.98
"2026-04-25T06:03:00.000Z";"2026-04-25T06:06:00.000Z";2559.84
"2026-04-25T06:06:00.000Z";"2026-04-25T06:09:00.000Z";2615.36
"2026-04-25T06:09:00.000Z";"2026-04-25T06:12:00.000Z";2612.65
"2026-04-25T06:12:00.000Z";"2026-04-25T06:15:00.000Z";2642.13
"2026-04-25T06:15:00.000Z";"2026-04-25T06:18:00.000Z";2582.4
"2026-04-25T06:18:00.000Z";"2026-04-25T06:21:00.000Z";2541.5
"2026-04-25T06:21:00.000Z";"2026-04-25T06:24:00.000Z";2554.47
"2026-04-25T06:24:00.000Z";"2026-04-25T06:27:00.000Z";2539.89
"2026-04-25T06:27:00.000Z";"2026-04-25T06:30:00.000Z";2488.4
"2026-04-25T06:30:00.000Z";"2026-04-25T06:33:00.000Z";2386.1
"2026-04-25T06:33:00.000Z";"2026-04-25T06:36:00.000Z";2320.84
"2026-04-25T06:36:00.000Z";"2026-04-25T06:39:00.000Z";2333.63
"2026-04-25T06:39:00.000Z";"2026-04-25T06:42:00.000Z";2358.84
"2026-04-25T06:42:00.000Z";"2026-04-25T06:45:00.000Z";2385.72
"2026-04-25T06:45:00.000Z";"2026-04-25T06:48:00.000Z";2393.49
"2026-04-25T06:48:00.000Z";"2026-04-25T06:51:00.000Z";2439.59
"2026-04-25T06:51:00.000Z";"2026-04-25T06:54:00.000Z";2434.39
"2026-04-25T06:54:00.000Z";"2026-04-25T06:57:00.000Z";2406.61
"2026-04-25T06:57:00.000Z";"2026-04-25T07:00:00.000Z";2413.49
"2026-04-25T07:00:00.000Z";"2026-04-25T07:03:00.000Z";2413.14
"2026-04-25T07:03:00.000Z";"2026-04-25T07:06:00.000Z";2518.36
"2026-04-25T07:06:00.000Z";"2026-04-25T07:09:00.000Z";2612.67
"2026-04-25T07:09:00.000Z";"2026-04-25T07:12:00.000Z";2645.14
"2026-04-25T07:12:00.000Z";"2026-04-25T07:15:00.000Z";2688.99
"2026-04-25T07:15:00.000Z";"2026-04-25T07:18:00.000Z";2649.03
"2026-04-25T07:18:00.000Z";"2026-04-25T07:21:00.000Z";2600.68
"2026-04-25T07:21:00.000Z";"2026-04-25T07:24:00.000Z";2591.01
"2026-04-25T07:24:00.000Z";"2026-04-25T07:27:00.000Z";2596.58
"2026-04-25T07:27:00.000Z";"2026-04-25T07:30:00.000Z";2670.11
"2026-04-25T07:30:00.000Z";"2026-04-25T07:33:00.000Z";2709.09
"2026-04-25T07:33:00.000Z";"2026-04-25T07:36:00.000Z";2780.13
"2026-04-25T07:36:00.000Z";"2026-04-25T07:39:00.000Z";2779.33
"2026-04-25T07:39:00.000Z";"2026-04-25T07:42:00.000Z";2775.18
"2026-04-25T07:42:00.000Z";"2026-04-25T07:45:00.000Z";2770.95
"2026-04-25T07:45:00.000Z";"2026-04-25T07:48:00.000Z";2716.84
"2026-04-25T07:48:00.000Z";"2026-04-25T07:51:00.000Z";2722.13
"2026-04-25T07:51:00.000Z";"2026-04-25T07:54:00.000Z";2772.49
"2026-04-25T07:54:00.000Z";"2026-04-25T07:57:00.000Z";2781.12
"2026-04-25T07:57:00.000Z";"2026-04-25T08:00:00.000Z";2851.55
"2026-04-25T08:00:00.000Z";"2026-04-25T08:03:00.000Z";2901.59
"2026-04-25T08:03:00.000Z";"2026-04-25T08:06:00.000Z";2976.98
"2026-04-25T08:06:00.000Z";"2026-04-25T08:09:00.000Z";3036.14
"2026-04-25T08:09:00.000Z";"2026-04-25T08:12:00.000Z";3092.63
"2026-04-25T08:12:00.000Z";"2026-04-25T08:15:00.000Z";3077.34
"2026-04-25T08:15:00.000Z";"2026-04-25T08:18:00.000Z";3247.42
"2026-04-25T08:18:00.000Z";"2026-04-25T08:21:00.000Z";3262.84
"2026-04-25T08:21:00.000Z";"2026-04-25T08:24:00.000Z";3276.51
"2026-04-25T08:24:00.000Z";"2026-04-25T08:27:00.000Z";3247.83
"2026-04-25T08:27:00.000Z";"2026-04-25T08:30:00.000Z";3325.45
"2026-04-25T08:30:00.000Z";"2026-04-25T08:33:00.000Z";3186.81
"2026-04-25T08:33:00.000Z";"2026-04-25T08:36:00.000Z";3044.19
"2026-04-25T08:36:00.000Z";"2026-04-25T08:39:00.000Z";3050.16
"2026-04-25T08:39:00.000Z";"2026-04-25T08:42:00.000Z";3102.77
"2026-04-25T08:42:00.000Z";"2026-04-25T08:45:00.000Z";3068.38
"2026-04-25T08:45:00.000Z";"2026-04-25T08:48:00.000Z";2982.69
"2026-04-25T08:48:00.000Z";"2026-04-25T08:51:00.000Z";2948.2
"2026-04-25T08:51:00.000Z";"2026-04-25T08:54:00.000Z";2987.82
"2026-04-25T08:54:00.000Z";"2026-04-25T08:57:00.000Z";3041.16
"2026-04-25T08:57:00.000Z";"2026-04-25T09:00:00.000Z";3075.13
"2026-04-25T09:00:00.000Z";"2026-04-25T09:03:00.000Z";3159.1
"2026-04-25T09:03:00.000Z";"2026-04-25T09:06:00.000Z";3388.39
"2026-04-25T09:06:00.000Z";"2026-04-25T09:09:00.000Z";3531.47
"2026-04-25T09:09:00.000Z";"2026-04-25T09:12:00.000Z";3587.93
"2026-04-25T09:12:00.000Z";"2026-04-25T09:15:00.000Z";3586.2
"2026-04-25T09:15:00.000Z";"2026-04-25T09:18:00.000Z";3535.94
"2026-04-25T09:18:00.000Z";"2026-04-25T09:21:00.000Z";3365.68
"2026-04-25T09:21:00.000Z";"2026-04-25T09:24:00.000Z";3448.39
"2026-04-25T09:24:00.000Z";"2026-04-25T09:27:00.000Z";3497.3
"2026-04-25T09:27:00.000Z";"2026-04-25T09:30:00.000Z";3516.13
"2026-04-25T09:30:00.000Z";"2026-04-25T09:33:00.000Z";3505.11
"2026-04-25T09:33:00.000Z";"2026-04-25T09:36:00.000Z";3555.13
"2026-04-25T09:36:00.000Z";"2026-04-25T09:39:00.000Z";3562.84
"2026-04-25T09:39:00.000Z";"2026-04-25T09:42:00.000Z";3561.17
"2026-04-25T09:42:00.000Z";"2026-04-25T09:45:00.000Z";3566.82
"2026-04-25T09:45:00.000Z";"2026-04-25T09:48:00.000Z";3553.17
"2026-04-25T09:48:00.000Z";"2026-04-25T09:51:00.000Z";3495.87
"2026-04-25T09:51:00.000Z";"2026-04-25T09:54:00.000Z";3573.59
"2026-04-25T09:54:00.000Z";"2026-04-25T09:57:00.000Z";3617.3
"2026-04-25T09:57:00.000Z";"2026-04-25T10:00:00.000Z";3658.29
"2026-04-25T10:00:00.000Z";"2026-04-25T10:03:00.000Z";3638.99
"2026-04-25T10:03:00.000Z";"2026-04-25T10:06:00.000Z";3682.31
"2026-04-25T10:06:00.000Z";"2026-04-25T10:09:00.000Z";3690.72
"2026-04-25T10:09:00.000Z";"2026-04-25T10:12:00.000Z";3644.37
"2026-04-25T10:12:00.000Z";"2026-04-25T10:15:00.000Z";3659.54
"2026-04-25T10:15:00.000Z";"2026-04-25T10:18:00.000Z";3648.66
"2026-04-25T10:18:00.000Z";"2026-04-25T10:21:00.000Z";3662.16
"2026-04-25T10:21:00.000Z";"2026-04-25T10:24:00.000Z";3711.2
"2026-04-25T10:24:00.000Z";"2026-04-25T10:27:00.000Z";3698.14
"2026-04-25T10:27:00.000Z";"2026-04-25T10:30:00.000Z";3716.53
"2026-04-25T10:30:00.000Z";"2026-04-25T10:33:00.000Z";3680.71
"2026-04-25T10:33:00.000Z";"2026-04-25T10:36:00.000Z";3641.98
"2026-04-25T10:36:00.000Z";"2026-04-25T10:39:00.000Z";3660
"2026-04-25T10:39:00.000Z";"2026-04-25T10:42:00.000Z";3669.85
"2026-04-25T10:42:00.000Z";"2026-04-25T10:45:00.000Z";3693.32
"2026-04-25T10:45:00.000Z";"2026-04-25T10:48:00.000Z";3718.49
"2026-04-25T10:48:00.000Z";"2026-04-25T10:51:00.000Z";3792.88
"2026-04-25T10:51:00.000Z";"2026-04-25T10:54:00.000Z";3879.13
"2026-04-25T10:54:00.000Z";"2026-04-25T10:57:00.000Z";3842.37
"2026-04-25T10:57:00.000Z";"2026-04-25T11:00:00.000Z";3855.14
"2026-04-25T11:00:00.000Z";"2026-04-25T11:03:00.000Z";3912.63
"2026-04-25T11:03:00.000Z";"2026-04-25T11:06:00.000Z";3944.48
"2026-04-25T11:06:00.000Z";"2026-04-25T11:09:00.000Z";3945.83
"2026-04-25T11:09:00.000Z";"2026-04-25T11:12:00.000Z";3973.12
"2026-04-25T11:12:00.000Z";"2026-04-25T11:15:00.000Z";3973.8
"2026-04-25T11:15:00.000Z";"2026-04-25T11:18:00.000Z";3962.93
"2026-04-25T11:18:00.000Z";"2026-04-25T11:21:00.000Z";3980.06
"2026-04-25T11:21:00.000Z";"2026-04-25T11:24:00.000Z";3985.13
"2026-04-25T11:24:00.000Z";"2026-04-25T11:27:00.000Z";4029.42
"2026-04-25T11:27:00.000Z";"2026-04-25T11:30:00.000Z";4110.43
"2026-04-25T11:30:00.000Z";"2026-04-25T11:33:00.000Z";4181.81
"2026-04-25T11:33:00.000Z";"2026-04-25T11:36:00.000Z";4219.29
"2026-04-25T11:36:00.000Z";"2026-04-25T11:39:00.000Z";4202.44
"2026-04-25T11:39:00.000Z";"2026-04-25T11:42:00.000Z";4243.15
"2026-04-25T11:42:00.000Z";"2026-04-25T11:45:00.000Z";4283.18
"2026-04-25T11:45:00.000Z";"2026-04-25T11:48:00.000Z";4314.75
"2026-04-25T11:48:00.000Z";"2026-04-25T11:51:00.000Z";4492.25
"2026-04-25T11:51:00.000Z";"2026-04-25T11:54:00.000Z";4521.33
"2026-04-25T11:54:00.000Z";"2026-04-25T11:57:00.000Z";4570.28
"2026-04-25T11:57:00.000Z";"2026-04-25T12:00:00.000Z";4622.04
"2026-04-25T12:00:00.000Z";"2026-04-25T12:03:00.000Z";4527.79
"2026-04-25T12:03:00.000Z";"2026-04-25T12:06:00.000Z";4367
"2026-04-25T12:06:00.000Z";"2026-04-25T12:09:00.000Z";4372.49
"2026-04-25T12:09:00.000Z";"2026-04-25T12:12:00.000Z";4399.83
"2026-04-25T12:12:00.000Z";"2026-04-25T12:15:00.000Z";4392.68
"2026-04-25T12:15:00.000Z";"2026-04-25T12:18:00.000Z";4390.14
"2026-04-25T12:18:00.000Z";"2026-04-25T12:21:00.000Z";4467.84
"2026-04-25T12:21:00.000Z";"2026-04-25T12:24:00.000Z";4490.57
"2026-04-25T12:24:00.000Z";"2026-04-25T12:27:00.000Z";4492.98
"2026-04-25T12:27:00.000Z";"2026-04-25T12:30:00.000Z";4511.18
"2026-04-25T12:30:00.000Z";"2026-04-25T12:33:00.000Z";4535.13
"2026-04-25T12:33:00.000Z";"2026-04-25T12:36:00.000Z";4634.92
"2026-04-25T12:36:00.000Z";"2026-04-25T12:39:00.000Z";4632.19
"2026-04-25T12:39:00.000Z";"2026-04-25T12:42:00.000Z";4607.01
"2026-04-25T12:42:00.000Z";"2026-04-25T12:45:00.000Z";4618.65
"2026-04-25T12:45:00.000Z";"2026-04-25T12:48:00.000Z";4602.81
"2026-04-25T12:48:00.000Z";"2026-04-25T12:51:00.000Z";4615.45
"2026-04-25T12:51:00.000Z";"2026-04-25T12:54:00.000Z";4637.29
"2026-04-25T12:54:00.000Z";"2026-04-25T12:57:00.000Z";4654.17
"2026-04-25T12:57:00.000Z";"2026-04-25T13:00:00.000Z";4647.34
"2026-04-25T13:00:00.000Z";"2026-04-25T13:03:00.000Z";4673.51
"2026-04-25T13:03:00.000Z";"2026-04-25T13:06:00.000Z";4701.33
"2026-04-25T13:06:00.000Z";"2026-04-25T13:09:00.000Z";4767.39
"2026-04-25T13:09:00.000Z";"2026-04-25T13:12:00.000Z";4812.63
"2026-04-25T13:12:00.000Z";"2026-04-25T13:15:00.000Z";4813.8
"2026-04-25T13:15:00.000Z";"2026-04-25T13:18:00.000Z";4835.53
"2026-04-25T13:18:00.000Z";"2026-04-25T13:21:00.000Z";4878.17
"2026-04-25T13:21:00.000Z";"2026-04-25T13:24:00.000Z";4870.3
"2026-04-25T13:24:00.000Z";"2026-04-25T13:27:00.000Z";4848.87
"2026-04-25T13:27:00.000Z";"2026-04-25T13:30:00.000Z";4827.35
"2026-04-25T13:30:00.000Z";"2026-04-25T13:33:00.000Z";4785.56
"2026-04-25T13:33:00.000Z";"2026-04-25T13:36:00.000Z";4798.54
"2026-04-25T13:36:00.000Z";"2026-04-25T13:39:00.000Z";4783.18
"2026-04-25T13:39:00.000Z";"2026-04-25T13:42:00.000Z";4786.13
"2026-04-25T13:42:00.000Z";"2026-04-25T13:45:00.000Z";4775.66
"2026-04-25T13:45:00.000Z";"2026-04-25T13:48:00.000Z";4810.94
"2026-04-25T13:48:00.000Z";"2026-04-25T13:51:00.000Z";4855.8
"2026-04-25T13:51:00.000Z";"2026-04-25T13:54:00.000Z";4913.94
"2026-04-25T13:54:00.000Z";"2026-04-25T13:57:00.000Z";4980.41
"2026-04-25T13:57:00.000Z";"2026-04-25T14:00:00.000Z";4975.83
"2026-04-25T14:00:00.000Z";"2026-04-25T14:03:00.000Z";5017.81
"2026-04-25T14:03:00.000Z";"2026-04-25T14:06:00.000Z";5057.87
"2026-04-25T14:06:00.000Z";"2026-04-25T14:09:00.000Z";5082.69
"2026-04-25T14:09:00.000Z";"2026-04-25T14:12:00.000Z";5052.17
"2026-04-25T14:12:00.000Z";"2026-04-25T14:15:00.000Z";5045.81
"2026-04-25T14:15:00.000Z";"2026-04-25T14:18:00.000Z";5033.55
"2026-04-25T14:18:00.000Z";"2026-04-25T14:21:00.000Z";4945.39
"2026-04-25T14:21:00.000Z";"2026-04-25T14:24:00.000Z";4874.85
"2026-04-25T14:24:00.000Z";"2026-04-25T14:27:00.000Z";4820.65
"2026-04-25T14:27:00.000Z";"2026-04-25T14:30:00.000Z";4805.44
"2026-04-25T14:30:00.000Z";"2026-04-25T14:33:00.000Z";4782.36
"2026-04-25T14:33:00.000Z";"2026-04-25T14:36:00.000Z";4818.79
"2026-04-25T14:36:00.000Z";"2026-04-25T14:39:00.000Z";4829.69
"2026-04-25T14:39:00.000Z";"2026-04-25T14:42:00.000Z";4825.84
"2026-04-25T14:42:00.000Z";"2026-04-25T14:45:00.000Z";4777.67
"2026-04-25T14:45:00.000Z";"2026-04-25T14:48:00.000Z";4813.74
"2026-04-25T14:48:00.000Z";"2026-04-25T14:51:00.000Z";4898.52
"2026-04-25T14:51:00.000Z";"2026-04-25T14:54:00.000Z";4878.64
"2026-04-25T14:54:00.000Z";"2026-04-25T14:57:00.000Z";4874.51
"2026-04-25T14:57:00.000Z";"2026-04-25T15:00:00.000Z";4882.09
"2026-04-25T15:00:00.000Z";"2026-04-25T15:03:00.000Z";4768.82
"2026-04-25T15:03:00.000Z";"2026-04-25T15:06:00.000Z";4659.68
"2026-04-25T15:06:00.000Z";"2026-04-25T15:09:00.000Z";4623.46
"2026-04-25T15:09:00.000Z";"2026-04-25T15:12:00.000Z";4562.38
"2026-04-25T15:12:00.000Z";"2026-04-25T15:15:00.000Z";4583.7
"2026-04-25T15:15:00.000Z";"2026-04-25T15:18:00.000Z";4623.43
"2026-04-25T15:18:00.000Z";"2026-04-25T15:21:00.000Z";4689.45
"2026-04-25T15:21:00.000Z";"2026-04-25T15:24:00.000Z";4647.05
"2026-04-25T15:24:00.000Z";"2026-04-25T15:27:00.000Z";4683.51
"2026-04-25T15:27:00.000Z";"2026-04-25T15:30:00.000Z";4743.73
"2026-04-25T15:30:00.000Z";"2026-04-25T15:33:00.000Z";4794.47
"2026-04-25T15:33:00.000Z";"2026-04-25T15:36:00.000Z";4873.97
"2026-04-25T15:36:00.000Z";"2026-04-25T15:39:00.000Z";4899.33
"2026-04-25T15:39:00.000Z";"2026-04-25T15:42:00.000Z";4899.15
"2026-04-25T15:42:00.000Z";"2026-04-25T15:45:00.000Z";4916.83
"2026-04-25T15:45:00.000Z";"2026-04-25T15:48:00.000Z";4834.97
"2026-04-25T15:48:00.000Z";"2026-04-25T15:51:00.000Z";4719.24
"2026-04-25T15:51:00.000Z";"2026-04-25T15:54:00.000Z";4711.67
"2026-04-25T15:54:00.000Z";"2026-04-25T15:57:00.000Z";4667.01
"2026-04-25T15:57:00.000Z";"2026-04-25T16:00:00.000Z";4632.08
"2026-04-25T16:00:00.000Z";"2026-04-25T16:03:00.000Z";4663.63
"2026-04-25T16:03:00.000Z";"2026-04-25T16:06:00.000Z";4741.11
"2026-04-25T16:06:00.000Z";"2026-04-25T16:09:00.000Z";4760.42
"2026-04-25T16:09:00.000Z";"2026-04-25T16:12:00.000Z";4686.08
"2026-04-25T16:12:00.000Z";"2026-04-25T16:15:00.000Z";4658.4
"2026-04-25T16:15:00.000Z";"2026-04-25T16:18:00.000Z";4568.63
"2026-04-25T16:18:00.000Z";"2026-04-25T16:21:00.000Z";4587.49
"2026-04-25T16:21:00.000Z";"2026-04-25T16:24:00.000Z";4663.81
"2026-04-25T16:24:00.000Z";"2026-04-25T16:27:00.000Z";4637.37
"2026-04-25T16:27:00.000Z";"2026-04-25T16:30:00.000Z";4637.01
"2026-04-25T16:30:00.000Z";"2026-04-25T16:33:00.000Z";4689.96
"2026-04-25T16:33:00.000Z";"2026-04-25T16:36:00.000Z";4905.4
"2026-04-25T16:36:00.000Z";"2026-04-25T16:39:00.000Z";4947.46
"2026-04-25T16:39:00.000Z";"2026-04-25T16:42:00.000Z";4909.77
"2026-04-25T16:42:00.000Z";"2026-04-25T16:45:00.000Z";4875.25
"2026-04-25T16:45:00.000Z";"2026-04-25T16:48:00.000Z";4928.79
"2026-04-25T16:48:00.000Z";"2026-04-25T16:51:00.000Z";4999.23
"2026-04-25T16:51:00.000Z";"2026-04-25T16:54:00.000Z";4989.37
"2026-04-25T16:54:00.000Z";"2026-04-25T16:57:00.000Z";4973.86
"2026-04-25T16:57:00.000Z";"2026-04-25T17:00:00.000Z";4957.34
"2026-04-25T17:00:00.000Z";"2026-04-25T17:03:00.000Z";4903.17
"2026-04-25T17:03:00.000Z";"2026-04-25T17:06:00.000Z";4796.34
"2026-04-25T17:06:00.000Z";"2026-04-25T17:09:00.000Z";4779.85
"2026-04-25T17:09:00.000Z";"2026-04-25T17:12:00.000Z";4729.03
"2026-04-25T17:12:00.000Z";"2026-04-25T17:15:00.000Z";4732.5
"2026-04-25T17:15:00.000Z";"2026-04-25T17:18:00.000Z";4697.46
"2026-04-25T17:18:00.000Z";"2026-04-25T17:21:00.000Z";4819.8
"2026-04-25T17:21:00.000Z";"2026-04-25T17:24:00.000Z";4784.67
"2026-04-25T17:24:00.000Z";"2026-04-25T17:27:00.000Z";4751.35
"2026-04-25T17:27:00.000Z";"2026-04-25T17:30:00.000Z";4673.25
"2026-04-25T17:30:00.000Z";"2026-04-25T17:33:00.000Z";4681.1
"2026-04-25T17:33:00.000Z";"2026-04-25T17:36:00.000Z";4705.09
"2026-04-25T17:36:00.000Z";"2026-04-25T17:39:00.000Z";4661.35
"2026-04-25T17:39:00.000Z";"2026-04-25T17:42:00.000Z";4635.2
"2026-04-25T17:42:00.000Z";"2026-04-25T17:45:00.000Z";4577.69
"2026-04-25T17:45:00.000Z";"2026-04-25T17:48:00.000Z";4542.09
"2026-04-25T17:48:00.000Z";"2026-04-25T17:51:00.000Z";4518.04
"2026-04-25T17:51:00.000Z";"2026-04-25T17:54:00.000Z";4527.65
"2026-04-25T17:54:00.000Z";"2026-04-25T17:57:00.000Z";4532.7
"2026-04-25T17:57:00.000Z";"2026-04-25T18:00:00.000Z";4517.01
"2026-04-25T18:00:00.000Z";"2026-04-25T18:03:00.000Z";4516.56
"2026-04-25T18:03:00.000Z";"2026-04-25T18:06:00.000Z";4495.06
"2026-04-25T18:06:00.000Z";"2026-04-25T18:09:00.000Z";4466.19
"2026-04-25T18:09:00.000Z";"2026-04-25T18:12:00.000Z";4471.31
"2026-04-25T18:12:00.000Z";"2026-04-25T18:15:00.000Z";4468.86
"2026-04-25T18:15:00.000Z";"2026-04-25T18:18:00.000Z";4449.15
"2026-04-25T18:18:00.000Z";"2026-04-25T18:21:00.000Z";4455.83
"2026-04-25T18:21:00.000Z";"2026-04-25T18:24:00.000Z";4505.47
"2026-04-25T18:24:00.000Z";"2026-04-25T18:27:00.000Z";4586.82
"2026-04-25T18:27:00.000Z";"2026-04-25T18:30:00.000Z";4617.98
"2026-04-25T18:30:00.000Z";"2026-04-25T18:33:00.000Z";4645.83
"2026-04-25T18:33:00.000Z";"2026-04-25T18:36:00.000Z";4657.62
"2026-04-25T18:36:00.000Z";"2026-04-25T18:39:00.000Z";4645.02
"2026-04-25T18:39:00.000Z";"2026-04-25T18:42:00.000Z";4682.28
"2026-04-25T18:42:00.000Z";"2026-04-25T18:45:00.000Z";4749
"2026-04-25T18:45:00.000Z";"2026-04-25T18:48:00.000Z";4778.18
"2026-04-25T18:48:00.000Z";"2026-04-25T18:51:00.000Z";4781
"2026-04-25T18:51:00.000Z";"2026-04-25T18:54:00.000Z";4850.44
"2026-04-25T18:54:00.000Z";"2026-04-25T18:57:00.000Z";4851.17
"2026-04-25T18:57:00.000Z";"2026-04-25T19:00:00.000Z";4864.28
"2026-04-25T19:00:00.000Z";"2026-04-25T19:03:00.000Z";4901.64
"2026-04-25T19:03:00.000Z";"2026-04-25T19:06:00.000Z";4929.68
"2026-04-25T19:06:00.000Z";"2026-04-25T19:09:00.000Z";4931
"2026-04-25T19:09:00.000Z";"2026-04-25T19:12:00.000Z";4956.98
"2026-04-25T19:12:00.000Z";"2026-04-25T19:15:00.000Z";4990.15
"2026-04-25T19:15:00.000Z";"2026-04-25T19:18:00.000Z";5013.79
"2026-04-25T19:18:00.000Z";"2026-04-25T19:21:00.000Z";5014.82
"2026-04-25T19:21:00.000Z";"2026-04-25T19:24:00.000Z";5015.34
"2026-04-25T19:24:00.000Z";"2026-04-25T19:27:00.000Z";5018.84
"2026-04-25T19:27:00.000Z";"2026-04-25T19:30:00.000Z";5032.98
"2026-04-25T19:30:00.000Z";"2026-04-25T19:33:00.000Z";5022.69
"2026-04-25T19:33:00.000Z";"2026-04-25T19:36:00.000Z";5019.49
"2026-04-25T19:36:00.000Z";"2026-04-25T19:39:00.000Z";5039.97
"2026-04-25T19:39:00.000Z";"2026-04-25T19:42:00.000Z";5053.14
"2026-04-25T19:42:00.000Z";"2026-04-25T19:45:00.000Z";5073.18
"2026-04-25T19:45:00.000Z";"2026-04-25T19:48:00.000Z";5109.49
"2026-04-25T19:48:00.000Z";"2026-04-25T19:51:00.000Z";5146.15
"2026-04-25T19:51:00.000Z";"2026-04-25T19:54:00.000Z";5196.96
"2026-04-25T19:54:00.000Z";"2026-04-25T19:57:00.000Z";5250.96
"2026-04-25T19:57:00.000Z";"2026-04-25T20:00:00.000Z";5264.52
"2026-04-25T20:00:00.000Z";"2026-04-25T20:03:00.000Z";5293.31
"2026-04-25T20:03:00.000Z";"2026-04-25T20:06:00.000Z";5378.45
"2026-04-25T20:06:00.000Z";"2026-04-25T20:09:00.000Z";5377.99
"2026-04-25T20:09:00.000Z";"2026-04-25T20:12:00.000Z";5407.14
"2026-04-25T20:12:00.000Z";"2026-04-25T20:15:00.000Z";5411.68
"2026-04-25T20:15:00.000Z";"2026-04-25T20:18:00.000Z";5385.07
"2026-04-25T20:18:00.000Z";"2026-04-25T20:21:00.000Z";5298.48
"2026-04-25T20:21:00.000Z";"2026-04-25T20:24:00.000Z";5309.15
"2026-04-25T20:24:00.000Z";"2026-04-25T20:27:00.000Z";5312.19
"2026-04-25T20:27:00.000Z";"2026-04-25T20:30:00.000Z";5332.96
"2026-04-25T20:30:00.000Z";"2026-04-25T20:33:00.000Z";5334.83
"2026-04-25T20:33:00.000Z";"2026-04-25T20:36:00.000Z";5324.53
"2026-04-25T20:36:00.000Z";"2026-04-25T20:39:00.000Z";5331.66
"2026-04-25T20:39:00.000Z";"2026-04-25T20:42:00.000Z";5358.5
"2026-04-25T20:42:00.000Z";"2026-04-25T20:45:00.000Z";5356.5
"2026-04-25T20:45:00.000Z";"2026-04-25T20:48:00.000Z";5220.24
"2026-04-25T20:48:00.000Z";"2026-04-25T20:51:00.000Z";5180.32
"2026-04-25T20:51:00.000Z";"2026-04-25T20:54:00.000Z";5195.64
"2026-04-25T20:54:00.000Z";"2026-04-25T20:57:00.000Z";5205.49
"2026-04-25T20:57:00.000Z";"2026-04-25T21:00:00.000Z";5210.58
"2026-04-25T21:00:00.000Z";"2026-04-25T21:03:00.000Z";5283.78
"2026-04-25T21:03:00.000Z";"2026-04-25T21:06:00.000Z";5318.52
"2026-04-25T21:06:00.000Z";"2026-04-25T21:09:00.000Z";5330.32
"2026-04-25T21:09:00.000Z";"2026-04-25T21:12:00.000Z";5333.88
"2026-04-25T21:12:00.000Z";"2026-04-25T21:15:00.000Z";5357.19
"2026-04-25T21:15:00.000Z";"2026-04-25T21:18:00.000Z";5361.18
"2026-04-25T21:18:00.000Z";"2026-04-25T21:21:00.000Z";5268.19
"2026-04-25T21:21:00.000Z";"2026-04-25T21:24:00.000Z";5266.52
"2026-04-25T21:24:00.000Z";"2026-04-25T21:27:00.000Z";5280.78
"2026-04-25T21:27:00.000Z";"2026-04-25T21:30:00.000Z";5276.19
"2026-04-25T21:30:00.000Z";"2026-04-25T21:33:00.000Z";5290.13
"2026-04-25T21:33:00.000Z";"2026-04-25T21:36:00.000Z";5243.04
"2026-04-25T21:36:00.000Z";"2026-04-25T21:39:00.000Z";5203.8
"2026-04-25T21:39:00.000Z";"2026-04-25T21:42:00.000Z";5201.68
"2026-04-25T21:42:00.000Z";"2026-04-25T21:45:00.000Z";5199.1
"2026-04-25T21:45:00.000Z";"2026-04-25T21:48:00.000Z";5109.26
"2026-04-25T21:48:00.000Z";"2026-04-25T21:51:00.000Z";5069.14
"2026-04-25T21:51:00.000Z";"2026-04-25T21:54:00.000Z";5084.82
"2026-04-25T21:54:00.000Z";"2026-04-25T21:57:00.000Z";5098.9
"2026-04-25T21:57:00.000Z";"2026-04-25T22:00:00.000Z";5109.48
"2026-04-25T22:00:00.000Z";"2026-04-25T22:03:00.000Z";5103.73
"2026-04-25T22:03:00.000Z";"2026-04-25T22:06:00.000Z";5160.29
"2026-04-25T22:06:00.000Z";"2026-04-25T22:09:00.000Z";5215.65
"2026-04-25T22:09:00.000Z";"2026-04-25T22:12:00.000Z";5209.49
"2026-04-25T22:12:00.000Z";"2026-04-25T22:15:00.000Z";5200.18
"2026-04-25T22:15:00.000Z";"2026-04-25T22:18:00.000Z";5192.25
"2026-04-25T22:18:00.000Z";"2026-04-25T22:21:00.000Z";5170.86
"2026-04-25T22:21:00.000Z";"2026-04-25T22:24:00.000Z";5192.97
"2026-04-25T22:24:00.000Z";"2026-04-25T22:27:00.000Z";5187.99
"2026-04-25T22:27:00.000Z";"2026-04-25T22:30:00.000Z";5192.17
"2026-04-25T22:30:00.000Z";"2026-04-25T22:33:00.000Z";5078.92
"2026-04-25T22:33:00.000Z";"2026-04-25T22:36:00.000Z";4940.36
"2026-04-25T22:36:00.000Z";"2026-04-25T22:39:00.000Z";4907.48
"2026-04-25T22:39:00.000Z";"2026-04-25T22:42:00.000Z";4906.87
"2026-04-25T22:42:00.000Z";"2026-04-25T22:45:00.000Z";4918.5
"2026-04-25T22:45:00.000Z";"2026-04-25T22:48:00.000Z";4945
"2026-04-25T22:48:00.000Z";"2026-04-25T22:51:00.000Z";4975.65
"2026-04-25T22:51:00.000Z";"2026-04-25T22:54:00.000Z";4987.99
"2026-04-25T22:54:00.000Z";"2026-04-25T22:57:00.000Z";4977.7
"2026-04-25T22:57:00.000Z";"2026-04-25T23:00:00.000Z";4923.37
"2026-04-25T23:00:00.000Z";"2026-04-25T23:03:00.000Z";4913.76
"2026-04-25T23:03:00.000Z";"2026-04-25T23:06:00.000Z";4904.75
"2026-04-25T23:06:00.000Z";"2026-04-25T23:09:00.000Z";4819.55
"2026-04-25T23:09:00.000Z";"2026-04-25T23:12:00.000Z";4810.99
"2026-04-25T23:12:00.000Z";"2026-04-25T23:15:00.000Z";4813.99
"2026-04-25T23:15:00.000Z";"2026-04-25T23:18:00.000Z";4806.5
"2026-04-25T23:18:00.000Z";"2026-04-25T23:21:00.000Z";4738.21
"2026-04-25T23:21:00.000Z";"2026-04-25T23:24:00.000Z";4752.85
"2026-04-25T23:24:00.000Z";"2026-04-25T23:27:00.000Z";4738.98
"2026-04-25T23:27:00.000Z";"2026-04-25T23:30:00.000Z";4748.15
"2026-04-25T23:30:00.000Z";"2026-04-25T23:33:00.000Z";4805.96
"2026-04-25T23:33:00.000Z";"2026-04-25T23:36:00.000Z";4827.31
"2026-04-25T23:36:00.000Z";"2026-04-25T23:39:00.000Z";4865.49
"2026-04-25T23:39:00.000Z";"2026-04-25T23:42:00.000Z";4863.15
"2026-04-25T23:42:00.000Z";"2026-04-25T23:45:00.000Z";4846.86
"2026-04-25T23:45:00.000Z";"2026-04-25T23:48:00.000Z";4815.23
"2026-04-25T23:48:00.000Z";"2026-04-25T23:51:00.000Z";4800.81
"2026-04-25T23:51:00.000Z";"2026-04-25T23:54:00.000Z";4801.37
"2026-04-25T23:54:00.000Z";"2026-04-25T23:57:00.000Z";4803.49
"2026-04-25T23:57:00.000Z";"2026-04-26T00:00:00.000Z";4819.98
"2026-04-26T00:00:00.000Z";"2026-04-26T00:03:00.000Z";4862.32
"2026-04-26T00:03:00.000Z";"2026-04-26T00:06:00.000Z";4931.61
"2026-04-26T00:06:00.000Z";"2026-04-26T00:09:00.000Z";4954.68
"2026-04-26T00:09:00.000Z";"2026-04-26T00:12:00.000Z";4921.22
"2026-04-26T00:12:00.000Z";"2026-04-26T00:15:00.000Z";4914.36
"2026-04-26T00:15:00.000Z";"2026-04-26T00:18:00.000Z";4902.65
"2026-04-26T00:18:00.000Z";"2026-04-26T00:21:00.000Z";4895.51
"2026-04-26T00:21:00.000Z";"2026-04-26T00:24:00.000Z";4892
"2026-04-26T00:24:00.000Z";"2026-04-26T00:27:00.000Z";4883.01
"2026-04-26T00:27:00.000Z";"2026-04-26T00:30:00.000Z";4857.85
"2026-04-26T00:30:00.000Z";"2026-04-26T00:33:00.000Z";4828.06
"2026-04-26T00:33:00.000Z";"2026-04-26T00:36:00.000Z";4820.7
"2026-04-26T00:36:00.000Z";"2026-04-26T00:39:00.000Z";4812.84
"2026-04-26T00:39:00.000Z";"2026-04-26T00:42:00.000Z";4823.82
"2026-04-26T00:42:00.000Z";"2026-04-26T00:45:00.000Z";4838.81
"2026-04-26T00:45:00.000Z";"2026-04-26T00:48:00.000Z";4852.15
"2026-04-26T00:48:00.000Z";"2026-04-26T00:51:00.000Z";4860.64
"2026-04-26T00:51:00.000Z";"2026-04-26T00:54:00.000Z";4855.02
"2026-04-26T00:54:00.000Z";"2026-04-26T00:57:00.000Z";4852.99
"2026-04-26T00:57:00.000Z";"2026-04-26T01:00:00.000Z";4852.2
"2026-04-26T01:00:00.000Z";"2026-04-26T01:03:00.000Z";4899.3
"2026-04-26T01:03:00.000Z";"2026-04-26T01:06:00.000Z";4932.17
"2026-04-26T01:06:00.000Z";"2026-04-26T01:09:00.000Z";4946.15
"2026-04-26T01:09:00.000Z";"2026-04-26T01:12:00.000Z";4947.15
"2026-04-26T01:12:00.000Z";"2026-04-26T01:15:00.000Z";4950.51
"2026-04-26T01:15:00.000Z";"2026-04-26T01:18:00.000Z";4923.52
"2026-04-26T01:18:00.000Z";"2026-04-26T01:21:00.000Z";4921.51
"2026-04-26T01:21:00.000Z";"2026-04-26T01:24:00.000Z";4931.66
"2026-04-26T01:24:00.000Z";"2026-04-26T01:27:00.000Z";4918.85
"2026-04-26T01:27:00.000Z";"2026-04-26T01:30:00.000Z";4912.96
"2026-04-26T01:30:00.000Z";"2026-04-26T01:33:00.000Z";4912.99
"2026-04-26T01:33:00.000Z";"2026-04-26T01:36:00.000Z";4953.14
"2026-04-26T01:36:00.000Z";"2026-04-26T01:39:00.000Z";5047.16
"2026-04-26T01:39:00.000Z";"2026-04-26T01:42:00.000Z";5030.69
"2026-04-26T01:42:00.000Z";"2026-04-26T01:45:00.000Z";5029.51
"2026-04-26T01:45:00.000Z";"2026-04-26T01:48:00.000Z";5025.02
"2026-04-26T01:48:00.000Z";"2026-04-26T01:51:00.000Z";5021.32
"2026-04-26T01:51:00.000Z";"2026-04-26T01:54:00.000Z";5028.34
"2026-04-26T01:54:00.000Z";"2026-04-26T01:57:00.000Z";5050.82
"2026-04-26T01:57:00.000Z";"2026-04-26T02:00:00.000Z";5052.85
"2026-04-26T02:00:00.000Z";"2026-04-26T02:03:00.000Z";5078.32
"2026-04-26T02:03:00.000Z";"2026-04-26T02:06:00.000Z";5214.3
"2026-04-26T02:06:00.000Z";"2026-04-26T02:09:00.000Z";5237.09
"2026-04-26T02:09:00.000Z";"2026-04-26T02:12:00.000Z";5209.67
"2026-04-26T02:12:00.000Z";"2026-04-26T02:15:00.000Z";5222.83
"2026-04-26T02:15:00.000Z";"2026-04-26T02:18:00.000Z";5168.2
"2026-04-26T02:18:00.000Z";"2026-04-26T02:21:00.000Z";5052.48
"2026-04-26T02:21:00.000Z";"2026-04-26T02:24:00.000Z";5046
"2026-04-26T02:24:00.000Z";"2026-04-26T02:27:00.000Z";5044.32
"2026-04-26T02:27:00.000Z";"2026-04-26T02:30:00.000Z";5032.15
"2026-04-26T02:30:00.000Z";"2026-04-26T02:33:00.000Z";5065.82
"2026-04-26T02:33:00.000Z";"2026-04-26T02:36:00.000Z";5104.15
"2026-04-26T02:36:00.000Z";"2026-04-26T02:39:00.000Z";5106.67
"2026-04-26T02:39:00.000Z";"2026-04-26T02:42:00.000Z";5109.68
"2026-04-26T02:42:00.000Z";"2026-04-26T02:45:00.000Z";5123.8
"2026-04-26T02:45:00.000Z";"2026-04-26T02:48:00.000Z";5105.1
"2026-04-26T02:48:00.000Z";"2026-04-26T02:51:00.000Z";5070.85
"2026-04-26T02:51:00.000Z";"2026-04-26T02:54:00.000Z";5066.4
"2026-04-26T02:54:00.000Z";"2026-04-26T02:57:00.000Z";5029.53
"2026-04-26T02:57:00.000Z";"2026-04-26T03:00:00.000Z";4984.08
"2026-04-26T03:00:00.000Z";"2026-04-26T03:03:00.000Z";4920.35
"2026-04-26T03:03:00.000Z";"2026-04-26T03:06:00.000Z";4895.48
"2026-04-26T03:06:00.000Z";"2026-04-26T03:09:00.000Z";4849.71
"2026-04-26T03:09:00.000Z";"2026-04-26T03:12:00.000Z";4834.33
"2026-04-26T03:12:00.000Z";"2026-04-26T03:15:00.000Z";4844.99
"2026-04-26T03:15:00.000Z";"2026-04-26T03:18:00.000Z";4844
"2026-04-26T03:18:00.000Z";"2026-04-26T03:21:00.000Z";4901.73
"2026-04-26T03:21:00.000Z";"2026-04-26T03:24:00.000Z";5002.99
"2026-04-26T03:24:00.000Z";"2026-04-26T03:27:00.000Z";4984
"2026-04-26T03:27:00.000Z";"2026-04-26T03:30:00.000Z";4959.65
"2026-04-26T03:30:00.000Z";"2026-04-26T03:33:00.000Z";4915.69
"2026-04-26T03:33:00.000Z";"2026-04-26T03:36:00.000Z";4902.65
"2026-04-26T03:36:00.000Z";"2026-04-26T03:39:00.000Z";4878.16
"2026-04-26T03:39:00.000Z";"2026-04-26T03:42:00.000Z";4845.41
"2026-04-26T03:42:00.000Z";"2026-04-26T03:45:00.000Z";4774.09
"2026-04-26T03:45:00.000Z";"2026-04-26T03:48:00.000Z";4728.64
"2026-04-26T03:48:00.000Z";"2026-04-26T03:51:00.000Z";4711.88
"2026-04-26T03:51:00.000Z";"2026-04-26T03:54:00.000Z";4675.35
"2026-04-26T03:54:00.000Z";"2026-04-26T03:57:00.000Z";4612.56
"2026-04-26T03:57:00.000Z";"2026-04-26T04:00:00.000Z";4509
"2026-04-26T04:00:00.000Z";"2026-04-26T04:03:00.000Z";4425.78
"2026-04-26T04:03:00.000Z";"2026-04-26T04:06:00.000Z";4355.84
"2026-04-26T04:06:00.000Z";"2026-04-26T04:09:00.000Z";4307.78
"2026-04-26T04:09:00.000Z";"2026-04-26T04:12:00.000Z";4291.54
"2026-04-26T04:12:00.000Z";"2026-04-26T04:15:00.000Z";4232.06
"2026-04-26T04:15:00.000Z";"2026-04-26T04:18:00.000Z";4331.32
"2026-04-26T04:18:00.000Z";"2026-04-26T04:21:00.000Z";4303.48
"2026-04-26T04:21:00.000Z";"2026-04-26T04:24:00.000Z";4258.06
"2026-04-26T04:24:00.000Z";"2026-04-26T04:27:00.000Z";4226.86
"2026-04-26T04:27:00.000Z";"2026-04-26T04:30:00.000Z";4144.39
"2026-04-26T04:30:00.000Z";"2026-04-26T04:33:00.000Z";4150.09
"2026-04-26T04:33:00.000Z";"2026-04-26T04:36:00.000Z";4155.69
"2026-04-26T04:36:00.000Z";"2026-04-26T04:39:00.000Z";4061.4
"2026-04-26T04:39:00.000Z";"2026-04-26T04:42:00.000Z";4030.04
"2026-04-26T04:42:00.000Z";"2026-04-26T04:45:00.000Z";4002.34
"2026-04-26T04:45:00.000Z";"2026-04-26T04:48:00.000Z";3924.87
"2026-04-26T04:48:00.000Z";"2026-04-26T04:51:00.000Z";3886.46
"2026-04-26T04:51:00.000Z";"2026-04-26T04:54:00.000Z";3863.38
"2026-04-26T04:54:00.000Z";"2026-04-26T04:57:00.000Z";3816.46
"2026-04-26T04:57:00.000Z";"2026-04-26T05:00:00.000Z";3740.71
"2026-04-26T05:00:00.000Z";"2026-04-26T05:03:00.000Z";3720.64
"2026-04-26T05:03:00.000Z";"2026-04-26T05:06:00.000Z";3695.52
"2026-04-26T05:06:00.000Z";"2026-04-26T05:09:00.000Z";3685.6
"2026-04-26T05:09:00.000Z";"2026-04-26T05:12:00.000Z";3686.84
"2026-04-26T05:12:00.000Z";"2026-04-26T05:15:00.000Z";3676.6
"2026-04-26T05:15:00.000Z";"2026-04-26T05:18:00.000Z";3665.16
"2026-04-26T05:18:00.000Z";"2026-04-26T05:21:00.000Z";3655.99
"2026-04-26T05:21:00.000Z";"2026-04-26T05:24:00.000Z";3711.35
"2026-04-26T05:24:00.000Z";"2026-04-26T05:27:00.000Z";3709.49
"2026-04-26T05:27:00.000Z";"2026-04-26T05:30:00.000Z";3690.38
"2026-04-26T05:30:00.000Z";"2026-04-26T05:33:00.000Z";3733.4
"2026-04-26T05:33:00.000Z";"2026-04-26T05:36:00.000Z";3730.37
"2026-04-26T05:36:00.000Z";"2026-04-26T05:39:00.000Z";3739.98
"2026-04-26T05:39:00.000Z";"2026-04-26T05:42:00.000Z";3772.14
"2026-04-26T05:42:00.000Z";"2026-04-26T05:45:00.000Z";3825.51
"2026-04-26T05:45:00.000Z";"2026-04-26T05:48:00.000Z";3780.77
"2026-04-26T05:48:00.000Z";"2026-04-26T05:51:00.000Z";3723.65
"2026-04-26T05:51:00.000Z";"2026-04-26T05:54:00.000Z";3757.96
"2026-04-26T05:54:00.000Z";"2026-04-26T05:57:00.000Z";3768.33
"2026-04-26T05:57:00.000Z";"2026-04-26T06:00:00.000Z";3785.49
"2026-04-26T06:00:00.000Z";"2026-04-26T06:03:00.000Z";3806
"2026-04-26T06:03:00.000Z";"2026-04-26T06:06:00.000Z";3815.16
"2026-04-26T06:06:00.000Z";"2026-04-26T06:09:00.000Z";3883.07
"2026-04-26T06:09:00.000Z";"2026-04-26T06:12:00.000Z";3907.99
"2026-04-26T06:12:00.000Z";"2026-04-26T06:15:00.000Z";3936.01
"2026-04-26T06:15:00.000Z";"2026-04-26T06:18:00.000Z";3870.85
"2026-04-26T06:18:00.000Z";"2026-04-26T06:21:00.000Z";3849.98
"2026-04-26T06:21:00.000Z";"2026-04-26T06:24:00.000Z";3890.83
"2026-04-26T06:24:00.000Z";"2026-04-26T06:27:00.000Z";3911.3
"2026-04-26T06:27:00.000Z";"2026-04-26T06:30:00.000Z";3912.53
"2026-04-26T06:30:00.000Z";"2026-04-26T06:33:00.000Z";3772.73
"2026-04-26T06:33:00.000Z";"2026-04-26T06:36:00.000Z";3709.7
"2026-04-26T06:36:00.000Z";"2026-04-26T06:39:00.000Z";3702.34
"2026-04-26T06:39:00.000Z";"2026-04-26T06:42:00.000Z";3683.79
"2026-04-26T06:42:00.000Z";"2026-04-26T06:45:00.000Z";3715.53
"2026-04-26T06:45:00.000Z";"2026-04-26T06:48:00.000Z";3751.38
"2026-04-26T06:48:00.000Z";"2026-04-26T06:51:00.000Z";3737.45
"2026-04-26T06:51:00.000Z";"2026-04-26T06:54:00.000Z";3812.45
"2026-04-26T06:54:00.000Z";"2026-04-26T06:57:00.000Z";3805.33
"2026-04-26T06:57:00.000Z";"2026-04-26T07:00:00.000Z";3843.5
"2026-04-26T07:00:00.000Z";"2026-04-26T07:03:00.000Z";3825.22
"2026-04-26T07:03:00.000Z";"2026-04-26T07:06:00.000Z";3851.08
"2026-04-26T07:06:00.000Z";"2026-04-26T07:09:00.000Z";3888.03
"2026-04-26T07:09:00.000Z";"2026-04-26T07:12:00.000Z";3904.63
"2026-04-26T07:12:00.000Z";"2026-04-26T07:15:00.000Z";3974.66
"2026-04-26T07:15:00.000Z";"2026-04-26T07:18:00.000Z";3948.35
"2026-04-26T07:18:00.000Z";"2026-04-26T07:21:00.000Z";3921.63
"2026-04-26T07:21:00.000Z";"2026-04-26T07:24:00.000Z";3878.51
"2026-04-26T07:24:00.000Z";"2026-04-26T07:27:00.000Z";3870.33
"2026-04-26T07:27:00.000Z";"2026-04-26T07:30:00.000Z";3853.21
"2026-04-26T07:30:00.000Z";"2026-04-26T07:33:00.000Z";3827
"2026-04-26T07:33:00.000Z";"2026-04-26T07:36:00.000Z";3791.62
"2026-04-26T07:36:00.000Z";"2026-04-26T07:39:00.000Z";3866.08
"2026-04-26T07:39:00.000Z";"2026-04-26T07:42:00.000Z";3915.48
"2026-04-26T07:42:00.000Z";"2026-04-26T07:45:00.000Z";3923.35
"2026-04-26T07:45:00.000Z";"2026-04-26T07:48:00.000Z";3891.19
"2026-04-26T07:48:00.000Z";"2026-04-26T07:51:00.000Z";3840.35
"2026-04-26T07:51:00.000Z";"2026-04-26T07:54:00.000Z";3807.45
"2026-04-26T07:54:00.000Z";"2026-04-26T07:57:00.000Z";3789.02
"2026-04-26T07:57:00.000Z";"2026-04-26T08:00:00.000Z";3820.98
"2026-04-26T08:00:00.000Z";"2026-04-26T08:03:00.000Z";3863.01
"2026-04-26T08:03:00.000Z";"2026-04-26T08:06:00.000Z";4038.75
"2026-04-26T08:06:00.000Z";"2026-04-26T08:09:00.000Z";4172
"2026-04-26T08:09:00.000Z";"2026-04-26T08:12:00.000Z";4188.8
"2026-04-26T08:12:00.000Z";"2026-04-26T08:15:00.000Z";4246.64
"2026-04-26T08:15:00.000Z";"2026-04-26T08:18:00.000Z";4134.36
"2026-04-26T08:18:00.000Z";"2026-04-26T08:21:00.000Z";4012.11
"2026-04-26T08:21:00.000Z";"2026-04-26T08:24:00.000Z";3978.19
"2026-04-26T08:24:00.000Z";"2026-04-26T08:27:00.000Z";3978.57
"2026-04-26T08:27:00.000Z";"2026-04-26T08:30:00.000Z";3988.16
"2026-04-26T08:30:00.000Z";"2026-04-26T08:33:00.000Z";4026.59
"2026-04-26T08:33:00.000Z";"2026-04-26T08:36:00.000Z";4087.31
"2026-04-26T08:36:00.000Z";"2026-04-26T08:39:00.000Z";4066.55
"2026-04-26T08:39:00.000Z";"2026-04-26T08:42:00.000Z";4106.81
"2026-04-26T08:42:00.000Z";"2026-04-26T08:45:00.000Z";4086.83
"2026-04-26T08:45:00.000Z";"2026-04-26T08:48:00.000Z";4012.89
"2026-04-26T08:48:00.000Z";"2026-04-26T08:51:00.000Z";3986.49
"2026-04-26T08:51:00.000Z";"2026-04-26T08:54:00.000Z";3967.95
"2026-04-26T08:54:00.000Z";"2026-04-26T08:57:00.000Z";4034.41
"2026-04-26T08:57:00.000Z";"2026-04-26T09:00:00.000Z";4002.53
"2026-04-26T09:00:00.000Z";"2026-04-26T09:03:00.000Z";3899.09
"2026-04-26T09:03:00.000Z";"2026-04-26T09:06:00.000Z";3681.54
"2026-04-26T09:06:00.000Z";"2026-04-26T09:09:00.000Z";3660.03
"2026-04-26T09:09:00.000Z";"2026-04-26T09:12:00.000Z";3631.7
"2026-04-26T09:12:00.000Z";"2026-04-26T09:15:00.000Z";3625.2
"2026-04-26T09:15:00.000Z";"2026-04-26T09:18:00.000Z";3670.91
"2026-04-26T09:18:00.000Z";"2026-04-26T09:21:00.000Z";3680.96
"2026-04-26T09:21:00.000Z";"2026-04-26T09:24:00.000Z";3627.04
"2026-04-26T09:24:00.000Z";"2026-04-26T09:27:00.000Z";3636.17
"2026-04-26T09:27:00.000Z";"2026-04-26T09:30:00.000Z";3660.61
"2026-04-26T09:30:00.000Z";"2026-04-26T09:33:00.000Z";3654.51
"2026-04-26T09:33:00.000Z";"2026-04-26T09:36:00.000Z";3689.63
"2026-04-26T09:36:00.000Z";"2026-04-26T09:39:00.000Z";3746.78
"2026-04-26T09:39:00.000Z";"2026-04-26T09:42:00.000Z";3727
"2026-04-26T09:42:00.000Z";"2026-04-26T09:45:00.000Z";3715.14
"2026-04-26T09:45:00.000Z";"2026-04-26T09:48:00.000Z";3728.86
"2026-04-26T09:48:00.000Z";"2026-04-26T09:51:00.000Z";3682.34
"2026-04-26T09:51:00.000Z";"2026-04-26T09:54:00.000Z";3730.63
"2026-04-26T09:54:00.000Z";"2026-04-26T09:57:00.000Z";3743.34
"2026-04-26T09:57:00.000Z";"2026-04-26T10:00:00.000Z";3760.99
"2026-04-26T10:00:00.000Z";"2026-04-26T10:03:00.000Z";3661.67
"2026-04-26T10:03:00.000Z";"2026-04-26T10:06:00.000Z";3466.67
"2026-04-26T10:06:00.000Z";"2026-04-26T10:09:00.000Z";3458.01
"2026-04-26T10:09:00.000Z";"2026-04-26T10:12:00.000Z";3444.02
"2026-04-26T10:12:00.000Z";"2026-04-26T10:15:00.000Z";3443.48
"2026-04-26T10:15:00.000Z";"2026-04-26T10:18:00.000Z";3466.57
"2026-04-26T10:18:00.000Z";"2026-04-26T10:21:00.000Z";3434.82
"2026-04-26T10:21:00.000Z";"2026-04-26T10:24:00.000Z";3431.75
"2026-04-26T10:24:00.000Z";"2026-04-26T10:27:00.000Z";3472.97
"2026-04-26T10:27:00.000Z";"2026-04-26T10:30:00.000Z";3484.31
"2026-04-26T10:30:00.000Z";"2026-04-26T10:33:00.000Z";3478.44
"2026-04-26T10:33:00.000Z";"2026-04-26T10:36:00.000Z";3428.38
"2026-04-26T10:36:00.000Z";"2026-04-26T10:39:00.000Z";3402.57
"2026-04-26T10:39:00.000Z";"2026-04-26T10:42:00.000Z";3428.63
"2026-04-26T10:42:00.000Z";"2026-04-26T10:45:00.000Z";3414.67
"2026-04-26T10:45:00.000Z";"2026-04-26T10:48:00.000Z";3445.64
"2026-04-26T10:48:00.000Z";"2026-04-26T10:51:00.000Z";3511.7
"2026-04-26T10:51:00.000Z";"2026-04-26T10:54:00.000Z";3549.14
"2026-04-26T10:54:00.000Z";"2026-04-26T10:57:00.000Z";3542.82
"2026-04-26T10:57:00.000Z";"2026-04-26T11:00:00.000Z";3538.29
"2026-04-26T11:00:00.000Z";"2026-04-26T11:03:00.000Z";3482.57
"2026-04-26T11:03:00.000Z";"2026-04-26T11:06:00.000Z";3397.2
"2026-04-26T11:06:00.000Z";"2026-04-26T11:09:00.000Z";3378.2
"2026-04-26T11:09:00.000Z";"2026-04-26T11:12:00.000Z";3338
"2026-04-26T11:12:00.000Z";"2026-04-26T11:15:00.000Z";3346.98
"2026-04-26T11:15:00.000Z";"2026-04-26T11:18:00.000Z";3165.57
"2026-04-26T11:18:00.000Z";"2026-04-26T11:21:00.000Z";3085.9
"2026-04-26T11:21:00.000Z";"2026-04-26T11:24:00.000Z";3102.06
"2026-04-26T11:24:00.000Z";"2026-04-26T11:27:00.000Z";3057.84
"2026-04-26T11:27:00.000Z";"2026-04-26T11:30:00.000Z";3089.25
"2026-04-26T11:30:00.000Z";"2026-04-26T11:33:00.000Z";3063.91
"2026-04-26T11:33:00.000Z";"2026-04-26T11:36:00.000Z";3024.38
"2026-04-26T11:36:00.000Z";"2026-04-26T11:39:00.000Z";3019.96
"2026-04-26T11:39:00.000Z";"2026-04-26T11:42:00.000Z";2985.46
"2026-04-26T11:42:00.000Z";"2026-04-26T11:45:00.000Z";2971.98
"2026-04-26T11:45:00.000Z";"2026-04-26T11:48:00.000Z";2977.84
"2026-04-26T11:48:00.000Z";"2026-04-26T11:51:00.000Z";2959.23
"2026-04-26T11:51:00.000Z";"2026-04-26T11:54:00.000Z";2983.33
"2026-04-26T11:54:00.000Z";"2026-04-26T11:57:00.000Z";2968.01
"2026-04-26T11:57:00.000Z";"2026-04-26T12:00:00.000Z";2966.82
"2026-04-26T12:00:00.000Z";"2026-04-26T12:03:00.000Z";2984.88
"2026-04-26T12:03:00.000Z";"2026-04-26T12:06:00.000Z";3015.9
"2026-04-26T12:06:00.000Z";"2026-04-26T12:09:00.000Z";3051.69
"2026-04-26T12:09:00.000Z";"2026-04-26T12:12:00.000Z";3076.99
"2026-04-26T12:12:00.000Z";"2026-04-26T12:15:00.000Z";3063.51
"2026-04-26T12:15:00.000Z";"2026-04-26T12:18:00.000Z";3056.69
"2026-04-26T12:18:00.000Z";"2026-04-26T12:21:00.000Z";3038.05
"2026-04-26T12:21:00.000Z";"2026-04-26T12:24:00.000Z";3020.77
"2026-04-26T12:24:00.000Z";"2026-04-26T12:27:00.000Z";3072.17
"2026-04-26T12:27:00.000Z";"2026-04-26T12:30:00.000Z";3083.21
"2026-04-26T12:30:00.000Z";"2026-04-26T12:33:00.000Z";3045.55
"2026-04-26T12:33:00.000Z";"2026-04-26T12:36:00.000Z";3067.61
"2026-04-26T12:36:00.000Z";"2026-04-26T12:39:00.000Z";3109.42
"2026-04-26T12:39:00.000Z";"2026-04-26T12:42:00.000Z";3098.16
"2026-04-26T12:42:00.000Z";"2026-04-26T12:45:00.000Z";3006.73
"2026-04-26T12:45:00.000Z";"2026-04-26T12:48:00.000Z";2834.13
"2026-04-26T12:48:00.000Z";"2026-04-26T12:51:00.000Z";2807.33
"2026-04-26T12:51:00.000Z";"2026-04-26T12:54:00.000Z";2781.84
"2026-04-26T12:54:00.000Z";"2026-04-26T12:57:00.000Z";2790.04
"2026-04-26T12:57:00.000Z";"2026-04-26T13:00:00.000Z";2797.09
"2026-04-26T13:00:00.000Z";"2026-04-26T13:03:00.000Z";2812.47
"2026-04-26T13:03:00.000Z";"2026-04-26T13:06:00.000Z";2925.56
"2026-04-26T13:06:00.000Z";"2026-04-26T13:09:00.000Z";3114.11
"2026-04-26T13:09:00.000Z";"2026-04-26T13:12:00.000Z";3089.23
"2026-04-26T13:12:00.000Z";"2026-04-26T13:15:00.000Z";3063.52
"2026-04-26T13:15:00.000Z";"2026-04-26T13:18:00.000Z";2991.68
"2026-04-26T13:18:00.000Z";"2026-04-26T13:21:00.000Z";2948.83
"2026-04-26T13:21:00.000Z";"2026-04-26T13:24:00.000Z";2980.8
"2026-04-26T13:24:00.000Z";"2026-04-26T13:27:00.000Z";2950.71
"2026-04-26T13:27:00.000Z";"2026-04-26T13:30:00.000Z";2920.61
"2026-04-26T13:30:00.000Z";"2026-04-26T13:33:00.000Z";3050.54
"2026-04-26T13:33:00.000Z";"2026-04-26T13:36:00.000Z";3167.15
"2026-04-26T13:36:00.000Z";"2026-04-26T13:39:00.000Z";3114.73
"2026-04-26T13:39:00.000Z";"2026-04-26T13:42:00.000Z";3142.69
"2026-04-26T13:42:00.000Z";"2026-04-26T13:45:00.000Z";3132.85
"2026-04-26T13:45:00.000Z";"2026-04-26T13:48:00.000Z";3089.22
"2026-04-26T13:48:00.000Z";"2026-04-26T13:51:00.000Z";2992.07
"2026-04-26T13:51:00.000Z";"2026-04-26T13:54:00.000Z";2940.35
"2026-04-26T13:54:00.000Z";"2026-04-26T13:57:00.000Z";2928.3
"2026-04-26T13:57:00.000Z";"2026-04-26T14:00:00.000Z";2865.37
"2026-04-26T14:00:00.000Z";"2026-04-26T14:03:00.000Z";2853.73
"2026-04-26T14:03:00.000Z";"2026-04-26T14:06:00.000Z";3201.07
"2026-04-26T14:06:00.000Z";"2026-04-26T14:09:00.000Z";3384.01
"2026-04-26T14:09:00.000Z";"2026-04-26T14:12:00.000Z";3377.37
"2026-04-26T14:12:00.000Z";"2026-04-26T14:15:00.000Z";3370.42
"2026-04-26T14:15:00.000Z";"2026-04-26T14:18:00.000Z";3342.67
"2026-04-26T14:18:00.000Z";"2026-04-26T14:21:00.000Z";3281.34
"2026-04-26T14:21:00.000Z";"2026-04-26T14:24:00.000Z";3268.04
"2026-04-26T14:24:00.000Z";"2026-04-26T14:27:00.000Z";3247.32
"2026-04-26T14:27:00.000Z";"2026-04-26T14:30:00.000Z";3261.5
"2026-04-26T14:30:00.000Z";"2026-04-26T14:33:00.000Z";3243.88
"2026-04-26T14:33:00.000Z";"2026-04-26T14:36:00.000Z";3231.76
"2026-04-26T14:36:00.000Z";"2026-04-26T14:39:00.000Z";3238.7
"2026-04-26T14:39:00.000Z";"2026-04-26T14:42:00.000Z";3266.24
"2026-04-26T14:42:00.000Z";"2026-04-26T14:45:00.000Z";3237
"2026-04-26T14:45:00.000Z";"2026-04-26T14:48:00.000Z";3284.69
"2026-04-26T14:48:00.000Z";"2026-04-26T14:51:00.000Z";3354.25
"2026-04-26T14:51:00.000Z";"2026-04-26T14:54:00.000Z";3345.36
"2026-04-26T14:54:00.000Z";"2026-04-26T14:57:00.000Z";3331.51
"2026-04-26T14:57:00.000Z";"2026-04-26T15:00:00.000Z";3285.1
"2026-04-26T15:00:00.000Z";"2026-04-26T15:03:00.000Z";3160.9
"2026-04-26T15:03:00.000Z";"2026-04-26T15:06:00.000Z";3107.99
"2026-04-26T15:06:00.000Z";"2026-04-26T15:09:00.000Z";3080.84
"2026-04-26T15:09:00.000Z";"2026-04-26T15:12:00.000Z";3081.69
"2026-04-26T15:12:00.000Z";"2026-04-26T15:15:00.000Z";3027.33
"2026-04-26T15:15:00.000Z";"2026-04-26T15:18:00.000Z";3108.61
"2026-04-26T15:18:00.000Z";"2026-04-26T15:21:00.000Z";3244.9
"2026-04-26T15:21:00.000Z";"2026-04-26T15:24:00.000Z";3272.53
"2026-04-26T15:24:00.000Z";"2026-04-26T15:27:00.000Z";3229.53
"2026-04-26T15:27:00.000Z";"2026-04-26T15:30:00.000Z";3219.67
"2026-04-26T15:30:00.000Z";"2026-04-26T15:33:00.000Z";3335.03
"2026-04-26T15:33:00.000Z";"2026-04-26T15:36:00.000Z";3560.31
"2026-04-26T15:36:00.000Z";"2026-04-26T15:39:00.000Z";3583.17
"2026-04-26T15:39:00.000Z";"2026-04-26T15:42:00.000Z";3537.35
"2026-04-26T15:42:00.000Z";"2026-04-26T15:45:00.000Z";3430.92
"2026-04-26T15:45:00.000Z";"2026-04-26T15:48:00.000Z";3411.77
"2026-04-26T15:48:00.000Z";"2026-04-26T15:51:00.000Z";3483.04
"2026-04-26T15:51:00.000Z";"2026-04-26T15:54:00.000Z";3448.7
"2026-04-26T15:54:00.000Z";"2026-04-26T15:57:00.000Z";3400.26
"2026-04-26T15:57:00.000Z";"2026-04-26T16:00:00.000Z";3335.7
"2026-04-26T16:00:00.000Z";"2026-04-26T16:03:00.000Z";3326.76
"2026-04-26T16:03:00.000Z";"2026-04-26T16:06:00.000Z";3350.5
"2026-04-26T16:06:00.000Z";"2026-04-26T16:09:00.000Z";3290.41
"2026-04-26T16:09:00.000Z";"2026-04-26T16:12:00.000Z";3268.52
"2026-04-26T16:12:00.000Z";"2026-04-26T16:15:00.000Z";3284.32
"2026-04-26T16:15:00.000Z";"2026-04-26T16:18:00.000Z";3225.07
"2026-04-26T16:18:00.000Z";"2026-04-26T16:21:00.000Z";3189.82
"2026-04-26T16:21:00.000Z";"2026-04-26T16:24:00.000Z";3178.69
"2026-04-26T16:24:00.000Z";"2026-04-26T16:27:00.000Z";3161.36
"2026-04-26T16:27:00.000Z";"2026-04-26T16:30:00.000Z";3148.65
"2026-04-26T16:30:00.000Z";"2026-04-26T16:33:00.000Z";3098.55
"2026-04-26T16:33:00.000Z";"2026-04-26T16:36:00.000Z";3121.01
"2026-04-26T16:36:00.000Z";"2026-04-26T16:39:00.000Z";3133.79
"2026-04-26T16:39:00.000Z";"2026-04-26T16:42:00.000Z";3149.33
"2026-04-26T16:42:00.000Z";"2026-04-26T16:45:00.000Z";3140.66
"2026-04-26T16:45:00.000Z";"2026-04-26T16:48:00.000Z";3072.71
"2026-04-26T16:48:00.000Z";"2026-04-26T16:51:00.000Z";3071.46
"2026-04-26T16:51:00.000Z";"2026-04-26T16:54:00.000Z";3054.5
"2026-04-26T16:54:00.000Z";"2026-04-26T16:57:00.000Z";2993.55
"2026-04-26T16:57:00.000Z";"2026-04-26T17:00:00.000Z";2928.02
"2026-04-26T17:00:00.000Z";"2026-04-26T17:03:00.000Z";2901.69
"2026-04-26T17:03:00.000Z";"2026-04-26T17:06:00.000Z";2860.68
"2026-04-26T17:06:00.000Z";"2026-04-26T17:09:00.000Z";2858.76
"2026-04-26T17:09:00.000Z";"2026-04-26T17:12:00.000Z";2836.68
"2026-04-26T17:12:00.000Z";"2026-04-26T17:15:00.000Z";2809.01
"2026-04-26T17:15:00.000Z";"2026-04-26T17:18:00.000Z";2828.5
"2026-04-26T17:18:00.000Z";"2026-04-26T17:21:00.000Z";2852.82
"2026-04-26T17:21:00.000Z";"2026-04-26T17:24:00.000Z";2845.84
"2026-04-26T17:24:00.000Z";"2026-04-26T17:27:00.000Z";2861.33
"2026-04-26T17:27:00.000Z";"2026-04-26T17:30:00.000Z";2819.82
"2026-04-26T17:30:00.000Z";"2026-04-26T17:33:00.000Z";2837.51
"2026-04-26T17:33:00.000Z";"2026-04-26T17:36:00.000Z";2855.11
"2026-04-26T17:36:00.000Z";"2026-04-26T17:39:00.000Z";2865.33
"2026-04-26T17:39:00.000Z";"2026-04-26T17:42:00.000Z";2855.71
"2026-04-26T17:42:00.000Z";"2026-04-26T17:45:00.000Z";2848.83
"2026-04-26T17:45:00.000Z";"2026-04-26T17:48:00.000Z";2902.62
"2026-04-26T17:48:00.000Z";"2026-04-26T17:51:00.000Z";2956.46
"2026-04-26T17:51:00.000Z";"2026-04-26T17:54:00.000Z";2975.85
"2026-04-26T17:54:00.000Z";"2026-04-26T17:57:00.000Z";3022.45
"2026-04-26T17:57:00.000Z";"2026-04-26T18:00:00.000Z";3080.58
"2026-04-26T18:00:00.000Z";"2026-04-26T18:03:00.000Z";3140.77
"2026-04-26T18:03:00.000Z";"2026-04-26T18:06:00.000Z";3151.31
"2026-04-26T18:06:00.000Z";"2026-04-26T18:09:00.000Z";3202.64
"2026-04-26T18:09:00.000Z";"2026-04-26T18:12:00.000Z";3219.01
"2026-04-26T18:12:00.000Z";"2026-04-26T18:15:00.000Z";3267.05
"2026-04-26T18:15:00.000Z";"2026-04-26T18:18:00.000Z";3327.12
"2026-04-26T18:18:00.000Z";"2026-04-26T18:21:00.000Z";3375.11
"2026-04-26T18:21:00.000Z";"2026-04-26T18:24:00.000Z";3436.63
"2026-04-26T18:24:00.000Z";"2026-04-26T18:27:00.000Z";3506.8
"2026-04-26T18:27:00.000Z";"2026-04-26T18:30:00.000Z";3532.99
"2026-04-26T18:30:00.000Z";"2026-04-26T18:33:00.000Z";3548.07
"2026-04-26T18:33:00.000Z";"2026-04-26T18:36:00.000Z";3565.17
"2026-04-26T18:36:00.000Z";"2026-04-26T18:39:00.000Z";3561.17
"2026-04-26T18:39:00.000Z";"2026-04-26T18:42:00.000Z";3593.13
"2026-04-26T18:42:00.000Z";"2026-04-26T18:45:00.000Z";3620.3
"2026-04-26T18:45:00.000Z";"2026-04-26T18:48:00.000Z";3559.02
"2026-04-26T18:48:00.000Z";"2026-04-26T18:51:00.000Z";3529.98
"2026-04-26T18:51:00.000Z";"2026-04-26T18:54:00.000Z";3582.79
"2026-04-26T18:54:00.000Z";"2026-04-26T18:57:00.000Z";3613.47
"2026-04-26T18:57:00.000Z";"2026-04-26T19:00:00.000Z";3643.67
"2026-04-26T19:00:00.000Z";"2026-04-26T19:03:00.000Z";3701.1
"2026-04-26T19:03:00.000Z";"2026-04-26T19:06:00.000Z";3758.66
"2026-04-26T19:06:00.000Z";"2026-04-26T19:09:00.000Z";3816.31
"2026-04-26T19:09:00.000Z";"2026-04-26T19:12:00.000Z";3863.64
"2026-04-26T19:12:00.000Z";"2026-04-26T19:15:00.000Z";3910.24
"2026-04-26T19:15:00.000Z";"2026-04-26T19:18:00.000Z";3991.63
"2026-04-26T19:18:00.000Z";"2026-04-26T19:21:00.000Z";3993.68
"2026-04-26T19:21:00.000Z";"2026-04-26T19:24:00.000Z";4020.97
"2026-04-26T19:24:00.000Z";"2026-04-26T19:27:00.000Z";4088.97
"2026-04-26T19:27:00.000Z";"2026-04-26T19:30:00.000Z";4145.34
"2026-04-26T19:30:00.000Z";"2026-04-26T19:33:00.000Z";4248.61
"2026-04-26T19:33:00.000Z";"2026-04-26T19:36:00.000Z";4455.08
"2026-04-26T19:36:00.000Z";"2026-04-26T19:39:00.000Z";4514.84
"2026-04-26T19:39:00.000Z";"2026-04-26T19:42:00.000Z";4489.73
"2026-04-26T19:42:00.000Z";"2026-04-26T19:45:00.000Z";4539.8
"2026-04-26T19:45:00.000Z";"2026-04-26T19:48:00.000Z";4489.7
"2026-04-26T19:48:00.000Z";"2026-04-26T19:51:00.000Z";4459.31
"2026-04-26T19:51:00.000Z";"2026-04-26T19:54:00.000Z";4487.14
"2026-04-26T19:54:00.000Z";"2026-04-26T19:57:00.000Z";4520.15
"2026-04-26T19:57:00.000Z";"2026-04-26T20:00:00.000Z";4544.81
"2026-04-26T20:00:00.000Z";"2026-04-26T20:03:00.000Z";4577.5
"2026-04-26T20:03:00.000Z";"2026-04-26T20:06:00.000Z";4603
"2026-04-26T20:06:00.000Z";"2026-04-26T20:09:00.000Z";4647.32
"2026-04-26T20:09:00.000Z";"2026-04-26T20:12:00.000Z";4665.47
"2026-04-26T20:12:00.000Z";"2026-04-26T20:15:00.000Z";4644.88
"2026-04-26T20:15:00.000Z";"2026-04-26T20:18:00.000Z";4414.62
"2026-04-26T20:18:00.000Z";"2026-04-26T20:21:00.000Z";4298.56
"2026-04-26T20:21:00.000Z";"2026-04-26T20:24:00.000Z";4258.66
"2026-04-26T20:24:00.000Z";"2026-04-26T20:27:00.000Z";4270.81
"2026-04-26T20:27:00.000Z";"2026-04-26T20:30:00.000Z";4289.5
"2026-04-26T20:30:00.000Z";"2026-04-26T20:33:00.000Z";4281.04
"2026-04-26T20:33:00.000Z";"2026-04-26T20:36:00.000Z";4242.67
"2026-04-26T20:36:00.000Z";"2026-04-26T20:39:00.000Z";4228.01
"2026-04-26T20:39:00.000Z";"2026-04-26T20:42:00.000Z";4229.17
"2026-04-26T20:42:00.000Z";"2026-04-26T20:45:00.000Z";4251.48
"2026-04-26T20:45:00.000Z";"2026-04-26T20:48:00.000Z";4238.19
"2026-04-26T20:48:00.000Z";"2026-04-26T20:51:00.000Z";4229.68
"2026-04-26T20:51:00.000Z";"2026-04-26T20:54:00.000Z";4212.92
"2026-04-26T20:54:00.000Z";"2026-04-26T20:57:00.000Z";4184.51
"2026-04-26T20:57:00.000Z";"2026-04-26T21:00:00.000Z";4151.07
"2026-04-26T21:00:00.000Z";"2026-04-26T21:03:00.000Z";4075.58
"2026-04-26T21:03:00.000Z";"2026-04-26T21:06:00.000Z";4000.34
"2026-04-26T21:06:00.000Z";"2026-04-26T21:09:00.000Z";3961.49
"2026-04-26T21:09:00.000Z";"2026-04-26T21:12:00.000Z";3963.66
"2026-04-26T21:12:00.000Z";"2026-04-26T21:15:00.000Z";4003.08
"2026-04-26T21:15:00.000Z";"2026-04-26T21:18:00.000Z";4093.26
"2026-04-26T21:18:00.000Z";"2026-04-26T21:21:00.000Z";4193.46
"2026-04-26T21:21:00.000Z";"2026-04-26T21:24:00.000Z";4277.75
"2026-04-26T21:24:00.000Z";"2026-04-26T21:27:00.000Z";4296.01
"2026-04-26T21:27:00.000Z";"2026-04-26T21:30:00.000Z";4257.54
"2026-04-26T21:30:00.000Z";"2026-04-26T21:33:00.000Z";4209.84
"2026-04-26T21:33:00.000Z";"2026-04-26T21:36:00.000Z";4181.35
"2026-04-26T21:36:00.000Z";"2026-04-26T21:39:00.000Z";4143.87
"2026-04-26T21:39:00.000Z";"2026-04-26T21:42:00.000Z";4131.17
"2026-04-26T21:42:00.000Z";"2026-04-26T21:45:00.000Z";4156.06
"2026-04-26T21:45:00.000Z";"2026-04-26T21:48:00.000Z";4187.3
"2026-04-26T21:48:00.000Z";"2026-04-26T21:51:00.000Z";4269.29
"2026-04-26T21:51:00.000Z";"2026-04-26T21:54:00.000Z";4395.46
"2026-04-26T21:54:00.000Z";"2026-04-26T21:57:00.000Z";4362.48
"2026-04-26T21:57:00.000Z";"2026-04-26T22:00:00.000Z";4335.35
"2026-04-26T22:00:00.000Z";"2026-04-26T22:03:00.000Z";4316.17
"2026-04-26T22:03:00.000Z";"2026-04-26T22:06:00.000Z";4260.85
"2026-04-26T22:06:00.000Z";"2026-04-26T22:09:00.000Z";4235.83
"2026-04-26T22:09:00.000Z";"2026-04-26T22:12:00.000Z";4212.85
"2026-04-26T22:12:00.000Z";"2026-04-26T22:15:00.000Z";4178.84
"2026-04-26T22:15:00.000Z";"2026-04-26T22:18:00.000Z";4214.11
"2026-04-26T22:18:00.000Z";"2026-04-26T22:21:00.000Z";4326.65
"2026-04-26T22:21:00.000Z";"2026-04-26T22:24:00.000Z";4414.79
"2026-04-26T22:24:00.000Z";"2026-04-26T22:27:00.000Z";4449.48
"2026-04-26T22:27:00.000Z";"2026-04-26T22:30:00.000Z";4467.68
"2026-04-26T22:30:00.000Z";"2026-04-26T22:33:00.000Z";4438.18
"2026-04-26T22:33:00.000Z";"2026-04-26T22:36:00.000Z";4396.07
"2026-04-26T22:36:00.000Z";"2026-04-26T22:39:00.000Z";4388.34
"2026-04-26T22:39:00.000Z";"2026-04-26T22:42:00.000Z";4390.83
"2026-04-26T22:42:00.000Z";"2026-04-26T22:45:00.000Z";4351.69
"2026-04-26T22:45:00.000Z";"2026-04-26T22:48:00.000Z";4298.26
"2026-04-26T22:48:00.000Z";"2026-04-26T22:51:00.000Z";4251.02
"2026-04-26T22:51:00.000Z";"2026-04-26T22:54:00.000Z";4238.37
"2026-04-26T22:54:00.000Z";"2026-04-26T22:57:00.000Z";4234.83
"2026-04-26T22:57:00.000Z";"2026-04-26T23:00:00.000Z";4309.23
"2026-04-26T23:00:00.000Z";"2026-04-26T23:03:00.000Z";4429.92
"2026-04-26T23:03:00.000Z";"2026-04-26T23:06:00.000Z";4454.51
"2026-04-26T23:06:00.000Z";"2026-04-26T23:09:00.000Z";4442.67
"2026-04-26T23:09:00.000Z";"2026-04-26T23:12:00.000Z";4458.8
"2026-04-26T23:12:00.000Z";"2026-04-26T23:15:00.000Z";4491.81
"2026-04-26T23:15:00.000Z";"2026-04-26T23:18:00.000Z";4515.02
"2026-04-26T23:18:00.000Z";"2026-04-26T23:21:00.000Z";4531.99
"2026-04-26T23:21:00.000Z";"2026-04-26T23:24:00.000Z";4539.28
"2026-04-26T23:24:00.000Z";"2026-04-26T23:27:00.000Z";4528.67
"2026-04-26T23:27:00.000Z";"2026-04-26T23:30:00.000Z";4510.67
"2026-04-26T23:30:00.000Z";"2026-04-26T23:33:00.000Z";4470.54
"2026-04-26T23:33:00.000Z";"2026-04-26T23:36:00.000Z";4442.13
"2026-04-26T23:36:00.000Z";"2026-04-26T23:39:00.000Z";4427.2
"2026-04-26T23:39:00.000Z";"2026-04-26T23:42:00.000Z";4406.81
"2026-04-26T23:42:00.000Z";"2026-04-26T23:45:00.000Z";4456.63
"2026-04-26T23:45:00.000Z";"2026-04-26T23:48:00.000Z";4479.34
"2026-04-26T23:48:00.000Z";"2026-04-26T23:51:00.000Z";4462.84
"2026-04-26T23:51:00.000Z";"2026-04-26T23:54:00.000Z";4507.66
"2026-04-26T23:54:00.000Z";"2026-04-26T23:57:00.000Z";4507.84
"2026-04-26T23:57:00.000Z";"2026-04-27T00:00:00.000Z";4535.32
"2026-04-27T00:00:00.000Z";"2026-04-27T00:03:00.000Z";4509.01
"2026-04-27T00:03:00.000Z";"2026-04-27T00:06:00.000Z";4474.31
"2026-04-27T00:06:00.000Z";"2026-04-27T00:09:00.000Z";4510.98
"2026-04-27T00:09:00.000Z";"2026-04-27T00:12:00.000Z";4497.14
"2026-04-27T00:12:00.000Z";"2026-04-27T00:15:00.000Z";4483.67
"2026-04-27T00:15:00.000Z";"2026-04-27T00:18:00.000Z";4484.32
"2026-04-27T00:18:00.000Z";"2026-04-27T00:21:00.000Z";4478.3
"2026-04-27T00:21:00.000Z";"2026-04-27T00:24:00.000Z";4491.48
"2026-04-27T00:24:00.000Z";"2026-04-27T00:27:00.000Z";4514.14
"2026-04-27T00:27:00.000Z";"2026-04-27T00:30:00.000Z";4548.66
"2026-04-27T00:30:00.000Z";"2026-04-27T00:33:00.000Z";4564.76
"2026-04-27T00:33:00.000Z";"2026-04-27T00:36:00.000Z";4590.78
"2026-04-27T00:36:00.000Z";"2026-04-27T00:39:00.000Z";4573.67
"2026-04-27T00:39:00.000Z";"2026-04-27T00:42:00.000Z";4582
"2026-04-27T00:42:00.000Z";"2026-04-27T00:45:00.000Z";4591.84
"2026-04-27T00:45:00.000Z";"2026-04-27T00:48:00.000Z";4525.44
"2026-04-27T00:48:00.000Z";"2026-04-27T00:51:00.000Z";4439.17
"2026-04-27T00:51:00.000Z";"2026-04-27T00:54:00.000Z";4441.84
"2026-04-27T00:54:00.000Z";"2026-04-27T00:57:00.000Z";4431
"2026-04-27T00:57:00.000Z";"2026-04-27T01:00:00.000Z";4423.01
"2026-04-27T01:00:00.000Z";"2026-04-27T01:03:00.000Z";4428.14
"2026-04-27T01:03:00.000Z";"2026-04-27T01:06:00.000Z";4508.95
"2026-04-27T01:06:00.000Z";"2026-04-27T01:09:00.000Z";4502.69
"2026-04-27T01:09:00.000Z";"2026-04-27T01:12:00.000Z";4485.74
"2026-04-27T01:12:00.000Z";"2026-04-27T01:15:00.000Z";4494.17
"2026-04-27T01:15:00.000Z";"2026-04-27T01:18:00.000Z";4559.42
"2026-04-27T01:18:00.000Z";"2026-04-27T01:21:00.000Z";4563.35
"2026-04-27T01:21:00.000Z";"2026-04-27T01:24:00.000Z";4559.67
"2026-04-27T01:24:00.000Z";"2026-04-27T01:27:00.000Z";4567.52
"2026-04-27T01:27:00.000Z";"2026-04-27T01:30:00.000Z";4575.64
"2026-04-27T01:30:00.000Z";"2026-04-27T01:33:00.000Z";4555.02
"2026-04-27T01:33:00.000Z";"2026-04-27T01:36:00.000Z";4539.35
"2026-04-27T01:36:00.000Z";"2026-04-27T01:39:00.000Z";4521.04
"2026-04-27T01:39:00.000Z";"2026-04-27T01:42:00.000Z";4489.36
"2026-04-27T01:42:00.000Z";"2026-04-27T01:45:00.000Z";4491.18
"2026-04-27T01:45:00.000Z";"2026-04-27T01:48:00.000Z";4490.16
"2026-04-27T01:48:00.000Z";"2026-04-27T01:51:00.000Z";4596.99
"2026-04-27T01:51:00.000Z";"2026-04-27T01:54:00.000Z";4581.55
"2026-04-27T01:54:00.000Z";"2026-04-27T01:57:00.000Z";4568.7
"2026-04-27T01:57:00.000Z";"2026-04-27T02:00:00.000Z";4558.31
"2026-04-27T02:00:00.000Z";"2026-04-27T02:03:00.000Z";4564.4
"2026-04-27T02:03:00.000Z";"2026-04-27T02:06:00.000Z";4605.81
"2026-04-27T02:06:00.000Z";"2026-04-27T02:09:00.000Z";4678.29
"2026-04-27T02:09:00.000Z";"2026-04-27T02:12:00.000Z";4686.34
"2026-04-27T02:12:00.000Z";"2026-04-27T02:15:00.000Z";4698.17
"2026-04-27T02:15:00.000Z";"2026-04-27T02:18:00.000Z";4710
"2026-04-27T02:18:00.000Z";"2026-04-27T02:21:00.000Z";4708.67
"2026-04-27T02:21:00.000Z";"2026-04-27T02:24:00.000Z";4712.82
"2026-04-27T02:24:00.000Z";"2026-04-27T02:27:00.000Z";4695.05
"2026-04-27T02:27:00.000Z";"2026-04-27T02:30:00.000Z";4681.01
"2026-04-27T02:30:00.000Z";"2026-04-27T02:33:00.000Z";4682.15
"2026-04-27T02:33:00.000Z";"2026-04-27T02:36:00.000Z";4670.84
"2026-04-27T02:36:00.000Z";"2026-04-27T02:39:00.000Z";4664.84
"2026-04-27T02:39:00.000Z";"2026-04-27T02:42:00.000Z";4664.02
"2026-04-27T02:42:00.000Z";"2026-04-27T02:45:00.000Z";4662.05
"2026-04-27T02:45:00.000Z";"2026-04-27T02:48:00.000Z";4635.82
"2026-04-27T02:48:00.000Z";"2026-04-27T02:51:00.000Z";4605.07
"2026-04-27T02:51:00.000Z";"2026-04-27T02:54:00.000Z";4583.67
"2026-04-27T02:54:00.000Z";"2026-04-27T02:57:00.000Z";4538.5
"2026-04-27T02:57:00.000Z";"2026-04-27T03:00:00.000Z";4543.32
"2026-04-27T03:00:00.000Z";"2026-04-27T03:03:00.000Z";4434.15
"2026-04-27T03:03:00.000Z";"2026-04-27T03:06:00.000Z";4442.83
"2026-04-27T03:06:00.000Z";"2026-04-27T03:09:00.000Z";4432.35
"2026-04-27T03:09:00.000Z";"2026-04-27T03:12:00.000Z";4429.69
"2026-04-27T03:12:00.000Z";"2026-04-27T03:15:00.000Z";4402.17
"2026-04-27T03:15:00.000Z";"2026-04-27T03:18:00.000Z";4394.37
"2026-04-27T03:18:00.000Z";"2026-04-27T03:21:00.000Z";4320.65
"2026-04-27T03:21:00.000Z";"2026-04-27T03:24:00.000Z";4288.04
"2026-04-27T03:24:00.000Z";"2026-04-27T03:27:00.000Z";4247.5
"2026-04-27T03:27:00.000Z";"2026-04-27T03:30:00.000Z";4239.84
"2026-04-27T03:30:00.000Z";"2026-04-27T03:33:00.000Z";4220.19
"2026-04-27T03:33:00.000Z";"2026-04-27T03:36:00.000Z";4167.36
"2026-04-27T03:36:00.000Z";"2026-04-27T03:39:00.000Z";4136.37
"2026-04-27T03:39:00.000Z";"2026-04-27T03:42:00.000Z";4126.17
"2026-04-27T03:42:00.000Z";"2026-04-27T03:45:00.000Z";4095.53
"2026-04-27T03:45:00.000Z";"2026-04-27T03:48:00.000Z";4049.85
"2026-04-27T03:48:00.000Z";"2026-04-27T03:51:00.000Z";4046.82
"2026-04-27T03:51:00.000Z";"2026-04-27T03:54:00.000Z";4103.81
"2026-04-27T03:54:00.000Z";"2026-04-27T03:57:00.000Z";4065.04
"2026-04-27T03:57:00.000Z";"2026-04-27T04:00:00.000Z";3957.29
"2026-04-27T04:00:00.000Z";"2026-04-27T04:03:00.000Z";3776.76
"2026-04-27T04:03:00.000Z";"2026-04-27T04:06:00.000Z";3676.67
"2026-04-27T04:06:00.000Z";"2026-04-27T04:09:00.000Z";3618.71
"2026-04-27T04:09:00.000Z";"2026-04-27T04:12:00.000Z";3523.23
"2026-04-27T04:12:00.000Z";"2026-04-27T04:15:00.000Z";3445.85
"2026-04-27T04:15:00.000Z";"2026-04-27T04:18:00.000Z";3435.28
"2026-04-27T04:18:00.000Z";"2026-04-27T04:21:00.000Z";3482.84
"2026-04-27T04:21:00.000Z";"2026-04-27T04:24:00.000Z";3385.6
"2026-04-27T04:24:00.000Z";"2026-04-27T04:27:00.000Z";3297.09
"2026-04-27T04:27:00.000Z";"2026-04-27T04:30:00.000Z";3259.89
"2026-04-27T04:30:00.000Z";"2026-04-27T04:33:00.000Z";3183.02
"2026-04-27T04:33:00.000Z";"2026-04-27T04:36:00.000Z";3140.42
"2026-04-27T04:36:00.000Z";"2026-04-27T04:39:00.000Z";3052.54
"2026-04-27T04:39:00.000Z";"2026-04-27T04:42:00.000Z";2992.52
"2026-04-27T04:42:00.000Z";"2026-04-27T04:45:00.000Z";2894.63
"2026-04-27T04:45:00.000Z";"2026-04-27T04:48:00.000Z";2789.27
"2026-04-27T04:48:00.000Z";"2026-04-27T04:51:00.000Z";2713.83
"2026-04-27T04:51:00.000Z";"2026-04-27T04:54:00.000Z";2660.35
"2026-04-27T04:54:00.000Z";"2026-04-27T04:57:00.000Z";2606.41
"2026-04-27T04:57:00.000Z";"2026-04-27T05:00:00.000Z";2545.23
"2026-04-27T05:00:00.000Z";"2026-04-27T05:03:00.000Z";2509.85
"2026-04-27T05:03:00.000Z";"2026-04-27T05:06:00.000Z";2424.21
"2026-04-27T05:06:00.000Z";"2026-04-27T05:09:00.000Z";2414.12
"2026-04-27T05:09:00.000Z";"2026-04-27T05:12:00.000Z";2407.52
"2026-04-27T05:12:00.000Z";"2026-04-27T05:15:00.000Z";2391.85
"2026-04-27T05:15:00.000Z";"2026-04-27T05:18:00.000Z";2371.5
"2026-04-27T05:18:00.000Z";"2026-04-27T05:21:00.000Z";2371.14
"2026-04-27T05:21:00.000Z";"2026-04-27T05:24:00.000Z";2399.33
"2026-04-27T05:24:00.000Z";"2026-04-27T05:27:00.000Z";2385.17
"2026-04-27T05:27:00.000Z";"2026-04-27T05:30:00.000Z";2353.84
"2026-04-27T05:30:00.000Z";"2026-04-27T05:33:00.000Z";2342.19
"2026-04-27T05:33:00.000Z";"2026-04-27T05:36:00.000Z";2339.02
"2026-04-27T05:36:00.000Z";"2026-04-27T05:39:00.000Z";2322.78
"2026-04-27T05:39:00.000Z";"2026-04-27T05:42:00.000Z";2374.46
"2026-04-27T05:42:00.000Z";"2026-04-27T05:45:00.000Z";2369.31
"2026-04-27T05:45:00.000Z";"2026-04-27T05:48:00.000Z";2357.98
"2026-04-27T05:48:00.000Z";"2026-04-27T05:51:00.000Z";2360.19
"2026-04-27T05:51:00.000Z";"2026-04-27T05:54:00.000Z";2328.52
"2026-04-27T05:54:00.000Z";"2026-04-27T05:57:00.000Z";2337.11
"2026-04-27T05:57:00.000Z";"2026-04-27T06:00:00.000Z";2362.33
"2026-04-27T06:00:00.000Z";"2026-04-27T06:03:00.000Z";2376.1
"2026-04-27T06:03:00.000Z";"2026-04-27T06:06:00.000Z";2412.7
"2026-04-27T06:06:00.000Z";"2026-04-27T06:09:00.000Z";2414.32
"2026-04-27T06:09:00.000Z";"2026-04-27T06:12:00.000Z";2509.12
"2026-04-27T06:12:00.000Z";"2026-04-27T06:15:00.000Z";2542.66
"2026-04-27T06:15:00.000Z";"2026-04-27T06:18:00.000Z";2560.16
"2026-04-27T06:18:00.000Z";"2026-04-27T06:21:00.000Z";2575.12
"2026-04-27T06:21:00.000Z";"2026-04-27T06:24:00.000Z";2650.81
"2026-04-27T06:24:00.000Z";"2026-04-27T06:27:00.000Z";2696.48
"2026-04-27T06:27:00.000Z";"2026-04-27T06:30:00.000Z";2758.14
"2026-04-27T06:30:00.000Z";"2026-04-27T06:33:00.000Z";2855.97
"2026-04-27T06:33:00.000Z";"2026-04-27T06:36:00.000Z";2892.08
"2026-04-27T06:36:00.000Z";"2026-04-27T06:39:00.000Z";2925.67
"2026-04-27T06:39:00.000Z";"2026-04-27T06:42:00.000Z";2966.44
"2026-04-27T06:42:00.000Z";"2026-04-27T06:45:00.000Z";3050.1
"2026-04-27T06:45:00.000Z";"2026-04-27T06:48:00.000Z";3095.48
"2026-04-27T06:48:00.000Z";"2026-04-27T06:51:00.000Z";3137.11
"2026-04-27T06:51:00.000Z";"2026-04-27T06:54:00.000Z";3250.8
"2026-04-27T06:54:00.000Z";"2026-04-27T06:57:00.000Z";3310.76
"2026-04-27T06:57:00.000Z";"2026-04-27T07:00:00.000Z";3360.66
"2026-04-27T07:00:00.000Z";"2026-04-27T07:03:00.000Z";3258.38
"2026-04-27T07:03:00.000Z";"2026-04-27T07:06:00.000Z";3178.71
"2026-04-27T07:06:00.000Z";"2026-04-27T07:09:00.000Z";3199.79
"2026-04-27T07:09:00.000Z";"2026-04-27T07:12:00.000Z";3221.67
"2026-04-27T07:12:00.000Z";"2026-04-27T07:15:00.000Z";3312.14
"2026-04-27T07:15:00.000Z";"2026-04-27T07:18:00.000Z";3365.81
"2026-04-27T07:18:00.000Z";"2026-04-27T07:21:00.000Z";3355.71
"2026-04-27T07:21:00.000Z";"2026-04-27T07:24:00.000Z";3416.29
"2026-04-27T07:24:00.000Z";"2026-04-27T07:27:00.000Z";3437.82
"2026-04-27T07:27:00.000Z";"2026-04-27T07:30:00.000Z";3461.64
"2026-04-27T07:30:00.000Z";"2026-04-27T07:33:00.000Z";3410.45
"2026-04-27T07:33:00.000Z";"2026-04-27T07:36:00.000Z";3354.43
"2026-04-27T07:36:00.000Z";"2026-04-27T07:39:00.000Z";3377.92
"2026-04-27T07:39:00.000Z";"2026-04-27T07:42:00.000Z";3397.11
"2026-04-27T07:42:00.000Z";"2026-04-27T07:45:00.000Z";3387.25
"2026-04-27T07:45:00.000Z";"2026-04-27T07:48:00.000Z";3345.17
"2026-04-27T07:48:00.000Z";"2026-04-27T07:51:00.000Z";3378.48
"2026-04-27T07:51:00.000Z";"2026-04-27T07:54:00.000Z";3376.39
"2026-04-27T07:54:00.000Z";"2026-04-27T07:57:00.000Z";3395.04
"2026-04-27T07:57:00.000Z";"2026-04-27T08:00:00.000Z";3416.84
"2026-04-27T08:00:00.000Z";"2026-04-27T08:03:00.000Z";3548.94
"2026-04-27T08:03:00.000Z";"2026-04-27T08:06:00.000Z";3656.8
"2026-04-27T08:06:00.000Z";"2026-04-27T08:09:00.000Z";3684.17
"2026-04-27T08:09:00.000Z";"2026-04-27T08:12:00.000Z";3714.3
"2026-04-27T08:12:00.000Z";"2026-04-27T08:15:00.000Z";3787.66
"2026-04-27T08:15:00.000Z";"2026-04-27T08:18:00.000Z";3760.37
"2026-04-27T08:18:00.000Z";"2026-04-27T08:21:00.000Z";3671.18
"2026-04-27T08:21:00.000Z";"2026-04-27T08:24:00.000Z";3772.24
"2026-04-27T08:24:00.000Z";"2026-04-27T08:27:00.000Z";3835.21
"2026-04-27T08:27:00.000Z";"2026-04-27T08:30:00.000Z";3935.61
"2026-04-27T08:30:00.000Z";"2026-04-27T08:33:00.000Z";3965.69
"2026-04-27T08:33:00.000Z";"2026-04-27T08:36:00.000Z";4095.57
"2026-04-27T08:36:00.000Z";"2026-04-27T08:39:00.000Z";4257.92
"2026-04-27T08:39:00.000Z";"2026-04-27T08:42:00.000Z";4236.19
"2026-04-27T08:42:00.000Z";"2026-04-27T08:45:00.000Z";4280.97
"2026-04-27T08:45:00.000Z";"2026-04-27T08:48:00.000Z";4000.75
"2026-04-27T08:48:00.000Z";"2026-04-27T08:51:00.000Z";3909.34
"2026-04-27T08:51:00.000Z";"2026-04-27T08:54:00.000Z";3911.2
"2026-04-27T08:54:00.000Z";"2026-04-27T08:57:00.000Z";3912.5
"2026-04-27T08:57:00.000Z";"2026-04-27T09:00:00.000Z";3871
"2026-04-27T09:00:00.000Z";"2026-04-27T09:03:00.000Z";3903.49
"2026-04-27T09:03:00.000Z";"2026-04-27T09:06:00.000Z";3945.47
"2026-04-27T09:06:00.000Z";"2026-04-27T09:09:00.000Z";4139.84
"2026-04-27T09:09:00.000Z";"2026-04-27T09:12:00.000Z";4215.5
"2026-04-27T09:12:00.000Z";"2026-04-27T09:15:00.000Z";4182.17
"2026-04-27T09:15:00.000Z";"2026-04-27T09:18:00.000Z";4108.8
"2026-04-27T09:18:00.000Z";"2026-04-27T09:21:00.000Z";4090.95
"2026-04-27T09:21:00.000Z";"2026-04-27T09:24:00.000Z";4141.44
"2026-04-27T09:24:00.000Z";"2026-04-27T09:27:00.000Z";4174.67
"2026-04-27T09:27:00.000Z";"2026-04-27T09:30:00.000Z";4171.92
"2026-04-27T09:30:00.000Z";"2026-04-27T09:33:00.000Z";4112.24
"2026-04-27T09:33:00.000Z";"2026-04-27T09:36:00.000Z";3945.02
"2026-04-27T09:36:00.000Z";"2026-04-27T09:39:00.000Z";3927.14
"2026-04-27T09:39:00.000Z";"2026-04-27T09:42:00.000Z";3955.42
"2026-04-27T09:42:00.000Z";"2026-04-27T09:45:00.000Z";3960.61
"2026-04-27T09:45:00.000Z";"2026-04-27T09:48:00.000Z";4010.75
"2026-04-27T09:48:00.000Z";"2026-04-27T09:51:00.000Z";4003.27
"2026-04-27T09:51:00.000Z";"2026-04-27T09:54:00.000Z";4001.82
"2026-04-27T09:54:00.000Z";"2026-04-27T09:57:00.000Z";4056.47
"2026-04-27T09:57:00.000Z";"2026-04-27T10:00:00.000Z";4072.63
"2026-04-27T10:00:00.000Z";"2026-04-27T10:03:00.000Z";4114.12
"2026-04-27T10:03:00.000Z";"2026-04-27T10:06:00.000Z";4171.08
"2026-04-27T10:06:00.000Z";"2026-04-27T10:09:00.000Z";4300.1
"2026-04-27T10:09:00.000Z";"2026-04-27T10:12:00.000Z";4353.47
"2026-04-27T10:12:00.000Z";"2026-04-27T10:15:00.000Z";4352.33
"2026-04-27T10:15:00.000Z";"2026-04-27T10:18:00.000Z";4340.79
"2026-04-27T10:18:00.000Z";"2026-04-27T10:21:00.000Z";4266.21
"2026-04-27T10:21:00.000Z";"2026-04-27T10:24:00.000Z";4347.47
"2026-04-27T10:24:00.000Z";"2026-04-27T10:27:00.000Z";4355.37
"2026-04-27T10:27:00.000Z";"2026-04-27T10:30:00.000Z";4392.64
"2026-04-27T10:30:00.000Z";"2026-04-27T10:33:00.000Z";4402.49
"2026-04-27T10:33:00.000Z";"2026-04-27T10:36:00.000Z";4396.3
"2026-04-27T10:36:00.000Z";"2026-04-27T10:39:00.000Z";4399.65
"2026-04-27T10:39:00.000Z";"2026-04-27T10:42:00.000Z";4361.73
"2026-04-27T10:42:00.000Z";"2026-04-27T10:45:00.000Z";4342.49
"2026-04-27T10:45:00.000Z";"2026-04-27T10:48:00.000Z";4368
"2026-04-27T10:48:00.000Z";"2026-04-27T10:51:00.000Z";4327.37
"2026-04-27T10:51:00.000Z";"2026-04-27T10:54:00.000Z";4341.13
"2026-04-27T10:54:00.000Z";"2026-04-27T10:57:00.000Z";4376.5
"2026-04-27T10:57:00.000Z";"2026-04-27T11:00:00.000Z";4394.95
"2026-04-27T11:00:00.000Z";"2026-04-27T11:03:00.000Z";4383.9
"2026-04-27T11:03:00.000Z";"2026-04-27T11:06:00.000Z";4450.44
"2026-04-27T11:06:00.000Z";"2026-04-27T11:09:00.000Z";4468.09
"2026-04-27T11:09:00.000Z";"2026-04-27T11:12:00.000Z";4483
"2026-04-27T11:12:00.000Z";"2026-04-27T11:15:00.000Z";4521.31
"2026-04-27T11:15:00.000Z";"2026-04-27T11:18:00.000Z";4599.24
"2026-04-27T11:18:00.000Z";"2026-04-27T11:21:00.000Z";4661.49
"2026-04-27T11:21:00.000Z";"2026-04-27T11:24:00.000Z";4672.14
"2026-04-27T11:24:00.000Z";"2026-04-27T11:27:00.000Z";4694.94
"2026-04-27T11:27:00.000Z";"2026-04-27T11:30:00.000Z";4689.17
"2026-04-27T11:30:00.000Z";"2026-04-27T11:33:00.000Z";4686.05
"2026-04-27T11:33:00.000Z";"2026-04-27T11:36:00.000Z";4641.91
"2026-04-27T11:36:00.000Z";"2026-04-27T11:39:00.000Z";4685.54
"2026-04-27T11:39:00.000Z";"2026-04-27T11:42:00.000Z";4722.26
"2026-04-27T11:42:00.000Z";"2026-04-27T11:45:00.000Z";4719.45
"2026-04-27T11:45:00.000Z";"2026-04-27T11:48:00.000Z";4765.87
"2026-04-27T11:48:00.000Z";"2026-04-27T11:51:00.000Z";4714.92
"2026-04-27T11:51:00.000Z";"2026-04-27T11:54:00.000Z";4627.67
"2026-04-27T11:54:00.000Z";"2026-04-27T11:57:00.000Z";4595.19
"2026-04-27T11:57:00.000Z";"2026-04-27T12:00:00.000Z";4561.07
"2026-04-27T12:00:00.000Z";"2026-04-27T12:03:00.000Z";4663.91
"2026-04-27T12:03:00.000Z";"2026-04-27T12:06:00.000Z";4660.06
"2026-04-27T12:06:00.000Z";"2026-04-27T12:09:00.000Z";4824.13
"2026-04-27T12:09:00.000Z";"2026-04-27T12:12:00.000Z";4826.59
"2026-04-27T12:12:00.000Z";"2026-04-27T12:15:00.000Z";4825.59
"2026-04-27T12:15:00.000Z";"2026-04-27T12:18:00.000Z";4711.67
"2026-04-27T12:18:00.000Z";"2026-04-27T12:21:00.000Z";4713.41
"2026-04-27T12:21:00.000Z";"2026-04-27T12:24:00.000Z";4735.35
"2026-04-27T12:24:00.000Z";"2026-04-27T12:27:00.000Z";4719.34
"2026-04-27T12:27:00.000Z";"2026-04-27T12:30:00.000Z";4732.13
"2026-04-27T12:30:00.000Z";"2026-04-27T12:33:00.000Z";4690.61
"2026-04-27T12:33:00.000Z";"2026-04-27T12:36:00.000Z";4691.01
"2026-04-27T12:36:00.000Z";"2026-04-27T12:39:00.000Z";4712.66
"2026-04-27T12:39:00.000Z";"2026-04-27T12:42:00.000Z";4775.48
"2026-04-27T12:42:00.000Z";"2026-04-27T12:45:00.000Z";4790.27
"2026-04-27T12:45:00.000Z";"2026-04-27T12:48:00.000Z";4791.69
"2026-04-27T12:48:00.000Z";"2026-04-27T12:51:00.000Z";4827.73
"2026-04-27T12:51:00.000Z";"2026-04-27T12:54:00.000Z";5004.01
"2026-04-27T12:54:00.000Z";"2026-04-27T12:57:00.000Z";5068.87
"2026-04-27T12:57:00.000Z";"2026-04-27T13:00:00.000Z";5027.05
"2026-04-27T13:00:00.000Z";"2026-04-27T13:03:00.000Z";4985.47
"2026-04-27T13:03:00.000Z";"2026-04-27T13:06:00.000Z";5109.97
"2026-04-27T13:06:00.000Z";"2026-04-27T13:09:00.000Z";5184.25
"2026-04-27T13:09:00.000Z";"2026-04-27T13:12:00.000Z";5264.98
"2026-04-27T13:12:00.000Z";"2026-04-27T13:15:00.000Z";5244.42
"2026-04-27T13:15:00.000Z";"2026-04-27T13:18:00.000Z";5129.4
"2026-04-27T13:18:00.000Z";"2026-04-27T13:21:00.000Z";5126.27
"2026-04-27T13:21:00.000Z";"2026-04-27T13:24:00.000Z";5221.21
"2026-04-27T13:24:00.000Z";"2026-04-27T13:27:00.000Z";5248.15
"2026-04-27T13:27:00.000Z";"2026-04-27T13:30:00.000Z";5304.51
"2026-04-27T13:30:00.000Z";"2026-04-27T13:33:00.000Z";5313.04
"2026-04-27T13:33:00.000Z";"2026-04-27T13:36:00.000Z";5266.53
"2026-04-27T13:36:00.000Z";"2026-04-27T13:39:00.000Z";5197.06
"2026-04-27T13:39:00.000Z";"2026-04-27T13:42:00.000Z";5130.86
"2026-04-27T13:42:00.000Z";"2026-04-27T13:45:00.000Z";5081.98
"2026-04-27T13:45:00.000Z";"2026-04-27T13:48:00.000Z";5121.81
"2026-04-27T13:48:00.000Z";"2026-04-27T13:51:00.000Z";5145.48
"2026-04-27T13:51:00.000Z";"2026-04-27T13:54:00.000Z";5202.23
"2026-04-27T13:54:00.000Z";"2026-04-27T13:57:00.000Z";5182.64
"2026-04-27T13:57:00.000Z";"2026-04-27T14:00:00.000Z";5236.46
"2026-04-27T14:00:00.000Z";"2026-04-27T14:03:00.000Z";5256.7
"2026-04-27T14:03:00.000Z";"2026-04-27T14:06:00.000Z";5208.63
"2026-04-27T14:06:00.000Z";"2026-04-27T14:09:00.000Z";5262.88
"2026-04-27T14:09:00.000Z";"2026-04-27T14:12:00.000Z";5302.64
"2026-04-27T14:12:00.000Z";"2026-04-27T14:15:00.000Z";5315.97
"2026-04-27T14:15:00.000Z";"2026-04-27T14:18:00.000Z";5414.33
"2026-04-27T14:18:00.000Z";"2026-04-27T14:21:00.000Z";5440.96
"2026-04-27T14:21:00.000Z";"2026-04-27T14:24:00.000Z";5477.46
"2026-04-27T14:24:00.000Z";"2026-04-27T14:27:00.000Z";5543.47
"2026-04-27T14:27:00.000Z";"2026-04-27T14:30:00.000Z";5543.03
"2026-04-27T14:30:00.000Z";"2026-04-27T14:33:00.000Z";5690.38
"2026-04-27T14:33:00.000Z";"2026-04-27T14:36:00.000Z";5842.63
"2026-04-27T14:36:00.000Z";"2026-04-27T14:39:00.000Z";5823.29
"2026-04-27T14:39:00.000Z";"2026-04-27T14:42:00.000Z";5827.14
"2026-04-27T14:42:00.000Z";"2026-04-27T14:45:00.000Z";5826.65
"2026-04-27T14:45:00.000Z";"2026-04-27T14:48:00.000Z";5808.34
"2026-04-27T14:48:00.000Z";"2026-04-27T14:51:00.000Z";5844.47
"2026-04-27T14:51:00.000Z";"2026-04-27T14:54:00.000Z";5852.67
"2026-04-27T14:54:00.000Z";"2026-04-27T14:57:00.000Z";5837.5
"2026-04-27T14:57:00.000Z";"2026-04-27T15:00:00.000Z";5739.46
"2026-04-27T15:00:00.000Z";"2026-04-27T15:03:00.000Z";5540.14
"2026-04-27T15:03:00.000Z";"2026-04-27T15:06:00.000Z";5265.46
"2026-04-27T15:06:00.000Z";"2026-04-27T15:09:00.000Z";5128.88
"2026-04-27T15:09:00.000Z";"2026-04-27T15:12:00.000Z";5116.87
"2026-04-27T15:12:00.000Z";"2026-04-27T15:15:00.000Z";5145.78
"2026-04-27T15:15:00.000Z";"2026-04-27T15:18:00.000Z";5259.4
"2026-04-27T15:18:00.000Z";"2026-04-27T15:21:00.000Z";5441.09
"2026-04-27T15:21:00.000Z";"2026-04-27T15:24:00.000Z";5500.81
"2026-04-27T15:24:00.000Z";"2026-04-27T15:27:00.000Z";5500.15
"2026-04-27T15:27:00.000Z";"2026-04-27T15:30:00.000Z";5482.85
"2026-04-27T15:30:00.000Z";"2026-04-27T15:33:00.000Z";5503.13
"2026-04-27T15:33:00.000Z";"2026-04-27T15:36:00.000Z";5554.48
"2026-04-27T15:36:00.000Z";"2026-04-27T15:39:00.000Z";5492.23
"2026-04-27T15:39:00.000Z";"2026-04-27T15:42:00.000Z";5511.93
"2026-04-27T15:42:00.000Z";"2026-04-27T15:45:00.000Z";5502.69
"2026-04-27T15:45:00.000Z";"2026-04-27T15:48:00.000Z";5483.67
"2026-04-27T15:48:00.000Z";"2026-04-27T15:51:00.000Z";5484.05
"2026-04-27T15:51:00.000Z";"2026-04-27T15:54:00.000Z";5429.5
"2026-04-27T15:54:00.000Z";"2026-04-27T15:57:00.000Z";5442.69
"2026-04-27T15:57:00.000Z";"2026-04-27T16:00:00.000Z";5408.48
"2026-04-27T16:00:00.000Z";"2026-04-27T16:03:00.000Z";5421.76
"2026-04-27T16:03:00.000Z";"2026-04-27T16:06:00.000Z";5333.45
"2026-04-27T16:06:00.000Z";"2026-04-27T16:09:00.000Z";5285.34
"2026-04-27T16:09:00.000Z";"2026-04-27T16:12:00.000Z";5233.69
"2026-04-27T16:12:00.000Z";"2026-04-27T16:15:00.000Z";5228
"2026-04-27T16:15:00.000Z";"2026-04-27T16:18:00.000Z";5221.29
"2026-04-27T16:18:00.000Z";"2026-04-27T16:21:00.000Z";5320.23
"2026-04-27T16:21:00.000Z";"2026-04-27T16:24:00.000Z";5243.03
"2026-04-27T16:24:00.000Z";"2026-04-27T16:27:00.000Z";5193.2
"2026-04-27T16:27:00.000Z";"2026-04-27T16:30:00.000Z";5115.89
"2026-04-27T16:30:00.000Z";"2026-04-27T16:33:00.000Z";5080.7
"2026-04-27T16:33:00.000Z";"2026-04-27T16:36:00.000Z";5067.19
"2026-04-27T16:36:00.000Z";"2026-04-27T16:39:00.000Z";4992.7
"2026-04-27T16:39:00.000Z";"2026-04-27T16:42:00.000Z";4952.67
"2026-04-27T16:42:00.000Z";"2026-04-27T16:45:00.000Z";5011.71
"2026-04-27T16:45:00.000Z";"2026-04-27T16:48:00.000Z";5021.81
"2026-04-27T16:48:00.000Z";"2026-04-27T16:51:00.000Z";4994.3
"2026-04-27T16:51:00.000Z";"2026-04-27T16:54:00.000Z";5009.58
"2026-04-27T16:54:00.000Z";"2026-04-27T16:57:00.000Z";5056.81
"2026-04-27T16:57:00.000Z";"2026-04-27T17:00:00.000Z";5091.14
"2026-04-27T17:00:00.000Z";"2026-04-27T17:03:00.000Z";5156
"2026-04-27T17:03:00.000Z";"2026-04-27T17:06:00.000Z";5161.19
"2026-04-27T17:06:00.000Z";"2026-04-27T17:09:00.000Z";5173.86
"2026-04-27T17:09:00.000Z";"2026-04-27T17:12:00.000Z";5124.85
"2026-04-27T17:12:00.000Z";"2026-04-27T17:15:00.000Z";5112.66
"2026-04-27T17:15:00.000Z";"2026-04-27T17:18:00.000Z";5022.36
"2026-04-27T17:18:00.000Z";"2026-04-27T17:21:00.000Z";4893.22
"2026-04-27T17:21:00.000Z";"2026-04-27T17:24:00.000Z";4798.21
"2026-04-27T17:24:00.000Z";"2026-04-27T17:27:00.000Z";4751.04
"2026-04-27T17:27:00.000Z";"2026-04-27T17:30:00.000Z";4775.17
"2026-04-27T17:30:00.000Z";"2026-04-27T17:33:00.000Z";4809.27
"2026-04-27T17:33:00.000Z";"2026-04-27T17:36:00.000Z";4865.27
"2026-04-27T17:36:00.000Z";"2026-04-27T17:39:00.000Z";4944.74
"2026-04-27T17:39:00.000Z";"2026-04-27T17:42:00.000Z";4952.46
"2026-04-27T17:42:00.000Z";"2026-04-27T17:45:00.000Z";5006.15
"2026-04-27T17:45:00.000Z";"2026-04-27T17:48:00.000Z";5006.64
"2026-04-27T17:48:00.000Z";"2026-04-27T17:51:00.000Z";5213.54
"2026-04-27T17:51:00.000Z";"2026-04-27T17:54:00.000Z";5214.84
"2026-04-27T17:54:00.000Z";"2026-04-27T17:57:00.000Z";5172.36
"2026-04-27T17:57:00.000Z";"2026-04-27T18:00:00.000Z";5143.85
"2026-04-27T18:00:00.000Z";"2026-04-27T18:03:00.000Z";5018.79
"2026-04-27T18:03:00.000Z";"2026-04-27T18:06:00.000Z";4968.53
"2026-04-27T18:06:00.000Z";"2026-04-27T18:09:00.000Z";4921.46
"2026-04-27T18:09:00.000Z";"2026-04-27T18:12:00.000Z";4908.35
"2026-04-27T18:12:00.000Z";"2026-04-27T18:15:00.000Z";4956.06
"2026-04-27T18:15:00.000Z";"2026-04-27T18:18:00.000Z";5056.46
"2026-04-27T18:18:00.000Z";"2026-04-27T18:21:00.000Z";5128.17
"2026-04-27T18:21:00.000Z";"2026-04-27T18:24:00.000Z";5087.67
"2026-04-27T18:24:00.000Z";"2026-04-27T18:27:00.000Z";5063.83
"2026-04-27T18:27:00.000Z";"2026-04-27T18:30:00.000Z";5064.67
"2026-04-27T18:30:00.000Z";"2026-04-27T18:33:00.000Z";5100.31
"2026-04-27T18:33:00.000Z";"2026-04-27T18:36:00.000Z";5079.19
"2026-04-27T18:36:00.000Z";"2026-04-27T18:39:00.000Z";5128.8
"2026-04-27T18:39:00.000Z";"2026-04-27T18:42:00.000Z";5189.24
"2026-04-27T18:42:00.000Z";"2026-04-27T18:45:00.000Z";5291.26
"2026-04-27T18:45:00.000Z";"2026-04-27T18:48:00.000Z";5241.05
"2026-04-27T18:48:00.000Z";"2026-04-27T18:51:00.000Z";5173.78
"2026-04-27T18:51:00.000Z";"2026-04-27T18:54:00.000Z";5225.67
"2026-04-27T18:54:00.000Z";"2026-04-27T18:57:00.000Z";5260.49
"2026-04-27T18:57:00.000Z";"2026-04-27T19:00:00.000Z";5295.46
"2026-04-27T19:00:00.000Z";"2026-04-27T19:03:00.000Z";5330.96
"2026-04-27T19:03:00.000Z";"2026-04-27T19:06:00.000Z";5370.63
"2026-04-27T19:06:00.000Z";"2026-04-27T19:09:00.000Z";5433.6
"2026-04-27T19:09:00.000Z";"2026-04-27T19:12:00.000Z";5480.29
"2026-04-27T19:12:00.000Z";"2026-04-27T19:15:00.000Z";5497.65
"2026-04-27T19:15:00.000Z";"2026-04-27T19:18:00.000Z";5502.7
"2026-04-27T19:18:00.000Z";"2026-04-27T19:21:00.000Z";5489.64
"2026-04-27T19:21:00.000Z";"2026-04-27T19:24:00.000Z";5499.64
"2026-04-27T19:24:00.000Z";"2026-04-27T19:27:00.000Z";5514.67
"2026-04-27T19:27:00.000Z";"2026-04-27T19:30:00.000Z";5515.99
"2026-04-27T19:30:00.000Z";"2026-04-27T19:33:00.000Z";5426.17
"2026-04-27T19:33:00.000Z";"2026-04-27T19:36:00.000Z";5239.85
"2026-04-27T19:36:00.000Z";"2026-04-27T19:39:00.000Z";5241.69
"2026-04-27T19:39:00.000Z";"2026-04-27T19:42:00.000Z";5255.98
"2026-04-27T19:42:00.000Z";"2026-04-27T19:45:00.000Z";5259.7
"2026-04-27T19:45:00.000Z";"2026-04-27T19:48:00.000Z";5120.54
"2026-04-27T19:48:00.000Z";"2026-04-27T19:51:00.000Z";5087.04
"2026-04-27T19:51:00.000Z";"2026-04-27T19:54:00.000Z";5044.69
"2026-04-27T19:54:00.000Z";"2026-04-27T19:57:00.000Z";5045.82
"2026-04-27T19:57:00.000Z";"2026-04-27T20:00:00.000Z";5084.75
"2026-04-27T20:00:00.000Z";"2026-04-27T20:03:00.000Z";5136.08
"2026-04-27T20:03:00.000Z";"2026-04-27T20:06:00.000Z";5245.87
"2026-04-27T20:06:00.000Z";"2026-04-27T20:09:00.000Z";5441.65
"2026-04-27T20:09:00.000Z";"2026-04-27T20:12:00.000Z";5453.67
"2026-04-27T20:12:00.000Z";"2026-04-27T20:15:00.000Z";5442.84
"2026-04-27T20:15:00.000Z";"2026-04-27T20:18:00.000Z";5441.87
"2026-04-27T20:18:00.000Z";"2026-04-27T20:21:00.000Z";5400.68
"2026-04-27T20:21:00.000Z";"2026-04-27T20:24:00.000Z";5443.29
"2026-04-27T20:24:00.000Z";"2026-04-27T20:27:00.000Z";5457.8
"2026-04-27T20:27:00.000Z";"2026-04-27T20:30:00.000Z";5445.81
"2026-04-27T20:30:00.000Z";"2026-04-27T20:33:00.000Z";5318.95
"2026-04-27T20:33:00.000Z";"2026-04-27T20:36:00.000Z";5258.5
"2026-04-27T20:36:00.000Z";"2026-04-27T20:39:00.000Z";5231.5
"2026-04-27T20:39:00.000Z";"2026-04-27T20:42:00.000Z";5248.65
"2026-04-27T20:42:00.000Z";"2026-04-27T20:45:00.000Z";5232.02
"2026-04-27T20:45:00.000Z";"2026-04-27T20:48:00.000Z";5183.71
"2026-04-27T20:48:00.000Z";"2026-04-27T20:51:00.000Z";5128.69
"2026-04-27T20:51:00.000Z";"2026-04-27T20:54:00.000Z";5099.3
"2026-04-27T20:54:00.000Z";"2026-04-27T20:57:00.000Z";5125.01
"2026-04-27T20:57:00.000Z";"2026-04-27T21:00:00.000Z";5144.96
"2026-04-27T21:00:00.000Z";"2026-04-27T21:03:00.000Z";5158.21
"2026-04-27T21:03:00.000Z";"2026-04-27T21:06:00.000Z";5201.35
"2026-04-27T21:06:00.000Z";"2026-04-27T21:09:00.000Z";5238.29
"2026-04-27T21:09:00.000Z";"2026-04-27T21:12:00.000Z";5234.82
"2026-04-27T21:12:00.000Z";"2026-04-27T21:15:00.000Z";5233.29
"2026-04-27T21:15:00.000Z";"2026-04-27T21:18:00.000Z";5193.85
"2026-04-27T21:18:00.000Z";"2026-04-27T21:21:00.000Z";5160.11
"2026-04-27T21:21:00.000Z";"2026-04-27T21:24:00.000Z";5149.37
"2026-04-27T21:24:00.000Z";"2026-04-27T21:27:00.000Z";5133.35
"2026-04-27T21:27:00.000Z";"2026-04-27T21:30:00.000Z";5132.17
"2026-04-27T21:30:00.000Z";"2026-04-27T21:33:00.000Z";5133.45
"2026-04-27T21:33:00.000Z";"2026-04-27T21:36:00.000Z";5148.3
"2026-04-27T21:36:00.000Z";"2026-04-27T21:39:00.000Z";5163.17
"2026-04-27T21:39:00.000Z";"2026-04-27T21:42:00.000Z";5182.99
"2026-04-27T21:42:00.000Z";"2026-04-27T21:45:00.000Z";5184.38
"2026-04-27T21:45:00.000Z";"2026-04-27T21:48:00.000Z";5161.52
"2026-04-27T21:48:00.000Z";"2026-04-27T21:51:00.000Z";5059.53
"2026-04-27T21:51:00.000Z";"2026-04-27T21:54:00.000Z";5070.32
"2026-04-27T21:54:00.000Z";"2026-04-27T21:57:00.000Z";5072.51
"2026-04-27T21:57:00.000Z";"2026-04-27T22:00:00.000Z";5105.81
"2026-04-27T22:00:00.000Z";"2026-04-27T22:03:00.000Z";5179.86
"2026-04-27T22:03:00.000Z";"2026-04-27T22:06:00.000Z";5335.6
"2026-04-27T22:06:00.000Z";"2026-04-27T22:09:00.000Z";5382.32
"2026-04-27T22:09:00.000Z";"2026-04-27T22:12:00.000Z";5369.49
"2026-04-27T22:12:00.000Z";"2026-04-27T22:15:00.000Z";5347.07
"2026-04-27T22:15:00.000Z";"2026-04-27T22:18:00.000Z";5356.98
"2026-04-27T22:18:00.000Z";"2026-04-27T22:21:00.000Z";5363.16
"2026-04-27T22:21:00.000Z";"2026-04-27T22:24:00.000Z";5384.83
"2026-04-27T22:24:00.000Z";"2026-04-27T22:27:00.000Z";5393.49
"2026-04-27T22:27:00.000Z";"2026-04-27T22:30:00.000Z";5382
"2026-04-27T22:30:00.000Z";"2026-04-27T22:33:00.000Z";5325.95
"2026-04-27T22:33:00.000Z";"2026-04-27T22:36:00.000Z";5178.4
"2026-04-27T22:36:00.000Z";"2026-04-27T22:39:00.000Z";5144
"2026-04-27T22:39:00.000Z";"2026-04-27T22:42:00.000Z";5145.49
"2026-04-27T22:42:00.000Z";"2026-04-27T22:45:00.000Z";5184.59
"2026-04-27T22:45:00.000Z";"2026-04-27T22:48:00.000Z";5184.7
"2026-04-27T22:48:00.000Z";"2026-04-27T22:51:00.000Z";5137.11
"2026-04-27T22:51:00.000Z";"2026-04-27T22:54:00.000Z";5278.82
"2026-04-27T22:54:00.000Z";"2026-04-27T22:57:00.000Z";5286.5
"2026-04-27T22:57:00.000Z";"2026-04-27T23:00:00.000Z";5304.6
"2026-04-27T23:00:00.000Z";"2026-04-27T23:03:00.000Z";5375.23
"2026-04-27T23:03:00.000Z";"2026-04-27T23:06:00.000Z";5560.5
"2026-04-27T23:06:00.000Z";"2026-04-27T23:09:00.000Z";5608.8
"2026-04-27T23:09:00.000Z";"2026-04-27T23:12:00.000Z";5635.14
"2026-04-27T23:12:00.000Z";"2026-04-27T23:15:00.000Z";5661.18
"2026-04-27T23:15:00.000Z";"2026-04-27T23:18:00.000Z";5635.71
"2026-04-27T23:18:00.000Z";"2026-04-27T23:21:00.000Z";5584.97
"2026-04-27T23:21:00.000Z";"2026-04-27T23:24:00.000Z";5567.49
"2026-04-27T23:24:00.000Z";"2026-04-27T23:27:00.000Z";5582.85
"2026-04-27T23:27:00.000Z";"2026-04-27T23:30:00.000Z";5557.69
"2026-04-27T23:30:00.000Z";"2026-04-27T23:33:00.000Z";5533.02
"2026-04-27T23:33:00.000Z";"2026-04-27T23:36:00.000Z";5468
"2026-04-27T23:36:00.000Z";"2026-04-27T23:39:00.000Z";5454.67
"2026-04-27T23:39:00.000Z";"2026-04-27T23:42:00.000Z";5456.77
"2026-04-27T23:42:00.000Z";"2026-04-27T23:45:00.000Z";5485.84
"2026-04-27T23:45:00.000Z";"2026-04-27T23:48:00.000Z";5539.09
"2026-04-27T23:48:00.000Z";"2026-04-27T23:51:00.000Z";5590.22
"2026-04-27T23:51:00.000Z";"2026-04-27T23:54:00.000Z";5574.14
"2026-04-27T23:54:00.000Z";"2026-04-27T23:57:00.000Z";5601.86
"2026-04-27T23:57:00.000Z";"2026-04-28T00:00:00.000Z";5631.18
"2026-04-28T00:00:00.000Z";"2026-04-28T00:03:00.000Z";5627.35
"2026-04-28T00:03:00.000Z";"2026-04-28T00:06:00.000Z";5673.34
"2026-04-28T00:06:00.000Z";"2026-04-28T00:09:00.000Z";5680.69
"2026-04-28T00:09:00.000Z";"2026-04-28T00:12:00.000Z";5666
"2026-04-28T00:12:00.000Z";"2026-04-28T00:15:00.000Z";5634.36
"2026-04-28T00:15:00.000Z";"2026-04-28T00:18:00.000Z";5561.18
"2026-04-28T00:18:00.000Z";"2026-04-28T00:21:00.000Z";5457.55
"2026-04-28T00:21:00.000Z";"2026-04-28T00:24:00.000Z";5415.64
"2026-04-28T00:24:00.000Z";"2026-04-28T00:27:00.000Z";5377.16
"2026-04-28T00:27:00.000Z";"2026-04-28T00:30:00.000Z";5397.16
"2026-04-28T00:30:00.000Z";"2026-04-28T00:33:00.000Z";5425.45
"2026-04-28T00:36:00.000Z";"2026-04-28T00:39:00.000Z";5578.99
"2026-04-28T00:39:00.000Z";"2026-04-28T00:42:00.000Z";5596.27
"2026-04-28T00:42:00.000Z";"2026-04-28T00:45:00.000Z";5616
"2026-04-28T00:45:00.000Z";"2026-04-28T00:48:00.000Z";5598.17
"2026-04-28T00:48:00.000Z";"2026-04-28T00:51:00.000Z";5592.63
"2026-04-28T00:51:00.000Z";"2026-04-28T00:54:00.000Z";5595.18
"2026-04-28T00:54:00.000Z";"2026-04-28T00:57:00.000Z";5573.4
"2026-04-28T00:57:00.000Z";"2026-04-28T01:00:00.000Z";5576.69
"2026-04-28T01:00:00.000Z";"2026-04-28T01:03:00.000Z";5551.87
"2026-04-28T01:03:00.000Z";"2026-04-28T01:06:00.000Z";5539.32
"2026-04-28T01:06:00.000Z";"2026-04-28T01:09:00.000Z";5520.69
"2026-04-28T01:09:00.000Z";"2026-04-28T01:12:00.000Z";5515.49
"2026-04-28T01:12:00.000Z";"2026-04-28T01:15:00.000Z";5550.84
"2026-04-28T01:15:00.000Z";"2026-04-28T01:18:00.000Z";5564.03
"2026-04-28T01:18:00.000Z";"2026-04-28T01:21:00.000Z";5693.97
"2026-04-28T01:21:00.000Z";"2026-04-28T01:24:00.000Z";5709.02
"2026-04-28T01:24:00.000Z";"2026-04-28T01:27:00.000Z";5735.67
"2026-04-28T01:27:00.000Z";"2026-04-28T01:30:00.000Z";5758.95
"2026-04-28T01:30:00.000Z";"2026-04-28T01:33:00.000Z";5757.46
"2026-04-28T01:33:00.000Z";"2026-04-28T01:36:00.000Z";5769.39
"2026-04-28T01:36:00.000Z";"2026-04-28T01:39:00.000Z";5824.79
"2026-04-28T01:39:00.000Z";"2026-04-28T01:42:00.000Z";5836.35
"2026-04-28T01:42:00.000Z";"2026-04-28T01:45:00.000Z";5761.58
"2026-04-28T01:45:00.000Z";"2026-04-28T01:48:00.000Z";5516.63
"2026-04-28T01:48:00.000Z";"2026-04-28T01:51:00.000Z";5356.89
"2026-04-28T01:51:00.000Z";"2026-04-28T01:54:00.000Z";5312.53
"2026-04-28T01:54:00.000Z";"2026-04-28T01:57:00.000Z";5322.12
"2026-04-28T01:57:00.000Z";"2026-04-28T02:00:00.000Z";5291.83
"2026-04-28T02:00:00.000Z";"2026-04-28T02:03:00.000Z";5241.52
"2026-04-28T02:03:00.000Z";"2026-04-28T02:06:00.000Z";5187.01
"2026-04-28T02:06:00.000Z";"2026-04-28T02:09:00.000Z";5186.17
"2026-04-28T02:09:00.000Z";"2026-04-28T02:12:00.000Z";5179.83
"2026-04-28T02:12:00.000Z";"2026-04-28T02:15:00.000Z";5194.12
"2026-04-28T02:15:00.000Z";"2026-04-28T02:18:00.000Z";5221.82
"2026-04-28T02:18:00.000Z";"2026-04-28T02:21:00.000Z";5226.69
"2026-04-28T02:21:00.000Z";"2026-04-28T02:24:00.000Z";5233.34
"2026-04-28T02:24:00.000Z";"2026-04-28T02:27:00.000Z";5219.87
"2026-04-28T02:27:00.000Z";"2026-04-28T02:30:00.000Z";5222.83
"2026-04-28T02:30:00.000Z";"2026-04-28T02:33:00.000Z";5246.64
"2026-04-28T02:33:00.000Z";"2026-04-28T02:36:00.000Z";5260.85
"2026-04-28T02:36:00.000Z";"2026-04-28T02:39:00.000Z";5260.13
"2026-04-28T02:39:00.000Z";"2026-04-28T02:42:00.000Z";5253.21
"2026-04-28T02:42:00.000Z";"2026-04-28T02:45:00.000Z";5265.62
"2026-04-28T02:45:00.000Z";"2026-04-28T02:48:00.000Z";5281.81
"2026-04-28T02:48:00.000Z";"2026-04-28T02:51:00.000Z";5316.15
"2026-04-28T02:51:00.000Z";"2026-04-28T02:54:00.000Z";5306.68
"2026-04-28T02:54:00.000Z";"2026-04-28T02:57:00.000Z";5301.49
"2026-04-28T02:57:00.000Z";"2026-04-28T03:00:00.000Z";5350.77
"2026-04-28T03:00:00.000Z";"2026-04-28T03:03:00.000Z";5453.06
"2026-04-28T03:03:00.000Z";"2026-04-28T03:06:00.000Z";5599.65
"2026-04-28T03:06:00.000Z";"2026-04-28T03:09:00.000Z";5799.67
"2026-04-28T03:09:00.000Z";"2026-04-28T03:12:00.000Z";5800.62
"2026-04-28T03:12:00.000Z";"2026-04-28T03:15:00.000Z";5817.15
"2026-04-28T03:15:00.000Z";"2026-04-28T03:18:00.000Z";5845.03
"2026-04-28T03:18:00.000Z";"2026-04-28T03:21:00.000Z";5897.35
"2026-04-28T03:21:00.000Z";"2026-04-28T03:24:00.000Z";5893.96
"2026-04-28T03:24:00.000Z";"2026-04-28T03:27:00.000Z";5876.53
"2026-04-28T03:27:00.000Z";"2026-04-28T03:30:00.000Z";5822.88
"2026-04-28T03:30:00.000Z";"2026-04-28T03:33:00.000Z";5896.59
"2026-04-28T03:33:00.000Z";"2026-04-28T03:36:00.000Z";5944.62
"2026-04-28T03:36:00.000Z";"2026-04-28T03:39:00.000Z";5979.19
"2026-04-28T03:39:00.000Z";"2026-04-28T03:42:00.000Z";5957.3
"2026-04-28T03:42:00.000Z";"2026-04-28T03:45:00.000Z";5959.77
"2026-04-28T03:45:00.000Z";"2026-04-28T03:48:00.000Z";5964.98
"2026-04-28T03:48:00.000Z";"2026-04-28T03:51:00.000Z";5911.95
"2026-04-28T03:51:00.000Z";"2026-04-28T03:54:00.000Z";5889.96
"2026-04-28T03:54:00.000Z";"2026-04-28T03:57:00.000Z";5906.86
"2026-04-28T03:57:00.000Z";"2026-04-28T04:00:00.000Z";5891.87
"2026-04-28T04:00:00.000Z";"2026-04-28T04:03:00.000Z";5837.31
"2026-04-28T04:03:00.000Z";"2026-04-28T04:06:00.000Z";5698.7
"2026-04-28T04:06:00.000Z";"2026-04-28T04:09:00.000Z";5674.84
"2026-04-28T04:09:00.000Z";"2026-04-28T04:12:00.000Z";5672
"2026-04-28T04:12:00.000Z";"2026-04-28T04:15:00.000Z";5688.14
"2026-04-28T04:15:00.000Z";"2026-04-28T04:18:00.000Z";5674.91
"2026-04-28T04:18:00.000Z";"2026-04-28T04:21:00.000Z";5730.56
"2026-04-28T04:21:00.000Z";"2026-04-28T04:24:00.000Z";5694.03
"2026-04-28T04:24:00.000Z";"2026-04-28T04:27:00.000Z";5670.48
"2026-04-28T04:27:00.000Z";"2026-04-28T04:30:00.000Z";5688.53
"2026-04-28T04:30:00.000Z";"2026-04-28T04:33:00.000Z";5697.01
"2026-04-28T04:33:00.000Z";"2026-04-28T04:36:00.000Z";5690.12
"2026-04-28T04:36:00.000Z";"2026-04-28T04:39:00.000Z";5704.8
"2026-04-28T04:39:00.000Z";"2026-04-28T04:42:00.000Z";5679.98
"2026-04-28T04:42:00.000Z";"2026-04-28T04:45:00.000Z";5716.36
"2026-04-28T04:45:00.000Z";"2026-04-28T04:48:00.000Z";5770.66
"2026-04-28T04:48:00.000Z";"2026-04-28T04:51:00.000Z";5842.16
"2026-04-28T04:51:00.000Z";"2026-04-28T04:54:00.000Z";5816.35
"2026-04-28T04:54:00.000Z";"2026-04-28T04:57:00.000Z";5888.29
"2026-04-28T04:57:00.000Z";"2026-04-28T05:00:00.000Z";5874.64
"2026-04-28T05:00:00.000Z";"2026-04-28T05:03:00.000Z";5869.41
"2026-04-28T05:03:00.000Z";"2026-04-28T05:06:00.000Z";5839.48
"2026-04-28T05:06:00.000Z";"2026-04-28T05:09:00.000Z";5819.04
"2026-04-28T05:09:00.000Z";"2026-04-28T05:12:00.000Z";5888.08
"2026-04-28T05:12:00.000Z";"2026-04-28T05:15:00.000Z";5944.31
"2026-04-28T05:15:00.000Z";"2026-04-28T05:18:00.000Z";5992.37
"2026-04-28T05:18:00.000Z";"2026-04-28T05:21:00.000Z";6066.31
"2026-04-28T05:21:00.000Z";"2026-04-28T05:24:00.000Z";5996.53
"2026-04-28T05:24:00.000Z";"2026-04-28T05:27:00.000Z";5965.89
"2026-04-28T05:27:00.000Z";"2026-04-28T05:30:00.000Z";5947.33
"2026-04-28T05:30:00.000Z";"2026-04-28T05:33:00.000Z";5738.45
"2026-04-28T05:33:00.000Z";"2026-04-28T05:36:00.000Z";5596.79
"2026-04-28T05:36:00.000Z";"2026-04-28T05:39:00.000Z";5641.23
"2026-04-28T05:39:00.000Z";"2026-04-28T05:42:00.000Z";5621.7
"2026-04-28T05:42:00.000Z";"2026-04-28T05:45:00.000Z";5561.51
"2026-04-28T05:45:00.000Z";"2026-04-28T05:48:00.000Z";5500.07
"2026-04-28T05:48:00.000Z";"2026-04-28T05:51:00.000Z";5431.73
"2026-04-28T05:51:00.000Z";"2026-04-28T05:54:00.000Z";5428.47
"2026-04-28T05:54:00.000Z";"2026-04-28T05:57:00.000Z";5522.15
"2026-04-28T05:57:00.000Z";"2026-04-28T06:00:00.000Z";5544.06
"2026-04-28T06:00:00.000Z";"2026-04-28T06:03:00.000Z";5566.62
"2026-04-28T06:03:00.000Z";"2026-04-28T06:06:00.000Z";5767.69
"2026-04-28T06:06:00.000Z";"2026-04-28T06:09:00.000Z";5910.7
"2026-04-28T06:09:00.000Z";"2026-04-28T06:12:00.000Z";5928.61
"2026-04-28T06:12:00.000Z";"2026-04-28T06:15:00.000Z";5929.79
"2026-04-28T06:15:00.000Z";"2026-04-28T06:18:00.000Z";5863.72
"2026-04-28T06:18:00.000Z";"2026-04-28T06:21:00.000Z";5819.95
"2026-04-28T06:21:00.000Z";"2026-04-28T06:24:00.000Z";5755.06
"2026-04-28T06:24:00.000Z";"2026-04-28T06:27:00.000Z";5765.67
"2026-04-28T06:27:00.000Z";"2026-04-28T06:30:00.000Z";5792.18
"2026-04-28T06:30:00.000Z";"2026-04-28T06:33:00.000Z";5783.77
"2026-04-28T06:33:00.000Z";"2026-04-28T06:36:00.000Z";5818.61
"2026-04-28T06:36:00.000Z";"2026-04-28T06:39:00.000Z";5827.66
"2026-04-28T06:39:00.000Z";"2026-04-28T06:42:00.000Z";5846.18
"2026-04-28T06:42:00.000Z";"2026-04-28T06:45:00.000Z";5809.19
"2026-04-28T06:45:00.000Z";"2026-04-28T06:48:00.000Z";5781.42
"2026-04-28T06:48:00.000Z";"2026-04-28T06:51:00.000Z";5669.49
"2026-04-28T06:51:00.000Z";"2026-04-28T06:54:00.000Z";5674.99
"2026-04-28T06:54:00.000Z";"2026-04-28T06:57:00.000Z";5698.32
"2026-04-28T06:57:00.000Z";"2026-04-28T07:00:00.000Z";5727.82
"2026-04-28T07:00:00.000Z";"2026-04-28T07:03:00.000Z";5750.82
"2026-04-28T07:03:00.000Z";"2026-04-28T07:06:00.000Z";5866.2
"2026-04-28T07:06:00.000Z";"2026-04-28T07:09:00.000Z";5993.16
"2026-04-28T07:09:00.000Z";"2026-04-28T07:12:00.000Z";5973.5
"2026-04-28T07:12:00.000Z";"2026-04-28T07:15:00.000Z";5972.68
"2026-04-28T07:15:00.000Z";"2026-04-28T07:18:00.000Z";5824.28
"2026-04-28T07:18:00.000Z";"2026-04-28T07:21:00.000Z";5671.5
"2026-04-28T07:21:00.000Z";"2026-04-28T07:24:00.000Z";5415.87
"2026-04-28T07:24:00.000Z";"2026-04-28T07:27:00.000Z";5361.26
"2026-04-28T07:27:00.000Z";"2026-04-28T07:30:00.000Z";5663.71
"2026-04-28T07:30:00.000Z";"2026-04-28T07:33:00.000Z";5623.01
"2026-04-28T07:33:00.000Z";"2026-04-28T07:36:00.000Z";5588.98
"2026-04-28T07:36:00.000Z";"2026-04-28T07:39:00.000Z";5502.93
"2026-04-28T07:39:00.000Z";"2026-04-28T07:42:00.000Z";5559.06
"2026-04-28T07:42:00.000Z";"2026-04-28T07:45:00.000Z";5690.88
"2026-04-28T07:45:00.000Z";"2026-04-28T07:48:00.000Z";5661.32
"2026-04-28T07:48:00.000Z";"2026-04-28T07:51:00.000Z";5579.04
"2026-04-28T07:51:00.000Z";"2026-04-28T07:54:00.000Z";5536.16
"2026-04-28T07:54:00.000Z";"2026-04-28T07:57:00.000Z";5556.46
"2026-04-28T07:57:00.000Z";"2026-04-28T08:00:00.000Z";5571.17
"2026-04-28T08:00:00.000Z";"2026-04-28T08:03:00.000Z";5439.82
"2026-04-28T08:03:00.000Z";"2026-04-28T08:06:00.000Z";5408.22
"2026-04-28T08:06:00.000Z";"2026-04-28T08:09:00.000Z";5438.83
"2026-04-28T08:09:00.000Z";"2026-04-28T08:12:00.000Z";5410.54
"2026-04-28T08:12:00.000Z";"2026-04-28T08:15:00.000Z";5431.63
"2026-04-28T08:15:00.000Z";"2026-04-28T08:18:00.000Z";5479
"2026-04-28T08:18:00.000Z";"2026-04-28T08:21:00.000Z";5591.12
"2026-04-28T08:21:00.000Z";"2026-04-28T08:24:00.000Z";5782.17
"2026-04-28T08:24:00.000Z";"2026-04-28T08:27:00.000Z";5764.33
"2026-04-28T08:27:00.000Z";"2026-04-28T08:30:00.000Z";5783.83
"2026-04-28T08:30:00.000Z";"2026-04-28T08:33:00.000Z";5735.17
"2026-04-28T08:33:00.000Z";"2026-04-28T08:36:00.000Z";5693.13
"2026-04-28T08:36:00.000Z";"2026-04-28T08:39:00.000Z";5688
"2026-04-28T08:39:00.000Z";"2026-04-28T08:42:00.000Z";5728.31
"2026-04-28T08:42:00.000Z";"2026-04-28T08:45:00.000Z";5688.72
"2026-04-28T08:45:00.000Z";"2026-04-28T08:48:00.000Z";5642.6
"2026-04-28T08:48:00.000Z";"2026-04-28T08:51:00.000Z";5709.74
"2026-04-28T08:51:00.000Z";"2026-04-28T08:54:00.000Z";5769.31
"2026-04-28T08:54:00.000Z";"2026-04-28T08:57:00.000Z";5803.96
"2026-04-28T08:57:00.000Z";"2026-04-28T09:00:00.000Z";5831.5
"2026-04-28T09:00:00.000Z";"2026-04-28T09:03:00.000Z";5875.77
"2026-04-28T09:03:00.000Z";"2026-04-28T09:06:00.000Z";5986.47
"2026-04-28T09:06:00.000Z";"2026-04-28T09:09:00.000Z";6046.48
"2026-04-28T09:09:00.000Z";"2026-04-28T09:12:00.000Z";6081.03
"2026-04-28T09:12:00.000Z";"2026-04-28T09:15:00.000Z";6072.13
"2026-04-28T09:15:00.000Z";"2026-04-28T09:18:00.000Z";6099.33
"2026-04-28T09:18:00.000Z";"2026-04-28T09:21:00.000Z";6088.14
"2026-04-28T09:21:00.000Z";"2026-04-28T09:24:00.000Z";6119.85
"2026-04-28T09:24:00.000Z";"2026-04-28T09:27:00.000Z";6272.51
"2026-04-28T09:27:00.000Z";"2026-04-28T09:30:00.000Z";6272.86
"2026-04-28T09:30:00.000Z";"2026-04-28T09:33:00.000Z";6196.69
"2026-04-28T09:33:00.000Z";"2026-04-28T09:36:00.000Z";6225.47
"2026-04-28T09:36:00.000Z";"2026-04-28T09:39:00.000Z";6245.16
"2026-04-28T09:39:00.000Z";"2026-04-28T09:42:00.000Z";6201.44
"2026-04-28T09:42:00.000Z";"2026-04-28T09:45:00.000Z";6192.45
"2026-04-28T09:45:00.000Z";"2026-04-28T09:48:00.000Z";6176.83
"2026-04-28T09:48:00.000Z";"2026-04-28T09:51:00.000Z";6171.69
"2026-04-28T09:51:00.000Z";"2026-04-28T09:54:00.000Z";6122
"2026-04-28T09:54:00.000Z";"2026-04-28T09:57:00.000Z";6154.16
"2026-04-28T09:57:00.000Z";"2026-04-28T10:00:00.000Z";6169.5
"2026-04-28T10:00:00.000Z";"2026-04-28T10:03:00.000Z";6175.15
"2026-04-28T10:03:00.000Z";"2026-04-28T10:06:00.000Z";6184.46
"2026-04-28T10:06:00.000Z";"2026-04-28T10:09:00.000Z";6254.6
"2026-04-28T10:09:00.000Z";"2026-04-28T10:12:00.000Z";6268.31
"2026-04-28T10:12:00.000Z";"2026-04-28T10:15:00.000Z";6342.04
"2026-04-28T10:15:00.000Z";"2026-04-28T10:18:00.000Z";6386.03
"2026-04-28T10:18:00.000Z";"2026-04-28T10:21:00.000Z";6443
"2026-04-28T10:21:00.000Z";"2026-04-28T10:24:00.000Z";6495.64
"2026-04-28T10:24:00.000Z";"2026-04-28T10:27:00.000Z";6512.85
"2026-04-28T10:27:00.000Z";"2026-04-28T10:30:00.000Z";6467.16
"2026-04-28T10:30:00.000Z";"2026-04-28T10:33:00.000Z";6438.56
"2026-04-28T10:33:00.000Z";"2026-04-28T10:36:00.000Z";6395.53
"2026-04-28T10:36:00.000Z";"2026-04-28T10:39:00.000Z";6371.24
"2026-04-28T10:39:00.000Z";"2026-04-28T10:42:00.000Z";6335.53
"2026-04-28T10:42:00.000Z";"2026-04-28T10:45:00.000Z";6333.62
"2026-04-28T10:45:00.000Z";"2026-04-28T10:48:00.000Z";6250.4
"2026-04-28T10:48:00.000Z";"2026-04-28T10:51:00.000Z";6185.34
"2026-04-28T10:51:00.000Z";"2026-04-28T10:54:00.000Z";6165
"2026-04-28T10:54:00.000Z";"2026-04-28T10:57:00.000Z";6137.8
"2026-04-28T10:57:00.000Z";"2026-04-28T11:00:00.000Z";6152.04
"2026-04-28T11:00:00.000Z";"2026-04-28T11:03:00.000Z";6160.29
"2026-04-28T11:03:00.000Z";"2026-04-28T11:06:00.000Z";6236.9
"2026-04-28T11:06:00.000Z";"2026-04-28T11:09:00.000Z";6285.85
"2026-04-28T11:09:00.000Z";"2026-04-28T11:12:00.000Z";6284.48
"2026-04-28T11:12:00.000Z";"2026-04-28T11:15:00.000Z";6332.96
"2026-04-28T11:15:00.000Z";"2026-04-28T11:18:00.000Z";6318.49
"2026-04-28T11:18:00.000Z";"2026-04-28T11:21:00.000Z";6314.35
"2026-04-28T11:21:00.000Z";"2026-04-28T11:24:00.000Z";6330.28
"2026-04-28T11:24:00.000Z";"2026-04-28T11:27:00.000Z";6245.03
"2026-04-28T11:27:00.000Z";"2026-04-28T11:30:00.000Z";6242.83
"2026-04-28T11:30:00.000Z";"2026-04-28T11:33:00.000Z";6225.65
"2026-04-28T11:33:00.000Z";"2026-04-28T11:36:00.000Z";6268.8
"2026-04-28T11:36:00.000Z";"2026-04-28T11:39:00.000Z";6270.19
"2026-04-28T11:39:00.000Z";"2026-04-28T11:42:00.000Z";6287.09
"2026-04-28T11:42:00.000Z";"2026-04-28T11:45:00.000Z";6276.06
"2026-04-28T11:45:00.000Z";"2026-04-28T11:48:00.000Z";6292.98
"2026-04-28T11:48:00.000Z";"2026-04-28T11:51:00.000Z";6301.68
"2026-04-28T11:51:00.000Z";"2026-04-28T11:54:00.000Z";6216.75
"2026-04-28T11:54:00.000Z";"2026-04-28T11:57:00.000Z";6193.84
"2026-04-28T11:57:00.000Z";"2026-04-28T12:00:00.000Z";6184.92
"2026-04-28T12:00:00.000Z";"2026-04-28T12:03:00.000Z";6167.6
"2026-04-28T12:03:00.000Z";"2026-04-28T12:06:00.000Z";6182.47
"2026-04-28T12:06:00.000Z";"2026-04-28T12:09:00.000Z";6183.56
"2026-04-28T12:09:00.000Z";"2026-04-28T12:12:00.000Z";6218.79
"2026-04-28T12:12:00.000Z";"2026-04-28T12:15:00.000Z";6222.99
"2026-04-28T12:15:00.000Z";"2026-04-28T12:18:00.000Z";6190.35
"2026-04-28T12:18:00.000Z";"2026-04-28T12:21:00.000Z";6138.19
"2026-04-28T12:21:00.000Z";"2026-04-28T12:24:00.000Z";6124.69
"2026-04-28T12:24:00.000Z";"2026-04-28T12:27:00.000Z";6116.32
"2026-04-28T12:27:00.000Z";"2026-04-28T12:30:00.000Z";6136.81
"2026-04-28T12:30:00.000Z";"2026-04-28T12:33:00.000Z";6137.14
"2026-04-28T12:33:00.000Z";"2026-04-28T12:36:00.000Z";6126.32
"2026-04-28T12:36:00.000Z";"2026-04-28T12:39:00.000Z";6148.14
"2026-04-28T12:39:00.000Z";"2026-04-28T12:42:00.000Z";6126.02
"2026-04-28T12:42:00.000Z";"2026-04-28T12:45:00.000Z";6065.17
"2026-04-28T12:45:00.000Z";"2026-04-28T12:48:00.000Z";6049.18
"2026-04-28T12:48:00.000Z";"2026-04-28T12:51:00.000Z";6057.6
"2026-04-28T12:51:00.000Z";"2026-04-28T12:54:00.000Z";5991.13
"2026-04-28T12:54:00.000Z";"2026-04-28T12:57:00.000Z";6062.52
"2026-04-28T12:57:00.000Z";"2026-04-28T13:00:00.000Z";6086.19
"2026-04-28T13:00:00.000Z";"2026-04-28T13:03:00.000Z";6028.7
"2026-04-28T13:03:00.000Z";"2026-04-28T13:06:00.000Z";5931.03
"2026-04-28T13:06:00.000Z";"2026-04-28T13:09:00.000Z";5910.81
"2026-04-28T13:09:00.000Z";"2026-04-28T13:12:00.000Z";5934.55
"2026-04-28T13:12:00.000Z";"2026-04-28T13:15:00.000Z";5931.29
"2026-04-28T13:15:00.000Z";"2026-04-28T13:18:00.000Z";5905.55
"2026-04-28T13:18:00.000Z";"2026-04-28T13:21:00.000Z";5971.13
"2026-04-28T13:21:00.000Z";"2026-04-28T13:24:00.000Z";6029.31
"2026-04-28T13:24:00.000Z";"2026-04-28T13:27:00.000Z";6068.96
"2026-04-28T13:27:00.000Z";"2026-04-28T13:30:00.000Z";6093.05
"2026-04-28T13:30:00.000Z";"2026-04-28T13:33:00.000Z";6115.58
"2026-04-28T13:33:00.000Z";"2026-04-28T13:36:00.000Z";6088.68
"2026-04-28T13:36:00.000Z";"2026-04-28T13:39:00.000Z";6062.63
"2026-04-28T13:39:00.000Z";"2026-04-28T13:42:00.000Z";6081.44
"2026-04-28T13:42:00.000Z";"2026-04-28T13:45:00.000Z";6112.9
"2026-04-28T13:45:00.000Z";"2026-04-28T13:48:00.000Z";6083.65
"2026-04-28T13:48:00.000Z";"2026-04-28T13:51:00.000Z";6199.05
"2026-04-28T13:51:00.000Z";"2026-04-28T13:54:00.000Z";6225.09
"2026-04-28T13:54:00.000Z";"2026-04-28T13:57:00.000Z";6171.69
"2026-04-28T13:57:00.000Z";"2026-04-28T14:00:00.000Z";6174.5
"2026-04-28T14:00:00.000Z";"2026-04-28T14:03:00.000Z";6077.29
"2026-04-28T14:03:00.000Z";"2026-04-28T14:06:00.000Z";5711.83
"2026-04-28T14:06:00.000Z";"2026-04-28T14:09:00.000Z";5657.97
"2026-04-28T14:09:00.000Z";"2026-04-28T14:12:00.000Z";5693.34
"2026-04-28T14:12:00.000Z";"2026-04-28T14:15:00.000Z";5698.2
"2026-04-28T14:15:00.000Z";"2026-04-28T14:18:00.000Z";5726.02
"2026-04-28T14:18:00.000Z";"2026-04-28T14:21:00.000Z";6097.49
"2026-04-28T14:21:00.000Z";"2026-04-28T14:24:00.000Z";6202.53
"2026-04-28T14:24:00.000Z";"2026-04-28T14:27:00.000Z";6156.49
"2026-04-28T14:27:00.000Z";"2026-04-28T14:30:00.000Z";6199
"2026-04-28T14:30:00.000Z";"2026-04-28T14:33:00.000Z";6208.33
"2026-04-28T14:33:00.000Z";"2026-04-28T14:36:00.000Z";6176.83
"2026-04-28T14:36:00.000Z";"2026-04-28T14:39:00.000Z";6201.66
"2026-04-28T14:39:00.000Z";"2026-04-28T14:42:00.000Z";6209.81
"2026-04-28T14:42:00.000Z";"2026-04-28T14:45:00.000Z";6238.18
"2026-04-28T14:45:00.000Z";"2026-04-28T14:48:00.000Z";6125.91
"2026-04-28T14:48:00.000Z";"2026-04-28T14:51:00.000Z";6133.77
"2026-04-28T14:51:00.000Z";"2026-04-28T14:54:00.000Z";6158.97
"2026-04-28T14:54:00.000Z";"2026-04-28T14:57:00.000Z";6099.51
"2026-04-28T14:57:00.000Z";"2026-04-28T15:00:00.000Z";6073.84
"2026-04-28T15:00:00.000Z";"2026-04-28T15:03:00.000Z";5912.93
"2026-04-28T15:03:00.000Z";"2026-04-28T15:06:00.000Z";5642.04
"2026-04-28T15:06:00.000Z";"2026-04-28T15:09:00.000Z";5588.03
"2026-04-28T15:09:00.000Z";"2026-04-28T15:12:00.000Z";5558.51
"2026-04-28T15:12:00.000Z";"2026-04-28T15:15:00.000Z";5545.69
"2026-04-28T15:15:00.000Z";"2026-04-28T15:18:00.000Z";5579.1
"2026-04-28T15:18:00.000Z";"2026-04-28T15:21:00.000Z";5871.04
"2026-04-28T15:21:00.000Z";"2026-04-28T15:24:00.000Z";5871.53
"2026-04-28T15:24:00.000Z";"2026-04-28T15:27:00.000Z";5863.42
"2026-04-28T15:27:00.000Z";"2026-04-28T15:30:00.000Z";5891.38
"2026-04-28T15:30:00.000Z";"2026-04-28T15:33:00.000Z";5807.73
"2026-04-28T15:33:00.000Z";"2026-04-28T15:36:00.000Z";5947.64
"2026-04-28T15:36:00.000Z";"2026-04-28T15:39:00.000Z";5957.97
"2026-04-28T15:39:00.000Z";"2026-04-28T15:42:00.000Z";5887.7
"2026-04-28T15:42:00.000Z";"2026-04-28T15:45:00.000Z";5880.65
"2026-04-28T15:45:00.000Z";"2026-04-28T15:48:00.000Z";5814.71
"2026-04-28T15:48:00.000Z";"2026-04-28T15:51:00.000Z";5895.58
"2026-04-28T15:51:00.000Z";"2026-04-28T15:54:00.000Z";5879.2
"2026-04-28T15:54:00.000Z";"2026-04-28T15:57:00.000Z";5863.35
"2026-04-28T15:57:00.000Z";"2026-04-28T16:00:00.000Z";5956.64
"2026-04-28T16:00:00.000Z";"2026-04-28T16:03:00.000Z";5964.94
"2026-04-28T16:03:00.000Z";"2026-04-28T16:06:00.000Z";5934.13
"2026-04-28T16:06:00.000Z";"2026-04-28T16:09:00.000Z";5863.07
"2026-04-28T16:09:00.000Z";"2026-04-28T16:12:00.000Z";5800.33
"2026-04-28T16:12:00.000Z";"2026-04-28T16:15:00.000Z";5807.52
"2026-04-28T16:15:00.000Z";"2026-04-28T16:18:00.000Z";5757.87
"2026-04-28T16:18:00.000Z";"2026-04-28T16:21:00.000Z";5684.31
"2026-04-28T16:21:00.000Z";"2026-04-28T16:24:00.000Z";5639.19
"2026-04-28T16:24:00.000Z";"2026-04-28T16:27:00.000Z";5568.03
"2026-04-28T16:27:00.000Z";"2026-04-28T16:30:00.000Z";5555.01
"2026-04-28T16:30:00.000Z";"2026-04-28T16:33:00.000Z";5514
"2026-04-28T16:33:00.000Z";"2026-04-28T16:36:00.000Z";5440.94
"2026-04-28T16:36:00.000Z";"2026-04-28T16:39:00.000Z";5380.89
"2026-04-28T16:39:00.000Z";"2026-04-28T16:42:00.000Z";5363.5
"2026-04-28T16:42:00.000Z";"2026-04-28T16:45:00.000Z";5395.65
"2026-04-28T16:45:00.000Z";"2026-04-28T16:48:00.000Z";5307.44
"2026-04-28T16:48:00.000Z";"2026-04-28T16:51:00.000Z";5223.68
"2026-04-28T16:51:00.000Z";"2026-04-28T16:54:00.000Z";5158.75
"2026-04-28T16:54:00.000Z";"2026-04-28T16:57:00.000Z";5056.54
"2026-04-28T16:57:00.000Z";"2026-04-28T17:00:00.000Z";5000.5
"2026-04-28T17:00:00.000Z";"2026-04-28T17:03:00.000Z";4826.82
"2026-04-28T17:03:00.000Z";"2026-04-28T17:06:00.000Z";4646.8
"2026-04-28T17:06:00.000Z";"2026-04-28T17:09:00.000Z";4550.18
"2026-04-28T17:09:00.000Z";"2026-04-28T17:12:00.000Z";4520.59
"2026-04-28T17:12:00.000Z";"2026-04-28T17:15:00.000Z";4473.52
"2026-04-28T17:15:00.000Z";"2026-04-28T17:18:00.000Z";4370.37
"2026-04-28T17:18:00.000Z";"2026-04-28T17:21:00.000Z";4430.43
"2026-04-28T17:21:00.000Z";"2026-04-28T17:24:00.000Z";4371.67
"2026-04-28T17:24:00.000Z";"2026-04-28T17:27:00.000Z";4332.78
"2026-04-28T17:27:00.000Z";"2026-04-28T17:30:00.000Z";4309.38
"2026-04-28T17:30:00.000Z";"2026-04-28T17:33:00.000Z";4305.22
"2026-04-28T17:33:00.000Z";"2026-04-28T17:36:00.000Z";4356.04
"2026-04-28T17:36:00.000Z";"2026-04-28T17:39:00.000Z";4230.54
"2026-04-28T17:39:00.000Z";"2026-04-28T17:42:00.000Z";4246.49
"2026-04-28T17:42:00.000Z";"2026-04-28T17:45:00.000Z";4172.27
"2026-04-28T17:45:00.000Z";"2026-04-28T17:48:00.000Z";4141.35
"2026-04-28T17:48:00.000Z";"2026-04-28T17:51:00.000Z";4110.3
"2026-04-28T17:51:00.000Z";"2026-04-28T17:54:00.000Z";4048.87
"2026-04-28T17:54:00.000Z";"2026-04-28T17:57:00.000Z";3980.29
"2026-04-28T17:57:00.000Z";"2026-04-28T18:00:00.000Z";3909.89
"2026-04-28T18:00:00.000Z";"2026-04-28T18:03:00.000Z";3871.98
"2026-04-28T18:03:00.000Z";"2026-04-28T18:06:00.000Z";3784.03
"2026-04-28T18:06:00.000Z";"2026-04-28T18:09:00.000Z";3730.67
"2026-04-28T18:09:00.000Z";"2026-04-28T18:12:00.000Z";3692.85
"2026-04-28T18:12:00.000Z";"2026-04-28T18:15:00.000Z";3673.99
"2026-04-28T18:15:00.000Z";"2026-04-28T18:18:00.000Z";3632.35
"2026-04-28T18:18:00.000Z";"2026-04-28T18:21:00.000Z";3618.04
"2026-04-28T18:21:00.000Z";"2026-04-28T18:24:00.000Z";3589.32
"2026-04-28T18:24:00.000Z";"2026-04-28T18:27:00.000Z";3594.98
"2026-04-28T18:27:00.000Z";"2026-04-28T18:30:00.000Z";3580.5
"2026-04-28T18:30:00.000Z";"2026-04-28T18:33:00.000Z";3546.02
"2026-04-28T18:33:00.000Z";"2026-04-28T18:36:00.000Z";3539.33
"2026-04-28T18:36:00.000Z";"2026-04-28T18:39:00.000Z";3532.03
"2026-04-28T18:39:00.000Z";"2026-04-28T18:42:00.000Z";3493.53
"2026-04-28T18:42:00.000Z";"2026-04-28T18:45:00.000Z";3461.86
"2026-04-28T18:45:00.000Z";"2026-04-28T18:48:00.000Z";3433.01
"2026-04-28T18:48:00.000Z";"2026-04-28T18:51:00.000Z";3418.7
"2026-04-28T18:51:00.000Z";"2026-04-28T18:54:00.000Z";3440.83
"2026-04-28T18:54:00.000Z";"2026-04-28T18:57:00.000Z";3426.55
"2026-04-28T18:57:00.000Z";"2026-04-28T19:00:00.000Z";3442.84
"2026-04-28T19:00:00.000Z";"2026-04-28T19:03:00.000Z";3457.82
"2026-04-28T19:03:00.000Z";"2026-04-28T19:06:00.000Z";3468.66
"2026-04-28T19:06:00.000Z";"2026-04-28T19:09:00.000Z";3449
"2026-04-28T19:09:00.000Z";"2026-04-28T19:12:00.000Z";3440.33
"2026-04-28T19:12:00.000Z";"2026-04-28T19:15:00.000Z";3464.35
"2026-04-28T19:15:00.000Z";"2026-04-28T19:18:00.000Z";3455
"2026-04-28T19:18:00.000Z";"2026-04-28T19:21:00.000Z";3481.64
"2026-04-28T19:21:00.000Z";"2026-04-28T19:24:00.000Z";3523.67
"2026-04-28T19:24:00.000Z";"2026-04-28T19:27:00.000Z";3533.68
"2026-04-28T19:27:00.000Z";"2026-04-28T19:30:00.000Z";3526.34
"2026-04-28T19:30:00.000Z";"2026-04-28T19:33:00.000Z";3542.45
"2026-04-28T19:33:00.000Z";"2026-04-28T19:36:00.000Z";3528.22
"2026-04-28T19:36:00.000Z";"2026-04-28T19:39:00.000Z";3511.18
"2026-04-28T19:39:00.000Z";"2026-04-28T19:42:00.000Z";3503.69
"2026-04-28T19:42:00.000Z";"2026-04-28T19:45:00.000Z";3501.79
"2026-04-28T19:45:00.000Z";"2026-04-28T19:48:00.000Z";3525.15
"2026-04-28T19:48:00.000Z";"2026-04-28T19:51:00.000Z";3517.98
"2026-04-28T19:51:00.000Z";"2026-04-28T19:54:00.000Z";3536.83
"2026-04-28T19:54:00.000Z";"2026-04-28T19:57:00.000Z";3535.68
"2026-04-28T19:57:00.000Z";"2026-04-28T20:00:00.000Z";3502.02
"2026-04-28T20:00:00.000Z";"2026-04-28T20:03:00.000Z";3458.8
"2026-04-28T20:03:00.000Z";"2026-04-28T20:06:00.000Z";3432.35
"2026-04-28T20:06:00.000Z";"2026-04-28T20:09:00.000Z";3436.99
"2026-04-28T20:09:00.000Z";"2026-04-28T20:12:00.000Z";3443.12
"2026-04-28T20:12:00.000Z";"2026-04-28T20:15:00.000Z";3432.34
"2026-04-28T20:15:00.000Z";"2026-04-28T20:18:00.000Z";3427.33
"2026-04-28T20:18:00.000Z";"2026-04-28T20:21:00.000Z";3422.67
"2026-04-28T20:21:00.000Z";"2026-04-28T20:24:00.000Z";3426.66
"2026-04-28T20:24:00.000Z";"2026-04-28T20:27:00.000Z";3436.31
"2026-04-28T20:27:00.000Z";"2026-04-28T20:30:00.000Z";3440
"2026-04-28T20:30:00.000Z";"2026-04-28T20:33:00.000Z";3425.2
"2026-04-28T20:33:00.000Z";"2026-04-28T20:36:00.000Z";3425.5
"2026-04-28T20:36:00.000Z";"2026-04-28T20:39:00.000Z";3440.32
"2026-04-28T20:39:00.000Z";"2026-04-28T20:42:00.000Z";3457.15
"2026-04-28T20:42:00.000Z";"2026-04-28T20:45:00.000Z";3450.04
"2026-04-28T20:45:00.000Z";"2026-04-28T20:48:00.000Z";3446.01
"2026-04-28T20:48:00.000Z";"2026-04-28T20:51:00.000Z";3465.65
"2026-04-28T20:51:00.000Z";"2026-04-28T20:54:00.000Z";3470.66
"2026-04-28T20:54:00.000Z";"2026-04-28T20:57:00.000Z";3466.01
"2026-04-28T20:57:00.000Z";"2026-04-28T21:00:00.000Z";3460.01
"2026-04-28T21:00:00.000Z";"2026-04-28T21:03:00.000Z";3450.01
"2026-04-28T21:03:00.000Z";"2026-04-28T21:06:00.000Z";3434.05
"2026-04-28T21:06:00.000Z";"2026-04-28T21:09:00.000Z";3411.2
"2026-04-28T21:09:00.000Z";"2026-04-28T21:12:00.000Z";3378.55
"2026-04-28T21:12:00.000Z";"2026-04-28T21:15:00.000Z";3362.33
"2026-04-28T21:15:00.000Z";"2026-04-28T21:18:00.000Z";3371.15
"2026-04-28T21:18:00.000Z";"2026-04-28T21:21:00.000Z";3385.02
"2026-04-28T21:21:00.000Z";"2026-04-28T21:24:00.000Z";3385.36
"2026-04-28T21:24:00.000Z";"2026-04-28T21:27:00.000Z";3403.46
"2026-04-28T21:27:00.000Z";"2026-04-28T21:30:00.000Z";3436.19
"2026-04-28T21:30:00.000Z";"2026-04-28T21:33:00.000Z";3446.48
"2026-04-28T21:33:00.000Z";"2026-04-28T21:36:00.000Z";3430.5
"2026-04-28T21:36:00.000Z";"2026-04-28T21:39:00.000Z";3413.68
"2026-04-28T21:39:00.000Z";"2026-04-28T21:42:00.000Z";3403.22
"2026-04-28T21:42:00.000Z";"2026-04-28T21:45:00.000Z";3394.5
"2026-04-28T21:45:00.000Z";"2026-04-28T21:48:00.000Z";3388.18
"2026-04-28T21:48:00.000Z";"2026-04-28T21:51:00.000Z";3366.04
"2026-04-28T21:51:00.000Z";"2026-04-28T21:54:00.000Z";3367
"2026-04-28T21:54:00.000Z";"2026-04-28T21:57:00.000Z";3388.68
"2026-04-28T21:57:00.000Z";"2026-04-28T22:00:00.000Z";3395.16
"2026-04-28T22:00:00.000Z";"2026-04-28T22:03:00.000Z";3358.4
"2026-04-28T22:03:00.000Z";"2026-04-28T22:06:00.000Z";3319
"2026-04-28T22:06:00.000Z";"2026-04-28T22:09:00.000Z";3330.15
"2026-04-28T22:09:00.000Z";"2026-04-28T22:12:00.000Z";3468.58
"2026-04-28T22:12:00.000Z";"2026-04-28T22:15:00.000Z";3434.35
"2026-04-28T22:15:00.000Z";"2026-04-28T22:18:00.000Z";3436.68
"2026-04-28T22:18:00.000Z";"2026-04-28T22:21:00.000Z";3431.98
"2026-04-28T22:21:00.000Z";"2026-04-28T22:24:00.000Z";3429.51
"2026-04-28T22:24:00.000Z";"2026-04-28T22:27:00.000Z";3436.16
"2026-04-28T22:27:00.000Z";"2026-04-28T22:30:00.000Z";3441.01
"2026-04-28T22:30:00.000Z";"2026-04-28T22:33:00.000Z";3426.81
"2026-04-28T22:33:00.000Z";"2026-04-28T22:36:00.000Z";3431.36
"2026-04-28T22:36:00.000Z";"2026-04-28T22:39:00.000Z";3442.16
"2026-04-28T22:39:00.000Z";"2026-04-28T22:42:00.000Z";3417.35
"2026-04-28T22:42:00.000Z";"2026-04-28T22:45:00.000Z";3399.82
"2026-04-28T22:45:00.000Z";"2026-04-28T22:48:00.000Z";3385.68
"2026-04-28T22:48:00.000Z";"2026-04-28T22:51:00.000Z";3351.87
"2026-04-28T22:51:00.000Z";"2026-04-28T22:54:00.000Z";3327.16
"2026-04-28T22:54:00.000Z";"2026-04-28T22:57:00.000Z";3326.67
"2026-04-28T22:57:00.000Z";"2026-04-28T23:00:00.000Z";3320.67
"2026-04-28T23:00:00.000Z";"2026-04-28T23:03:00.000Z";3319.66
"2026-04-28T23:03:00.000Z";"2026-04-28T23:06:00.000Z";3328.71
"2026-04-28T23:06:00.000Z";"2026-04-28T23:09:00.000Z";3350.83
"2026-04-28T23:09:00.000Z";"2026-04-28T23:12:00.000Z";3325.5
"2026-04-28T23:12:00.000Z";"2026-04-28T23:15:00.000Z";3346.99
"2026-04-28T23:15:00.000Z";"2026-04-28T23:18:00.000Z";3345.02
"2026-04-28T23:18:00.000Z";"2026-04-28T23:21:00.000Z";3327.67
"2026-04-28T23:21:00.000Z";"2026-04-28T23:24:00.000Z";3326.19
"2026-04-28T23:24:00.000Z";"2026-04-28T23:27:00.000Z";3322.32
"2026-04-28T23:27:00.000Z";"2026-04-28T23:30:00.000Z";3350.67
"2026-04-28T23:30:00.000Z";"2026-04-28T23:33:00.000Z";3346.16
"2026-04-28T23:33:00.000Z";"2026-04-28T23:36:00.000Z";3291.52
"2026-04-28T23:36:00.000Z";"2026-04-28T23:39:00.000Z";3317.17
"2026-04-28T23:39:00.000Z";"2026-04-28T23:42:00.000Z";3309.52
"2026-04-28T23:42:00.000Z";"2026-04-28T23:45:00.000Z";3297.84
"2026-04-28T23:45:00.000Z";"2026-04-28T23:48:00.000Z";3310.82
"2026-04-28T23:48:00.000Z";"2026-04-28T23:51:00.000Z";3279.85
"2026-04-28T23:51:00.000Z";"2026-04-28T23:54:00.000Z";3291.81
"2026-04-28T23:54:00.000Z";"2026-04-28T23:57:00.000Z";3304.34
"2026-04-28T23:57:00.000Z";"2026-04-29T00:00:00.000Z";3290.34
"2026-04-29T00:00:00.000Z";"2026-04-29T00:03:00.000Z";3258.6
"2026-04-29T00:03:00.000Z";"2026-04-29T00:06:00.000Z";3232
"2026-04-29T00:06:00.000Z";"2026-04-29T00:09:00.000Z";3229.82
"2026-04-29T00:09:00.000Z";"2026-04-29T00:12:00.000Z";3255.81
"2026-04-29T00:12:00.000Z";"2026-04-29T00:15:00.000Z";3236.85
"2026-04-29T00:15:00.000Z";"2026-04-29T00:18:00.000Z";3273.91
"2026-04-29T00:18:00.000Z";"2026-04-29T00:21:00.000Z";3339.5
"2026-04-29T00:21:00.000Z";"2026-04-29T00:24:00.000Z";3352.65
"2026-04-29T00:24:00.000Z";"2026-04-29T00:27:00.000Z";3351.37
"2026-04-29T00:27:00.000Z";"2026-04-29T00:30:00.000Z";3350.99
"2026-04-29T00:30:00.000Z";"2026-04-29T00:33:00.000Z";3363.01
"2026-04-29T00:33:00.000Z";"2026-04-29T00:36:00.000Z";3321.2
"2026-04-29T00:36:00.000Z";"2026-04-29T00:39:00.000Z";3298.86
"2026-04-29T00:39:00.000Z";"2026-04-29T00:42:00.000Z";3292
"2026-04-29T00:42:00.000Z";"2026-04-29T00:45:00.000Z";3297.18
"2026-04-29T00:45:00.000Z";"2026-04-29T00:48:00.000Z";3268.18
"2026-04-29T00:48:00.000Z";"2026-04-29T00:51:00.000Z";3278.67
"2026-04-29T00:51:00.000Z";"2026-04-29T00:54:00.000Z";3255.06
"2026-04-29T00:54:00.000Z";"2026-04-29T00:57:00.000Z";3236.33
"2026-04-29T00:57:00.000Z";"2026-04-29T01:00:00.000Z";3218.67
"2026-04-29T01:00:00.000Z";"2026-04-29T01:03:00.000Z";3230.01
"2026-04-29T01:03:00.000Z";"2026-04-29T01:06:00.000Z";3240.93
"2026-04-29T01:06:00.000Z";"2026-04-29T01:09:00.000Z";3268.01
"2026-04-29T01:09:00.000Z";"2026-04-29T01:12:00.000Z";3218.55
"2026-04-29T01:12:00.000Z";"2026-04-29T01:15:00.000Z";3180.67
"2026-04-29T01:15:00.000Z";"2026-04-29T01:18:00.000Z";3166.51
"2026-04-29T01:18:00.000Z";"2026-04-29T01:21:00.000Z";3153.34
"2026-04-29T01:21:00.000Z";"2026-04-29T01:24:00.000Z";3138.51
"2026-04-29T01:24:00.000Z";"2026-04-29T01:27:00.000Z";3106.01
"2026-04-29T01:27:00.000Z";"2026-04-29T01:30:00.000Z";3101.18
"2026-04-29T01:30:00.000Z";"2026-04-29T01:33:00.000Z";3097.67
"2026-04-29T01:33:00.000Z";"2026-04-29T01:36:00.000Z";3101.35
"2026-04-29T01:36:00.000Z";"2026-04-29T01:39:00.000Z";3100.18
"2026-04-29T01:39:00.000Z";"2026-04-29T01:42:00.000Z";3109.97
"2026-04-29T01:42:00.000Z";"2026-04-29T01:45:00.000Z";3144.16
"2026-04-29T01:45:00.000Z";"2026-04-29T01:48:00.000Z";3133.16
"2026-04-29T01:48:00.000Z";"2026-04-29T01:51:00.000Z";3087.7
"2026-04-29T01:51:00.000Z";"2026-04-29T01:54:00.000Z";3035.99
"2026-04-29T01:54:00.000Z";"2026-04-29T01:57:00.000Z";3023.36
"2026-04-29T01:57:00.000Z";"2026-04-29T02:00:00.000Z";2987.68
"2026-04-29T02:00:00.000Z";"2026-04-29T02:03:00.000Z";2907.1
"2026-04-29T02:03:00.000Z";"2026-04-29T02:06:00.000Z";2865.7
"2026-04-29T02:06:00.000Z";"2026-04-29T02:09:00.000Z";2863.98
"2026-04-29T02:09:00.000Z";"2026-04-29T02:12:00.000Z";2844.85
"2026-04-29T02:12:00.000Z";"2026-04-29T02:15:00.000Z";2823.01
"2026-04-29T02:15:00.000Z";"2026-04-29T02:18:00.000Z";2849.15
"2026-04-29T02:18:00.000Z";"2026-04-29T02:21:00.000Z";2918.81
"2026-04-29T02:21:00.000Z";"2026-04-29T02:24:00.000Z";2932.17
"2026-04-29T02:24:00.000Z";"2026-04-29T02:27:00.000Z";2897.85
"2026-04-29T02:27:00.000Z";"2026-04-29T02:30:00.000Z";2892.51
"2026-04-29T02:30:00.000Z";"2026-04-29T02:33:00.000Z";2858.71
"2026-04-29T02:33:00.000Z";"2026-04-29T02:36:00.000Z";2843.55
"2026-04-29T02:36:00.000Z";"2026-04-29T02:39:00.000Z";2845.82
"2026-04-29T02:39:00.000Z";"2026-04-29T02:42:00.000Z";2845.84
"2026-04-29T02:42:00.000Z";"2026-04-29T02:45:00.000Z";2842.66
"2026-04-29T02:45:00.000Z";"2026-04-29T02:48:00.000Z";2829.51
"2026-04-29T02:48:00.000Z";"2026-04-29T02:51:00.000Z";2833.17
"2026-04-29T02:51:00.000Z";"2026-04-29T02:54:00.000Z";2792.86
"2026-04-29T02:54:00.000Z";"2026-04-29T02:57:00.000Z";2749.84
"2026-04-29T02:57:00.000Z";"2026-04-29T03:00:00.000Z";2717.19
"2026-04-29T03:00:00.000Z";"2026-04-29T03:03:00.000Z";2684.21
"2026-04-29T03:03:00.000Z";"2026-04-29T03:06:00.000Z";2690.2
"2026-04-29T03:06:00.000Z";"2026-04-29T03:09:00.000Z";2683
"2026-04-29T03:09:00.000Z";"2026-04-29T03:12:00.000Z";2664.34
"2026-04-29T03:12:00.000Z";"2026-04-29T03:15:00.000Z";2636.2
"2026-04-29T03:15:00.000Z";"2026-04-29T03:18:00.000Z";2536.87
"2026-04-29T03:18:00.000Z";"2026-04-29T03:21:00.000Z";2477.68
"2026-04-29T03:21:00.000Z";"2026-04-29T03:24:00.000Z";2422.86
"2026-04-29T03:24:00.000Z";"2026-04-29T03:27:00.000Z";2383.03
"2026-04-29T03:27:00.000Z";"2026-04-29T03:30:00.000Z";2363.17
"2026-04-29T03:30:00.000Z";"2026-04-29T03:33:00.000Z";2367
"2026-04-29T03:33:00.000Z";"2026-04-29T03:36:00.000Z";2370.86
"2026-04-29T03:36:00.000Z";"2026-04-29T03:39:00.000Z";2323.22
"2026-04-29T03:39:00.000Z";"2026-04-29T03:42:00.000Z";2291.68
"2026-04-29T03:42:00.000Z";"2026-04-29T03:45:00.000Z";2254.05
"2026-04-29T03:45:00.000Z";"2026-04-29T03:48:00.000Z";2225.98
"2026-04-29T03:48:00.000Z";"2026-04-29T03:51:00.000Z";2180.53
"2026-04-29T03:51:00.000Z";"2026-04-29T03:54:00.000Z";2129.89
"2026-04-29T03:54:00.000Z";"2026-04-29T03:57:00.000Z";2068.75
"2026-04-29T03:57:00.000Z";"2026-04-29T04:00:00.000Z";2003.22
"2026-04-29T04:00:00.000Z";"2026-04-29T04:03:00.000Z";1927.72
"2026-04-29T04:03:00.000Z";"2026-04-29T04:06:00.000Z";1840.71
"2026-04-29T04:06:00.000Z";"2026-04-29T04:09:00.000Z";1774.54
"2026-04-29T04:09:00.000Z";"2026-04-29T04:12:00.000Z";1702.05
"2026-04-29T04:12:00.000Z";"2026-04-29T04:15:00.000Z";1631.69
"2026-04-29T04:15:00.000Z";"2026-04-29T04:18:00.000Z";1551.69
"2026-04-29T04:18:00.000Z";"2026-04-29T04:21:00.000Z";1503.39
"2026-04-29T04:21:00.000Z";"2026-04-29T04:24:00.000Z";1445.19
"2026-04-29T04:24:00.000Z";"2026-04-29T04:27:00.000Z";1391.38
"2026-04-29T04:27:00.000Z";"2026-04-29T04:30:00.000Z";1335.72
"2026-04-29T04:30:00.000Z";"2026-04-29T04:33:00.000Z";1287.85
"2026-04-29T04:33:00.000Z";"2026-04-29T04:36:00.000Z";1247.86
"2026-04-29T04:36:00.000Z";"2026-04-29T04:39:00.000Z";1211.7
"2026-04-29T04:39:00.000Z";"2026-04-29T04:42:00.000Z";1185
"2026-04-29T04:42:00.000Z";"2026-04-29T04:45:00.000Z";1165.19
"2026-04-29T04:45:00.000Z";"2026-04-29T04:48:00.000Z";1148.02
"2026-04-29T04:48:00.000Z";"2026-04-29T04:51:00.000Z";1131.67
"2026-04-29T04:51:00.000Z";"2026-04-29T04:54:00.000Z";1125.68
"2026-04-29T04:54:00.000Z";"2026-04-29T04:57:00.000Z";1117.49
"2026-04-29T04:57:00.000Z";"2026-04-29T05:00:00.000Z";1096.84
"2026-04-29T05:00:00.000Z";"2026-04-29T05:03:00.000Z";1087.16
"2026-04-29T05:03:00.000Z";"2026-04-29T05:06:00.000Z";1079.01
"2026-04-29T05:06:00.000Z";"2026-04-29T05:09:00.000Z";1055.82
"2026-04-29T05:09:00.000Z";"2026-04-29T05:12:00.000Z";1064.87
"2026-04-29T05:12:00.000Z";"2026-04-29T05:15:00.000Z";1051.65
"2026-04-29T05:15:00.000Z";"2026-04-29T05:18:00.000Z";1072.66
"2026-04-29T05:18:00.000Z";"2026-04-29T05:21:00.000Z";1116.99
"2026-04-29T05:21:00.000Z";"2026-04-29T05:24:00.000Z";1128.18
"2026-04-29T05:24:00.000Z";"2026-04-29T05:27:00.000Z";1148.64
"2026-04-29T05:27:00.000Z";"2026-04-29T05:30:00.000Z";1148
"2026-04-29T05:30:00.000Z";"2026-04-29T05:33:00.000Z";1149.83
"2026-04-29T05:33:00.000Z";"2026-04-29T05:36:00.000Z";1163.57
"2026-04-29T05:36:00.000Z";"2026-04-29T05:39:00.000Z";1171.66
"2026-04-29T05:39:00.000Z";"2026-04-29T05:42:00.000Z";1198.31
"2026-04-29T05:42:00.000Z";"2026-04-29T05:45:00.000Z";1230.56
"2026-04-29T05:45:00.000Z";"2026-04-29T05:48:00.000Z";1241.31
"2026-04-29T05:48:00.000Z";"2026-04-29T05:51:00.000Z";1225.45
"2026-04-29T05:51:00.000Z";"2026-04-29T05:54:00.000Z";1245.95
"2026-04-29T05:54:00.000Z";"2026-04-29T05:57:00.000Z";1256.84
"2026-04-29T05:57:00.000Z";"2026-04-29T06:00:00.000Z";1282.81
"2026-04-29T06:00:00.000Z";"2026-04-29T06:03:00.000Z";1327.81
"2026-04-29T06:03:00.000Z";"2026-04-29T06:06:00.000Z";1403.48
"2026-04-29T06:06:00.000Z";"2026-04-29T06:09:00.000Z";1424.99
"2026-04-29T06:09:00.000Z";"2026-04-29T06:12:00.000Z";1451.97
"2026-04-29T06:12:00.000Z";"2026-04-29T06:15:00.000Z";1478.44
"2026-04-29T06:15:00.000Z";"2026-04-29T06:18:00.000Z";1499.53
"2026-04-29T06:18:00.000Z";"2026-04-29T06:21:00.000Z";1496.33
"2026-04-29T06:21:00.000Z";"2026-04-29T06:24:00.000Z";1492.83
"2026-04-29T06:24:00.000Z";"2026-04-29T06:27:00.000Z";1509.34
"2026-04-29T06:27:00.000Z";"2026-04-29T06:30:00.000Z";1560.81
"2026-04-29T06:30:00.000Z";"2026-04-29T06:33:00.000Z";1589
"2026-04-29T06:33:00.000Z";"2026-04-29T06:36:00.000Z";1584.83
"2026-04-29T06:36:00.000Z";"2026-04-29T06:39:00.000Z";1614
"2026-04-29T06:39:00.000Z";"2026-04-29T06:42:00.000Z";1603.51
"2026-04-29T06:42:00.000Z";"2026-04-29T06:45:00.000Z";1579.83
"2026-04-29T06:45:00.000Z";"2026-04-29T06:48:00.000Z";1608.15
"2026-04-29T06:48:00.000Z";"2026-04-29T06:51:00.000Z";1604.66
"2026-04-29T06:51:00.000Z";"2026-04-29T06:54:00.000Z";1594.15
"2026-04-29T06:54:00.000Z";"2026-04-29T06:57:00.000Z";1589.51
"2026-04-29T06:57:00.000Z";"2026-04-29T07:00:00.000Z";1582.5
"2026-04-29T07:00:00.000Z";"2026-04-29T07:03:00.000Z";1609.83
"2026-04-29T07:03:00.000Z";"2026-04-29T07:06:00.000Z";1621.15
"2026-04-29T07:06:00.000Z";"2026-04-29T07:09:00.000Z";1599.52
"2026-04-29T07:09:00.000Z";"2026-04-29T07:12:00.000Z";1584.16
"2026-04-29T07:12:00.000Z";"2026-04-29T07:15:00.000Z";1572.69
"2026-04-29T07:15:00.000Z";"2026-04-29T07:18:00.000Z";1565.46
"2026-04-29T07:18:00.000Z";"2026-04-29T07:21:00.000Z";1560.01
"2026-04-29T07:21:00.000Z";"2026-04-29T07:24:00.000Z";1556.33
"2026-04-29T07:24:00.000Z";"2026-04-29T07:27:00.000Z";1492.54
"2026-04-29T07:27:00.000Z";"2026-04-29T07:30:00.000Z";1504.83
"2026-04-29T07:30:00.000Z";"2026-04-29T07:33:00.000Z";1551.3
"2026-04-29T07:33:00.000Z";"2026-04-29T07:36:00.000Z";1550.17
"2026-04-29T07:36:00.000Z";"2026-04-29T07:39:00.000Z";1575.82
"2026-04-29T07:39:00.000Z";"2026-04-29T07:42:00.000Z";1540.84
"2026-04-29T07:42:00.000Z";"2026-04-29T07:45:00.000Z";1551.15
"2026-04-29T07:45:00.000Z";"2026-04-29T07:48:00.000Z";1532.23
"2026-04-29T07:48:00.000Z";"2026-04-29T07:51:00.000Z";1534.17
"2026-04-29T07:51:00.000Z";"2026-04-29T07:54:00.000Z";1558.36
"2026-04-29T07:54:00.000Z";"2026-04-29T07:57:00.000Z";1508.19
"2026-04-29T07:57:00.000Z";"2026-04-29T08:00:00.000Z";1515.67
"2026-04-29T08:00:00.000Z";"2026-04-29T08:03:00.000Z";1518.16
"2026-04-29T08:03:00.000Z";"2026-04-29T08:06:00.000Z";1539.82
"2026-04-29T08:06:00.000Z";"2026-04-29T08:09:00.000Z";1553
"2026-04-29T08:09:00.000Z";"2026-04-29T08:12:00.000Z";1531.86
"2026-04-29T08:12:00.000Z";"2026-04-29T08:15:00.000Z";1541.51
"2026-04-29T08:15:00.000Z";"2026-04-29T08:18:00.000Z";1507.69
"2026-04-29T08:18:00.000Z";"2026-04-29T08:21:00.000Z";1478.99
"2026-04-29T08:21:00.000Z";"2026-04-29T08:24:00.000Z";1490.4
"2026-04-29T08:24:00.000Z";"2026-04-29T08:27:00.000Z";1474.13
"2026-04-29T08:27:00.000Z";"2026-04-29T08:30:00.000Z";1491.81
"2026-04-29T08:30:00.000Z";"2026-04-29T08:33:00.000Z";1508.39
"2026-04-29T08:33:00.000Z";"2026-04-29T08:36:00.000Z";1500.31
"2026-04-29T08:36:00.000Z";"2026-04-29T08:39:00.000Z";1499.04
"2026-04-29T08:39:00.000Z";"2026-04-29T08:42:00.000Z";1484.16
"2026-04-29T08:42:00.000Z";"2026-04-29T08:45:00.000Z";1483.02
"2026-04-29T08:45:00.000Z";"2026-04-29T08:48:00.000Z";1516.84
"2026-04-29T08:48:00.000Z";"2026-04-29T08:51:00.000Z";1475.83
"2026-04-29T08:51:00.000Z";"2026-04-29T08:54:00.000Z";1486.5
"2026-04-29T08:54:00.000Z";"2026-04-29T08:57:00.000Z";1490.32
"2026-04-29T08:57:00.000Z";"2026-04-29T09:00:00.000Z";1471.35
"2026-04-29T09:00:00.000Z";"2026-04-29T09:03:00.000Z";1489.01
"2026-04-29T09:03:00.000Z";"2026-04-29T09:06:00.000Z";1511.13
"2026-04-29T09:06:00.000Z";"2026-04-29T09:09:00.000Z";1516.19
"2026-04-29T09:09:00.000Z";"2026-04-29T09:12:00.000Z";1493.34
"2026-04-29T09:12:00.000Z";"2026-04-29T09:15:00.000Z";1506.52
"2026-04-29T09:15:00.000Z";"2026-04-29T09:18:00.000Z";1549.11
"2026-04-29T09:18:00.000Z";"2026-04-29T09:21:00.000Z";1560
"2026-04-29T09:21:00.000Z";"2026-04-29T09:24:00.000Z";1544.03
"2026-04-29T09:24:00.000Z";"2026-04-29T09:27:00.000Z";1565.5
"2026-04-29T09:27:00.000Z";"2026-04-29T09:30:00.000Z";1559.63
"2026-04-29T09:30:00.000Z";"2026-04-29T09:33:00.000Z";1538.38
"2026-04-29T09:33:00.000Z";"2026-04-29T09:36:00.000Z";1563.81
"2026-04-29T09:36:00.000Z";"2026-04-29T09:39:00.000Z";1562.85
"2026-04-29T09:39:00.000Z";"2026-04-29T09:42:00.000Z";1607.14
"2026-04-29T09:42:00.000Z";"2026-04-29T09:45:00.000Z";1579.18
"2026-04-29T09:45:00.000Z";"2026-04-29T09:48:00.000Z";1588.32
"2026-04-29T09:48:00.000Z";"2026-04-29T09:51:00.000Z";1589.68
"2026-04-29T09:51:00.000Z";"2026-04-29T09:54:00.000Z";1611.82
"2026-04-29T09:54:00.000Z";"2026-04-29T09:57:00.000Z";1598.52
"2026-04-29T09:57:00.000Z";"2026-04-29T10:00:00.000Z";1608.49
"2026-04-29T10:00:00.000Z";"2026-04-29T10:03:00.000Z";1645.64
"2026-04-29T10:03:00.000Z";"2026-04-29T10:06:00.000Z";1696.11
"2026-04-29T10:06:00.000Z";"2026-04-29T10:09:00.000Z";1679.15
"2026-04-29T10:09:00.000Z";"2026-04-29T10:12:00.000Z";1682.65
"2026-04-29T10:12:00.000Z";"2026-04-29T10:15:00.000Z";1703.03
"2026-04-29T10:15:00.000Z";"2026-04-29T10:18:00.000Z";1693.69
"2026-04-29T10:18:00.000Z";"2026-04-29T10:21:00.000Z";1693.97
"2026-04-29T10:21:00.000Z";"2026-04-29T10:24:00.000Z";1687.83
"2026-04-29T10:24:00.000Z";"2026-04-29T10:27:00.000Z";1689.97
"2026-04-29T10:27:00.000Z";"2026-04-29T10:30:00.000Z";1662.33
"2026-04-29T10:30:00.000Z";"2026-04-29T10:33:00.000Z";1673.34
"2026-04-29T10:33:00.000Z";"2026-04-29T10:36:00.000Z";1679.66
"2026-04-29T10:36:00.000Z";"2026-04-29T10:39:00.000Z";1711.13
"2026-04-29T10:39:00.000Z";"2026-04-29T10:42:00.000Z";1702.15
"2026-04-29T10:42:00.000Z";"2026-04-29T10:45:00.000Z";1675.06
"2026-04-29T10:45:00.000Z";"2026-04-29T10:48:00.000Z";1665.99
"2026-04-29T10:48:00.000Z";"2026-04-29T10:51:00.000Z";1684.66
"2026-04-29T10:51:00.000Z";"2026-04-29T10:54:00.000Z";1677.02
"2026-04-29T10:54:00.000Z";"2026-04-29T10:57:00.000Z";1691.15
"2026-04-29T10:57:00.000Z";"2026-04-29T11:00:00.000Z";1684.84
"2026-04-29T11:00:00.000Z";"2026-04-29T11:03:00.000Z";1700.96
"2026-04-29T11:03:00.000Z";"2026-04-29T11:06:00.000Z";1687.97
"2026-04-29T11:06:00.000Z";"2026-04-29T11:09:00.000Z";1689.02
"2026-04-29T11:09:00.000Z";"2026-04-29T11:12:00.000Z";1699.92
"2026-04-29T11:12:00.000Z";"2026-04-29T11:15:00.000Z";1731.14
"2026-04-29T11:15:00.000Z";"2026-04-29T11:18:00.000Z";1744.49
"2026-04-29T11:18:00.000Z";"2026-04-29T11:21:00.000Z";1734.18
"2026-04-29T11:21:00.000Z";"2026-04-29T11:24:00.000Z";1720.53
"2026-04-29T11:24:00.000Z";"2026-04-29T11:27:00.000Z";1701.3
"2026-04-29T11:27:00.000Z";"2026-04-29T11:30:00.000Z";1700.8
"2026-04-29T11:30:00.000Z";"2026-04-29T11:33:00.000Z";1707.85
"2026-04-29T11:33:00.000Z";"2026-04-29T11:36:00.000Z";1709.05
"2026-04-29T11:36:00.000Z";"2026-04-29T11:39:00.000Z";1700.71
"2026-04-29T11:39:00.000Z";"2026-04-29T11:42:00.000Z";1699.15
"2026-04-29T11:42:00.000Z";"2026-04-29T11:45:00.000Z";1698.31
"2026-04-29T11:45:00.000Z";"2026-04-29T11:48:00.000Z";1709.97
"2026-04-29T11:48:00.000Z";"2026-04-29T11:51:00.000Z";1701.18
"2026-04-29T11:51:00.000Z";"2026-04-29T11:54:00.000Z";1678.33
"2026-04-29T11:54:00.000Z";"2026-04-29T11:57:00.000Z";1681.51
"2026-04-29T11:57:00.000Z";"2026-04-29T12:00:00.000Z";1649.49
"2026-04-29T12:00:00.000Z";"2026-04-29T12:03:00.000Z";1651.31
"2026-04-29T12:03:00.000Z";"2026-04-29T12:06:00.000Z";1657.15
"2026-04-29T12:06:00.000Z";"2026-04-29T12:09:00.000Z";1626.02
"2026-04-29T12:09:00.000Z";"2026-04-29T12:12:00.000Z";1622.29
"2026-04-29T12:12:00.000Z";"2026-04-29T12:15:00.000Z";1645.16
"2026-04-29T12:15:00.000Z";"2026-04-29T12:18:00.000Z";1645.65
"2026-04-29T12:18:00.000Z";"2026-04-29T12:21:00.000Z";1638.86
"2026-04-29T12:21:00.000Z";"2026-04-29T12:24:00.000Z";1607.13
"2026-04-29T12:24:00.000Z";"2026-04-29T12:27:00.000Z";1617.15
"2026-04-29T12:27:00.000Z";"2026-04-29T12:30:00.000Z";1635.54
"2026-04-29T12:30:00.000Z";"2026-04-29T12:33:00.000Z";1619.03
"2026-04-29T12:33:00.000Z";"2026-04-29T12:36:00.000Z";1585.02
"2026-04-29T12:36:00.000Z";"2026-04-29T12:39:00.000Z";1571.66
"2026-04-29T12:39:00.000Z";"2026-04-29T12:42:00.000Z";1539.36
"2026-04-29T12:42:00.000Z";"2026-04-29T12:45:00.000Z";1552.3
"2026-04-29T12:45:00.000Z";"2026-04-29T12:48:00.000Z";1539.34
"2026-04-29T12:48:00.000Z";"2026-04-29T12:51:00.000Z";1476.22
"2026-04-29T12:51:00.000Z";"2026-04-29T12:54:00.000Z";1484.51
"2026-04-29T12:54:00.000Z";"2026-04-29T12:57:00.000Z";1490
"2026-04-29T12:57:00.000Z";"2026-04-29T13:00:00.000Z";1476.5
"2026-04-29T13:00:00.000Z";"2026-04-29T13:03:00.000Z";1467.84
"2026-04-29T13:03:00.000Z";"2026-04-29T13:06:00.000Z";1418.34
"2026-04-29T13:06:00.000Z";"2026-04-29T13:09:00.000Z";1410.83
"2026-04-29T13:09:00.000Z";"2026-04-29T13:12:00.000Z";1408.83
"2026-04-29T13:12:00.000Z";"2026-04-29T13:15:00.000Z";1397.51
"2026-04-29T13:15:00.000Z";"2026-04-29T13:18:00.000Z";1382.31
"2026-04-29T13:18:00.000Z";"2026-04-29T13:21:00.000Z";1420.47
"2026-04-29T13:21:00.000Z";"2026-04-29T13:24:00.000Z";1410.84
"2026-04-29T13:24:00.000Z";"2026-04-29T13:27:00.000Z";1400.23
"2026-04-29T13:27:00.000Z";"2026-04-29T13:30:00.000Z";1378.68
"2026-04-29T13:30:00.000Z";"2026-04-29T13:33:00.000Z";1386.32
"2026-04-29T13:33:00.000Z";"2026-04-29T13:36:00.000Z";1402.34
"2026-04-29T13:36:00.000Z";"2026-04-29T13:39:00.000Z";1407.66
"2026-04-29T13:39:00.000Z";"2026-04-29T13:42:00.000Z";1415.16
"2026-04-29T13:42:00.000Z";"2026-04-29T13:45:00.000Z";1399.51
"2026-04-29T13:45:00.000Z";"2026-04-29T13:48:00.000Z";1364.51
"2026-04-29T13:48:00.000Z";"2026-04-29T13:51:00.000Z";1382.68
"2026-04-29T13:51:00.000Z";"2026-04-29T13:54:00.000Z";1386.99
"2026-04-29T13:54:00.000Z";"2026-04-29T13:57:00.000Z";1368.68
"2026-04-29T13:57:00.000Z";"2026-04-29T14:00:00.000Z";1366.98
"2026-04-29T14:00:00.000Z";"2026-04-29T14:03:00.000Z";1345.68
"2026-04-29T14:03:00.000Z";"2026-04-29T14:06:00.000Z";1346.5
"2026-04-29T14:06:00.000Z";"2026-04-29T14:09:00.000Z";1388.94
"2026-04-29T14:09:00.000Z";"2026-04-29T14:12:00.000Z";1375.85
"2026-04-29T14:12:00.000Z";"2026-04-29T14:15:00.000Z";1375.97
"2026-04-29T14:15:00.000Z";"2026-04-29T14:18:00.000Z";1353.36
"2026-04-29T14:18:00.000Z";"2026-04-29T14:21:00.000Z";1352.99
"2026-04-29T14:21:00.000Z";"2026-04-29T14:24:00.000Z";1323.36
"2026-04-29T14:24:00.000Z";"2026-04-29T14:27:00.000Z";1281.04
"2026-04-29T14:27:00.000Z";"2026-04-29T14:30:00.000Z";1298.98
"2026-04-29T14:30:00.000Z";"2026-04-29T14:33:00.000Z";1336.65
"2026-04-29T14:33:00.000Z";"2026-04-29T14:36:00.000Z";1342.81
"2026-04-29T14:36:00.000Z";"2026-04-29T14:39:00.000Z";1369.01
"2026-04-29T14:39:00.000Z";"2026-04-29T14:42:00.000Z";1353.16
"2026-04-29T14:42:00.000Z";"2026-04-29T14:45:00.000Z";1325.51
"2026-04-29T14:45:00.000Z";"2026-04-29T14:48:00.000Z";1317.66
"2026-04-29T14:48:00.000Z";"2026-04-29T14:51:00.000Z";1315.84
"2026-04-29T14:51:00.000Z";"2026-04-29T14:54:00.000Z";1303.66
"2026-04-29T14:54:00.000Z";"2026-04-29T14:57:00.000Z";1283.86
"2026-04-29T14:57:00.000Z";"2026-04-29T15:00:00.000Z";1296.13
"2026-04-29T15:00:00.000Z";"2026-04-29T15:03:00.000Z";1305.42
"2026-04-29T15:03:00.000Z";"2026-04-29T15:06:00.000Z";1276.16
"2026-04-29T15:06:00.000Z";"2026-04-29T15:09:00.000Z";1287.79
"2026-04-29T15:09:00.000Z";"2026-04-29T15:12:00.000Z";1288.86
"2026-04-29T15:12:00.000Z";"2026-04-29T15:15:00.000Z";1286.36
"2026-04-29T15:15:00.000Z";"2026-04-29T15:18:00.000Z";1285.35
"2026-04-29T15:18:00.000Z";"2026-04-29T15:21:00.000Z";1297.96
"2026-04-29T15:21:00.000Z";"2026-04-29T15:24:00.000Z";1355.48
"2026-04-29T15:24:00.000Z";"2026-04-29T15:27:00.000Z";1337.69
"2026-04-29T15:27:00.000Z";"2026-04-29T15:30:00.000Z";1332.33
"2026-04-29T15:30:00.000Z";"2026-04-29T15:33:00.000Z";1341.16
"2026-04-29T15:33:00.000Z";"2026-04-29T15:36:00.000Z";1343.33
"2026-04-29T15:36:00.000Z";"2026-04-29T15:39:00.000Z";1323.84
"2026-04-29T15:39:00.000Z";"2026-04-29T15:42:00.000Z";1302.67
"2026-04-29T15:42:00.000Z";"2026-04-29T15:45:00.000Z";1303.51
"2026-04-29T15:45:00.000Z";"2026-04-29T15:48:00.000Z";1293.83
"2026-04-29T15:48:00.000Z";"2026-04-29T15:51:00.000Z";1269.53
"2026-04-29T15:51:00.000Z";"2026-04-29T15:54:00.000Z";1233.69
"2026-04-29T15:54:00.000Z";"2026-04-29T15:57:00.000Z";1223.51
"2026-04-29T15:57:00.000Z";"2026-04-29T16:00:00.000Z";1180.34
"2026-04-29T16:00:00.000Z";"2026-04-29T16:03:00.000Z";1168.85
"2026-04-29T16:03:00.000Z";"2026-04-29T16:06:00.000Z";1152.18
"2026-04-29T16:06:00.000Z";"2026-04-29T16:09:00.000Z";1152.18
"2026-04-29T16:09:00.000Z";"2026-04-29T16:12:00.000Z";1145.48
"2026-04-29T16:12:00.000Z";"2026-04-29T16:15:00.000Z";1132.36
"2026-04-29T16:15:00.000Z";"2026-04-29T16:18:00.000Z";1106.17
"2026-04-29T16:18:00.000Z";"2026-04-29T16:21:00.000Z";1066.52
"2026-04-29T16:21:00.000Z";"2026-04-29T16:24:00.000Z";1045.85
"2026-04-29T16:24:00.000Z";"2026-04-29T16:27:00.000Z";1020.37
"2026-04-29T16:27:00.000Z";"2026-04-29T16:30:00.000Z";997.352
"2026-04-29T16:30:00.000Z";"2026-04-29T16:33:00.000Z";959.351
"2026-04-29T16:33:00.000Z";"2026-04-29T16:36:00.000Z";936.013
"2026-04-29T16:36:00.000Z";"2026-04-29T16:39:00.000Z";923.669
"2026-04-29T16:39:00.000Z";"2026-04-29T16:42:00.000Z";904.834
"2026-04-29T16:42:00.000Z";"2026-04-29T16:45:00.000Z";904.002
"2026-04-29T16:45:00.000Z";"2026-04-29T16:48:00.000Z";879.844
"2026-04-29T16:48:00.000Z";"2026-04-29T16:51:00.000Z";854.185
"2026-04-29T16:51:00.000Z";"2026-04-29T16:54:00.000Z";843.335
"2026-04-29T16:54:00.000Z";"2026-04-29T16:57:00.000Z";835.499
"2026-04-29T16:57:00.000Z";"2026-04-29T17:00:00.000Z";837.653
"2026-04-29T17:00:00.000Z";"2026-04-29T17:03:00.000Z";835.508
"2026-04-29T17:03:00.000Z";"2026-04-29T17:06:00.000Z";814.336
"2026-04-29T17:06:00.000Z";"2026-04-29T17:09:00.000Z";810.482
"2026-04-29T17:09:00.000Z";"2026-04-29T17:12:00.000Z";821.329
"2026-04-29T17:12:00.000Z";"2026-04-29T17:15:00.000Z";809.516
"2026-04-29T17:15:00.000Z";"2026-04-29T17:18:00.000Z";783.189
"2026-04-29T17:18:00.000Z";"2026-04-29T17:21:00.000Z";768.851
"2026-04-29T17:21:00.000Z";"2026-04-29T17:24:00.000Z";755.344
"2026-04-29T17:24:00.000Z";"2026-04-29T17:27:00.000Z";755.664
"2026-04-29T17:27:00.000Z";"2026-04-29T17:30:00.000Z";741.7
"2026-04-29T17:30:00.000Z";"2026-04-29T17:33:00.000Z";733.498
"2026-04-29T17:33:00.000Z";"2026-04-29T17:36:00.000Z";733.015
"2026-04-29T17:36:00.000Z";"2026-04-29T17:39:00.000Z";732.34
"2026-04-29T17:39:00.000Z";"2026-04-29T17:42:00.000Z";747.147
"2026-04-29T17:42:00.000Z";"2026-04-29T17:45:00.000Z";766.161
"2026-04-29T17:45:00.000Z";"2026-04-29T17:48:00.000Z";774.51
"2026-04-29T17:48:00.000Z";"2026-04-29T17:51:00.000Z";774.002
"2026-04-29T17:51:00.000Z";"2026-04-29T17:54:00.000Z";769.677
"2026-04-29T17:54:00.000Z";"2026-04-29T17:57:00.000Z";777.319
"2026-04-29T17:57:00.000Z";"2026-04-29T18:00:00.000Z";780.833
"2026-04-29T18:00:00.000Z";"2026-04-29T18:03:00.000Z";786.335
"2026-04-29T18:03:00.000Z";"2026-04-29T18:06:00.000Z";785.996
"2026-04-29T18:06:00.000Z";"2026-04-29T18:09:00.000Z";775.332
"2026-04-29T18:09:00.000Z";"2026-04-29T18:12:00.000Z";790.485
"2026-04-29T18:12:00.000Z";"2026-04-29T18:15:00.000Z";808.316
"2026-04-29T18:15:00.000Z";"2026-04-29T18:18:00.000Z";824.648
"2026-04-29T18:18:00.000Z";"2026-04-29T18:21:00.000Z";836.334
"2026-04-29T18:21:00.000Z";"2026-04-29T18:24:00.000Z";837.333
"2026-04-29T18:24:00.000Z";"2026-04-29T18:27:00.000Z";845.651
"2026-04-29T18:27:00.000Z";"2026-04-29T18:30:00.000Z";856.321
"2026-04-29T18:30:00.000Z";"2026-04-29T18:33:00.000Z";861.003
"2026-04-29T18:33:00.000Z";"2026-04-29T18:36:00.000Z";877.989
"2026-04-29T18:36:00.000Z";"2026-04-29T18:39:00.000Z";888.998
"2026-04-29T18:39:00.000Z";"2026-04-29T18:42:00.000Z";895.489
"2026-04-29T18:42:00.000Z";"2026-04-29T18:45:00.000Z";910.658
"2026-04-29T18:45:00.000Z";"2026-04-29T18:48:00.000Z";925.996
"2026-04-29T18:48:00.000Z";"2026-04-29T18:51:00.000Z";941.994
"2026-04-29T18:51:00.000Z";"2026-04-29T18:54:00.000Z";957.99
"2026-04-29T18:54:00.000Z";"2026-04-29T18:57:00.000Z";990.471
"2026-04-29T18:57:00.000Z";"2026-04-29T19:00:00.000Z";1026.97
"2026-04-29T19:00:00.000Z";"2026-04-29T19:03:00.000Z";1057.82
"2026-04-29T19:03:00.000Z";"2026-04-29T19:06:00.000Z";1084.31
"2026-04-29T19:06:00.000Z";"2026-04-29T19:09:00.000Z";1088.17
"2026-04-29T19:09:00.000Z";"2026-04-29T19:12:00.000Z";1092.67
"2026-04-29T19:12:00.000Z";"2026-04-29T19:15:00.000Z";1108.65
"2026-04-29T19:15:00.000Z";"2026-04-29T19:18:00.000Z";1121.49
"2026-04-29T19:18:00.000Z";"2026-04-29T19:21:00.000Z";1134.65
"2026-04-29T19:21:00.000Z";"2026-04-29T19:24:00.000Z";1145.81
"2026-04-29T19:24:00.000Z";"2026-04-29T19:27:00.000Z";1179.93
"2026-04-29T19:27:00.000Z";"2026-04-29T19:30:00.000Z";1214.31
"2026-04-29T19:30:00.000Z";"2026-04-29T19:33:00.000Z";1235.66
"2026-04-29T19:33:00.000Z";"2026-04-29T19:36:00.000Z";1256.16
"2026-04-29T19:36:00.000Z";"2026-04-29T19:39:00.000Z";1284.65
"2026-04-29T19:39:00.000Z";"2026-04-29T19:42:00.000Z";1310.3
"2026-04-29T19:42:00.000Z";"2026-04-29T19:45:00.000Z";1349.65
"2026-04-29T19:45:00.000Z";"2026-04-29T19:48:00.000Z";1379.82
"2026-04-29T19:48:00.000Z";"2026-04-29T19:51:00.000Z";1408.64
"2026-04-29T19:51:00.000Z";"2026-04-29T19:54:00.000Z";1433.99
"2026-04-29T19:54:00.000Z";"2026-04-29T19:57:00.000Z";1454.32
"2026-04-29T19:57:00.000Z";"2026-04-29T20:00:00.000Z";1454.83
"2026-04-29T20:00:00.000Z";"2026-04-29T20:03:00.000Z";1465.15
"2026-04-29T20:03:00.000Z";"2026-04-29T20:06:00.000Z";1465.67
"2026-04-29T20:06:00.000Z";"2026-04-29T20:09:00.000Z";1475.5
"2026-04-29T20:09:00.000Z";"2026-04-29T20:12:00.000Z";1471.36
"2026-04-29T20:12:00.000Z";"2026-04-29T20:15:00.000Z";1461.83
"2026-04-29T20:15:00.000Z";"2026-04-29T20:18:00.000Z";1460.51
"2026-04-29T20:18:00.000Z";"2026-04-29T20:21:00.000Z";1466
"2026-04-29T20:21:00.000Z";"2026-04-29T20:24:00.000Z";1472.16
"2026-04-29T20:24:00.000Z";"2026-04-29T20:27:00.000Z";1474.33
"2026-04-29T20:27:00.000Z";"2026-04-29T20:30:00.000Z";1469.5
"2026-04-29T20:30:00.000Z";"2026-04-29T20:33:00.000Z";1453.5
"2026-04-29T20:33:00.000Z";"2026-04-29T20:36:00.000Z";1455.33
"2026-04-29T20:36:00.000Z";"2026-04-29T20:39:00.000Z";1461.49
"2026-04-29T20:39:00.000Z";"2026-04-29T20:42:00.000Z";1458.35
"2026-04-29T20:42:00.000Z";"2026-04-29T20:45:00.000Z";1463.84
"2026-04-29T20:45:00.000Z";"2026-04-29T20:48:00.000Z";1483.13
"2026-04-29T20:48:00.000Z";"2026-04-29T20:51:00.000Z";1508.33
"2026-04-29T20:51:00.000Z";"2026-04-29T20:54:00.000Z";1507.66
"2026-04-29T20:54:00.000Z";"2026-04-29T20:57:00.000Z";1500.34
"2026-04-29T20:57:00.000Z";"2026-04-29T21:00:00.000Z";1490.83